================================================================
== Vivado RTL Synthesis Results
================================================================
+ General Information:
    * Date:            Tue Oct 21 20:26:18 +0800 2025
    * Version:         2024.2 (Build 5238294 on Nov  8 2024)
    * Project:         hmac_sha256_test.prj
    * Solution:        solution1 (Vivado IP Flow Target)
    * Product family:  zynq
    * Target device:   xc7z020-clg484-1


================================================================
== Run Constraints & Options
================================================================
+ Design Constraints & Options:
    * RTL Synthesis target clock:  15 ns
    * C-Synthesis target clock:    15 ns
    * C-Synthesis uncertainty:     10%

+ RTL Synthesis Options:
    * config_export -vivado_synth_strategy:     default
    * config_export -vivado_synth_design_args:  -directive sdx_optimization_effort_high

+ Reporting Options:
    * config_export -vivado_report_level:      2
    * config_export -vivado_max_timing_paths:  10


================================================================
== RTL Synthesis Resource Summary
================================================================
LUT:              7952
FF:               13792
DSP:              0
BRAM:             1
URAM:             0
SRL:              0


================================================================
== RTL Synthesis Timing Summary
================================================================
* Timing was met
+----------------+-------------+
| Timing         | Period (ns) |
+----------------+-------------+
| Target         | 15.000      |
| Post-Synthesis | 9.011       |
+----------------+-------------+


================================================================
== RTL Synthesis Resources
================================================================
+-----------------------------------------------------------+------+-------+-----+------+------+-----+--------+------+---------+----------+--------+
| Name                                                      | LUT  | FF    | DSP | BRAM | URAM | SRL | Pragma | Impl | Latency | Variable | Source |
+-----------------------------------------------------------+------+-------+-----+------+------+-----+--------+------+---------+----------+--------+
| inst                                                      | 7952 | 13792 |     | 1    |      |     |        |      |         |          |        |
|   (inst)                                                  | 3    | 5     |     |      |      |     |        |      |         |          |        |
|   grp_hmacDataflow_32_64_256_32_64_sha256_wrapper_s_fu_38 | 7949 | 13787 |     | 1    |      |     |        |      |         |          |        |
|     eKipadStrm_U                                          | 23   | 14    |     |      |      |     |        |      |         |          |        |
|     eMsgHashStrm_U                                        | 15   | 14    |     |      |      |     |        |      |         |          |        |
|     kipadStrm_U                                           | 190  | 282   |     |      |      |     |        |      |         |          |        |
|     kopad2Strm_U                                          | 199  | 291   |     |      |      |     |        |      |         |          |        |
|     kopadStrm_U                                           | 195  | 286   |     |      |      |     |        |      |         |          |        |
|     kpad_32_64_256_32_64_sha256_wrapper_U0                | 210  | 270   |     |      |      |     |        |      |         |          |        |
|       (kpad_32_64_256_32_64_sha256_wrapper_U0)            | 198  | 7     |     |      |      |     |        |      |         |          |        |
|     msgHashStrm_U                                         | 183  | 269   |     |      |      |     |        |      |         |          |        |
|     msgHash_32_64_256_32_64_sha256_wrapper_U0             | 3541 | 6419  |     | 1    |      |     |        |      |         |          |        |
|       (msgHash_32_64_256_32_64_sha256_wrapper_U0)         |      | 1     |     |      |      |     |        |      |         |          |        |
|       eMergeKipadLenStrm_U                                | 14   | 14    |     |      |      |     |        |      |         |          |        |
|       hash_U0                                             | 3162 | 5512  |     |      |      |     |        |      |         |          |        |
|         (hash_U0)                                         | 4    | 6     |     |      |      |     |        |      |         |          |        |
|           blk_strm_U                                      | 373  | 547   |     |      |      |     |        |      |         |          |        |
|           dup_strm_U0                                     | 26   | 15    |     |      |      |     |        |      |         |          |        |
|             (dup_strm_U0)                                 | 4    | 7     |     |      |      |     |        |      |         |          |        |
|           end_nblk_strm1_U                                | 22   | 26    |     |      |      |     |        |      |         |          |        |
|           end_nblk_strm2_U                                | 22   | 26    |     |      |      |     |        |      |         |          |        |
|           end_nblk_strm_U                                 | 24   | 26    |     |      |      |     |        |      |         |          |        |
|           generateMsgSchedule_U0                          | 834  | 1824  |     |      |      |     |        |      |         |          |        |
|             (generateMsgSchedule_U0)                      | 33   | 714   |     |      |      |     |        |      |         |          |        |
|           nblk_strm1_U                                    | 61   | 85    |     |      |      |     |        |      |         |          |        |
|           nblk_strm2_U                                    | 61   | 85    |     |      |      |     |        |      |         |          |        |
|           nblk_strm_U                                     | 60   | 85    |     |      |      |     |        |      |         |          |        |
|           preProcessing_U0                                | 764  | 1627  |     |      |      |     |        |      |         |          |        |
|             (preProcessing_U0)                            | 124  | 613   |     |      |      |     |        |      |         |          |        |
|           sha256Digest_256_U0                             | 745  | 1089  |     |      |      |     |        |      |         |          |        |
|             (sha256Digest_256_U0)                         | 44   | 452   |     |      |      |     |        |      |         |          |        |
|           start_for_dup_strm_U0_U                         | 2    | 4     |     |      |      |     |        |      |         |          |        |
|           start_for_generateMsgSchedule_U0_U              | 3    | 5     |     |      |      |     |        |      |         |          |        |
|           start_for_sha256Digest_256_U0_U                 | 2    | 5     |     |      |      |     |        |      |         |          |        |
|           w_strm_U                                        | 45   | 57    |     |      |      |     |        |      |         |          |        |
|       mergeKipadLenStrm_U                                 | 57   | 77    |     |      |      |     |        |      |         |          |        |
|       mergeKipadStrm_U                                    | 41   | 33    |     | 1    |      |     |        |      |         |          |        |
|       mergeKipad_32_64_256_64_U0                          | 261  | 778   |     |      |      |     |        |      |         |          |        |
|         (mergeKipad_32_64_256_64_U0)                      | 9    | 343   |     |      |      |     |        |      |         |          |        |
|       start_for_hash_U0_U                                 | 6    | 4     |     |      |      |     |        |      |         |          |        |
|     resHash_32_64_256_32_64_sha256_wrapper_U0             | 3383 | 5934  |     |      |      |     |        |      |         |          |        |
|       eMergeKopadLenStrm_U                                | 14   | 14    |     |      |      |     |        |      |         |          |        |
|       hash_1_U0                                           | 2936 | 4636  |     |      |      |     |        |      |         |          |        |
|         (hash_1_U0)                                       | 5    | 6     |     |      |      |     |        |      |         |          |        |
|           blk_strm_U                                      | 377  | 551   |     |      |      |     |        |      |         |          |        |
|           dup_strm_U0                                     | 26   | 15    |     |      |      |     |        |      |         |          |        |
|             (dup_strm_U0)                                 | 4    | 7     |     |      |      |     |        |      |         |          |        |
|           end_nblk_strm1_U                                | 22   | 26    |     |      |      |     |        |      |         |          |        |
|           end_nblk_strm2_U                                | 22   | 26    |     |      |      |     |        |      |         |          |        |
|           end_nblk_strm_U                                 | 26   | 26    |     |      |      |     |        |      |         |          |        |
|           generateMsgSchedule_U0                          | 816  | 1768  |     |      |      |     |        |      |         |          |        |
|             (generateMsgSchedule_U0)                      | 15   | 658   |     |      |      |     |        |      |         |          |        |
|           nblk_strm1_U                                    | 25   | 29    |     |      |      |     |        |      |         |          |        |
|           nblk_strm2_U                                    | 25   | 29    |     |      |      |     |        |      |         |          |        |
|           nblk_strm_U                                     | 23   | 29    |     |      |      |     |        |      |         |          |        |
|           preProcessing_U0                                | 663  | 1027  |     |      |      |     |        |      |         |          |        |
|             (preProcessing_U0)                            | 53   | 21    |     |      |      |     |        |      |         |          |        |
|           sha256Digest_256_U0                             | 729  | 1033  |     |      |      |     |        |      |         |          |        |
|             (sha256Digest_256_U0)                         | 24   | 396   |     |      |      |     |        |      |         |          |        |
|           start_for_dup_strm_U0_U                         | 2    | 4     |     |      |      |     |        |      |         |          |        |
|           start_for_generateMsgSchedule_U0_U              | 3    | 5     |     |      |      |     |        |      |         |          |        |
|           start_for_sha256Digest_256_U0_U                 | 2    | 5     |     |      |      |     |        |      |         |          |        |
|           w_strm_U                                        | 45   | 57    |     |      |      |     |        |      |         |          |        |
|       mergeKopadLenStrm_U                                 | 19   | 17    |     |      |      |     |        |      |         |          |        |
|       mergeKopadStrm_U                                    | 43   | 45    |     |      |      |     |        |      |         |          |        |
|       mergeKopad_32_64_256_32_64_U0                       | 366  | 1218  |     |      |      |     |        |      |         |          |        |
|         (mergeKopad_32_64_256_32_64_U0)                   | 3    | 543   |     |      |      |     |        |      |         |          |        |
|       start_for_hash_1_U0_U                               | 5    | 4     |     |      |      |     |        |      |         |          |        |
|     start_for_msgHash_32_64_256_32_64_sha256_wrapper_U0_U | 6    | 4     |     |      |      |     |        |      |         |          |        |
|     start_for_resHash_32_64_256_32_64_sha256_wrapper_U0_U | 4    | 4     |     |      |      |     |        |      |         |          |        |
+-----------------------------------------------------------+------+-------+-----+------+------+-----+--------+------+---------+----------+--------+


================================================================
== RTL Synthesis Fail Fast
================================================================
+-----------------------------------------------------------+-----------+--------+--------+
| Criteria                                                  | Guideline | Actual | Status |
+-----------------------------------------------------------+-----------+--------+--------+
| LUT                                                       | 70%       | 14.95% | OK     |
| FD                                                        | 50%       | 12.96% | OK     |
| LUTRAM+SRL                                                | 25%       | 9.75%  | OK     |
| MUXF7                                                     | 15%       | 0.48%  | OK     |
| DSP                                                       | 80%       | 0.00%  | OK     |
| RAMB/FIFO                                                 | 80%       | 0.36%  | OK     |
| DSP+RAMB+URAM (Avg)                                       | 70%       | 0.36%  | OK     |
| BUFGCE* + BUFGCTRL                                        | 24        | 0      | OK     |
| DONT_TOUCH (cells/nets)                                   | 0         | 0      | OK     |
| MARK_DEBUG (nets)                                         | 0         | 0      | OK     |
| Control Sets                                              | 998       | 378    | OK     |
| Average Fanout for modules > 100k cells                   | 4         | 2.96   | OK     |
| Max Average Fanout for modules > 100k cells               | 4         | 0      | OK     |
| Non-FD high fanout nets > 10k loads                       | 0         | 0      | OK     |
+-----------------------------------------------------------+-----------+--------+--------+
| TIMING-6 (No common primary clock between related clocks) | 0         | 0      | OK     |
| TIMING-7 (No common node between related clocks)          | 0         | 0      | OK     |
| TIMING-8 (No common period between related clocks)        | 0         | 0      | OK     |
| TIMING-14 (LUT on the clock tree)                         | 0         | 0      | OK     |
| TIMING-35 (No common node in paths with the same clock)   | 0         | 0      | OK     |
+-----------------------------------------------------------+-----------+--------+--------+
| Number of paths above max LUT budgeting (0.575ns)         | 0         | 0      | OK     |
| Number of paths above max Net budgeting (0.403ns)         | 0         | 0      | OK     |
+-----------------------------------------------------------+-----------+--------+--------+


================================================================
== RTL Synthesis Timing Paths
================================================================
* Timing was met
+-------+-------+----------------------------------------------------------------------------------------------------------------------------------------------------------------------------------------------------------------------------------------------------+------------------------------------------------------------------------------------------------------------------------------------------------------------------------------------------------------------------------------------------------------+--------------+------------+----------------+----------------+--------------+
| Path  | SLACK | STARTPOINT PIN                                                                                                                                                                                                                                     | ENDPOINT PIN                                                                                                                                                                                                                                         | LOGIC LEVELS | MAX FANOUT | DATAPATH DELAY | DATAPATH LOGIC | DATAPATH NET |
|       |       |                                                                                                                                                                                                                                                    |                                                                                                                                                                                                                                                      |              |            |                |          DELAY |        DELAY |
+-------+-------+----------------------------------------------------------------------------------------------------------------------------------------------------------------------------------------------------------------------------------------------------+------------------------------------------------------------------------------------------------------------------------------------------------------------------------------------------------------------------------------------------------------+--------------+------------+----------------+----------------+--------------+
| Path1 | 5.989 | grp_hmacDataflow_32_64_256_32_64_sha256_wrapper_s_fu_38/msgHash_32_64_256_32_64_sha256_wrapper_U0/hash_U0/grp_sha256_top_32_256_s_fu_32/sha256Digest_256_U0/grp_sha256Digest_256_Pipeline_LOOP_SHA256_UPDATE_64_ROUNDS_fu_272/g_1_fu_386_reg[0]/C  | grp_hmacDataflow_32_64_256_32_64_sha256_wrapper_s_fu_38/msgHash_32_64_256_32_64_sha256_wrapper_U0/hash_U0/grp_sha256_top_32_256_s_fu_32/sha256Digest_256_U0/grp_sha256Digest_256_Pipeline_LOOP_SHA256_UPDATE_64_ROUNDS_fu_272/b_1_fu_430_reg[31]/D   |           14 |          5 |          9.004 |          4.747 |        4.257 |
| Path2 | 6.006 | grp_hmacDataflow_32_64_256_32_64_sha256_wrapper_s_fu_38/resHash_32_64_256_32_64_sha256_wrapper_U0/hash_1_U0/grp_sha256_top_32_256_s_fu_30/sha256Digest_256_U0/grp_sha256Digest_256_Pipeline_LOOP_SHA256_UPDATE_64_ROUNDS_fu_272/Kt_fu_394_reg[0]/C | grp_hmacDataflow_32_64_256_32_64_sha256_wrapper_s_fu_38/resHash_32_64_256_32_64_sha256_wrapper_U0/hash_1_U0/grp_sha256_top_32_256_s_fu_30/sha256Digest_256_U0/grp_sha256Digest_256_Pipeline_LOOP_SHA256_UPDATE_64_ROUNDS_fu_272/b_1_fu_430_reg[31]/D |           14 |          5 |          8.987 |          4.747 |        4.240 |
| Path3 | 6.106 | grp_hmacDataflow_32_64_256_32_64_sha256_wrapper_s_fu_38/msgHash_32_64_256_32_64_sha256_wrapper_U0/hash_U0/grp_sha256_top_32_256_s_fu_32/sha256Digest_256_U0/grp_sha256Digest_256_Pipeline_LOOP_SHA256_UPDATE_64_ROUNDS_fu_272/g_1_fu_386_reg[0]/C  | grp_hmacDataflow_32_64_256_32_64_sha256_wrapper_s_fu_38/msgHash_32_64_256_32_64_sha256_wrapper_U0/hash_U0/grp_sha256_top_32_256_s_fu_32/sha256Digest_256_U0/grp_sha256Digest_256_Pipeline_LOOP_SHA256_UPDATE_64_ROUNDS_fu_272/b_1_fu_430_reg[27]/D   |           13 |          5 |          8.887 |          4.630 |        4.257 |
| Path4 | 6.123 | grp_hmacDataflow_32_64_256_32_64_sha256_wrapper_s_fu_38/resHash_32_64_256_32_64_sha256_wrapper_U0/hash_1_U0/grp_sha256_top_32_256_s_fu_30/sha256Digest_256_U0/grp_sha256Digest_256_Pipeline_LOOP_SHA256_UPDATE_64_ROUNDS_fu_272/Kt_fu_394_reg[0]/C | grp_hmacDataflow_32_64_256_32_64_sha256_wrapper_s_fu_38/resHash_32_64_256_32_64_sha256_wrapper_U0/hash_1_U0/grp_sha256_top_32_256_s_fu_30/sha256Digest_256_U0/grp_sha256Digest_256_Pipeline_LOOP_SHA256_UPDATE_64_ROUNDS_fu_272/b_1_fu_430_reg[27]/D |           13 |          5 |          8.870 |          4.630 |        4.240 |
| Path5 | 6.223 | grp_hmacDataflow_32_64_256_32_64_sha256_wrapper_s_fu_38/msgHash_32_64_256_32_64_sha256_wrapper_U0/hash_U0/grp_sha256_top_32_256_s_fu_32/sha256Digest_256_U0/grp_sha256Digest_256_Pipeline_LOOP_SHA256_UPDATE_64_ROUNDS_fu_272/g_1_fu_386_reg[0]/C  | grp_hmacDataflow_32_64_256_32_64_sha256_wrapper_s_fu_38/msgHash_32_64_256_32_64_sha256_wrapper_U0/hash_U0/grp_sha256_top_32_256_s_fu_32/sha256Digest_256_U0/grp_sha256Digest_256_Pipeline_LOOP_SHA256_UPDATE_64_ROUNDS_fu_272/b_1_fu_430_reg[23]/D   |           12 |          5 |          8.770 |          4.513 |        4.257 |
+-------+-------+----------------------------------------------------------------------------------------------------------------------------------------------------------------------------------------------------------------------------------------------------+------------------------------------------------------------------------------------------------------------------------------------------------------------------------------------------------------------------------------------------------------+--------------+------------+----------------+----------------+--------------+

    +------------------------------------------------------------------------------------------------------------------------------------------------------------------------------------------------------------------------------------------------------------------------------------------------+----------------------+
    | Path1 Cells                                                                                                                                                                                                                                                                                    | Primitive Type       |
    +------------------------------------------------------------------------------------------------------------------------------------------------------------------------------------------------------------------------------------------------------------------------------------------------+----------------------+
    | grp_hmacDataflow_32_64_256_32_64_sha256_wrapper_s_fu_38/msgHash_32_64_256_32_64_sha256_wrapper_U0/hash_U0/grp_sha256_top_32_256_s_fu_32/sha256Digest_256_U0/grp_sha256Digest_256_Pipeline_LOOP_SHA256_UPDATE_64_ROUNDS_fu_272/g_1_fu_386_reg[0]                                                | FLOP_LATCH.flop.FDRE |
    | grp_hmacDataflow_32_64_256_32_64_sha256_wrapper_s_fu_38/msgHash_32_64_256_32_64_sha256_wrapper_U0/hash_U0/grp_sha256_top_32_256_s_fu_32/sha256Digest_256_U0/grp_sha256Digest_256_Pipeline_LOOP_SHA256_UPDATE_64_ROUNDS_fu_272/T1_fu_776_p2__0_carry_i_3                                        | LUT.others.LUT5      |
    | grp_hmacDataflow_32_64_256_32_64_sha256_wrapper_s_fu_38/msgHash_32_64_256_32_64_sha256_wrapper_U0/hash_U0/grp_sha256_top_32_256_s_fu_32/sha256Digest_256_U0/grp_sha256Digest_256_Pipeline_LOOP_SHA256_UPDATE_64_ROUNDS_fu_272/T1_fu_776_p2__0_carry                                            | CARRY.others.CARRY4  |
    | grp_hmacDataflow_32_64_256_32_64_sha256_wrapper_s_fu_38/msgHash_32_64_256_32_64_sha256_wrapper_U0/hash_U0/grp_sha256_top_32_256_s_fu_32/sha256Digest_256_U0/grp_sha256Digest_256_Pipeline_LOOP_SHA256_UPDATE_64_ROUNDS_fu_272/T1_fu_776_p2__0_carry__0                                         | CARRY.others.CARRY4  |
    | grp_hmacDataflow_32_64_256_32_64_sha256_wrapper_s_fu_38/msgHash_32_64_256_32_64_sha256_wrapper_U0/hash_U0/grp_sha256_top_32_256_s_fu_32/sha256Digest_256_U0/grp_sha256Digest_256_Pipeline_LOOP_SHA256_UPDATE_64_ROUNDS_fu_272/T1_fu_776_p2__0_carry__1                                         | CARRY.others.CARRY4  |
    | grp_hmacDataflow_32_64_256_32_64_sha256_wrapper_s_fu_38/msgHash_32_64_256_32_64_sha256_wrapper_U0/hash_U0/grp_sha256_top_32_256_s_fu_32/sha256Digest_256_U0/grp_sha256Digest_256_Pipeline_LOOP_SHA256_UPDATE_64_ROUNDS_fu_272/T1_fu_776_p2__0_carry__2                                         | CARRY.others.CARRY4  |
    | grp_hmacDataflow_32_64_256_32_64_sha256_wrapper_s_fu_38/msgHash_32_64_256_32_64_sha256_wrapper_U0/hash_U0/grp_sha256_top_32_256_s_fu_32/sha256Digest_256_U0/grp_sha256Digest_256_Pipeline_LOOP_SHA256_UPDATE_64_ROUNDS_fu_272/T1_fu_776_p2__94_carry__3_i_4                                    | LUT.others.LUT5      |
    | grp_hmacDataflow_32_64_256_32_64_sha256_wrapper_s_fu_38/msgHash_32_64_256_32_64_sha256_wrapper_U0/hash_U0/grp_sha256_top_32_256_s_fu_32/sha256Digest_256_U0/grp_sha256Digest_256_Pipeline_LOOP_SHA256_UPDATE_64_ROUNDS_fu_272/T1_fu_776_p2__94_carry__3_i_8                                    | LUT.others.LUT6      |
    | grp_hmacDataflow_32_64_256_32_64_sha256_wrapper_s_fu_38/msgHash_32_64_256_32_64_sha256_wrapper_U0/hash_U0/grp_sha256_top_32_256_s_fu_32/sha256Digest_256_U0/grp_sha256Digest_256_Pipeline_LOOP_SHA256_UPDATE_64_ROUNDS_fu_272/T1_fu_776_p2__94_carry__3                                        | CARRY.others.CARRY4  |
    | grp_hmacDataflow_32_64_256_32_64_sha256_wrapper_s_fu_38/msgHash_32_64_256_32_64_sha256_wrapper_U0/hash_U0/grp_sha256_top_32_256_s_fu_32/sha256Digest_256_U0/grp_sha256Digest_256_Pipeline_LOOP_SHA256_UPDATE_64_ROUNDS_fu_272/T1_fu_776_p2__94_carry__4                                        | CARRY.others.CARRY4  |
    | grp_hmacDataflow_32_64_256_32_64_sha256_wrapper_s_fu_38/msgHash_32_64_256_32_64_sha256_wrapper_U0/hash_U0/grp_sha256_top_32_256_s_fu_32/sha256Digest_256_U0/grp_sha256Digest_256_Pipeline_LOOP_SHA256_UPDATE_64_ROUNDS_fu_272/a_2_fu_896_p2__0_carry__5_i_4                                    | LUT.others.LUT5      |
    | grp_hmacDataflow_32_64_256_32_64_sha256_wrapper_s_fu_38/msgHash_32_64_256_32_64_sha256_wrapper_U0/hash_U0/grp_sha256_top_32_256_s_fu_32/sha256Digest_256_U0/grp_sha256Digest_256_Pipeline_LOOP_SHA256_UPDATE_64_ROUNDS_fu_272/a_2_fu_896_p2__0_carry__5_i_8                                    | LUT.others.LUT6      |
    | grp_hmacDataflow_32_64_256_32_64_sha256_wrapper_s_fu_38/msgHash_32_64_256_32_64_sha256_wrapper_U0/hash_U0/grp_sha256_top_32_256_s_fu_32/sha256Digest_256_U0/grp_sha256Digest_256_Pipeline_LOOP_SHA256_UPDATE_64_ROUNDS_fu_272/a_2_fu_896_p2__0_carry__5                                        | CARRY.others.CARRY4  |
    | grp_hmacDataflow_32_64_256_32_64_sha256_wrapper_s_fu_38/msgHash_32_64_256_32_64_sha256_wrapper_U0/hash_U0/grp_sha256_top_32_256_s_fu_32/sha256Digest_256_U0/grp_sha256Digest_256_Pipeline_LOOP_SHA256_UPDATE_64_ROUNDS_fu_272/a_2_fu_896_p2__0_carry__6                                        | CARRY.others.CARRY4  |
    | grp_hmacDataflow_32_64_256_32_64_sha256_wrapper_s_fu_38/msgHash_32_64_256_32_64_sha256_wrapper_U0/hash_U0/grp_sha256_top_32_256_s_fu_32/sha256Digest_256_U0/grp_sha256Digest_256_Pipeline_LOOP_SHA256_UPDATE_64_ROUNDS_fu_272/flow_control_loop_pipe_sequential_init_U/b_1_fu_430[31]_i_1      | LUT.others.LUT3      |
    | grp_hmacDataflow_32_64_256_32_64_sha256_wrapper_s_fu_38/msgHash_32_64_256_32_64_sha256_wrapper_U0/hash_U0/grp_sha256_top_32_256_s_fu_32/sha256Digest_256_U0/grp_sha256Digest_256_Pipeline_LOOP_SHA256_UPDATE_64_ROUNDS_fu_272/b_1_fu_430_reg[31]                                               | FLOP_LATCH.flop.FDRE |
    | grp_hmacDataflow_32_64_256_32_64_sha256_wrapper_s_fu_38/resHash_32_64_256_32_64_sha256_wrapper_U0/hash_1_U0/grp_sha256_top_32_256_s_fu_30/sha256Digest_256_U0/grp_sha256Digest_256_Pipeline_LOOP_SHA256_UPDATE_64_ROUNDS_fu_272/Kt_fu_394_reg[0]                                               | FLOP_LATCH.flop.FDRE |
    | grp_hmacDataflow_32_64_256_32_64_sha256_wrapper_s_fu_38/resHash_32_64_256_32_64_sha256_wrapper_U0/hash_1_U0/grp_sha256_top_32_256_s_fu_30/sha256Digest_256_U0/grp_sha256Digest_256_Pipeline_LOOP_SHA256_UPDATE_64_ROUNDS_fu_272/T1_fu_776_p2__0_carry_i_3__0                                   | LUT.others.LUT5      |
    | grp_hmacDataflow_32_64_256_32_64_sha256_wrapper_s_fu_38/resHash_32_64_256_32_64_sha256_wrapper_U0/hash_1_U0/grp_sha256_top_32_256_s_fu_30/sha256Digest_256_U0/grp_sha256Digest_256_Pipeline_LOOP_SHA256_UPDATE_64_ROUNDS_fu_272/T1_fu_776_p2__0_carry                                          | CARRY.others.CARRY4  |
    | grp_hmacDataflow_32_64_256_32_64_sha256_wrapper_s_fu_38/resHash_32_64_256_32_64_sha256_wrapper_U0/hash_1_U0/grp_sha256_top_32_256_s_fu_30/sha256Digest_256_U0/grp_sha256Digest_256_Pipeline_LOOP_SHA256_UPDATE_64_ROUNDS_fu_272/T1_fu_776_p2__0_carry__0                                       | CARRY.others.CARRY4  |
    | grp_hmacDataflow_32_64_256_32_64_sha256_wrapper_s_fu_38/resHash_32_64_256_32_64_sha256_wrapper_U0/hash_1_U0/grp_sha256_top_32_256_s_fu_30/sha256Digest_256_U0/grp_sha256Digest_256_Pipeline_LOOP_SHA256_UPDATE_64_ROUNDS_fu_272/T1_fu_776_p2__0_carry__1                                       | CARRY.others.CARRY4  |
    | grp_hmacDataflow_32_64_256_32_64_sha256_wrapper_s_fu_38/resHash_32_64_256_32_64_sha256_wrapper_U0/hash_1_U0/grp_sha256_top_32_256_s_fu_30/sha256Digest_256_U0/grp_sha256Digest_256_Pipeline_LOOP_SHA256_UPDATE_64_ROUNDS_fu_272/T1_fu_776_p2__0_carry__2                                       | CARRY.others.CARRY4  |
    | grp_hmacDataflow_32_64_256_32_64_sha256_wrapper_s_fu_38/resHash_32_64_256_32_64_sha256_wrapper_U0/hash_1_U0/grp_sha256_top_32_256_s_fu_30/sha256Digest_256_U0/grp_sha256Digest_256_Pipeline_LOOP_SHA256_UPDATE_64_ROUNDS_fu_272/T1_fu_776_p2__94_carry__3_i_4__0                               | LUT.others.LUT5      |
    | grp_hmacDataflow_32_64_256_32_64_sha256_wrapper_s_fu_38/resHash_32_64_256_32_64_sha256_wrapper_U0/hash_1_U0/grp_sha256_top_32_256_s_fu_30/sha256Digest_256_U0/grp_sha256Digest_256_Pipeline_LOOP_SHA256_UPDATE_64_ROUNDS_fu_272/T1_fu_776_p2__94_carry__3_i_8__0                               | LUT.others.LUT6      |
    | grp_hmacDataflow_32_64_256_32_64_sha256_wrapper_s_fu_38/resHash_32_64_256_32_64_sha256_wrapper_U0/hash_1_U0/grp_sha256_top_32_256_s_fu_30/sha256Digest_256_U0/grp_sha256Digest_256_Pipeline_LOOP_SHA256_UPDATE_64_ROUNDS_fu_272/T1_fu_776_p2__94_carry__3                                      | CARRY.others.CARRY4  |
    | grp_hmacDataflow_32_64_256_32_64_sha256_wrapper_s_fu_38/resHash_32_64_256_32_64_sha256_wrapper_U0/hash_1_U0/grp_sha256_top_32_256_s_fu_30/sha256Digest_256_U0/grp_sha256Digest_256_Pipeline_LOOP_SHA256_UPDATE_64_ROUNDS_fu_272/T1_fu_776_p2__94_carry__4                                      | CARRY.others.CARRY4  |
    | grp_hmacDataflow_32_64_256_32_64_sha256_wrapper_s_fu_38/resHash_32_64_256_32_64_sha256_wrapper_U0/hash_1_U0/grp_sha256_top_32_256_s_fu_30/sha256Digest_256_U0/grp_sha256Digest_256_Pipeline_LOOP_SHA256_UPDATE_64_ROUNDS_fu_272/a_2_fu_896_p2__0_carry__5_i_4__0                               | LUT.others.LUT5      |
    | grp_hmacDataflow_32_64_256_32_64_sha256_wrapper_s_fu_38/resHash_32_64_256_32_64_sha256_wrapper_U0/hash_1_U0/grp_sha256_top_32_256_s_fu_30/sha256Digest_256_U0/grp_sha256Digest_256_Pipeline_LOOP_SHA256_UPDATE_64_ROUNDS_fu_272/a_2_fu_896_p2__0_carry__5_i_8__0                               | LUT.others.LUT6      |
    | grp_hmacDataflow_32_64_256_32_64_sha256_wrapper_s_fu_38/resHash_32_64_256_32_64_sha256_wrapper_U0/hash_1_U0/grp_sha256_top_32_256_s_fu_30/sha256Digest_256_U0/grp_sha256Digest_256_Pipeline_LOOP_SHA256_UPDATE_64_ROUNDS_fu_272/a_2_fu_896_p2__0_carry__5                                      | CARRY.others.CARRY4  |
    | grp_hmacDataflow_32_64_256_32_64_sha256_wrapper_s_fu_38/resHash_32_64_256_32_64_sha256_wrapper_U0/hash_1_U0/grp_sha256_top_32_256_s_fu_30/sha256Digest_256_U0/grp_sha256Digest_256_Pipeline_LOOP_SHA256_UPDATE_64_ROUNDS_fu_272/a_2_fu_896_p2__0_carry__6                                      | CARRY.others.CARRY4  |
    | grp_hmacDataflow_32_64_256_32_64_sha256_wrapper_s_fu_38/resHash_32_64_256_32_64_sha256_wrapper_U0/hash_1_U0/grp_sha256_top_32_256_s_fu_30/sha256Digest_256_U0/grp_sha256Digest_256_Pipeline_LOOP_SHA256_UPDATE_64_ROUNDS_fu_272/flow_control_loop_pipe_sequential_init_U/b_1_fu_430[31]_i_1__0 | LUT.others.LUT3      |
    | grp_hmacDataflow_32_64_256_32_64_sha256_wrapper_s_fu_38/resHash_32_64_256_32_64_sha256_wrapper_U0/hash_1_U0/grp_sha256_top_32_256_s_fu_30/sha256Digest_256_U0/grp_sha256Digest_256_Pipeline_LOOP_SHA256_UPDATE_64_ROUNDS_fu_272/b_1_fu_430_reg[31]                                             | FLOP_LATCH.flop.FDRE |
    | grp_hmacDataflow_32_64_256_32_64_sha256_wrapper_s_fu_38/msgHash_32_64_256_32_64_sha256_wrapper_U0/hash_U0/grp_sha256_top_32_256_s_fu_32/sha256Digest_256_U0/grp_sha256Digest_256_Pipeline_LOOP_SHA256_UPDATE_64_ROUNDS_fu_272/g_1_fu_386_reg[0]                                                | FLOP_LATCH.flop.FDRE |
    | grp_hmacDataflow_32_64_256_32_64_sha256_wrapper_s_fu_38/msgHash_32_64_256_32_64_sha256_wrapper_U0/hash_U0/grp_sha256_top_32_256_s_fu_32/sha256Digest_256_U0/grp_sha256Digest_256_Pipeline_LOOP_SHA256_UPDATE_64_ROUNDS_fu_272/T1_fu_776_p2__0_carry_i_3                                        | LUT.others.LUT5      |
    | grp_hmacDataflow_32_64_256_32_64_sha256_wrapper_s_fu_38/msgHash_32_64_256_32_64_sha256_wrapper_U0/hash_U0/grp_sha256_top_32_256_s_fu_32/sha256Digest_256_U0/grp_sha256Digest_256_Pipeline_LOOP_SHA256_UPDATE_64_ROUNDS_fu_272/T1_fu_776_p2__0_carry                                            | CARRY.others.CARRY4  |
    | grp_hmacDataflow_32_64_256_32_64_sha256_wrapper_s_fu_38/msgHash_32_64_256_32_64_sha256_wrapper_U0/hash_U0/grp_sha256_top_32_256_s_fu_32/sha256Digest_256_U0/grp_sha256Digest_256_Pipeline_LOOP_SHA256_UPDATE_64_ROUNDS_fu_272/T1_fu_776_p2__0_carry__0                                         | CARRY.others.CARRY4  |
    | grp_hmacDataflow_32_64_256_32_64_sha256_wrapper_s_fu_38/msgHash_32_64_256_32_64_sha256_wrapper_U0/hash_U0/grp_sha256_top_32_256_s_fu_32/sha256Digest_256_U0/grp_sha256Digest_256_Pipeline_LOOP_SHA256_UPDATE_64_ROUNDS_fu_272/T1_fu_776_p2__0_carry__1                                         | CARRY.others.CARRY4  |
    | grp_hmacDataflow_32_64_256_32_64_sha256_wrapper_s_fu_38/msgHash_32_64_256_32_64_sha256_wrapper_U0/hash_U0/grp_sha256_top_32_256_s_fu_32/sha256Digest_256_U0/grp_sha256Digest_256_Pipeline_LOOP_SHA256_UPDATE_64_ROUNDS_fu_272/T1_fu_776_p2__94_carry__2_i_4                                    | LUT.others.LUT5      |
    | grp_hmacDataflow_32_64_256_32_64_sha256_wrapper_s_fu_38/msgHash_32_64_256_32_64_sha256_wrapper_U0/hash_U0/grp_sha256_top_32_256_s_fu_32/sha256Digest_256_U0/grp_sha256Digest_256_Pipeline_LOOP_SHA256_UPDATE_64_ROUNDS_fu_272/T1_fu_776_p2__94_carry__2_i_8                                    | LUT.others.LUT6      |
    | grp_hmacDataflow_32_64_256_32_64_sha256_wrapper_s_fu_38/msgHash_32_64_256_32_64_sha256_wrapper_U0/hash_U0/grp_sha256_top_32_256_s_fu_32/sha256Digest_256_U0/grp_sha256Digest_256_Pipeline_LOOP_SHA256_UPDATE_64_ROUNDS_fu_272/T1_fu_776_p2__94_carry__2                                        | CARRY.others.CARRY4  |
    | grp_hmacDataflow_32_64_256_32_64_sha256_wrapper_s_fu_38/msgHash_32_64_256_32_64_sha256_wrapper_U0/hash_U0/grp_sha256_top_32_256_s_fu_32/sha256Digest_256_U0/grp_sha256Digest_256_Pipeline_LOOP_SHA256_UPDATE_64_ROUNDS_fu_272/T1_fu_776_p2__94_carry__3                                        | CARRY.others.CARRY4  |
    | grp_hmacDataflow_32_64_256_32_64_sha256_wrapper_s_fu_38/msgHash_32_64_256_32_64_sha256_wrapper_U0/hash_U0/grp_sha256_top_32_256_s_fu_32/sha256Digest_256_U0/grp_sha256Digest_256_Pipeline_LOOP_SHA256_UPDATE_64_ROUNDS_fu_272/a_2_fu_896_p2__0_carry__4_i_4                                    | LUT.others.LUT5      |
    | grp_hmacDataflow_32_64_256_32_64_sha256_wrapper_s_fu_38/msgHash_32_64_256_32_64_sha256_wrapper_U0/hash_U0/grp_sha256_top_32_256_s_fu_32/sha256Digest_256_U0/grp_sha256Digest_256_Pipeline_LOOP_SHA256_UPDATE_64_ROUNDS_fu_272/a_2_fu_896_p2__0_carry__4_i_8                                    | LUT.others.LUT6      |
    | grp_hmacDataflow_32_64_256_32_64_sha256_wrapper_s_fu_38/msgHash_32_64_256_32_64_sha256_wrapper_U0/hash_U0/grp_sha256_top_32_256_s_fu_32/sha256Digest_256_U0/grp_sha256Digest_256_Pipeline_LOOP_SHA256_UPDATE_64_ROUNDS_fu_272/a_2_fu_896_p2__0_carry__4                                        | CARRY.others.CARRY4  |
    | grp_hmacDataflow_32_64_256_32_64_sha256_wrapper_s_fu_38/msgHash_32_64_256_32_64_sha256_wrapper_U0/hash_U0/grp_sha256_top_32_256_s_fu_32/sha256Digest_256_U0/grp_sha256Digest_256_Pipeline_LOOP_SHA256_UPDATE_64_ROUNDS_fu_272/a_2_fu_896_p2__0_carry__5                                        | CARRY.others.CARRY4  |
    | grp_hmacDataflow_32_64_256_32_64_sha256_wrapper_s_fu_38/msgHash_32_64_256_32_64_sha256_wrapper_U0/hash_U0/grp_sha256_top_32_256_s_fu_32/sha256Digest_256_U0/grp_sha256Digest_256_Pipeline_LOOP_SHA256_UPDATE_64_ROUNDS_fu_272/flow_control_loop_pipe_sequential_init_U/b_1_fu_430[27]_i_1      | LUT.others.LUT3      |
    | grp_hmacDataflow_32_64_256_32_64_sha256_wrapper_s_fu_38/msgHash_32_64_256_32_64_sha256_wrapper_U0/hash_U0/grp_sha256_top_32_256_s_fu_32/sha256Digest_256_U0/grp_sha256Digest_256_Pipeline_LOOP_SHA256_UPDATE_64_ROUNDS_fu_272/b_1_fu_430_reg[27]                                               | FLOP_LATCH.flop.FDRE |
    | grp_hmacDataflow_32_64_256_32_64_sha256_wrapper_s_fu_38/resHash_32_64_256_32_64_sha256_wrapper_U0/hash_1_U0/grp_sha256_top_32_256_s_fu_30/sha256Digest_256_U0/grp_sha256Digest_256_Pipeline_LOOP_SHA256_UPDATE_64_ROUNDS_fu_272/Kt_fu_394_reg[0]                                               | FLOP_LATCH.flop.FDRE |
    | grp_hmacDataflow_32_64_256_32_64_sha256_wrapper_s_fu_38/resHash_32_64_256_32_64_sha256_wrapper_U0/hash_1_U0/grp_sha256_top_32_256_s_fu_30/sha256Digest_256_U0/grp_sha256Digest_256_Pipeline_LOOP_SHA256_UPDATE_64_ROUNDS_fu_272/T1_fu_776_p2__0_carry_i_3__0                                   | LUT.others.LUT5      |
    | grp_hmacDataflow_32_64_256_32_64_sha256_wrapper_s_fu_38/resHash_32_64_256_32_64_sha256_wrapper_U0/hash_1_U0/grp_sha256_top_32_256_s_fu_30/sha256Digest_256_U0/grp_sha256Digest_256_Pipeline_LOOP_SHA256_UPDATE_64_ROUNDS_fu_272/T1_fu_776_p2__0_carry                                          | CARRY.others.CARRY4  |
    | grp_hmacDataflow_32_64_256_32_64_sha256_wrapper_s_fu_38/resHash_32_64_256_32_64_sha256_wrapper_U0/hash_1_U0/grp_sha256_top_32_256_s_fu_30/sha256Digest_256_U0/grp_sha256Digest_256_Pipeline_LOOP_SHA256_UPDATE_64_ROUNDS_fu_272/T1_fu_776_p2__0_carry__0                                       | CARRY.others.CARRY4  |
    | grp_hmacDataflow_32_64_256_32_64_sha256_wrapper_s_fu_38/resHash_32_64_256_32_64_sha256_wrapper_U0/hash_1_U0/grp_sha256_top_32_256_s_fu_30/sha256Digest_256_U0/grp_sha256Digest_256_Pipeline_LOOP_SHA256_UPDATE_64_ROUNDS_fu_272/T1_fu_776_p2__0_carry__1                                       | CARRY.others.CARRY4  |
    | grp_hmacDataflow_32_64_256_32_64_sha256_wrapper_s_fu_38/resHash_32_64_256_32_64_sha256_wrapper_U0/hash_1_U0/grp_sha256_top_32_256_s_fu_30/sha256Digest_256_U0/grp_sha256Digest_256_Pipeline_LOOP_SHA256_UPDATE_64_ROUNDS_fu_272/T1_fu_776_p2__94_carry__2_i_4__0                               | LUT.others.LUT5      |
    | grp_hmacDataflow_32_64_256_32_64_sha256_wrapper_s_fu_38/resHash_32_64_256_32_64_sha256_wrapper_U0/hash_1_U0/grp_sha256_top_32_256_s_fu_30/sha256Digest_256_U0/grp_sha256Digest_256_Pipeline_LOOP_SHA256_UPDATE_64_ROUNDS_fu_272/T1_fu_776_p2__94_carry__2_i_8__0                               | LUT.others.LUT6      |
    | grp_hmacDataflow_32_64_256_32_64_sha256_wrapper_s_fu_38/resHash_32_64_256_32_64_sha256_wrapper_U0/hash_1_U0/grp_sha256_top_32_256_s_fu_30/sha256Digest_256_U0/grp_sha256Digest_256_Pipeline_LOOP_SHA256_UPDATE_64_ROUNDS_fu_272/T1_fu_776_p2__94_carry__2                                      | CARRY.others.CARRY4  |
    | grp_hmacDataflow_32_64_256_32_64_sha256_wrapper_s_fu_38/resHash_32_64_256_32_64_sha256_wrapper_U0/hash_1_U0/grp_sha256_top_32_256_s_fu_30/sha256Digest_256_U0/grp_sha256Digest_256_Pipeline_LOOP_SHA256_UPDATE_64_ROUNDS_fu_272/T1_fu_776_p2__94_carry__3                                      | CARRY.others.CARRY4  |
    | grp_hmacDataflow_32_64_256_32_64_sha256_wrapper_s_fu_38/resHash_32_64_256_32_64_sha256_wrapper_U0/hash_1_U0/grp_sha256_top_32_256_s_fu_30/sha256Digest_256_U0/grp_sha256Digest_256_Pipeline_LOOP_SHA256_UPDATE_64_ROUNDS_fu_272/a_2_fu_896_p2__0_carry__4_i_4__0                               | LUT.others.LUT5      |
    | grp_hmacDataflow_32_64_256_32_64_sha256_wrapper_s_fu_38/resHash_32_64_256_32_64_sha256_wrapper_U0/hash_1_U0/grp_sha256_top_32_256_s_fu_30/sha256Digest_256_U0/grp_sha256Digest_256_Pipeline_LOOP_SHA256_UPDATE_64_ROUNDS_fu_272/a_2_fu_896_p2__0_carry__4_i_8__0                               | LUT.others.LUT6      |
    | grp_hmacDataflow_32_64_256_32_64_sha256_wrapper_s_fu_38/resHash_32_64_256_32_64_sha256_wrapper_U0/hash_1_U0/grp_sha256_top_32_256_s_fu_30/sha256Digest_256_U0/grp_sha256Digest_256_Pipeline_LOOP_SHA256_UPDATE_64_ROUNDS_fu_272/a_2_fu_896_p2__0_carry__4                                      | CARRY.others.CARRY4  |
    | grp_hmacDataflow_32_64_256_32_64_sha256_wrapper_s_fu_38/resHash_32_64_256_32_64_sha256_wrapper_U0/hash_1_U0/grp_sha256_top_32_256_s_fu_30/sha256Digest_256_U0/grp_sha256Digest_256_Pipeline_LOOP_SHA256_UPDATE_64_ROUNDS_fu_272/a_2_fu_896_p2__0_carry__5                                      | CARRY.others.CARRY4  |
    | grp_hmacDataflow_32_64_256_32_64_sha256_wrapper_s_fu_38/resHash_32_64_256_32_64_sha256_wrapper_U0/hash_1_U0/grp_sha256_top_32_256_s_fu_30/sha256Digest_256_U0/grp_sha256Digest_256_Pipeline_LOOP_SHA256_UPDATE_64_ROUNDS_fu_272/flow_control_loop_pipe_sequential_init_U/b_1_fu_430[27]_i_1__0 | LUT.others.LUT3      |
    | grp_hmacDataflow_32_64_256_32_64_sha256_wrapper_s_fu_38/resHash_32_64_256_32_64_sha256_wrapper_U0/hash_1_U0/grp_sha256_top_32_256_s_fu_30/sha256Digest_256_U0/grp_sha256Digest_256_Pipeline_LOOP_SHA256_UPDATE_64_ROUNDS_fu_272/b_1_fu_430_reg[27]                                             | FLOP_LATCH.flop.FDRE |
    | grp_hmacDataflow_32_64_256_32_64_sha256_wrapper_s_fu_38/msgHash_32_64_256_32_64_sha256_wrapper_U0/hash_U0/grp_sha256_top_32_256_s_fu_32/sha256Digest_256_U0/grp_sha256Digest_256_Pipeline_LOOP_SHA256_UPDATE_64_ROUNDS_fu_272/g_1_fu_386_reg[0]                                                | FLOP_LATCH.flop.FDRE |
    | grp_hmacDataflow_32_64_256_32_64_sha256_wrapper_s_fu_38/msgHash_32_64_256_32_64_sha256_wrapper_U0/hash_U0/grp_sha256_top_32_256_s_fu_32/sha256Digest_256_U0/grp_sha256Digest_256_Pipeline_LOOP_SHA256_UPDATE_64_ROUNDS_fu_272/T1_fu_776_p2__0_carry_i_3                                        | LUT.others.LUT5      |
    | grp_hmacDataflow_32_64_256_32_64_sha256_wrapper_s_fu_38/msgHash_32_64_256_32_64_sha256_wrapper_U0/hash_U0/grp_sha256_top_32_256_s_fu_32/sha256Digest_256_U0/grp_sha256Digest_256_Pipeline_LOOP_SHA256_UPDATE_64_ROUNDS_fu_272/T1_fu_776_p2__0_carry                                            | CARRY.others.CARRY4  |
    | grp_hmacDataflow_32_64_256_32_64_sha256_wrapper_s_fu_38/msgHash_32_64_256_32_64_sha256_wrapper_U0/hash_U0/grp_sha256_top_32_256_s_fu_32/sha256Digest_256_U0/grp_sha256Digest_256_Pipeline_LOOP_SHA256_UPDATE_64_ROUNDS_fu_272/T1_fu_776_p2__0_carry__0                                         | CARRY.others.CARRY4  |
    | grp_hmacDataflow_32_64_256_32_64_sha256_wrapper_s_fu_38/msgHash_32_64_256_32_64_sha256_wrapper_U0/hash_U0/grp_sha256_top_32_256_s_fu_32/sha256Digest_256_U0/grp_sha256Digest_256_Pipeline_LOOP_SHA256_UPDATE_64_ROUNDS_fu_272/T1_fu_776_p2__94_carry__1_i_4                                    | LUT.others.LUT5      |
    | grp_hmacDataflow_32_64_256_32_64_sha256_wrapper_s_fu_38/msgHash_32_64_256_32_64_sha256_wrapper_U0/hash_U0/grp_sha256_top_32_256_s_fu_32/sha256Digest_256_U0/grp_sha256Digest_256_Pipeline_LOOP_SHA256_UPDATE_64_ROUNDS_fu_272/T1_fu_776_p2__94_carry__1_i_8                                    | LUT.others.LUT6      |
    | grp_hmacDataflow_32_64_256_32_64_sha256_wrapper_s_fu_38/msgHash_32_64_256_32_64_sha256_wrapper_U0/hash_U0/grp_sha256_top_32_256_s_fu_32/sha256Digest_256_U0/grp_sha256Digest_256_Pipeline_LOOP_SHA256_UPDATE_64_ROUNDS_fu_272/T1_fu_776_p2__94_carry__1                                        | CARRY.others.CARRY4  |
    | grp_hmacDataflow_32_64_256_32_64_sha256_wrapper_s_fu_38/msgHash_32_64_256_32_64_sha256_wrapper_U0/hash_U0/grp_sha256_top_32_256_s_fu_32/sha256Digest_256_U0/grp_sha256Digest_256_Pipeline_LOOP_SHA256_UPDATE_64_ROUNDS_fu_272/T1_fu_776_p2__94_carry__2                                        | CARRY.others.CARRY4  |
    | grp_hmacDataflow_32_64_256_32_64_sha256_wrapper_s_fu_38/msgHash_32_64_256_32_64_sha256_wrapper_U0/hash_U0/grp_sha256_top_32_256_s_fu_32/sha256Digest_256_U0/grp_sha256Digest_256_Pipeline_LOOP_SHA256_UPDATE_64_ROUNDS_fu_272/a_2_fu_896_p2__0_carry__3_i_4                                    | LUT.others.LUT5      |
    | grp_hmacDataflow_32_64_256_32_64_sha256_wrapper_s_fu_38/msgHash_32_64_256_32_64_sha256_wrapper_U0/hash_U0/grp_sha256_top_32_256_s_fu_32/sha256Digest_256_U0/grp_sha256Digest_256_Pipeline_LOOP_SHA256_UPDATE_64_ROUNDS_fu_272/a_2_fu_896_p2__0_carry__3_i_8                                    | LUT.others.LUT6      |
    | grp_hmacDataflow_32_64_256_32_64_sha256_wrapper_s_fu_38/msgHash_32_64_256_32_64_sha256_wrapper_U0/hash_U0/grp_sha256_top_32_256_s_fu_32/sha256Digest_256_U0/grp_sha256Digest_256_Pipeline_LOOP_SHA256_UPDATE_64_ROUNDS_fu_272/a_2_fu_896_p2__0_carry__3                                        | CARRY.others.CARRY4  |
    | grp_hmacDataflow_32_64_256_32_64_sha256_wrapper_s_fu_38/msgHash_32_64_256_32_64_sha256_wrapper_U0/hash_U0/grp_sha256_top_32_256_s_fu_32/sha256Digest_256_U0/grp_sha256Digest_256_Pipeline_LOOP_SHA256_UPDATE_64_ROUNDS_fu_272/a_2_fu_896_p2__0_carry__4                                        | CARRY.others.CARRY4  |
    | grp_hmacDataflow_32_64_256_32_64_sha256_wrapper_s_fu_38/msgHash_32_64_256_32_64_sha256_wrapper_U0/hash_U0/grp_sha256_top_32_256_s_fu_32/sha256Digest_256_U0/grp_sha256Digest_256_Pipeline_LOOP_SHA256_UPDATE_64_ROUNDS_fu_272/flow_control_loop_pipe_sequential_init_U/b_1_fu_430[23]_i_1      | LUT.others.LUT3      |
    | grp_hmacDataflow_32_64_256_32_64_sha256_wrapper_s_fu_38/msgHash_32_64_256_32_64_sha256_wrapper_U0/hash_U0/grp_sha256_top_32_256_s_fu_32/sha256Digest_256_U0/grp_sha256Digest_256_Pipeline_LOOP_SHA256_UPDATE_64_ROUNDS_fu_272/b_1_fu_430_reg[23]                                               | FLOP_LATCH.flop.FDRE |
    +------------------------------------------------------------------------------------------------------------------------------------------------------------------------------------------------------------------------------------------------------------------------------------------------+----------------------+

    +------------------------------------------------------------------------------------------------------------------------------------------------------------------------------------------------------------------------------------------------------------------------------------------------+----------------------+
    | Path2 Cells                                                                                                                                                                                                                                                                                    | Primitive Type       |
    +------------------------------------------------------------------------------------------------------------------------------------------------------------------------------------------------------------------------------------------------------------------------------------------------+----------------------+
    | grp_hmacDataflow_32_64_256_32_64_sha256_wrapper_s_fu_38/msgHash_32_64_256_32_64_sha256_wrapper_U0/hash_U0/grp_sha256_top_32_256_s_fu_32/sha256Digest_256_U0/grp_sha256Digest_256_Pipeline_LOOP_SHA256_UPDATE_64_ROUNDS_fu_272/g_1_fu_386_reg[0]                                                | FLOP_LATCH.flop.FDRE |
    | grp_hmacDataflow_32_64_256_32_64_sha256_wrapper_s_fu_38/msgHash_32_64_256_32_64_sha256_wrapper_U0/hash_U0/grp_sha256_top_32_256_s_fu_32/sha256Digest_256_U0/grp_sha256Digest_256_Pipeline_LOOP_SHA256_UPDATE_64_ROUNDS_fu_272/T1_fu_776_p2__0_carry_i_3                                        | LUT.others.LUT5      |
    | grp_hmacDataflow_32_64_256_32_64_sha256_wrapper_s_fu_38/msgHash_32_64_256_32_64_sha256_wrapper_U0/hash_U0/grp_sha256_top_32_256_s_fu_32/sha256Digest_256_U0/grp_sha256Digest_256_Pipeline_LOOP_SHA256_UPDATE_64_ROUNDS_fu_272/T1_fu_776_p2__0_carry                                            | CARRY.others.CARRY4  |
    | grp_hmacDataflow_32_64_256_32_64_sha256_wrapper_s_fu_38/msgHash_32_64_256_32_64_sha256_wrapper_U0/hash_U0/grp_sha256_top_32_256_s_fu_32/sha256Digest_256_U0/grp_sha256Digest_256_Pipeline_LOOP_SHA256_UPDATE_64_ROUNDS_fu_272/T1_fu_776_p2__0_carry__0                                         | CARRY.others.CARRY4  |
    | grp_hmacDataflow_32_64_256_32_64_sha256_wrapper_s_fu_38/msgHash_32_64_256_32_64_sha256_wrapper_U0/hash_U0/grp_sha256_top_32_256_s_fu_32/sha256Digest_256_U0/grp_sha256Digest_256_Pipeline_LOOP_SHA256_UPDATE_64_ROUNDS_fu_272/T1_fu_776_p2__0_carry__1                                         | CARRY.others.CARRY4  |
    | grp_hmacDataflow_32_64_256_32_64_sha256_wrapper_s_fu_38/msgHash_32_64_256_32_64_sha256_wrapper_U0/hash_U0/grp_sha256_top_32_256_s_fu_32/sha256Digest_256_U0/grp_sha256Digest_256_Pipeline_LOOP_SHA256_UPDATE_64_ROUNDS_fu_272/T1_fu_776_p2__0_carry__2                                         | CARRY.others.CARRY4  |
    | grp_hmacDataflow_32_64_256_32_64_sha256_wrapper_s_fu_38/msgHash_32_64_256_32_64_sha256_wrapper_U0/hash_U0/grp_sha256_top_32_256_s_fu_32/sha256Digest_256_U0/grp_sha256Digest_256_Pipeline_LOOP_SHA256_UPDATE_64_ROUNDS_fu_272/T1_fu_776_p2__94_carry__3_i_4                                    | LUT.others.LUT5      |
    | grp_hmacDataflow_32_64_256_32_64_sha256_wrapper_s_fu_38/msgHash_32_64_256_32_64_sha256_wrapper_U0/hash_U0/grp_sha256_top_32_256_s_fu_32/sha256Digest_256_U0/grp_sha256Digest_256_Pipeline_LOOP_SHA256_UPDATE_64_ROUNDS_fu_272/T1_fu_776_p2__94_carry__3_i_8                                    | LUT.others.LUT6      |
    | grp_hmacDataflow_32_64_256_32_64_sha256_wrapper_s_fu_38/msgHash_32_64_256_32_64_sha256_wrapper_U0/hash_U0/grp_sha256_top_32_256_s_fu_32/sha256Digest_256_U0/grp_sha256Digest_256_Pipeline_LOOP_SHA256_UPDATE_64_ROUNDS_fu_272/T1_fu_776_p2__94_carry__3                                        | CARRY.others.CARRY4  |
    | grp_hmacDataflow_32_64_256_32_64_sha256_wrapper_s_fu_38/msgHash_32_64_256_32_64_sha256_wrapper_U0/hash_U0/grp_sha256_top_32_256_s_fu_32/sha256Digest_256_U0/grp_sha256Digest_256_Pipeline_LOOP_SHA256_UPDATE_64_ROUNDS_fu_272/T1_fu_776_p2__94_carry__4                                        | CARRY.others.CARRY4  |
    | grp_hmacDataflow_32_64_256_32_64_sha256_wrapper_s_fu_38/msgHash_32_64_256_32_64_sha256_wrapper_U0/hash_U0/grp_sha256_top_32_256_s_fu_32/sha256Digest_256_U0/grp_sha256Digest_256_Pipeline_LOOP_SHA256_UPDATE_64_ROUNDS_fu_272/a_2_fu_896_p2__0_carry__5_i_4                                    | LUT.others.LUT5      |
    | grp_hmacDataflow_32_64_256_32_64_sha256_wrapper_s_fu_38/msgHash_32_64_256_32_64_sha256_wrapper_U0/hash_U0/grp_sha256_top_32_256_s_fu_32/sha256Digest_256_U0/grp_sha256Digest_256_Pipeline_LOOP_SHA256_UPDATE_64_ROUNDS_fu_272/a_2_fu_896_p2__0_carry__5_i_8                                    | LUT.others.LUT6      |
    | grp_hmacDataflow_32_64_256_32_64_sha256_wrapper_s_fu_38/msgHash_32_64_256_32_64_sha256_wrapper_U0/hash_U0/grp_sha256_top_32_256_s_fu_32/sha256Digest_256_U0/grp_sha256Digest_256_Pipeline_LOOP_SHA256_UPDATE_64_ROUNDS_fu_272/a_2_fu_896_p2__0_carry__5                                        | CARRY.others.CARRY4  |
    | grp_hmacDataflow_32_64_256_32_64_sha256_wrapper_s_fu_38/msgHash_32_64_256_32_64_sha256_wrapper_U0/hash_U0/grp_sha256_top_32_256_s_fu_32/sha256Digest_256_U0/grp_sha256Digest_256_Pipeline_LOOP_SHA256_UPDATE_64_ROUNDS_fu_272/a_2_fu_896_p2__0_carry__6                                        | CARRY.others.CARRY4  |
    | grp_hmacDataflow_32_64_256_32_64_sha256_wrapper_s_fu_38/msgHash_32_64_256_32_64_sha256_wrapper_U0/hash_U0/grp_sha256_top_32_256_s_fu_32/sha256Digest_256_U0/grp_sha256Digest_256_Pipeline_LOOP_SHA256_UPDATE_64_ROUNDS_fu_272/flow_control_loop_pipe_sequential_init_U/b_1_fu_430[31]_i_1      | LUT.others.LUT3      |
    | grp_hmacDataflow_32_64_256_32_64_sha256_wrapper_s_fu_38/msgHash_32_64_256_32_64_sha256_wrapper_U0/hash_U0/grp_sha256_top_32_256_s_fu_32/sha256Digest_256_U0/grp_sha256Digest_256_Pipeline_LOOP_SHA256_UPDATE_64_ROUNDS_fu_272/b_1_fu_430_reg[31]                                               | FLOP_LATCH.flop.FDRE |
    | grp_hmacDataflow_32_64_256_32_64_sha256_wrapper_s_fu_38/resHash_32_64_256_32_64_sha256_wrapper_U0/hash_1_U0/grp_sha256_top_32_256_s_fu_30/sha256Digest_256_U0/grp_sha256Digest_256_Pipeline_LOOP_SHA256_UPDATE_64_ROUNDS_fu_272/Kt_fu_394_reg[0]                                               | FLOP_LATCH.flop.FDRE |
    | grp_hmacDataflow_32_64_256_32_64_sha256_wrapper_s_fu_38/resHash_32_64_256_32_64_sha256_wrapper_U0/hash_1_U0/grp_sha256_top_32_256_s_fu_30/sha256Digest_256_U0/grp_sha256Digest_256_Pipeline_LOOP_SHA256_UPDATE_64_ROUNDS_fu_272/T1_fu_776_p2__0_carry_i_3__0                                   | LUT.others.LUT5      |
    | grp_hmacDataflow_32_64_256_32_64_sha256_wrapper_s_fu_38/resHash_32_64_256_32_64_sha256_wrapper_U0/hash_1_U0/grp_sha256_top_32_256_s_fu_30/sha256Digest_256_U0/grp_sha256Digest_256_Pipeline_LOOP_SHA256_UPDATE_64_ROUNDS_fu_272/T1_fu_776_p2__0_carry                                          | CARRY.others.CARRY4  |
    | grp_hmacDataflow_32_64_256_32_64_sha256_wrapper_s_fu_38/resHash_32_64_256_32_64_sha256_wrapper_U0/hash_1_U0/grp_sha256_top_32_256_s_fu_30/sha256Digest_256_U0/grp_sha256Digest_256_Pipeline_LOOP_SHA256_UPDATE_64_ROUNDS_fu_272/T1_fu_776_p2__0_carry__0                                       | CARRY.others.CARRY4  |
    | grp_hmacDataflow_32_64_256_32_64_sha256_wrapper_s_fu_38/resHash_32_64_256_32_64_sha256_wrapper_U0/hash_1_U0/grp_sha256_top_32_256_s_fu_30/sha256Digest_256_U0/grp_sha256Digest_256_Pipeline_LOOP_SHA256_UPDATE_64_ROUNDS_fu_272/T1_fu_776_p2__0_carry__1                                       | CARRY.others.CARRY4  |
    | grp_hmacDataflow_32_64_256_32_64_sha256_wrapper_s_fu_38/resHash_32_64_256_32_64_sha256_wrapper_U0/hash_1_U0/grp_sha256_top_32_256_s_fu_30/sha256Digest_256_U0/grp_sha256Digest_256_Pipeline_LOOP_SHA256_UPDATE_64_ROUNDS_fu_272/T1_fu_776_p2__0_carry__2                                       | CARRY.others.CARRY4  |
    | grp_hmacDataflow_32_64_256_32_64_sha256_wrapper_s_fu_38/resHash_32_64_256_32_64_sha256_wrapper_U0/hash_1_U0/grp_sha256_top_32_256_s_fu_30/sha256Digest_256_U0/grp_sha256Digest_256_Pipeline_LOOP_SHA256_UPDATE_64_ROUNDS_fu_272/T1_fu_776_p2__94_carry__3_i_4__0                               | LUT.others.LUT5      |
    | grp_hmacDataflow_32_64_256_32_64_sha256_wrapper_s_fu_38/resHash_32_64_256_32_64_sha256_wrapper_U0/hash_1_U0/grp_sha256_top_32_256_s_fu_30/sha256Digest_256_U0/grp_sha256Digest_256_Pipeline_LOOP_SHA256_UPDATE_64_ROUNDS_fu_272/T1_fu_776_p2__94_carry__3_i_8__0                               | LUT.others.LUT6      |
    | grp_hmacDataflow_32_64_256_32_64_sha256_wrapper_s_fu_38/resHash_32_64_256_32_64_sha256_wrapper_U0/hash_1_U0/grp_sha256_top_32_256_s_fu_30/sha256Digest_256_U0/grp_sha256Digest_256_Pipeline_LOOP_SHA256_UPDATE_64_ROUNDS_fu_272/T1_fu_776_p2__94_carry__3                                      | CARRY.others.CARRY4  |
    | grp_hmacDataflow_32_64_256_32_64_sha256_wrapper_s_fu_38/resHash_32_64_256_32_64_sha256_wrapper_U0/hash_1_U0/grp_sha256_top_32_256_s_fu_30/sha256Digest_256_U0/grp_sha256Digest_256_Pipeline_LOOP_SHA256_UPDATE_64_ROUNDS_fu_272/T1_fu_776_p2__94_carry__4                                      | CARRY.others.CARRY4  |
    | grp_hmacDataflow_32_64_256_32_64_sha256_wrapper_s_fu_38/resHash_32_64_256_32_64_sha256_wrapper_U0/hash_1_U0/grp_sha256_top_32_256_s_fu_30/sha256Digest_256_U0/grp_sha256Digest_256_Pipeline_LOOP_SHA256_UPDATE_64_ROUNDS_fu_272/a_2_fu_896_p2__0_carry__5_i_4__0                               | LUT.others.LUT5      |
    | grp_hmacDataflow_32_64_256_32_64_sha256_wrapper_s_fu_38/resHash_32_64_256_32_64_sha256_wrapper_U0/hash_1_U0/grp_sha256_top_32_256_s_fu_30/sha256Digest_256_U0/grp_sha256Digest_256_Pipeline_LOOP_SHA256_UPDATE_64_ROUNDS_fu_272/a_2_fu_896_p2__0_carry__5_i_8__0                               | LUT.others.LUT6      |
    | grp_hmacDataflow_32_64_256_32_64_sha256_wrapper_s_fu_38/resHash_32_64_256_32_64_sha256_wrapper_U0/hash_1_U0/grp_sha256_top_32_256_s_fu_30/sha256Digest_256_U0/grp_sha256Digest_256_Pipeline_LOOP_SHA256_UPDATE_64_ROUNDS_fu_272/a_2_fu_896_p2__0_carry__5                                      | CARRY.others.CARRY4  |
    | grp_hmacDataflow_32_64_256_32_64_sha256_wrapper_s_fu_38/resHash_32_64_256_32_64_sha256_wrapper_U0/hash_1_U0/grp_sha256_top_32_256_s_fu_30/sha256Digest_256_U0/grp_sha256Digest_256_Pipeline_LOOP_SHA256_UPDATE_64_ROUNDS_fu_272/a_2_fu_896_p2__0_carry__6                                      | CARRY.others.CARRY4  |
    | grp_hmacDataflow_32_64_256_32_64_sha256_wrapper_s_fu_38/resHash_32_64_256_32_64_sha256_wrapper_U0/hash_1_U0/grp_sha256_top_32_256_s_fu_30/sha256Digest_256_U0/grp_sha256Digest_256_Pipeline_LOOP_SHA256_UPDATE_64_ROUNDS_fu_272/flow_control_loop_pipe_sequential_init_U/b_1_fu_430[31]_i_1__0 | LUT.others.LUT3      |
    | grp_hmacDataflow_32_64_256_32_64_sha256_wrapper_s_fu_38/resHash_32_64_256_32_64_sha256_wrapper_U0/hash_1_U0/grp_sha256_top_32_256_s_fu_30/sha256Digest_256_U0/grp_sha256Digest_256_Pipeline_LOOP_SHA256_UPDATE_64_ROUNDS_fu_272/b_1_fu_430_reg[31]                                             | FLOP_LATCH.flop.FDRE |
    | grp_hmacDataflow_32_64_256_32_64_sha256_wrapper_s_fu_38/msgHash_32_64_256_32_64_sha256_wrapper_U0/hash_U0/grp_sha256_top_32_256_s_fu_32/sha256Digest_256_U0/grp_sha256Digest_256_Pipeline_LOOP_SHA256_UPDATE_64_ROUNDS_fu_272/g_1_fu_386_reg[0]                                                | FLOP_LATCH.flop.FDRE |
    | grp_hmacDataflow_32_64_256_32_64_sha256_wrapper_s_fu_38/msgHash_32_64_256_32_64_sha256_wrapper_U0/hash_U0/grp_sha256_top_32_256_s_fu_32/sha256Digest_256_U0/grp_sha256Digest_256_Pipeline_LOOP_SHA256_UPDATE_64_ROUNDS_fu_272/T1_fu_776_p2__0_carry_i_3                                        | LUT.others.LUT5      |
    | grp_hmacDataflow_32_64_256_32_64_sha256_wrapper_s_fu_38/msgHash_32_64_256_32_64_sha256_wrapper_U0/hash_U0/grp_sha256_top_32_256_s_fu_32/sha256Digest_256_U0/grp_sha256Digest_256_Pipeline_LOOP_SHA256_UPDATE_64_ROUNDS_fu_272/T1_fu_776_p2__0_carry                                            | CARRY.others.CARRY4  |
    | grp_hmacDataflow_32_64_256_32_64_sha256_wrapper_s_fu_38/msgHash_32_64_256_32_64_sha256_wrapper_U0/hash_U0/grp_sha256_top_32_256_s_fu_32/sha256Digest_256_U0/grp_sha256Digest_256_Pipeline_LOOP_SHA256_UPDATE_64_ROUNDS_fu_272/T1_fu_776_p2__0_carry__0                                         | CARRY.others.CARRY4  |
    | grp_hmacDataflow_32_64_256_32_64_sha256_wrapper_s_fu_38/msgHash_32_64_256_32_64_sha256_wrapper_U0/hash_U0/grp_sha256_top_32_256_s_fu_32/sha256Digest_256_U0/grp_sha256Digest_256_Pipeline_LOOP_SHA256_UPDATE_64_ROUNDS_fu_272/T1_fu_776_p2__0_carry__1                                         | CARRY.others.CARRY4  |
    | grp_hmacDataflow_32_64_256_32_64_sha256_wrapper_s_fu_38/msgHash_32_64_256_32_64_sha256_wrapper_U0/hash_U0/grp_sha256_top_32_256_s_fu_32/sha256Digest_256_U0/grp_sha256Digest_256_Pipeline_LOOP_SHA256_UPDATE_64_ROUNDS_fu_272/T1_fu_776_p2__94_carry__2_i_4                                    | LUT.others.LUT5      |
    | grp_hmacDataflow_32_64_256_32_64_sha256_wrapper_s_fu_38/msgHash_32_64_256_32_64_sha256_wrapper_U0/hash_U0/grp_sha256_top_32_256_s_fu_32/sha256Digest_256_U0/grp_sha256Digest_256_Pipeline_LOOP_SHA256_UPDATE_64_ROUNDS_fu_272/T1_fu_776_p2__94_carry__2_i_8                                    | LUT.others.LUT6      |
    | grp_hmacDataflow_32_64_256_32_64_sha256_wrapper_s_fu_38/msgHash_32_64_256_32_64_sha256_wrapper_U0/hash_U0/grp_sha256_top_32_256_s_fu_32/sha256Digest_256_U0/grp_sha256Digest_256_Pipeline_LOOP_SHA256_UPDATE_64_ROUNDS_fu_272/T1_fu_776_p2__94_carry__2                                        | CARRY.others.CARRY4  |
    | grp_hmacDataflow_32_64_256_32_64_sha256_wrapper_s_fu_38/msgHash_32_64_256_32_64_sha256_wrapper_U0/hash_U0/grp_sha256_top_32_256_s_fu_32/sha256Digest_256_U0/grp_sha256Digest_256_Pipeline_LOOP_SHA256_UPDATE_64_ROUNDS_fu_272/T1_fu_776_p2__94_carry__3                                        | CARRY.others.CARRY4  |
    | grp_hmacDataflow_32_64_256_32_64_sha256_wrapper_s_fu_38/msgHash_32_64_256_32_64_sha256_wrapper_U0/hash_U0/grp_sha256_top_32_256_s_fu_32/sha256Digest_256_U0/grp_sha256Digest_256_Pipeline_LOOP_SHA256_UPDATE_64_ROUNDS_fu_272/a_2_fu_896_p2__0_carry__4_i_4                                    | LUT.others.LUT5      |
    | grp_hmacDataflow_32_64_256_32_64_sha256_wrapper_s_fu_38/msgHash_32_64_256_32_64_sha256_wrapper_U0/hash_U0/grp_sha256_top_32_256_s_fu_32/sha256Digest_256_U0/grp_sha256Digest_256_Pipeline_LOOP_SHA256_UPDATE_64_ROUNDS_fu_272/a_2_fu_896_p2__0_carry__4_i_8                                    | LUT.others.LUT6      |
    | grp_hmacDataflow_32_64_256_32_64_sha256_wrapper_s_fu_38/msgHash_32_64_256_32_64_sha256_wrapper_U0/hash_U0/grp_sha256_top_32_256_s_fu_32/sha256Digest_256_U0/grp_sha256Digest_256_Pipeline_LOOP_SHA256_UPDATE_64_ROUNDS_fu_272/a_2_fu_896_p2__0_carry__4                                        | CARRY.others.CARRY4  |
    | grp_hmacDataflow_32_64_256_32_64_sha256_wrapper_s_fu_38/msgHash_32_64_256_32_64_sha256_wrapper_U0/hash_U0/grp_sha256_top_32_256_s_fu_32/sha256Digest_256_U0/grp_sha256Digest_256_Pipeline_LOOP_SHA256_UPDATE_64_ROUNDS_fu_272/a_2_fu_896_p2__0_carry__5                                        | CARRY.others.CARRY4  |
    | grp_hmacDataflow_32_64_256_32_64_sha256_wrapper_s_fu_38/msgHash_32_64_256_32_64_sha256_wrapper_U0/hash_U0/grp_sha256_top_32_256_s_fu_32/sha256Digest_256_U0/grp_sha256Digest_256_Pipeline_LOOP_SHA256_UPDATE_64_ROUNDS_fu_272/flow_control_loop_pipe_sequential_init_U/b_1_fu_430[27]_i_1      | LUT.others.LUT3      |
    | grp_hmacDataflow_32_64_256_32_64_sha256_wrapper_s_fu_38/msgHash_32_64_256_32_64_sha256_wrapper_U0/hash_U0/grp_sha256_top_32_256_s_fu_32/sha256Digest_256_U0/grp_sha256Digest_256_Pipeline_LOOP_SHA256_UPDATE_64_ROUNDS_fu_272/b_1_fu_430_reg[27]                                               | FLOP_LATCH.flop.FDRE |
    | grp_hmacDataflow_32_64_256_32_64_sha256_wrapper_s_fu_38/resHash_32_64_256_32_64_sha256_wrapper_U0/hash_1_U0/grp_sha256_top_32_256_s_fu_30/sha256Digest_256_U0/grp_sha256Digest_256_Pipeline_LOOP_SHA256_UPDATE_64_ROUNDS_fu_272/Kt_fu_394_reg[0]                                               | FLOP_LATCH.flop.FDRE |
    | grp_hmacDataflow_32_64_256_32_64_sha256_wrapper_s_fu_38/resHash_32_64_256_32_64_sha256_wrapper_U0/hash_1_U0/grp_sha256_top_32_256_s_fu_30/sha256Digest_256_U0/grp_sha256Digest_256_Pipeline_LOOP_SHA256_UPDATE_64_ROUNDS_fu_272/T1_fu_776_p2__0_carry_i_3__0                                   | LUT.others.LUT5      |
    | grp_hmacDataflow_32_64_256_32_64_sha256_wrapper_s_fu_38/resHash_32_64_256_32_64_sha256_wrapper_U0/hash_1_U0/grp_sha256_top_32_256_s_fu_30/sha256Digest_256_U0/grp_sha256Digest_256_Pipeline_LOOP_SHA256_UPDATE_64_ROUNDS_fu_272/T1_fu_776_p2__0_carry                                          | CARRY.others.CARRY4  |
    | grp_hmacDataflow_32_64_256_32_64_sha256_wrapper_s_fu_38/resHash_32_64_256_32_64_sha256_wrapper_U0/hash_1_U0/grp_sha256_top_32_256_s_fu_30/sha256Digest_256_U0/grp_sha256Digest_256_Pipeline_LOOP_SHA256_UPDATE_64_ROUNDS_fu_272/T1_fu_776_p2__0_carry__0                                       | CARRY.others.CARRY4  |
    | grp_hmacDataflow_32_64_256_32_64_sha256_wrapper_s_fu_38/resHash_32_64_256_32_64_sha256_wrapper_U0/hash_1_U0/grp_sha256_top_32_256_s_fu_30/sha256Digest_256_U0/grp_sha256Digest_256_Pipeline_LOOP_SHA256_UPDATE_64_ROUNDS_fu_272/T1_fu_776_p2__0_carry__1                                       | CARRY.others.CARRY4  |
    | grp_hmacDataflow_32_64_256_32_64_sha256_wrapper_s_fu_38/resHash_32_64_256_32_64_sha256_wrapper_U0/hash_1_U0/grp_sha256_top_32_256_s_fu_30/sha256Digest_256_U0/grp_sha256Digest_256_Pipeline_LOOP_SHA256_UPDATE_64_ROUNDS_fu_272/T1_fu_776_p2__94_carry__2_i_4__0                               | LUT.others.LUT5      |
    | grp_hmacDataflow_32_64_256_32_64_sha256_wrapper_s_fu_38/resHash_32_64_256_32_64_sha256_wrapper_U0/hash_1_U0/grp_sha256_top_32_256_s_fu_30/sha256Digest_256_U0/grp_sha256Digest_256_Pipeline_LOOP_SHA256_UPDATE_64_ROUNDS_fu_272/T1_fu_776_p2__94_carry__2_i_8__0                               | LUT.others.LUT6      |
    | grp_hmacDataflow_32_64_256_32_64_sha256_wrapper_s_fu_38/resHash_32_64_256_32_64_sha256_wrapper_U0/hash_1_U0/grp_sha256_top_32_256_s_fu_30/sha256Digest_256_U0/grp_sha256Digest_256_Pipeline_LOOP_SHA256_UPDATE_64_ROUNDS_fu_272/T1_fu_776_p2__94_carry__2                                      | CARRY.others.CARRY4  |
    | grp_hmacDataflow_32_64_256_32_64_sha256_wrapper_s_fu_38/resHash_32_64_256_32_64_sha256_wrapper_U0/hash_1_U0/grp_sha256_top_32_256_s_fu_30/sha256Digest_256_U0/grp_sha256Digest_256_Pipeline_LOOP_SHA256_UPDATE_64_ROUNDS_fu_272/T1_fu_776_p2__94_carry__3                                      | CARRY.others.CARRY4  |
    | grp_hmacDataflow_32_64_256_32_64_sha256_wrapper_s_fu_38/resHash_32_64_256_32_64_sha256_wrapper_U0/hash_1_U0/grp_sha256_top_32_256_s_fu_30/sha256Digest_256_U0/grp_sha256Digest_256_Pipeline_LOOP_SHA256_UPDATE_64_ROUNDS_fu_272/a_2_fu_896_p2__0_carry__4_i_4__0                               | LUT.others.LUT5      |
    | grp_hmacDataflow_32_64_256_32_64_sha256_wrapper_s_fu_38/resHash_32_64_256_32_64_sha256_wrapper_U0/hash_1_U0/grp_sha256_top_32_256_s_fu_30/sha256Digest_256_U0/grp_sha256Digest_256_Pipeline_LOOP_SHA256_UPDATE_64_ROUNDS_fu_272/a_2_fu_896_p2__0_carry__4_i_8__0                               | LUT.others.LUT6      |
    | grp_hmacDataflow_32_64_256_32_64_sha256_wrapper_s_fu_38/resHash_32_64_256_32_64_sha256_wrapper_U0/hash_1_U0/grp_sha256_top_32_256_s_fu_30/sha256Digest_256_U0/grp_sha256Digest_256_Pipeline_LOOP_SHA256_UPDATE_64_ROUNDS_fu_272/a_2_fu_896_p2__0_carry__4                                      | CARRY.others.CARRY4  |
    | grp_hmacDataflow_32_64_256_32_64_sha256_wrapper_s_fu_38/resHash_32_64_256_32_64_sha256_wrapper_U0/hash_1_U0/grp_sha256_top_32_256_s_fu_30/sha256Digest_256_U0/grp_sha256Digest_256_Pipeline_LOOP_SHA256_UPDATE_64_ROUNDS_fu_272/a_2_fu_896_p2__0_carry__5                                      | CARRY.others.CARRY4  |
    | grp_hmacDataflow_32_64_256_32_64_sha256_wrapper_s_fu_38/resHash_32_64_256_32_64_sha256_wrapper_U0/hash_1_U0/grp_sha256_top_32_256_s_fu_30/sha256Digest_256_U0/grp_sha256Digest_256_Pipeline_LOOP_SHA256_UPDATE_64_ROUNDS_fu_272/flow_control_loop_pipe_sequential_init_U/b_1_fu_430[27]_i_1__0 | LUT.others.LUT3      |
    | grp_hmacDataflow_32_64_256_32_64_sha256_wrapper_s_fu_38/resHash_32_64_256_32_64_sha256_wrapper_U0/hash_1_U0/grp_sha256_top_32_256_s_fu_30/sha256Digest_256_U0/grp_sha256Digest_256_Pipeline_LOOP_SHA256_UPDATE_64_ROUNDS_fu_272/b_1_fu_430_reg[27]                                             | FLOP_LATCH.flop.FDRE |
    | grp_hmacDataflow_32_64_256_32_64_sha256_wrapper_s_fu_38/msgHash_32_64_256_32_64_sha256_wrapper_U0/hash_U0/grp_sha256_top_32_256_s_fu_32/sha256Digest_256_U0/grp_sha256Digest_256_Pipeline_LOOP_SHA256_UPDATE_64_ROUNDS_fu_272/g_1_fu_386_reg[0]                                                | FLOP_LATCH.flop.FDRE |
    | grp_hmacDataflow_32_64_256_32_64_sha256_wrapper_s_fu_38/msgHash_32_64_256_32_64_sha256_wrapper_U0/hash_U0/grp_sha256_top_32_256_s_fu_32/sha256Digest_256_U0/grp_sha256Digest_256_Pipeline_LOOP_SHA256_UPDATE_64_ROUNDS_fu_272/T1_fu_776_p2__0_carry_i_3                                        | LUT.others.LUT5      |
    | grp_hmacDataflow_32_64_256_32_64_sha256_wrapper_s_fu_38/msgHash_32_64_256_32_64_sha256_wrapper_U0/hash_U0/grp_sha256_top_32_256_s_fu_32/sha256Digest_256_U0/grp_sha256Digest_256_Pipeline_LOOP_SHA256_UPDATE_64_ROUNDS_fu_272/T1_fu_776_p2__0_carry                                            | CARRY.others.CARRY4  |
    | grp_hmacDataflow_32_64_256_32_64_sha256_wrapper_s_fu_38/msgHash_32_64_256_32_64_sha256_wrapper_U0/hash_U0/grp_sha256_top_32_256_s_fu_32/sha256Digest_256_U0/grp_sha256Digest_256_Pipeline_LOOP_SHA256_UPDATE_64_ROUNDS_fu_272/T1_fu_776_p2__0_carry__0                                         | CARRY.others.CARRY4  |
    | grp_hmacDataflow_32_64_256_32_64_sha256_wrapper_s_fu_38/msgHash_32_64_256_32_64_sha256_wrapper_U0/hash_U0/grp_sha256_top_32_256_s_fu_32/sha256Digest_256_U0/grp_sha256Digest_256_Pipeline_LOOP_SHA256_UPDATE_64_ROUNDS_fu_272/T1_fu_776_p2__94_carry__1_i_4                                    | LUT.others.LUT5      |
    | grp_hmacDataflow_32_64_256_32_64_sha256_wrapper_s_fu_38/msgHash_32_64_256_32_64_sha256_wrapper_U0/hash_U0/grp_sha256_top_32_256_s_fu_32/sha256Digest_256_U0/grp_sha256Digest_256_Pipeline_LOOP_SHA256_UPDATE_64_ROUNDS_fu_272/T1_fu_776_p2__94_carry__1_i_8                                    | LUT.others.LUT6      |
    | grp_hmacDataflow_32_64_256_32_64_sha256_wrapper_s_fu_38/msgHash_32_64_256_32_64_sha256_wrapper_U0/hash_U0/grp_sha256_top_32_256_s_fu_32/sha256Digest_256_U0/grp_sha256Digest_256_Pipeline_LOOP_SHA256_UPDATE_64_ROUNDS_fu_272/T1_fu_776_p2__94_carry__1                                        | CARRY.others.CARRY4  |
    | grp_hmacDataflow_32_64_256_32_64_sha256_wrapper_s_fu_38/msgHash_32_64_256_32_64_sha256_wrapper_U0/hash_U0/grp_sha256_top_32_256_s_fu_32/sha256Digest_256_U0/grp_sha256Digest_256_Pipeline_LOOP_SHA256_UPDATE_64_ROUNDS_fu_272/T1_fu_776_p2__94_carry__2                                        | CARRY.others.CARRY4  |
    | grp_hmacDataflow_32_64_256_32_64_sha256_wrapper_s_fu_38/msgHash_32_64_256_32_64_sha256_wrapper_U0/hash_U0/grp_sha256_top_32_256_s_fu_32/sha256Digest_256_U0/grp_sha256Digest_256_Pipeline_LOOP_SHA256_UPDATE_64_ROUNDS_fu_272/a_2_fu_896_p2__0_carry__3_i_4                                    | LUT.others.LUT5      |
    | grp_hmacDataflow_32_64_256_32_64_sha256_wrapper_s_fu_38/msgHash_32_64_256_32_64_sha256_wrapper_U0/hash_U0/grp_sha256_top_32_256_s_fu_32/sha256Digest_256_U0/grp_sha256Digest_256_Pipeline_LOOP_SHA256_UPDATE_64_ROUNDS_fu_272/a_2_fu_896_p2__0_carry__3_i_8                                    | LUT.others.LUT6      |
    | grp_hmacDataflow_32_64_256_32_64_sha256_wrapper_s_fu_38/msgHash_32_64_256_32_64_sha256_wrapper_U0/hash_U0/grp_sha256_top_32_256_s_fu_32/sha256Digest_256_U0/grp_sha256Digest_256_Pipeline_LOOP_SHA256_UPDATE_64_ROUNDS_fu_272/a_2_fu_896_p2__0_carry__3                                        | CARRY.others.CARRY4  |
    | grp_hmacDataflow_32_64_256_32_64_sha256_wrapper_s_fu_38/msgHash_32_64_256_32_64_sha256_wrapper_U0/hash_U0/grp_sha256_top_32_256_s_fu_32/sha256Digest_256_U0/grp_sha256Digest_256_Pipeline_LOOP_SHA256_UPDATE_64_ROUNDS_fu_272/a_2_fu_896_p2__0_carry__4                                        | CARRY.others.CARRY4  |
    | grp_hmacDataflow_32_64_256_32_64_sha256_wrapper_s_fu_38/msgHash_32_64_256_32_64_sha256_wrapper_U0/hash_U0/grp_sha256_top_32_256_s_fu_32/sha256Digest_256_U0/grp_sha256Digest_256_Pipeline_LOOP_SHA256_UPDATE_64_ROUNDS_fu_272/flow_control_loop_pipe_sequential_init_U/b_1_fu_430[23]_i_1      | LUT.others.LUT3      |
    | grp_hmacDataflow_32_64_256_32_64_sha256_wrapper_s_fu_38/msgHash_32_64_256_32_64_sha256_wrapper_U0/hash_U0/grp_sha256_top_32_256_s_fu_32/sha256Digest_256_U0/grp_sha256Digest_256_Pipeline_LOOP_SHA256_UPDATE_64_ROUNDS_fu_272/b_1_fu_430_reg[23]                                               | FLOP_LATCH.flop.FDRE |
    +------------------------------------------------------------------------------------------------------------------------------------------------------------------------------------------------------------------------------------------------------------------------------------------------+----------------------+

    +------------------------------------------------------------------------------------------------------------------------------------------------------------------------------------------------------------------------------------------------------------------------------------------------+----------------------+
    | Path3 Cells                                                                                                                                                                                                                                                                                    | Primitive Type       |
    +------------------------------------------------------------------------------------------------------------------------------------------------------------------------------------------------------------------------------------------------------------------------------------------------+----------------------+
    | grp_hmacDataflow_32_64_256_32_64_sha256_wrapper_s_fu_38/msgHash_32_64_256_32_64_sha256_wrapper_U0/hash_U0/grp_sha256_top_32_256_s_fu_32/sha256Digest_256_U0/grp_sha256Digest_256_Pipeline_LOOP_SHA256_UPDATE_64_ROUNDS_fu_272/g_1_fu_386_reg[0]                                                | FLOP_LATCH.flop.FDRE |
    | grp_hmacDataflow_32_64_256_32_64_sha256_wrapper_s_fu_38/msgHash_32_64_256_32_64_sha256_wrapper_U0/hash_U0/grp_sha256_top_32_256_s_fu_32/sha256Digest_256_U0/grp_sha256Digest_256_Pipeline_LOOP_SHA256_UPDATE_64_ROUNDS_fu_272/T1_fu_776_p2__0_carry_i_3                                        | LUT.others.LUT5      |
    | grp_hmacDataflow_32_64_256_32_64_sha256_wrapper_s_fu_38/msgHash_32_64_256_32_64_sha256_wrapper_U0/hash_U0/grp_sha256_top_32_256_s_fu_32/sha256Digest_256_U0/grp_sha256Digest_256_Pipeline_LOOP_SHA256_UPDATE_64_ROUNDS_fu_272/T1_fu_776_p2__0_carry                                            | CARRY.others.CARRY4  |
    | grp_hmacDataflow_32_64_256_32_64_sha256_wrapper_s_fu_38/msgHash_32_64_256_32_64_sha256_wrapper_U0/hash_U0/grp_sha256_top_32_256_s_fu_32/sha256Digest_256_U0/grp_sha256Digest_256_Pipeline_LOOP_SHA256_UPDATE_64_ROUNDS_fu_272/T1_fu_776_p2__0_carry__0                                         | CARRY.others.CARRY4  |
    | grp_hmacDataflow_32_64_256_32_64_sha256_wrapper_s_fu_38/msgHash_32_64_256_32_64_sha256_wrapper_U0/hash_U0/grp_sha256_top_32_256_s_fu_32/sha256Digest_256_U0/grp_sha256Digest_256_Pipeline_LOOP_SHA256_UPDATE_64_ROUNDS_fu_272/T1_fu_776_p2__0_carry__1                                         | CARRY.others.CARRY4  |
    | grp_hmacDataflow_32_64_256_32_64_sha256_wrapper_s_fu_38/msgHash_32_64_256_32_64_sha256_wrapper_U0/hash_U0/grp_sha256_top_32_256_s_fu_32/sha256Digest_256_U0/grp_sha256Digest_256_Pipeline_LOOP_SHA256_UPDATE_64_ROUNDS_fu_272/T1_fu_776_p2__0_carry__2                                         | CARRY.others.CARRY4  |
    | grp_hmacDataflow_32_64_256_32_64_sha256_wrapper_s_fu_38/msgHash_32_64_256_32_64_sha256_wrapper_U0/hash_U0/grp_sha256_top_32_256_s_fu_32/sha256Digest_256_U0/grp_sha256Digest_256_Pipeline_LOOP_SHA256_UPDATE_64_ROUNDS_fu_272/T1_fu_776_p2__94_carry__3_i_4                                    | LUT.others.LUT5      |
    | grp_hmacDataflow_32_64_256_32_64_sha256_wrapper_s_fu_38/msgHash_32_64_256_32_64_sha256_wrapper_U0/hash_U0/grp_sha256_top_32_256_s_fu_32/sha256Digest_256_U0/grp_sha256Digest_256_Pipeline_LOOP_SHA256_UPDATE_64_ROUNDS_fu_272/T1_fu_776_p2__94_carry__3_i_8                                    | LUT.others.LUT6      |
    | grp_hmacDataflow_32_64_256_32_64_sha256_wrapper_s_fu_38/msgHash_32_64_256_32_64_sha256_wrapper_U0/hash_U0/grp_sha256_top_32_256_s_fu_32/sha256Digest_256_U0/grp_sha256Digest_256_Pipeline_LOOP_SHA256_UPDATE_64_ROUNDS_fu_272/T1_fu_776_p2__94_carry__3                                        | CARRY.others.CARRY4  |
    | grp_hmacDataflow_32_64_256_32_64_sha256_wrapper_s_fu_38/msgHash_32_64_256_32_64_sha256_wrapper_U0/hash_U0/grp_sha256_top_32_256_s_fu_32/sha256Digest_256_U0/grp_sha256Digest_256_Pipeline_LOOP_SHA256_UPDATE_64_ROUNDS_fu_272/T1_fu_776_p2__94_carry__4                                        | CARRY.others.CARRY4  |
    | grp_hmacDataflow_32_64_256_32_64_sha256_wrapper_s_fu_38/msgHash_32_64_256_32_64_sha256_wrapper_U0/hash_U0/grp_sha256_top_32_256_s_fu_32/sha256Digest_256_U0/grp_sha256Digest_256_Pipeline_LOOP_SHA256_UPDATE_64_ROUNDS_fu_272/a_2_fu_896_p2__0_carry__5_i_4                                    | LUT.others.LUT5      |
    | grp_hmacDataflow_32_64_256_32_64_sha256_wrapper_s_fu_38/msgHash_32_64_256_32_64_sha256_wrapper_U0/hash_U0/grp_sha256_top_32_256_s_fu_32/sha256Digest_256_U0/grp_sha256Digest_256_Pipeline_LOOP_SHA256_UPDATE_64_ROUNDS_fu_272/a_2_fu_896_p2__0_carry__5_i_8                                    | LUT.others.LUT6      |
    | grp_hmacDataflow_32_64_256_32_64_sha256_wrapper_s_fu_38/msgHash_32_64_256_32_64_sha256_wrapper_U0/hash_U0/grp_sha256_top_32_256_s_fu_32/sha256Digest_256_U0/grp_sha256Digest_256_Pipeline_LOOP_SHA256_UPDATE_64_ROUNDS_fu_272/a_2_fu_896_p2__0_carry__5                                        | CARRY.others.CARRY4  |
    | grp_hmacDataflow_32_64_256_32_64_sha256_wrapper_s_fu_38/msgHash_32_64_256_32_64_sha256_wrapper_U0/hash_U0/grp_sha256_top_32_256_s_fu_32/sha256Digest_256_U0/grp_sha256Digest_256_Pipeline_LOOP_SHA256_UPDATE_64_ROUNDS_fu_272/a_2_fu_896_p2__0_carry__6                                        | CARRY.others.CARRY4  |
    | grp_hmacDataflow_32_64_256_32_64_sha256_wrapper_s_fu_38/msgHash_32_64_256_32_64_sha256_wrapper_U0/hash_U0/grp_sha256_top_32_256_s_fu_32/sha256Digest_256_U0/grp_sha256Digest_256_Pipeline_LOOP_SHA256_UPDATE_64_ROUNDS_fu_272/flow_control_loop_pipe_sequential_init_U/b_1_fu_430[31]_i_1      | LUT.others.LUT3      |
    | grp_hmacDataflow_32_64_256_32_64_sha256_wrapper_s_fu_38/msgHash_32_64_256_32_64_sha256_wrapper_U0/hash_U0/grp_sha256_top_32_256_s_fu_32/sha256Digest_256_U0/grp_sha256Digest_256_Pipeline_LOOP_SHA256_UPDATE_64_ROUNDS_fu_272/b_1_fu_430_reg[31]                                               | FLOP_LATCH.flop.FDRE |
    | grp_hmacDataflow_32_64_256_32_64_sha256_wrapper_s_fu_38/resHash_32_64_256_32_64_sha256_wrapper_U0/hash_1_U0/grp_sha256_top_32_256_s_fu_30/sha256Digest_256_U0/grp_sha256Digest_256_Pipeline_LOOP_SHA256_UPDATE_64_ROUNDS_fu_272/Kt_fu_394_reg[0]                                               | FLOP_LATCH.flop.FDRE |
    | grp_hmacDataflow_32_64_256_32_64_sha256_wrapper_s_fu_38/resHash_32_64_256_32_64_sha256_wrapper_U0/hash_1_U0/grp_sha256_top_32_256_s_fu_30/sha256Digest_256_U0/grp_sha256Digest_256_Pipeline_LOOP_SHA256_UPDATE_64_ROUNDS_fu_272/T1_fu_776_p2__0_carry_i_3__0                                   | LUT.others.LUT5      |
    | grp_hmacDataflow_32_64_256_32_64_sha256_wrapper_s_fu_38/resHash_32_64_256_32_64_sha256_wrapper_U0/hash_1_U0/grp_sha256_top_32_256_s_fu_30/sha256Digest_256_U0/grp_sha256Digest_256_Pipeline_LOOP_SHA256_UPDATE_64_ROUNDS_fu_272/T1_fu_776_p2__0_carry                                          | CARRY.others.CARRY4  |
    | grp_hmacDataflow_32_64_256_32_64_sha256_wrapper_s_fu_38/resHash_32_64_256_32_64_sha256_wrapper_U0/hash_1_U0/grp_sha256_top_32_256_s_fu_30/sha256Digest_256_U0/grp_sha256Digest_256_Pipeline_LOOP_SHA256_UPDATE_64_ROUNDS_fu_272/T1_fu_776_p2__0_carry__0                                       | CARRY.others.CARRY4  |
    | grp_hmacDataflow_32_64_256_32_64_sha256_wrapper_s_fu_38/resHash_32_64_256_32_64_sha256_wrapper_U0/hash_1_U0/grp_sha256_top_32_256_s_fu_30/sha256Digest_256_U0/grp_sha256Digest_256_Pipeline_LOOP_SHA256_UPDATE_64_ROUNDS_fu_272/T1_fu_776_p2__0_carry__1                                       | CARRY.others.CARRY4  |
    | grp_hmacDataflow_32_64_256_32_64_sha256_wrapper_s_fu_38/resHash_32_64_256_32_64_sha256_wrapper_U0/hash_1_U0/grp_sha256_top_32_256_s_fu_30/sha256Digest_256_U0/grp_sha256Digest_256_Pipeline_LOOP_SHA256_UPDATE_64_ROUNDS_fu_272/T1_fu_776_p2__0_carry__2                                       | CARRY.others.CARRY4  |
    | grp_hmacDataflow_32_64_256_32_64_sha256_wrapper_s_fu_38/resHash_32_64_256_32_64_sha256_wrapper_U0/hash_1_U0/grp_sha256_top_32_256_s_fu_30/sha256Digest_256_U0/grp_sha256Digest_256_Pipeline_LOOP_SHA256_UPDATE_64_ROUNDS_fu_272/T1_fu_776_p2__94_carry__3_i_4__0                               | LUT.others.LUT5      |
    | grp_hmacDataflow_32_64_256_32_64_sha256_wrapper_s_fu_38/resHash_32_64_256_32_64_sha256_wrapper_U0/hash_1_U0/grp_sha256_top_32_256_s_fu_30/sha256Digest_256_U0/grp_sha256Digest_256_Pipeline_LOOP_SHA256_UPDATE_64_ROUNDS_fu_272/T1_fu_776_p2__94_carry__3_i_8__0                               | LUT.others.LUT6      |
    | grp_hmacDataflow_32_64_256_32_64_sha256_wrapper_s_fu_38/resHash_32_64_256_32_64_sha256_wrapper_U0/hash_1_U0/grp_sha256_top_32_256_s_fu_30/sha256Digest_256_U0/grp_sha256Digest_256_Pipeline_LOOP_SHA256_UPDATE_64_ROUNDS_fu_272/T1_fu_776_p2__94_carry__3                                      | CARRY.others.CARRY4  |
    | grp_hmacDataflow_32_64_256_32_64_sha256_wrapper_s_fu_38/resHash_32_64_256_32_64_sha256_wrapper_U0/hash_1_U0/grp_sha256_top_32_256_s_fu_30/sha256Digest_256_U0/grp_sha256Digest_256_Pipeline_LOOP_SHA256_UPDATE_64_ROUNDS_fu_272/T1_fu_776_p2__94_carry__4                                      | CARRY.others.CARRY4  |
    | grp_hmacDataflow_32_64_256_32_64_sha256_wrapper_s_fu_38/resHash_32_64_256_32_64_sha256_wrapper_U0/hash_1_U0/grp_sha256_top_32_256_s_fu_30/sha256Digest_256_U0/grp_sha256Digest_256_Pipeline_LOOP_SHA256_UPDATE_64_ROUNDS_fu_272/a_2_fu_896_p2__0_carry__5_i_4__0                               | LUT.others.LUT5      |
    | grp_hmacDataflow_32_64_256_32_64_sha256_wrapper_s_fu_38/resHash_32_64_256_32_64_sha256_wrapper_U0/hash_1_U0/grp_sha256_top_32_256_s_fu_30/sha256Digest_256_U0/grp_sha256Digest_256_Pipeline_LOOP_SHA256_UPDATE_64_ROUNDS_fu_272/a_2_fu_896_p2__0_carry__5_i_8__0                               | LUT.others.LUT6      |
    | grp_hmacDataflow_32_64_256_32_64_sha256_wrapper_s_fu_38/resHash_32_64_256_32_64_sha256_wrapper_U0/hash_1_U0/grp_sha256_top_32_256_s_fu_30/sha256Digest_256_U0/grp_sha256Digest_256_Pipeline_LOOP_SHA256_UPDATE_64_ROUNDS_fu_272/a_2_fu_896_p2__0_carry__5                                      | CARRY.others.CARRY4  |
    | grp_hmacDataflow_32_64_256_32_64_sha256_wrapper_s_fu_38/resHash_32_64_256_32_64_sha256_wrapper_U0/hash_1_U0/grp_sha256_top_32_256_s_fu_30/sha256Digest_256_U0/grp_sha256Digest_256_Pipeline_LOOP_SHA256_UPDATE_64_ROUNDS_fu_272/a_2_fu_896_p2__0_carry__6                                      | CARRY.others.CARRY4  |
    | grp_hmacDataflow_32_64_256_32_64_sha256_wrapper_s_fu_38/resHash_32_64_256_32_64_sha256_wrapper_U0/hash_1_U0/grp_sha256_top_32_256_s_fu_30/sha256Digest_256_U0/grp_sha256Digest_256_Pipeline_LOOP_SHA256_UPDATE_64_ROUNDS_fu_272/flow_control_loop_pipe_sequential_init_U/b_1_fu_430[31]_i_1__0 | LUT.others.LUT3      |
    | grp_hmacDataflow_32_64_256_32_64_sha256_wrapper_s_fu_38/resHash_32_64_256_32_64_sha256_wrapper_U0/hash_1_U0/grp_sha256_top_32_256_s_fu_30/sha256Digest_256_U0/grp_sha256Digest_256_Pipeline_LOOP_SHA256_UPDATE_64_ROUNDS_fu_272/b_1_fu_430_reg[31]                                             | FLOP_LATCH.flop.FDRE |
    | grp_hmacDataflow_32_64_256_32_64_sha256_wrapper_s_fu_38/msgHash_32_64_256_32_64_sha256_wrapper_U0/hash_U0/grp_sha256_top_32_256_s_fu_32/sha256Digest_256_U0/grp_sha256Digest_256_Pipeline_LOOP_SHA256_UPDATE_64_ROUNDS_fu_272/g_1_fu_386_reg[0]                                                | FLOP_LATCH.flop.FDRE |
    | grp_hmacDataflow_32_64_256_32_64_sha256_wrapper_s_fu_38/msgHash_32_64_256_32_64_sha256_wrapper_U0/hash_U0/grp_sha256_top_32_256_s_fu_32/sha256Digest_256_U0/grp_sha256Digest_256_Pipeline_LOOP_SHA256_UPDATE_64_ROUNDS_fu_272/T1_fu_776_p2__0_carry_i_3                                        | LUT.others.LUT5      |
    | grp_hmacDataflow_32_64_256_32_64_sha256_wrapper_s_fu_38/msgHash_32_64_256_32_64_sha256_wrapper_U0/hash_U0/grp_sha256_top_32_256_s_fu_32/sha256Digest_256_U0/grp_sha256Digest_256_Pipeline_LOOP_SHA256_UPDATE_64_ROUNDS_fu_272/T1_fu_776_p2__0_carry                                            | CARRY.others.CARRY4  |
    | grp_hmacDataflow_32_64_256_32_64_sha256_wrapper_s_fu_38/msgHash_32_64_256_32_64_sha256_wrapper_U0/hash_U0/grp_sha256_top_32_256_s_fu_32/sha256Digest_256_U0/grp_sha256Digest_256_Pipeline_LOOP_SHA256_UPDATE_64_ROUNDS_fu_272/T1_fu_776_p2__0_carry__0                                         | CARRY.others.CARRY4  |
    | grp_hmacDataflow_32_64_256_32_64_sha256_wrapper_s_fu_38/msgHash_32_64_256_32_64_sha256_wrapper_U0/hash_U0/grp_sha256_top_32_256_s_fu_32/sha256Digest_256_U0/grp_sha256Digest_256_Pipeline_LOOP_SHA256_UPDATE_64_ROUNDS_fu_272/T1_fu_776_p2__0_carry__1                                         | CARRY.others.CARRY4  |
    | grp_hmacDataflow_32_64_256_32_64_sha256_wrapper_s_fu_38/msgHash_32_64_256_32_64_sha256_wrapper_U0/hash_U0/grp_sha256_top_32_256_s_fu_32/sha256Digest_256_U0/grp_sha256Digest_256_Pipeline_LOOP_SHA256_UPDATE_64_ROUNDS_fu_272/T1_fu_776_p2__94_carry__2_i_4                                    | LUT.others.LUT5      |
    | grp_hmacDataflow_32_64_256_32_64_sha256_wrapper_s_fu_38/msgHash_32_64_256_32_64_sha256_wrapper_U0/hash_U0/grp_sha256_top_32_256_s_fu_32/sha256Digest_256_U0/grp_sha256Digest_256_Pipeline_LOOP_SHA256_UPDATE_64_ROUNDS_fu_272/T1_fu_776_p2__94_carry__2_i_8                                    | LUT.others.LUT6      |
    | grp_hmacDataflow_32_64_256_32_64_sha256_wrapper_s_fu_38/msgHash_32_64_256_32_64_sha256_wrapper_U0/hash_U0/grp_sha256_top_32_256_s_fu_32/sha256Digest_256_U0/grp_sha256Digest_256_Pipeline_LOOP_SHA256_UPDATE_64_ROUNDS_fu_272/T1_fu_776_p2__94_carry__2                                        | CARRY.others.CARRY4  |
    | grp_hmacDataflow_32_64_256_32_64_sha256_wrapper_s_fu_38/msgHash_32_64_256_32_64_sha256_wrapper_U0/hash_U0/grp_sha256_top_32_256_s_fu_32/sha256Digest_256_U0/grp_sha256Digest_256_Pipeline_LOOP_SHA256_UPDATE_64_ROUNDS_fu_272/T1_fu_776_p2__94_carry__3                                        | CARRY.others.CARRY4  |
    | grp_hmacDataflow_32_64_256_32_64_sha256_wrapper_s_fu_38/msgHash_32_64_256_32_64_sha256_wrapper_U0/hash_U0/grp_sha256_top_32_256_s_fu_32/sha256Digest_256_U0/grp_sha256Digest_256_Pipeline_LOOP_SHA256_UPDATE_64_ROUNDS_fu_272/a_2_fu_896_p2__0_carry__4_i_4                                    | LUT.others.LUT5      |
    | grp_hmacDataflow_32_64_256_32_64_sha256_wrapper_s_fu_38/msgHash_32_64_256_32_64_sha256_wrapper_U0/hash_U0/grp_sha256_top_32_256_s_fu_32/sha256Digest_256_U0/grp_sha256Digest_256_Pipeline_LOOP_SHA256_UPDATE_64_ROUNDS_fu_272/a_2_fu_896_p2__0_carry__4_i_8                                    | LUT.others.LUT6      |
    | grp_hmacDataflow_32_64_256_32_64_sha256_wrapper_s_fu_38/msgHash_32_64_256_32_64_sha256_wrapper_U0/hash_U0/grp_sha256_top_32_256_s_fu_32/sha256Digest_256_U0/grp_sha256Digest_256_Pipeline_LOOP_SHA256_UPDATE_64_ROUNDS_fu_272/a_2_fu_896_p2__0_carry__4                                        | CARRY.others.CARRY4  |
    | grp_hmacDataflow_32_64_256_32_64_sha256_wrapper_s_fu_38/msgHash_32_64_256_32_64_sha256_wrapper_U0/hash_U0/grp_sha256_top_32_256_s_fu_32/sha256Digest_256_U0/grp_sha256Digest_256_Pipeline_LOOP_SHA256_UPDATE_64_ROUNDS_fu_272/a_2_fu_896_p2__0_carry__5                                        | CARRY.others.CARRY4  |
    | grp_hmacDataflow_32_64_256_32_64_sha256_wrapper_s_fu_38/msgHash_32_64_256_32_64_sha256_wrapper_U0/hash_U0/grp_sha256_top_32_256_s_fu_32/sha256Digest_256_U0/grp_sha256Digest_256_Pipeline_LOOP_SHA256_UPDATE_64_ROUNDS_fu_272/flow_control_loop_pipe_sequential_init_U/b_1_fu_430[27]_i_1      | LUT.others.LUT3      |
    | grp_hmacDataflow_32_64_256_32_64_sha256_wrapper_s_fu_38/msgHash_32_64_256_32_64_sha256_wrapper_U0/hash_U0/grp_sha256_top_32_256_s_fu_32/sha256Digest_256_U0/grp_sha256Digest_256_Pipeline_LOOP_SHA256_UPDATE_64_ROUNDS_fu_272/b_1_fu_430_reg[27]                                               | FLOP_LATCH.flop.FDRE |
    | grp_hmacDataflow_32_64_256_32_64_sha256_wrapper_s_fu_38/resHash_32_64_256_32_64_sha256_wrapper_U0/hash_1_U0/grp_sha256_top_32_256_s_fu_30/sha256Digest_256_U0/grp_sha256Digest_256_Pipeline_LOOP_SHA256_UPDATE_64_ROUNDS_fu_272/Kt_fu_394_reg[0]                                               | FLOP_LATCH.flop.FDRE |
    | grp_hmacDataflow_32_64_256_32_64_sha256_wrapper_s_fu_38/resHash_32_64_256_32_64_sha256_wrapper_U0/hash_1_U0/grp_sha256_top_32_256_s_fu_30/sha256Digest_256_U0/grp_sha256Digest_256_Pipeline_LOOP_SHA256_UPDATE_64_ROUNDS_fu_272/T1_fu_776_p2__0_carry_i_3__0                                   | LUT.others.LUT5      |
    | grp_hmacDataflow_32_64_256_32_64_sha256_wrapper_s_fu_38/resHash_32_64_256_32_64_sha256_wrapper_U0/hash_1_U0/grp_sha256_top_32_256_s_fu_30/sha256Digest_256_U0/grp_sha256Digest_256_Pipeline_LOOP_SHA256_UPDATE_64_ROUNDS_fu_272/T1_fu_776_p2__0_carry                                          | CARRY.others.CARRY4  |
    | grp_hmacDataflow_32_64_256_32_64_sha256_wrapper_s_fu_38/resHash_32_64_256_32_64_sha256_wrapper_U0/hash_1_U0/grp_sha256_top_32_256_s_fu_30/sha256Digest_256_U0/grp_sha256Digest_256_Pipeline_LOOP_SHA256_UPDATE_64_ROUNDS_fu_272/T1_fu_776_p2__0_carry__0                                       | CARRY.others.CARRY4  |
    | grp_hmacDataflow_32_64_256_32_64_sha256_wrapper_s_fu_38/resHash_32_64_256_32_64_sha256_wrapper_U0/hash_1_U0/grp_sha256_top_32_256_s_fu_30/sha256Digest_256_U0/grp_sha256Digest_256_Pipeline_LOOP_SHA256_UPDATE_64_ROUNDS_fu_272/T1_fu_776_p2__0_carry__1                                       | CARRY.others.CARRY4  |
    | grp_hmacDataflow_32_64_256_32_64_sha256_wrapper_s_fu_38/resHash_32_64_256_32_64_sha256_wrapper_U0/hash_1_U0/grp_sha256_top_32_256_s_fu_30/sha256Digest_256_U0/grp_sha256Digest_256_Pipeline_LOOP_SHA256_UPDATE_64_ROUNDS_fu_272/T1_fu_776_p2__94_carry__2_i_4__0                               | LUT.others.LUT5      |
    | grp_hmacDataflow_32_64_256_32_64_sha256_wrapper_s_fu_38/resHash_32_64_256_32_64_sha256_wrapper_U0/hash_1_U0/grp_sha256_top_32_256_s_fu_30/sha256Digest_256_U0/grp_sha256Digest_256_Pipeline_LOOP_SHA256_UPDATE_64_ROUNDS_fu_272/T1_fu_776_p2__94_carry__2_i_8__0                               | LUT.others.LUT6      |
    | grp_hmacDataflow_32_64_256_32_64_sha256_wrapper_s_fu_38/resHash_32_64_256_32_64_sha256_wrapper_U0/hash_1_U0/grp_sha256_top_32_256_s_fu_30/sha256Digest_256_U0/grp_sha256Digest_256_Pipeline_LOOP_SHA256_UPDATE_64_ROUNDS_fu_272/T1_fu_776_p2__94_carry__2                                      | CARRY.others.CARRY4  |
    | grp_hmacDataflow_32_64_256_32_64_sha256_wrapper_s_fu_38/resHash_32_64_256_32_64_sha256_wrapper_U0/hash_1_U0/grp_sha256_top_32_256_s_fu_30/sha256Digest_256_U0/grp_sha256Digest_256_Pipeline_LOOP_SHA256_UPDATE_64_ROUNDS_fu_272/T1_fu_776_p2__94_carry__3                                      | CARRY.others.CARRY4  |
    | grp_hmacDataflow_32_64_256_32_64_sha256_wrapper_s_fu_38/resHash_32_64_256_32_64_sha256_wrapper_U0/hash_1_U0/grp_sha256_top_32_256_s_fu_30/sha256Digest_256_U0/grp_sha256Digest_256_Pipeline_LOOP_SHA256_UPDATE_64_ROUNDS_fu_272/a_2_fu_896_p2__0_carry__4_i_4__0                               | LUT.others.LUT5      |
    | grp_hmacDataflow_32_64_256_32_64_sha256_wrapper_s_fu_38/resHash_32_64_256_32_64_sha256_wrapper_U0/hash_1_U0/grp_sha256_top_32_256_s_fu_30/sha256Digest_256_U0/grp_sha256Digest_256_Pipeline_LOOP_SHA256_UPDATE_64_ROUNDS_fu_272/a_2_fu_896_p2__0_carry__4_i_8__0                               | LUT.others.LUT6      |
    | grp_hmacDataflow_32_64_256_32_64_sha256_wrapper_s_fu_38/resHash_32_64_256_32_64_sha256_wrapper_U0/hash_1_U0/grp_sha256_top_32_256_s_fu_30/sha256Digest_256_U0/grp_sha256Digest_256_Pipeline_LOOP_SHA256_UPDATE_64_ROUNDS_fu_272/a_2_fu_896_p2__0_carry__4                                      | CARRY.others.CARRY4  |
    | grp_hmacDataflow_32_64_256_32_64_sha256_wrapper_s_fu_38/resHash_32_64_256_32_64_sha256_wrapper_U0/hash_1_U0/grp_sha256_top_32_256_s_fu_30/sha256Digest_256_U0/grp_sha256Digest_256_Pipeline_LOOP_SHA256_UPDATE_64_ROUNDS_fu_272/a_2_fu_896_p2__0_carry__5                                      | CARRY.others.CARRY4  |
    | grp_hmacDataflow_32_64_256_32_64_sha256_wrapper_s_fu_38/resHash_32_64_256_32_64_sha256_wrapper_U0/hash_1_U0/grp_sha256_top_32_256_s_fu_30/sha256Digest_256_U0/grp_sha256Digest_256_Pipeline_LOOP_SHA256_UPDATE_64_ROUNDS_fu_272/flow_control_loop_pipe_sequential_init_U/b_1_fu_430[27]_i_1__0 | LUT.others.LUT3      |
    | grp_hmacDataflow_32_64_256_32_64_sha256_wrapper_s_fu_38/resHash_32_64_256_32_64_sha256_wrapper_U0/hash_1_U0/grp_sha256_top_32_256_s_fu_30/sha256Digest_256_U0/grp_sha256Digest_256_Pipeline_LOOP_SHA256_UPDATE_64_ROUNDS_fu_272/b_1_fu_430_reg[27]                                             | FLOP_LATCH.flop.FDRE |
    | grp_hmacDataflow_32_64_256_32_64_sha256_wrapper_s_fu_38/msgHash_32_64_256_32_64_sha256_wrapper_U0/hash_U0/grp_sha256_top_32_256_s_fu_32/sha256Digest_256_U0/grp_sha256Digest_256_Pipeline_LOOP_SHA256_UPDATE_64_ROUNDS_fu_272/g_1_fu_386_reg[0]                                                | FLOP_LATCH.flop.FDRE |
    | grp_hmacDataflow_32_64_256_32_64_sha256_wrapper_s_fu_38/msgHash_32_64_256_32_64_sha256_wrapper_U0/hash_U0/grp_sha256_top_32_256_s_fu_32/sha256Digest_256_U0/grp_sha256Digest_256_Pipeline_LOOP_SHA256_UPDATE_64_ROUNDS_fu_272/T1_fu_776_p2__0_carry_i_3                                        | LUT.others.LUT5      |
    | grp_hmacDataflow_32_64_256_32_64_sha256_wrapper_s_fu_38/msgHash_32_64_256_32_64_sha256_wrapper_U0/hash_U0/grp_sha256_top_32_256_s_fu_32/sha256Digest_256_U0/grp_sha256Digest_256_Pipeline_LOOP_SHA256_UPDATE_64_ROUNDS_fu_272/T1_fu_776_p2__0_carry                                            | CARRY.others.CARRY4  |
    | grp_hmacDataflow_32_64_256_32_64_sha256_wrapper_s_fu_38/msgHash_32_64_256_32_64_sha256_wrapper_U0/hash_U0/grp_sha256_top_32_256_s_fu_32/sha256Digest_256_U0/grp_sha256Digest_256_Pipeline_LOOP_SHA256_UPDATE_64_ROUNDS_fu_272/T1_fu_776_p2__0_carry__0                                         | CARRY.others.CARRY4  |
    | grp_hmacDataflow_32_64_256_32_64_sha256_wrapper_s_fu_38/msgHash_32_64_256_32_64_sha256_wrapper_U0/hash_U0/grp_sha256_top_32_256_s_fu_32/sha256Digest_256_U0/grp_sha256Digest_256_Pipeline_LOOP_SHA256_UPDATE_64_ROUNDS_fu_272/T1_fu_776_p2__94_carry__1_i_4                                    | LUT.others.LUT5      |
    | grp_hmacDataflow_32_64_256_32_64_sha256_wrapper_s_fu_38/msgHash_32_64_256_32_64_sha256_wrapper_U0/hash_U0/grp_sha256_top_32_256_s_fu_32/sha256Digest_256_U0/grp_sha256Digest_256_Pipeline_LOOP_SHA256_UPDATE_64_ROUNDS_fu_272/T1_fu_776_p2__94_carry__1_i_8                                    | LUT.others.LUT6      |
    | grp_hmacDataflow_32_64_256_32_64_sha256_wrapper_s_fu_38/msgHash_32_64_256_32_64_sha256_wrapper_U0/hash_U0/grp_sha256_top_32_256_s_fu_32/sha256Digest_256_U0/grp_sha256Digest_256_Pipeline_LOOP_SHA256_UPDATE_64_ROUNDS_fu_272/T1_fu_776_p2__94_carry__1                                        | CARRY.others.CARRY4  |
    | grp_hmacDataflow_32_64_256_32_64_sha256_wrapper_s_fu_38/msgHash_32_64_256_32_64_sha256_wrapper_U0/hash_U0/grp_sha256_top_32_256_s_fu_32/sha256Digest_256_U0/grp_sha256Digest_256_Pipeline_LOOP_SHA256_UPDATE_64_ROUNDS_fu_272/T1_fu_776_p2__94_carry__2                                        | CARRY.others.CARRY4  |
    | grp_hmacDataflow_32_64_256_32_64_sha256_wrapper_s_fu_38/msgHash_32_64_256_32_64_sha256_wrapper_U0/hash_U0/grp_sha256_top_32_256_s_fu_32/sha256Digest_256_U0/grp_sha256Digest_256_Pipeline_LOOP_SHA256_UPDATE_64_ROUNDS_fu_272/a_2_fu_896_p2__0_carry__3_i_4                                    | LUT.others.LUT5      |
    | grp_hmacDataflow_32_64_256_32_64_sha256_wrapper_s_fu_38/msgHash_32_64_256_32_64_sha256_wrapper_U0/hash_U0/grp_sha256_top_32_256_s_fu_32/sha256Digest_256_U0/grp_sha256Digest_256_Pipeline_LOOP_SHA256_UPDATE_64_ROUNDS_fu_272/a_2_fu_896_p2__0_carry__3_i_8                                    | LUT.others.LUT6      |
    | grp_hmacDataflow_32_64_256_32_64_sha256_wrapper_s_fu_38/msgHash_32_64_256_32_64_sha256_wrapper_U0/hash_U0/grp_sha256_top_32_256_s_fu_32/sha256Digest_256_U0/grp_sha256Digest_256_Pipeline_LOOP_SHA256_UPDATE_64_ROUNDS_fu_272/a_2_fu_896_p2__0_carry__3                                        | CARRY.others.CARRY4  |
    | grp_hmacDataflow_32_64_256_32_64_sha256_wrapper_s_fu_38/msgHash_32_64_256_32_64_sha256_wrapper_U0/hash_U0/grp_sha256_top_32_256_s_fu_32/sha256Digest_256_U0/grp_sha256Digest_256_Pipeline_LOOP_SHA256_UPDATE_64_ROUNDS_fu_272/a_2_fu_896_p2__0_carry__4                                        | CARRY.others.CARRY4  |
    | grp_hmacDataflow_32_64_256_32_64_sha256_wrapper_s_fu_38/msgHash_32_64_256_32_64_sha256_wrapper_U0/hash_U0/grp_sha256_top_32_256_s_fu_32/sha256Digest_256_U0/grp_sha256Digest_256_Pipeline_LOOP_SHA256_UPDATE_64_ROUNDS_fu_272/flow_control_loop_pipe_sequential_init_U/b_1_fu_430[23]_i_1      | LUT.others.LUT3      |
    | grp_hmacDataflow_32_64_256_32_64_sha256_wrapper_s_fu_38/msgHash_32_64_256_32_64_sha256_wrapper_U0/hash_U0/grp_sha256_top_32_256_s_fu_32/sha256Digest_256_U0/grp_sha256Digest_256_Pipeline_LOOP_SHA256_UPDATE_64_ROUNDS_fu_272/b_1_fu_430_reg[23]                                               | FLOP_LATCH.flop.FDRE |
    +------------------------------------------------------------------------------------------------------------------------------------------------------------------------------------------------------------------------------------------------------------------------------------------------+----------------------+

    +------------------------------------------------------------------------------------------------------------------------------------------------------------------------------------------------------------------------------------------------------------------------------------------------+----------------------+
    | Path4 Cells                                                                                                                                                                                                                                                                                    | Primitive Type       |
    +------------------------------------------------------------------------------------------------------------------------------------------------------------------------------------------------------------------------------------------------------------------------------------------------+----------------------+
    | grp_hmacDataflow_32_64_256_32_64_sha256_wrapper_s_fu_38/msgHash_32_64_256_32_64_sha256_wrapper_U0/hash_U0/grp_sha256_top_32_256_s_fu_32/sha256Digest_256_U0/grp_sha256Digest_256_Pipeline_LOOP_SHA256_UPDATE_64_ROUNDS_fu_272/g_1_fu_386_reg[0]                                                | FLOP_LATCH.flop.FDRE |
    | grp_hmacDataflow_32_64_256_32_64_sha256_wrapper_s_fu_38/msgHash_32_64_256_32_64_sha256_wrapper_U0/hash_U0/grp_sha256_top_32_256_s_fu_32/sha256Digest_256_U0/grp_sha256Digest_256_Pipeline_LOOP_SHA256_UPDATE_64_ROUNDS_fu_272/T1_fu_776_p2__0_carry_i_3                                        | LUT.others.LUT5      |
    | grp_hmacDataflow_32_64_256_32_64_sha256_wrapper_s_fu_38/msgHash_32_64_256_32_64_sha256_wrapper_U0/hash_U0/grp_sha256_top_32_256_s_fu_32/sha256Digest_256_U0/grp_sha256Digest_256_Pipeline_LOOP_SHA256_UPDATE_64_ROUNDS_fu_272/T1_fu_776_p2__0_carry                                            | CARRY.others.CARRY4  |
    | grp_hmacDataflow_32_64_256_32_64_sha256_wrapper_s_fu_38/msgHash_32_64_256_32_64_sha256_wrapper_U0/hash_U0/grp_sha256_top_32_256_s_fu_32/sha256Digest_256_U0/grp_sha256Digest_256_Pipeline_LOOP_SHA256_UPDATE_64_ROUNDS_fu_272/T1_fu_776_p2__0_carry__0                                         | CARRY.others.CARRY4  |
    | grp_hmacDataflow_32_64_256_32_64_sha256_wrapper_s_fu_38/msgHash_32_64_256_32_64_sha256_wrapper_U0/hash_U0/grp_sha256_top_32_256_s_fu_32/sha256Digest_256_U0/grp_sha256Digest_256_Pipeline_LOOP_SHA256_UPDATE_64_ROUNDS_fu_272/T1_fu_776_p2__0_carry__1                                         | CARRY.others.CARRY4  |
    | grp_hmacDataflow_32_64_256_32_64_sha256_wrapper_s_fu_38/msgHash_32_64_256_32_64_sha256_wrapper_U0/hash_U0/grp_sha256_top_32_256_s_fu_32/sha256Digest_256_U0/grp_sha256Digest_256_Pipeline_LOOP_SHA256_UPDATE_64_ROUNDS_fu_272/T1_fu_776_p2__0_carry__2                                         | CARRY.others.CARRY4  |
    | grp_hmacDataflow_32_64_256_32_64_sha256_wrapper_s_fu_38/msgHash_32_64_256_32_64_sha256_wrapper_U0/hash_U0/grp_sha256_top_32_256_s_fu_32/sha256Digest_256_U0/grp_sha256Digest_256_Pipeline_LOOP_SHA256_UPDATE_64_ROUNDS_fu_272/T1_fu_776_p2__94_carry__3_i_4                                    | LUT.others.LUT5      |
    | grp_hmacDataflow_32_64_256_32_64_sha256_wrapper_s_fu_38/msgHash_32_64_256_32_64_sha256_wrapper_U0/hash_U0/grp_sha256_top_32_256_s_fu_32/sha256Digest_256_U0/grp_sha256Digest_256_Pipeline_LOOP_SHA256_UPDATE_64_ROUNDS_fu_272/T1_fu_776_p2__94_carry__3_i_8                                    | LUT.others.LUT6      |
    | grp_hmacDataflow_32_64_256_32_64_sha256_wrapper_s_fu_38/msgHash_32_64_256_32_64_sha256_wrapper_U0/hash_U0/grp_sha256_top_32_256_s_fu_32/sha256Digest_256_U0/grp_sha256Digest_256_Pipeline_LOOP_SHA256_UPDATE_64_ROUNDS_fu_272/T1_fu_776_p2__94_carry__3                                        | CARRY.others.CARRY4  |
    | grp_hmacDataflow_32_64_256_32_64_sha256_wrapper_s_fu_38/msgHash_32_64_256_32_64_sha256_wrapper_U0/hash_U0/grp_sha256_top_32_256_s_fu_32/sha256Digest_256_U0/grp_sha256Digest_256_Pipeline_LOOP_SHA256_UPDATE_64_ROUNDS_fu_272/T1_fu_776_p2__94_carry__4                                        | CARRY.others.CARRY4  |
    | grp_hmacDataflow_32_64_256_32_64_sha256_wrapper_s_fu_38/msgHash_32_64_256_32_64_sha256_wrapper_U0/hash_U0/grp_sha256_top_32_256_s_fu_32/sha256Digest_256_U0/grp_sha256Digest_256_Pipeline_LOOP_SHA256_UPDATE_64_ROUNDS_fu_272/a_2_fu_896_p2__0_carry__5_i_4                                    | LUT.others.LUT5      |
    | grp_hmacDataflow_32_64_256_32_64_sha256_wrapper_s_fu_38/msgHash_32_64_256_32_64_sha256_wrapper_U0/hash_U0/grp_sha256_top_32_256_s_fu_32/sha256Digest_256_U0/grp_sha256Digest_256_Pipeline_LOOP_SHA256_UPDATE_64_ROUNDS_fu_272/a_2_fu_896_p2__0_carry__5_i_8                                    | LUT.others.LUT6      |
    | grp_hmacDataflow_32_64_256_32_64_sha256_wrapper_s_fu_38/msgHash_32_64_256_32_64_sha256_wrapper_U0/hash_U0/grp_sha256_top_32_256_s_fu_32/sha256Digest_256_U0/grp_sha256Digest_256_Pipeline_LOOP_SHA256_UPDATE_64_ROUNDS_fu_272/a_2_fu_896_p2__0_carry__5                                        | CARRY.others.CARRY4  |
    | grp_hmacDataflow_32_64_256_32_64_sha256_wrapper_s_fu_38/msgHash_32_64_256_32_64_sha256_wrapper_U0/hash_U0/grp_sha256_top_32_256_s_fu_32/sha256Digest_256_U0/grp_sha256Digest_256_Pipeline_LOOP_SHA256_UPDATE_64_ROUNDS_fu_272/a_2_fu_896_p2__0_carry__6                                        | CARRY.others.CARRY4  |
    | grp_hmacDataflow_32_64_256_32_64_sha256_wrapper_s_fu_38/msgHash_32_64_256_32_64_sha256_wrapper_U0/hash_U0/grp_sha256_top_32_256_s_fu_32/sha256Digest_256_U0/grp_sha256Digest_256_Pipeline_LOOP_SHA256_UPDATE_64_ROUNDS_fu_272/flow_control_loop_pipe_sequential_init_U/b_1_fu_430[31]_i_1      | LUT.others.LUT3      |
    | grp_hmacDataflow_32_64_256_32_64_sha256_wrapper_s_fu_38/msgHash_32_64_256_32_64_sha256_wrapper_U0/hash_U0/grp_sha256_top_32_256_s_fu_32/sha256Digest_256_U0/grp_sha256Digest_256_Pipeline_LOOP_SHA256_UPDATE_64_ROUNDS_fu_272/b_1_fu_430_reg[31]                                               | FLOP_LATCH.flop.FDRE |
    | grp_hmacDataflow_32_64_256_32_64_sha256_wrapper_s_fu_38/resHash_32_64_256_32_64_sha256_wrapper_U0/hash_1_U0/grp_sha256_top_32_256_s_fu_30/sha256Digest_256_U0/grp_sha256Digest_256_Pipeline_LOOP_SHA256_UPDATE_64_ROUNDS_fu_272/Kt_fu_394_reg[0]                                               | FLOP_LATCH.flop.FDRE |
    | grp_hmacDataflow_32_64_256_32_64_sha256_wrapper_s_fu_38/resHash_32_64_256_32_64_sha256_wrapper_U0/hash_1_U0/grp_sha256_top_32_256_s_fu_30/sha256Digest_256_U0/grp_sha256Digest_256_Pipeline_LOOP_SHA256_UPDATE_64_ROUNDS_fu_272/T1_fu_776_p2__0_carry_i_3__0                                   | LUT.others.LUT5      |
    | grp_hmacDataflow_32_64_256_32_64_sha256_wrapper_s_fu_38/resHash_32_64_256_32_64_sha256_wrapper_U0/hash_1_U0/grp_sha256_top_32_256_s_fu_30/sha256Digest_256_U0/grp_sha256Digest_256_Pipeline_LOOP_SHA256_UPDATE_64_ROUNDS_fu_272/T1_fu_776_p2__0_carry                                          | CARRY.others.CARRY4  |
    | grp_hmacDataflow_32_64_256_32_64_sha256_wrapper_s_fu_38/resHash_32_64_256_32_64_sha256_wrapper_U0/hash_1_U0/grp_sha256_top_32_256_s_fu_30/sha256Digest_256_U0/grp_sha256Digest_256_Pipeline_LOOP_SHA256_UPDATE_64_ROUNDS_fu_272/T1_fu_776_p2__0_carry__0                                       | CARRY.others.CARRY4  |
    | grp_hmacDataflow_32_64_256_32_64_sha256_wrapper_s_fu_38/resHash_32_64_256_32_64_sha256_wrapper_U0/hash_1_U0/grp_sha256_top_32_256_s_fu_30/sha256Digest_256_U0/grp_sha256Digest_256_Pipeline_LOOP_SHA256_UPDATE_64_ROUNDS_fu_272/T1_fu_776_p2__0_carry__1                                       | CARRY.others.CARRY4  |
    | grp_hmacDataflow_32_64_256_32_64_sha256_wrapper_s_fu_38/resHash_32_64_256_32_64_sha256_wrapper_U0/hash_1_U0/grp_sha256_top_32_256_s_fu_30/sha256Digest_256_U0/grp_sha256Digest_256_Pipeline_LOOP_SHA256_UPDATE_64_ROUNDS_fu_272/T1_fu_776_p2__0_carry__2                                       | CARRY.others.CARRY4  |
    | grp_hmacDataflow_32_64_256_32_64_sha256_wrapper_s_fu_38/resHash_32_64_256_32_64_sha256_wrapper_U0/hash_1_U0/grp_sha256_top_32_256_s_fu_30/sha256Digest_256_U0/grp_sha256Digest_256_Pipeline_LOOP_SHA256_UPDATE_64_ROUNDS_fu_272/T1_fu_776_p2__94_carry__3_i_4__0                               | LUT.others.LUT5      |
    | grp_hmacDataflow_32_64_256_32_64_sha256_wrapper_s_fu_38/resHash_32_64_256_32_64_sha256_wrapper_U0/hash_1_U0/grp_sha256_top_32_256_s_fu_30/sha256Digest_256_U0/grp_sha256Digest_256_Pipeline_LOOP_SHA256_UPDATE_64_ROUNDS_fu_272/T1_fu_776_p2__94_carry__3_i_8__0                               | LUT.others.LUT6      |
    | grp_hmacDataflow_32_64_256_32_64_sha256_wrapper_s_fu_38/resHash_32_64_256_32_64_sha256_wrapper_U0/hash_1_U0/grp_sha256_top_32_256_s_fu_30/sha256Digest_256_U0/grp_sha256Digest_256_Pipeline_LOOP_SHA256_UPDATE_64_ROUNDS_fu_272/T1_fu_776_p2__94_carry__3                                      | CARRY.others.CARRY4  |
    | grp_hmacDataflow_32_64_256_32_64_sha256_wrapper_s_fu_38/resHash_32_64_256_32_64_sha256_wrapper_U0/hash_1_U0/grp_sha256_top_32_256_s_fu_30/sha256Digest_256_U0/grp_sha256Digest_256_Pipeline_LOOP_SHA256_UPDATE_64_ROUNDS_fu_272/T1_fu_776_p2__94_carry__4                                      | CARRY.others.CARRY4  |
    | grp_hmacDataflow_32_64_256_32_64_sha256_wrapper_s_fu_38/resHash_32_64_256_32_64_sha256_wrapper_U0/hash_1_U0/grp_sha256_top_32_256_s_fu_30/sha256Digest_256_U0/grp_sha256Digest_256_Pipeline_LOOP_SHA256_UPDATE_64_ROUNDS_fu_272/a_2_fu_896_p2__0_carry__5_i_4__0                               | LUT.others.LUT5      |
    | grp_hmacDataflow_32_64_256_32_64_sha256_wrapper_s_fu_38/resHash_32_64_256_32_64_sha256_wrapper_U0/hash_1_U0/grp_sha256_top_32_256_s_fu_30/sha256Digest_256_U0/grp_sha256Digest_256_Pipeline_LOOP_SHA256_UPDATE_64_ROUNDS_fu_272/a_2_fu_896_p2__0_carry__5_i_8__0                               | LUT.others.LUT6      |
    | grp_hmacDataflow_32_64_256_32_64_sha256_wrapper_s_fu_38/resHash_32_64_256_32_64_sha256_wrapper_U0/hash_1_U0/grp_sha256_top_32_256_s_fu_30/sha256Digest_256_U0/grp_sha256Digest_256_Pipeline_LOOP_SHA256_UPDATE_64_ROUNDS_fu_272/a_2_fu_896_p2__0_carry__5                                      | CARRY.others.CARRY4  |
    | grp_hmacDataflow_32_64_256_32_64_sha256_wrapper_s_fu_38/resHash_32_64_256_32_64_sha256_wrapper_U0/hash_1_U0/grp_sha256_top_32_256_s_fu_30/sha256Digest_256_U0/grp_sha256Digest_256_Pipeline_LOOP_SHA256_UPDATE_64_ROUNDS_fu_272/a_2_fu_896_p2__0_carry__6                                      | CARRY.others.CARRY4  |
    | grp_hmacDataflow_32_64_256_32_64_sha256_wrapper_s_fu_38/resHash_32_64_256_32_64_sha256_wrapper_U0/hash_1_U0/grp_sha256_top_32_256_s_fu_30/sha256Digest_256_U0/grp_sha256Digest_256_Pipeline_LOOP_SHA256_UPDATE_64_ROUNDS_fu_272/flow_control_loop_pipe_sequential_init_U/b_1_fu_430[31]_i_1__0 | LUT.others.LUT3      |
    | grp_hmacDataflow_32_64_256_32_64_sha256_wrapper_s_fu_38/resHash_32_64_256_32_64_sha256_wrapper_U0/hash_1_U0/grp_sha256_top_32_256_s_fu_30/sha256Digest_256_U0/grp_sha256Digest_256_Pipeline_LOOP_SHA256_UPDATE_64_ROUNDS_fu_272/b_1_fu_430_reg[31]                                             | FLOP_LATCH.flop.FDRE |
    | grp_hmacDataflow_32_64_256_32_64_sha256_wrapper_s_fu_38/msgHash_32_64_256_32_64_sha256_wrapper_U0/hash_U0/grp_sha256_top_32_256_s_fu_32/sha256Digest_256_U0/grp_sha256Digest_256_Pipeline_LOOP_SHA256_UPDATE_64_ROUNDS_fu_272/g_1_fu_386_reg[0]                                                | FLOP_LATCH.flop.FDRE |
    | grp_hmacDataflow_32_64_256_32_64_sha256_wrapper_s_fu_38/msgHash_32_64_256_32_64_sha256_wrapper_U0/hash_U0/grp_sha256_top_32_256_s_fu_32/sha256Digest_256_U0/grp_sha256Digest_256_Pipeline_LOOP_SHA256_UPDATE_64_ROUNDS_fu_272/T1_fu_776_p2__0_carry_i_3                                        | LUT.others.LUT5      |
    | grp_hmacDataflow_32_64_256_32_64_sha256_wrapper_s_fu_38/msgHash_32_64_256_32_64_sha256_wrapper_U0/hash_U0/grp_sha256_top_32_256_s_fu_32/sha256Digest_256_U0/grp_sha256Digest_256_Pipeline_LOOP_SHA256_UPDATE_64_ROUNDS_fu_272/T1_fu_776_p2__0_carry                                            | CARRY.others.CARRY4  |
    | grp_hmacDataflow_32_64_256_32_64_sha256_wrapper_s_fu_38/msgHash_32_64_256_32_64_sha256_wrapper_U0/hash_U0/grp_sha256_top_32_256_s_fu_32/sha256Digest_256_U0/grp_sha256Digest_256_Pipeline_LOOP_SHA256_UPDATE_64_ROUNDS_fu_272/T1_fu_776_p2__0_carry__0                                         | CARRY.others.CARRY4  |
    | grp_hmacDataflow_32_64_256_32_64_sha256_wrapper_s_fu_38/msgHash_32_64_256_32_64_sha256_wrapper_U0/hash_U0/grp_sha256_top_32_256_s_fu_32/sha256Digest_256_U0/grp_sha256Digest_256_Pipeline_LOOP_SHA256_UPDATE_64_ROUNDS_fu_272/T1_fu_776_p2__0_carry__1                                         | CARRY.others.CARRY4  |
    | grp_hmacDataflow_32_64_256_32_64_sha256_wrapper_s_fu_38/msgHash_32_64_256_32_64_sha256_wrapper_U0/hash_U0/grp_sha256_top_32_256_s_fu_32/sha256Digest_256_U0/grp_sha256Digest_256_Pipeline_LOOP_SHA256_UPDATE_64_ROUNDS_fu_272/T1_fu_776_p2__94_carry__2_i_4                                    | LUT.others.LUT5      |
    | grp_hmacDataflow_32_64_256_32_64_sha256_wrapper_s_fu_38/msgHash_32_64_256_32_64_sha256_wrapper_U0/hash_U0/grp_sha256_top_32_256_s_fu_32/sha256Digest_256_U0/grp_sha256Digest_256_Pipeline_LOOP_SHA256_UPDATE_64_ROUNDS_fu_272/T1_fu_776_p2__94_carry__2_i_8                                    | LUT.others.LUT6      |
    | grp_hmacDataflow_32_64_256_32_64_sha256_wrapper_s_fu_38/msgHash_32_64_256_32_64_sha256_wrapper_U0/hash_U0/grp_sha256_top_32_256_s_fu_32/sha256Digest_256_U0/grp_sha256Digest_256_Pipeline_LOOP_SHA256_UPDATE_64_ROUNDS_fu_272/T1_fu_776_p2__94_carry__2                                        | CARRY.others.CARRY4  |
    | grp_hmacDataflow_32_64_256_32_64_sha256_wrapper_s_fu_38/msgHash_32_64_256_32_64_sha256_wrapper_U0/hash_U0/grp_sha256_top_32_256_s_fu_32/sha256Digest_256_U0/grp_sha256Digest_256_Pipeline_LOOP_SHA256_UPDATE_64_ROUNDS_fu_272/T1_fu_776_p2__94_carry__3                                        | CARRY.others.CARRY4  |
    | grp_hmacDataflow_32_64_256_32_64_sha256_wrapper_s_fu_38/msgHash_32_64_256_32_64_sha256_wrapper_U0/hash_U0/grp_sha256_top_32_256_s_fu_32/sha256Digest_256_U0/grp_sha256Digest_256_Pipeline_LOOP_SHA256_UPDATE_64_ROUNDS_fu_272/a_2_fu_896_p2__0_carry__4_i_4                                    | LUT.others.LUT5      |
    | grp_hmacDataflow_32_64_256_32_64_sha256_wrapper_s_fu_38/msgHash_32_64_256_32_64_sha256_wrapper_U0/hash_U0/grp_sha256_top_32_256_s_fu_32/sha256Digest_256_U0/grp_sha256Digest_256_Pipeline_LOOP_SHA256_UPDATE_64_ROUNDS_fu_272/a_2_fu_896_p2__0_carry__4_i_8                                    | LUT.others.LUT6      |
    | grp_hmacDataflow_32_64_256_32_64_sha256_wrapper_s_fu_38/msgHash_32_64_256_32_64_sha256_wrapper_U0/hash_U0/grp_sha256_top_32_256_s_fu_32/sha256Digest_256_U0/grp_sha256Digest_256_Pipeline_LOOP_SHA256_UPDATE_64_ROUNDS_fu_272/a_2_fu_896_p2__0_carry__4                                        | CARRY.others.CARRY4  |
    | grp_hmacDataflow_32_64_256_32_64_sha256_wrapper_s_fu_38/msgHash_32_64_256_32_64_sha256_wrapper_U0/hash_U0/grp_sha256_top_32_256_s_fu_32/sha256Digest_256_U0/grp_sha256Digest_256_Pipeline_LOOP_SHA256_UPDATE_64_ROUNDS_fu_272/a_2_fu_896_p2__0_carry__5                                        | CARRY.others.CARRY4  |
    | grp_hmacDataflow_32_64_256_32_64_sha256_wrapper_s_fu_38/msgHash_32_64_256_32_64_sha256_wrapper_U0/hash_U0/grp_sha256_top_32_256_s_fu_32/sha256Digest_256_U0/grp_sha256Digest_256_Pipeline_LOOP_SHA256_UPDATE_64_ROUNDS_fu_272/flow_control_loop_pipe_sequential_init_U/b_1_fu_430[27]_i_1      | LUT.others.LUT3      |
    | grp_hmacDataflow_32_64_256_32_64_sha256_wrapper_s_fu_38/msgHash_32_64_256_32_64_sha256_wrapper_U0/hash_U0/grp_sha256_top_32_256_s_fu_32/sha256Digest_256_U0/grp_sha256Digest_256_Pipeline_LOOP_SHA256_UPDATE_64_ROUNDS_fu_272/b_1_fu_430_reg[27]                                               | FLOP_LATCH.flop.FDRE |
    | grp_hmacDataflow_32_64_256_32_64_sha256_wrapper_s_fu_38/resHash_32_64_256_32_64_sha256_wrapper_U0/hash_1_U0/grp_sha256_top_32_256_s_fu_30/sha256Digest_256_U0/grp_sha256Digest_256_Pipeline_LOOP_SHA256_UPDATE_64_ROUNDS_fu_272/Kt_fu_394_reg[0]                                               | FLOP_LATCH.flop.FDRE |
    | grp_hmacDataflow_32_64_256_32_64_sha256_wrapper_s_fu_38/resHash_32_64_256_32_64_sha256_wrapper_U0/hash_1_U0/grp_sha256_top_32_256_s_fu_30/sha256Digest_256_U0/grp_sha256Digest_256_Pipeline_LOOP_SHA256_UPDATE_64_ROUNDS_fu_272/T1_fu_776_p2__0_carry_i_3__0                                   | LUT.others.LUT5      |
    | grp_hmacDataflow_32_64_256_32_64_sha256_wrapper_s_fu_38/resHash_32_64_256_32_64_sha256_wrapper_U0/hash_1_U0/grp_sha256_top_32_256_s_fu_30/sha256Digest_256_U0/grp_sha256Digest_256_Pipeline_LOOP_SHA256_UPDATE_64_ROUNDS_fu_272/T1_fu_776_p2__0_carry                                          | CARRY.others.CARRY4  |
    | grp_hmacDataflow_32_64_256_32_64_sha256_wrapper_s_fu_38/resHash_32_64_256_32_64_sha256_wrapper_U0/hash_1_U0/grp_sha256_top_32_256_s_fu_30/sha256Digest_256_U0/grp_sha256Digest_256_Pipeline_LOOP_SHA256_UPDATE_64_ROUNDS_fu_272/T1_fu_776_p2__0_carry__0                                       | CARRY.others.CARRY4  |
    | grp_hmacDataflow_32_64_256_32_64_sha256_wrapper_s_fu_38/resHash_32_64_256_32_64_sha256_wrapper_U0/hash_1_U0/grp_sha256_top_32_256_s_fu_30/sha256Digest_256_U0/grp_sha256Digest_256_Pipeline_LOOP_SHA256_UPDATE_64_ROUNDS_fu_272/T1_fu_776_p2__0_carry__1                                       | CARRY.others.CARRY4  |
    | grp_hmacDataflow_32_64_256_32_64_sha256_wrapper_s_fu_38/resHash_32_64_256_32_64_sha256_wrapper_U0/hash_1_U0/grp_sha256_top_32_256_s_fu_30/sha256Digest_256_U0/grp_sha256Digest_256_Pipeline_LOOP_SHA256_UPDATE_64_ROUNDS_fu_272/T1_fu_776_p2__94_carry__2_i_4__0                               | LUT.others.LUT5      |
    | grp_hmacDataflow_32_64_256_32_64_sha256_wrapper_s_fu_38/resHash_32_64_256_32_64_sha256_wrapper_U0/hash_1_U0/grp_sha256_top_32_256_s_fu_30/sha256Digest_256_U0/grp_sha256Digest_256_Pipeline_LOOP_SHA256_UPDATE_64_ROUNDS_fu_272/T1_fu_776_p2__94_carry__2_i_8__0                               | LUT.others.LUT6      |
    | grp_hmacDataflow_32_64_256_32_64_sha256_wrapper_s_fu_38/resHash_32_64_256_32_64_sha256_wrapper_U0/hash_1_U0/grp_sha256_top_32_256_s_fu_30/sha256Digest_256_U0/grp_sha256Digest_256_Pipeline_LOOP_SHA256_UPDATE_64_ROUNDS_fu_272/T1_fu_776_p2__94_carry__2                                      | CARRY.others.CARRY4  |
    | grp_hmacDataflow_32_64_256_32_64_sha256_wrapper_s_fu_38/resHash_32_64_256_32_64_sha256_wrapper_U0/hash_1_U0/grp_sha256_top_32_256_s_fu_30/sha256Digest_256_U0/grp_sha256Digest_256_Pipeline_LOOP_SHA256_UPDATE_64_ROUNDS_fu_272/T1_fu_776_p2__94_carry__3                                      | CARRY.others.CARRY4  |
    | grp_hmacDataflow_32_64_256_32_64_sha256_wrapper_s_fu_38/resHash_32_64_256_32_64_sha256_wrapper_U0/hash_1_U0/grp_sha256_top_32_256_s_fu_30/sha256Digest_256_U0/grp_sha256Digest_256_Pipeline_LOOP_SHA256_UPDATE_64_ROUNDS_fu_272/a_2_fu_896_p2__0_carry__4_i_4__0                               | LUT.others.LUT5      |
    | grp_hmacDataflow_32_64_256_32_64_sha256_wrapper_s_fu_38/resHash_32_64_256_32_64_sha256_wrapper_U0/hash_1_U0/grp_sha256_top_32_256_s_fu_30/sha256Digest_256_U0/grp_sha256Digest_256_Pipeline_LOOP_SHA256_UPDATE_64_ROUNDS_fu_272/a_2_fu_896_p2__0_carry__4_i_8__0                               | LUT.others.LUT6      |
    | grp_hmacDataflow_32_64_256_32_64_sha256_wrapper_s_fu_38/resHash_32_64_256_32_64_sha256_wrapper_U0/hash_1_U0/grp_sha256_top_32_256_s_fu_30/sha256Digest_256_U0/grp_sha256Digest_256_Pipeline_LOOP_SHA256_UPDATE_64_ROUNDS_fu_272/a_2_fu_896_p2__0_carry__4                                      | CARRY.others.CARRY4  |
    | grp_hmacDataflow_32_64_256_32_64_sha256_wrapper_s_fu_38/resHash_32_64_256_32_64_sha256_wrapper_U0/hash_1_U0/grp_sha256_top_32_256_s_fu_30/sha256Digest_256_U0/grp_sha256Digest_256_Pipeline_LOOP_SHA256_UPDATE_64_ROUNDS_fu_272/a_2_fu_896_p2__0_carry__5                                      | CARRY.others.CARRY4  |
    | grp_hmacDataflow_32_64_256_32_64_sha256_wrapper_s_fu_38/resHash_32_64_256_32_64_sha256_wrapper_U0/hash_1_U0/grp_sha256_top_32_256_s_fu_30/sha256Digest_256_U0/grp_sha256Digest_256_Pipeline_LOOP_SHA256_UPDATE_64_ROUNDS_fu_272/flow_control_loop_pipe_sequential_init_U/b_1_fu_430[27]_i_1__0 | LUT.others.LUT3      |
    | grp_hmacDataflow_32_64_256_32_64_sha256_wrapper_s_fu_38/resHash_32_64_256_32_64_sha256_wrapper_U0/hash_1_U0/grp_sha256_top_32_256_s_fu_30/sha256Digest_256_U0/grp_sha256Digest_256_Pipeline_LOOP_SHA256_UPDATE_64_ROUNDS_fu_272/b_1_fu_430_reg[27]                                             | FLOP_LATCH.flop.FDRE |
    | grp_hmacDataflow_32_64_256_32_64_sha256_wrapper_s_fu_38/msgHash_32_64_256_32_64_sha256_wrapper_U0/hash_U0/grp_sha256_top_32_256_s_fu_32/sha256Digest_256_U0/grp_sha256Digest_256_Pipeline_LOOP_SHA256_UPDATE_64_ROUNDS_fu_272/g_1_fu_386_reg[0]                                                | FLOP_LATCH.flop.FDRE |
    | grp_hmacDataflow_32_64_256_32_64_sha256_wrapper_s_fu_38/msgHash_32_64_256_32_64_sha256_wrapper_U0/hash_U0/grp_sha256_top_32_256_s_fu_32/sha256Digest_256_U0/grp_sha256Digest_256_Pipeline_LOOP_SHA256_UPDATE_64_ROUNDS_fu_272/T1_fu_776_p2__0_carry_i_3                                        | LUT.others.LUT5      |
    | grp_hmacDataflow_32_64_256_32_64_sha256_wrapper_s_fu_38/msgHash_32_64_256_32_64_sha256_wrapper_U0/hash_U0/grp_sha256_top_32_256_s_fu_32/sha256Digest_256_U0/grp_sha256Digest_256_Pipeline_LOOP_SHA256_UPDATE_64_ROUNDS_fu_272/T1_fu_776_p2__0_carry                                            | CARRY.others.CARRY4  |
    | grp_hmacDataflow_32_64_256_32_64_sha256_wrapper_s_fu_38/msgHash_32_64_256_32_64_sha256_wrapper_U0/hash_U0/grp_sha256_top_32_256_s_fu_32/sha256Digest_256_U0/grp_sha256Digest_256_Pipeline_LOOP_SHA256_UPDATE_64_ROUNDS_fu_272/T1_fu_776_p2__0_carry__0                                         | CARRY.others.CARRY4  |
    | grp_hmacDataflow_32_64_256_32_64_sha256_wrapper_s_fu_38/msgHash_32_64_256_32_64_sha256_wrapper_U0/hash_U0/grp_sha256_top_32_256_s_fu_32/sha256Digest_256_U0/grp_sha256Digest_256_Pipeline_LOOP_SHA256_UPDATE_64_ROUNDS_fu_272/T1_fu_776_p2__94_carry__1_i_4                                    | LUT.others.LUT5      |
    | grp_hmacDataflow_32_64_256_32_64_sha256_wrapper_s_fu_38/msgHash_32_64_256_32_64_sha256_wrapper_U0/hash_U0/grp_sha256_top_32_256_s_fu_32/sha256Digest_256_U0/grp_sha256Digest_256_Pipeline_LOOP_SHA256_UPDATE_64_ROUNDS_fu_272/T1_fu_776_p2__94_carry__1_i_8                                    | LUT.others.LUT6      |
    | grp_hmacDataflow_32_64_256_32_64_sha256_wrapper_s_fu_38/msgHash_32_64_256_32_64_sha256_wrapper_U0/hash_U0/grp_sha256_top_32_256_s_fu_32/sha256Digest_256_U0/grp_sha256Digest_256_Pipeline_LOOP_SHA256_UPDATE_64_ROUNDS_fu_272/T1_fu_776_p2__94_carry__1                                        | CARRY.others.CARRY4  |
    | grp_hmacDataflow_32_64_256_32_64_sha256_wrapper_s_fu_38/msgHash_32_64_256_32_64_sha256_wrapper_U0/hash_U0/grp_sha256_top_32_256_s_fu_32/sha256Digest_256_U0/grp_sha256Digest_256_Pipeline_LOOP_SHA256_UPDATE_64_ROUNDS_fu_272/T1_fu_776_p2__94_carry__2                                        | CARRY.others.CARRY4  |
    | grp_hmacDataflow_32_64_256_32_64_sha256_wrapper_s_fu_38/msgHash_32_64_256_32_64_sha256_wrapper_U0/hash_U0/grp_sha256_top_32_256_s_fu_32/sha256Digest_256_U0/grp_sha256Digest_256_Pipeline_LOOP_SHA256_UPDATE_64_ROUNDS_fu_272/a_2_fu_896_p2__0_carry__3_i_4                                    | LUT.others.LUT5      |
    | grp_hmacDataflow_32_64_256_32_64_sha256_wrapper_s_fu_38/msgHash_32_64_256_32_64_sha256_wrapper_U0/hash_U0/grp_sha256_top_32_256_s_fu_32/sha256Digest_256_U0/grp_sha256Digest_256_Pipeline_LOOP_SHA256_UPDATE_64_ROUNDS_fu_272/a_2_fu_896_p2__0_carry__3_i_8                                    | LUT.others.LUT6      |
    | grp_hmacDataflow_32_64_256_32_64_sha256_wrapper_s_fu_38/msgHash_32_64_256_32_64_sha256_wrapper_U0/hash_U0/grp_sha256_top_32_256_s_fu_32/sha256Digest_256_U0/grp_sha256Digest_256_Pipeline_LOOP_SHA256_UPDATE_64_ROUNDS_fu_272/a_2_fu_896_p2__0_carry__3                                        | CARRY.others.CARRY4  |
    | grp_hmacDataflow_32_64_256_32_64_sha256_wrapper_s_fu_38/msgHash_32_64_256_32_64_sha256_wrapper_U0/hash_U0/grp_sha256_top_32_256_s_fu_32/sha256Digest_256_U0/grp_sha256Digest_256_Pipeline_LOOP_SHA256_UPDATE_64_ROUNDS_fu_272/a_2_fu_896_p2__0_carry__4                                        | CARRY.others.CARRY4  |
    | grp_hmacDataflow_32_64_256_32_64_sha256_wrapper_s_fu_38/msgHash_32_64_256_32_64_sha256_wrapper_U0/hash_U0/grp_sha256_top_32_256_s_fu_32/sha256Digest_256_U0/grp_sha256Digest_256_Pipeline_LOOP_SHA256_UPDATE_64_ROUNDS_fu_272/flow_control_loop_pipe_sequential_init_U/b_1_fu_430[23]_i_1      | LUT.others.LUT3      |
    | grp_hmacDataflow_32_64_256_32_64_sha256_wrapper_s_fu_38/msgHash_32_64_256_32_64_sha256_wrapper_U0/hash_U0/grp_sha256_top_32_256_s_fu_32/sha256Digest_256_U0/grp_sha256Digest_256_Pipeline_LOOP_SHA256_UPDATE_64_ROUNDS_fu_272/b_1_fu_430_reg[23]                                               | FLOP_LATCH.flop.FDRE |
    +------------------------------------------------------------------------------------------------------------------------------------------------------------------------------------------------------------------------------------------------------------------------------------------------+----------------------+

    +------------------------------------------------------------------------------------------------------------------------------------------------------------------------------------------------------------------------------------------------------------------------------------------------+----------------------+
    | Path5 Cells                                                                                                                                                                                                                                                                                    | Primitive Type       |
    +------------------------------------------------------------------------------------------------------------------------------------------------------------------------------------------------------------------------------------------------------------------------------------------------+----------------------+
    | grp_hmacDataflow_32_64_256_32_64_sha256_wrapper_s_fu_38/msgHash_32_64_256_32_64_sha256_wrapper_U0/hash_U0/grp_sha256_top_32_256_s_fu_32/sha256Digest_256_U0/grp_sha256Digest_256_Pipeline_LOOP_SHA256_UPDATE_64_ROUNDS_fu_272/g_1_fu_386_reg[0]                                                | FLOP_LATCH.flop.FDRE |
    | grp_hmacDataflow_32_64_256_32_64_sha256_wrapper_s_fu_38/msgHash_32_64_256_32_64_sha256_wrapper_U0/hash_U0/grp_sha256_top_32_256_s_fu_32/sha256Digest_256_U0/grp_sha256Digest_256_Pipeline_LOOP_SHA256_UPDATE_64_ROUNDS_fu_272/T1_fu_776_p2__0_carry_i_3                                        | LUT.others.LUT5      |
    | grp_hmacDataflow_32_64_256_32_64_sha256_wrapper_s_fu_38/msgHash_32_64_256_32_64_sha256_wrapper_U0/hash_U0/grp_sha256_top_32_256_s_fu_32/sha256Digest_256_U0/grp_sha256Digest_256_Pipeline_LOOP_SHA256_UPDATE_64_ROUNDS_fu_272/T1_fu_776_p2__0_carry                                            | CARRY.others.CARRY4  |
    | grp_hmacDataflow_32_64_256_32_64_sha256_wrapper_s_fu_38/msgHash_32_64_256_32_64_sha256_wrapper_U0/hash_U0/grp_sha256_top_32_256_s_fu_32/sha256Digest_256_U0/grp_sha256Digest_256_Pipeline_LOOP_SHA256_UPDATE_64_ROUNDS_fu_272/T1_fu_776_p2__0_carry__0                                         | CARRY.others.CARRY4  |
    | grp_hmacDataflow_32_64_256_32_64_sha256_wrapper_s_fu_38/msgHash_32_64_256_32_64_sha256_wrapper_U0/hash_U0/grp_sha256_top_32_256_s_fu_32/sha256Digest_256_U0/grp_sha256Digest_256_Pipeline_LOOP_SHA256_UPDATE_64_ROUNDS_fu_272/T1_fu_776_p2__0_carry__1                                         | CARRY.others.CARRY4  |
    | grp_hmacDataflow_32_64_256_32_64_sha256_wrapper_s_fu_38/msgHash_32_64_256_32_64_sha256_wrapper_U0/hash_U0/grp_sha256_top_32_256_s_fu_32/sha256Digest_256_U0/grp_sha256Digest_256_Pipeline_LOOP_SHA256_UPDATE_64_ROUNDS_fu_272/T1_fu_776_p2__0_carry__2                                         | CARRY.others.CARRY4  |
    | grp_hmacDataflow_32_64_256_32_64_sha256_wrapper_s_fu_38/msgHash_32_64_256_32_64_sha256_wrapper_U0/hash_U0/grp_sha256_top_32_256_s_fu_32/sha256Digest_256_U0/grp_sha256Digest_256_Pipeline_LOOP_SHA256_UPDATE_64_ROUNDS_fu_272/T1_fu_776_p2__94_carry__3_i_4                                    | LUT.others.LUT5      |
    | grp_hmacDataflow_32_64_256_32_64_sha256_wrapper_s_fu_38/msgHash_32_64_256_32_64_sha256_wrapper_U0/hash_U0/grp_sha256_top_32_256_s_fu_32/sha256Digest_256_U0/grp_sha256Digest_256_Pipeline_LOOP_SHA256_UPDATE_64_ROUNDS_fu_272/T1_fu_776_p2__94_carry__3_i_8                                    | LUT.others.LUT6      |
    | grp_hmacDataflow_32_64_256_32_64_sha256_wrapper_s_fu_38/msgHash_32_64_256_32_64_sha256_wrapper_U0/hash_U0/grp_sha256_top_32_256_s_fu_32/sha256Digest_256_U0/grp_sha256Digest_256_Pipeline_LOOP_SHA256_UPDATE_64_ROUNDS_fu_272/T1_fu_776_p2__94_carry__3                                        | CARRY.others.CARRY4  |
    | grp_hmacDataflow_32_64_256_32_64_sha256_wrapper_s_fu_38/msgHash_32_64_256_32_64_sha256_wrapper_U0/hash_U0/grp_sha256_top_32_256_s_fu_32/sha256Digest_256_U0/grp_sha256Digest_256_Pipeline_LOOP_SHA256_UPDATE_64_ROUNDS_fu_272/T1_fu_776_p2__94_carry__4                                        | CARRY.others.CARRY4  |
    | grp_hmacDataflow_32_64_256_32_64_sha256_wrapper_s_fu_38/msgHash_32_64_256_32_64_sha256_wrapper_U0/hash_U0/grp_sha256_top_32_256_s_fu_32/sha256Digest_256_U0/grp_sha256Digest_256_Pipeline_LOOP_SHA256_UPDATE_64_ROUNDS_fu_272/a_2_fu_896_p2__0_carry__5_i_4                                    | LUT.others.LUT5      |
    | grp_hmacDataflow_32_64_256_32_64_sha256_wrapper_s_fu_38/msgHash_32_64_256_32_64_sha256_wrapper_U0/hash_U0/grp_sha256_top_32_256_s_fu_32/sha256Digest_256_U0/grp_sha256Digest_256_Pipeline_LOOP_SHA256_UPDATE_64_ROUNDS_fu_272/a_2_fu_896_p2__0_carry__5_i_8                                    | LUT.others.LUT6      |
    | grp_hmacDataflow_32_64_256_32_64_sha256_wrapper_s_fu_38/msgHash_32_64_256_32_64_sha256_wrapper_U0/hash_U0/grp_sha256_top_32_256_s_fu_32/sha256Digest_256_U0/grp_sha256Digest_256_Pipeline_LOOP_SHA256_UPDATE_64_ROUNDS_fu_272/a_2_fu_896_p2__0_carry__5                                        | CARRY.others.CARRY4  |
    | grp_hmacDataflow_32_64_256_32_64_sha256_wrapper_s_fu_38/msgHash_32_64_256_32_64_sha256_wrapper_U0/hash_U0/grp_sha256_top_32_256_s_fu_32/sha256Digest_256_U0/grp_sha256Digest_256_Pipeline_LOOP_SHA256_UPDATE_64_ROUNDS_fu_272/a_2_fu_896_p2__0_carry__6                                        | CARRY.others.CARRY4  |
    | grp_hmacDataflow_32_64_256_32_64_sha256_wrapper_s_fu_38/msgHash_32_64_256_32_64_sha256_wrapper_U0/hash_U0/grp_sha256_top_32_256_s_fu_32/sha256Digest_256_U0/grp_sha256Digest_256_Pipeline_LOOP_SHA256_UPDATE_64_ROUNDS_fu_272/flow_control_loop_pipe_sequential_init_U/b_1_fu_430[31]_i_1      | LUT.others.LUT3      |
    | grp_hmacDataflow_32_64_256_32_64_sha256_wrapper_s_fu_38/msgHash_32_64_256_32_64_sha256_wrapper_U0/hash_U0/grp_sha256_top_32_256_s_fu_32/sha256Digest_256_U0/grp_sha256Digest_256_Pipeline_LOOP_SHA256_UPDATE_64_ROUNDS_fu_272/b_1_fu_430_reg[31]                                               | FLOP_LATCH.flop.FDRE |
    | grp_hmacDataflow_32_64_256_32_64_sha256_wrapper_s_fu_38/resHash_32_64_256_32_64_sha256_wrapper_U0/hash_1_U0/grp_sha256_top_32_256_s_fu_30/sha256Digest_256_U0/grp_sha256Digest_256_Pipeline_LOOP_SHA256_UPDATE_64_ROUNDS_fu_272/Kt_fu_394_reg[0]                                               | FLOP_LATCH.flop.FDRE |
    | grp_hmacDataflow_32_64_256_32_64_sha256_wrapper_s_fu_38/resHash_32_64_256_32_64_sha256_wrapper_U0/hash_1_U0/grp_sha256_top_32_256_s_fu_30/sha256Digest_256_U0/grp_sha256Digest_256_Pipeline_LOOP_SHA256_UPDATE_64_ROUNDS_fu_272/T1_fu_776_p2__0_carry_i_3__0                                   | LUT.others.LUT5      |
    | grp_hmacDataflow_32_64_256_32_64_sha256_wrapper_s_fu_38/resHash_32_64_256_32_64_sha256_wrapper_U0/hash_1_U0/grp_sha256_top_32_256_s_fu_30/sha256Digest_256_U0/grp_sha256Digest_256_Pipeline_LOOP_SHA256_UPDATE_64_ROUNDS_fu_272/T1_fu_776_p2__0_carry                                          | CARRY.others.CARRY4  |
    | grp_hmacDataflow_32_64_256_32_64_sha256_wrapper_s_fu_38/resHash_32_64_256_32_64_sha256_wrapper_U0/hash_1_U0/grp_sha256_top_32_256_s_fu_30/sha256Digest_256_U0/grp_sha256Digest_256_Pipeline_LOOP_SHA256_UPDATE_64_ROUNDS_fu_272/T1_fu_776_p2__0_carry__0                                       | CARRY.others.CARRY4  |
    | grp_hmacDataflow_32_64_256_32_64_sha256_wrapper_s_fu_38/resHash_32_64_256_32_64_sha256_wrapper_U0/hash_1_U0/grp_sha256_top_32_256_s_fu_30/sha256Digest_256_U0/grp_sha256Digest_256_Pipeline_LOOP_SHA256_UPDATE_64_ROUNDS_fu_272/T1_fu_776_p2__0_carry__1                                       | CARRY.others.CARRY4  |
    | grp_hmacDataflow_32_64_256_32_64_sha256_wrapper_s_fu_38/resHash_32_64_256_32_64_sha256_wrapper_U0/hash_1_U0/grp_sha256_top_32_256_s_fu_30/sha256Digest_256_U0/grp_sha256Digest_256_Pipeline_LOOP_SHA256_UPDATE_64_ROUNDS_fu_272/T1_fu_776_p2__0_carry__2                                       | CARRY.others.CARRY4  |
    | grp_hmacDataflow_32_64_256_32_64_sha256_wrapper_s_fu_38/resHash_32_64_256_32_64_sha256_wrapper_U0/hash_1_U0/grp_sha256_top_32_256_s_fu_30/sha256Digest_256_U0/grp_sha256Digest_256_Pipeline_LOOP_SHA256_UPDATE_64_ROUNDS_fu_272/T1_fu_776_p2__94_carry__3_i_4__0                               | LUT.others.LUT5      |
    | grp_hmacDataflow_32_64_256_32_64_sha256_wrapper_s_fu_38/resHash_32_64_256_32_64_sha256_wrapper_U0/hash_1_U0/grp_sha256_top_32_256_s_fu_30/sha256Digest_256_U0/grp_sha256Digest_256_Pipeline_LOOP_SHA256_UPDATE_64_ROUNDS_fu_272/T1_fu_776_p2__94_carry__3_i_8__0                               | LUT.others.LUT6      |
    | grp_hmacDataflow_32_64_256_32_64_sha256_wrapper_s_fu_38/resHash_32_64_256_32_64_sha256_wrapper_U0/hash_1_U0/grp_sha256_top_32_256_s_fu_30/sha256Digest_256_U0/grp_sha256Digest_256_Pipeline_LOOP_SHA256_UPDATE_64_ROUNDS_fu_272/T1_fu_776_p2__94_carry__3                                      | CARRY.others.CARRY4  |
    | grp_hmacDataflow_32_64_256_32_64_sha256_wrapper_s_fu_38/resHash_32_64_256_32_64_sha256_wrapper_U0/hash_1_U0/grp_sha256_top_32_256_s_fu_30/sha256Digest_256_U0/grp_sha256Digest_256_Pipeline_LOOP_SHA256_UPDATE_64_ROUNDS_fu_272/T1_fu_776_p2__94_carry__4                                      | CARRY.others.CARRY4  |
    | grp_hmacDataflow_32_64_256_32_64_sha256_wrapper_s_fu_38/resHash_32_64_256_32_64_sha256_wrapper_U0/hash_1_U0/grp_sha256_top_32_256_s_fu_30/sha256Digest_256_U0/grp_sha256Digest_256_Pipeline_LOOP_SHA256_UPDATE_64_ROUNDS_fu_272/a_2_fu_896_p2__0_carry__5_i_4__0                               | LUT.others.LUT5      |
    | grp_hmacDataflow_32_64_256_32_64_sha256_wrapper_s_fu_38/resHash_32_64_256_32_64_sha256_wrapper_U0/hash_1_U0/grp_sha256_top_32_256_s_fu_30/sha256Digest_256_U0/grp_sha256Digest_256_Pipeline_LOOP_SHA256_UPDATE_64_ROUNDS_fu_272/a_2_fu_896_p2__0_carry__5_i_8__0                               | LUT.others.LUT6      |
    | grp_hmacDataflow_32_64_256_32_64_sha256_wrapper_s_fu_38/resHash_32_64_256_32_64_sha256_wrapper_U0/hash_1_U0/grp_sha256_top_32_256_s_fu_30/sha256Digest_256_U0/grp_sha256Digest_256_Pipeline_LOOP_SHA256_UPDATE_64_ROUNDS_fu_272/a_2_fu_896_p2__0_carry__5                                      | CARRY.others.CARRY4  |
    | grp_hmacDataflow_32_64_256_32_64_sha256_wrapper_s_fu_38/resHash_32_64_256_32_64_sha256_wrapper_U0/hash_1_U0/grp_sha256_top_32_256_s_fu_30/sha256Digest_256_U0/grp_sha256Digest_256_Pipeline_LOOP_SHA256_UPDATE_64_ROUNDS_fu_272/a_2_fu_896_p2__0_carry__6                                      | CARRY.others.CARRY4  |
    | grp_hmacDataflow_32_64_256_32_64_sha256_wrapper_s_fu_38/resHash_32_64_256_32_64_sha256_wrapper_U0/hash_1_U0/grp_sha256_top_32_256_s_fu_30/sha256Digest_256_U0/grp_sha256Digest_256_Pipeline_LOOP_SHA256_UPDATE_64_ROUNDS_fu_272/flow_control_loop_pipe_sequential_init_U/b_1_fu_430[31]_i_1__0 | LUT.others.LUT3      |
    | grp_hmacDataflow_32_64_256_32_64_sha256_wrapper_s_fu_38/resHash_32_64_256_32_64_sha256_wrapper_U0/hash_1_U0/grp_sha256_top_32_256_s_fu_30/sha256Digest_256_U0/grp_sha256Digest_256_Pipeline_LOOP_SHA256_UPDATE_64_ROUNDS_fu_272/b_1_fu_430_reg[31]                                             | FLOP_LATCH.flop.FDRE |
    | grp_hmacDataflow_32_64_256_32_64_sha256_wrapper_s_fu_38/msgHash_32_64_256_32_64_sha256_wrapper_U0/hash_U0/grp_sha256_top_32_256_s_fu_32/sha256Digest_256_U0/grp_sha256Digest_256_Pipeline_LOOP_SHA256_UPDATE_64_ROUNDS_fu_272/g_1_fu_386_reg[0]                                                | FLOP_LATCH.flop.FDRE |
    | grp_hmacDataflow_32_64_256_32_64_sha256_wrapper_s_fu_38/msgHash_32_64_256_32_64_sha256_wrapper_U0/hash_U0/grp_sha256_top_32_256_s_fu_32/sha256Digest_256_U0/grp_sha256Digest_256_Pipeline_LOOP_SHA256_UPDATE_64_ROUNDS_fu_272/T1_fu_776_p2__0_carry_i_3                                        | LUT.others.LUT5      |
    | grp_hmacDataflow_32_64_256_32_64_sha256_wrapper_s_fu_38/msgHash_32_64_256_32_64_sha256_wrapper_U0/hash_U0/grp_sha256_top_32_256_s_fu_32/sha256Digest_256_U0/grp_sha256Digest_256_Pipeline_LOOP_SHA256_UPDATE_64_ROUNDS_fu_272/T1_fu_776_p2__0_carry                                            | CARRY.others.CARRY4  |
    | grp_hmacDataflow_32_64_256_32_64_sha256_wrapper_s_fu_38/msgHash_32_64_256_32_64_sha256_wrapper_U0/hash_U0/grp_sha256_top_32_256_s_fu_32/sha256Digest_256_U0/grp_sha256Digest_256_Pipeline_LOOP_SHA256_UPDATE_64_ROUNDS_fu_272/T1_fu_776_p2__0_carry__0                                         | CARRY.others.CARRY4  |
    | grp_hmacDataflow_32_64_256_32_64_sha256_wrapper_s_fu_38/msgHash_32_64_256_32_64_sha256_wrapper_U0/hash_U0/grp_sha256_top_32_256_s_fu_32/sha256Digest_256_U0/grp_sha256Digest_256_Pipeline_LOOP_SHA256_UPDATE_64_ROUNDS_fu_272/T1_fu_776_p2__0_carry__1                                         | CARRY.others.CARRY4  |
    | grp_hmacDataflow_32_64_256_32_64_sha256_wrapper_s_fu_38/msgHash_32_64_256_32_64_sha256_wrapper_U0/hash_U0/grp_sha256_top_32_256_s_fu_32/sha256Digest_256_U0/grp_sha256Digest_256_Pipeline_LOOP_SHA256_UPDATE_64_ROUNDS_fu_272/T1_fu_776_p2__94_carry__2_i_4                                    | LUT.others.LUT5      |
    | grp_hmacDataflow_32_64_256_32_64_sha256_wrapper_s_fu_38/msgHash_32_64_256_32_64_sha256_wrapper_U0/hash_U0/grp_sha256_top_32_256_s_fu_32/sha256Digest_256_U0/grp_sha256Digest_256_Pipeline_LOOP_SHA256_UPDATE_64_ROUNDS_fu_272/T1_fu_776_p2__94_carry__2_i_8                                    | LUT.others.LUT6      |
    | grp_hmacDataflow_32_64_256_32_64_sha256_wrapper_s_fu_38/msgHash_32_64_256_32_64_sha256_wrapper_U0/hash_U0/grp_sha256_top_32_256_s_fu_32/sha256Digest_256_U0/grp_sha256Digest_256_Pipeline_LOOP_SHA256_UPDATE_64_ROUNDS_fu_272/T1_fu_776_p2__94_carry__2                                        | CARRY.others.CARRY4  |
    | grp_hmacDataflow_32_64_256_32_64_sha256_wrapper_s_fu_38/msgHash_32_64_256_32_64_sha256_wrapper_U0/hash_U0/grp_sha256_top_32_256_s_fu_32/sha256Digest_256_U0/grp_sha256Digest_256_Pipeline_LOOP_SHA256_UPDATE_64_ROUNDS_fu_272/T1_fu_776_p2__94_carry__3                                        | CARRY.others.CARRY4  |
    | grp_hmacDataflow_32_64_256_32_64_sha256_wrapper_s_fu_38/msgHash_32_64_256_32_64_sha256_wrapper_U0/hash_U0/grp_sha256_top_32_256_s_fu_32/sha256Digest_256_U0/grp_sha256Digest_256_Pipeline_LOOP_SHA256_UPDATE_64_ROUNDS_fu_272/a_2_fu_896_p2__0_carry__4_i_4                                    | LUT.others.LUT5      |
    | grp_hmacDataflow_32_64_256_32_64_sha256_wrapper_s_fu_38/msgHash_32_64_256_32_64_sha256_wrapper_U0/hash_U0/grp_sha256_top_32_256_s_fu_32/sha256Digest_256_U0/grp_sha256Digest_256_Pipeline_LOOP_SHA256_UPDATE_64_ROUNDS_fu_272/a_2_fu_896_p2__0_carry__4_i_8                                    | LUT.others.LUT6      |
    | grp_hmacDataflow_32_64_256_32_64_sha256_wrapper_s_fu_38/msgHash_32_64_256_32_64_sha256_wrapper_U0/hash_U0/grp_sha256_top_32_256_s_fu_32/sha256Digest_256_U0/grp_sha256Digest_256_Pipeline_LOOP_SHA256_UPDATE_64_ROUNDS_fu_272/a_2_fu_896_p2__0_carry__4                                        | CARRY.others.CARRY4  |
    | grp_hmacDataflow_32_64_256_32_64_sha256_wrapper_s_fu_38/msgHash_32_64_256_32_64_sha256_wrapper_U0/hash_U0/grp_sha256_top_32_256_s_fu_32/sha256Digest_256_U0/grp_sha256Digest_256_Pipeline_LOOP_SHA256_UPDATE_64_ROUNDS_fu_272/a_2_fu_896_p2__0_carry__5                                        | CARRY.others.CARRY4  |
    | grp_hmacDataflow_32_64_256_32_64_sha256_wrapper_s_fu_38/msgHash_32_64_256_32_64_sha256_wrapper_U0/hash_U0/grp_sha256_top_32_256_s_fu_32/sha256Digest_256_U0/grp_sha256Digest_256_Pipeline_LOOP_SHA256_UPDATE_64_ROUNDS_fu_272/flow_control_loop_pipe_sequential_init_U/b_1_fu_430[27]_i_1      | LUT.others.LUT3      |
    | grp_hmacDataflow_32_64_256_32_64_sha256_wrapper_s_fu_38/msgHash_32_64_256_32_64_sha256_wrapper_U0/hash_U0/grp_sha256_top_32_256_s_fu_32/sha256Digest_256_U0/grp_sha256Digest_256_Pipeline_LOOP_SHA256_UPDATE_64_ROUNDS_fu_272/b_1_fu_430_reg[27]                                               | FLOP_LATCH.flop.FDRE |
    | grp_hmacDataflow_32_64_256_32_64_sha256_wrapper_s_fu_38/resHash_32_64_256_32_64_sha256_wrapper_U0/hash_1_U0/grp_sha256_top_32_256_s_fu_30/sha256Digest_256_U0/grp_sha256Digest_256_Pipeline_LOOP_SHA256_UPDATE_64_ROUNDS_fu_272/Kt_fu_394_reg[0]                                               | FLOP_LATCH.flop.FDRE |
    | grp_hmacDataflow_32_64_256_32_64_sha256_wrapper_s_fu_38/resHash_32_64_256_32_64_sha256_wrapper_U0/hash_1_U0/grp_sha256_top_32_256_s_fu_30/sha256Digest_256_U0/grp_sha256Digest_256_Pipeline_LOOP_SHA256_UPDATE_64_ROUNDS_fu_272/T1_fu_776_p2__0_carry_i_3__0                                   | LUT.others.LUT5      |
    | grp_hmacDataflow_32_64_256_32_64_sha256_wrapper_s_fu_38/resHash_32_64_256_32_64_sha256_wrapper_U0/hash_1_U0/grp_sha256_top_32_256_s_fu_30/sha256Digest_256_U0/grp_sha256Digest_256_Pipeline_LOOP_SHA256_UPDATE_64_ROUNDS_fu_272/T1_fu_776_p2__0_carry                                          | CARRY.others.CARRY4  |
    | grp_hmacDataflow_32_64_256_32_64_sha256_wrapper_s_fu_38/resHash_32_64_256_32_64_sha256_wrapper_U0/hash_1_U0/grp_sha256_top_32_256_s_fu_30/sha256Digest_256_U0/grp_sha256Digest_256_Pipeline_LOOP_SHA256_UPDATE_64_ROUNDS_fu_272/T1_fu_776_p2__0_carry__0                                       | CARRY.others.CARRY4  |
    | grp_hmacDataflow_32_64_256_32_64_sha256_wrapper_s_fu_38/resHash_32_64_256_32_64_sha256_wrapper_U0/hash_1_U0/grp_sha256_top_32_256_s_fu_30/sha256Digest_256_U0/grp_sha256Digest_256_Pipeline_LOOP_SHA256_UPDATE_64_ROUNDS_fu_272/T1_fu_776_p2__0_carry__1                                       | CARRY.others.CARRY4  |
    | grp_hmacDataflow_32_64_256_32_64_sha256_wrapper_s_fu_38/resHash_32_64_256_32_64_sha256_wrapper_U0/hash_1_U0/grp_sha256_top_32_256_s_fu_30/sha256Digest_256_U0/grp_sha256Digest_256_Pipeline_LOOP_SHA256_UPDATE_64_ROUNDS_fu_272/T1_fu_776_p2__94_carry__2_i_4__0                               | LUT.others.LUT5      |
    | grp_hmacDataflow_32_64_256_32_64_sha256_wrapper_s_fu_38/resHash_32_64_256_32_64_sha256_wrapper_U0/hash_1_U0/grp_sha256_top_32_256_s_fu_30/sha256Digest_256_U0/grp_sha256Digest_256_Pipeline_LOOP_SHA256_UPDATE_64_ROUNDS_fu_272/T1_fu_776_p2__94_carry__2_i_8__0                               | LUT.others.LUT6      |
    | grp_hmacDataflow_32_64_256_32_64_sha256_wrapper_s_fu_38/resHash_32_64_256_32_64_sha256_wrapper_U0/hash_1_U0/grp_sha256_top_32_256_s_fu_30/sha256Digest_256_U0/grp_sha256Digest_256_Pipeline_LOOP_SHA256_UPDATE_64_ROUNDS_fu_272/T1_fu_776_p2__94_carry__2                                      | CARRY.others.CARRY4  |
    | grp_hmacDataflow_32_64_256_32_64_sha256_wrapper_s_fu_38/resHash_32_64_256_32_64_sha256_wrapper_U0/hash_1_U0/grp_sha256_top_32_256_s_fu_30/sha256Digest_256_U0/grp_sha256Digest_256_Pipeline_LOOP_SHA256_UPDATE_64_ROUNDS_fu_272/T1_fu_776_p2__94_carry__3                                      | CARRY.others.CARRY4  |
    | grp_hmacDataflow_32_64_256_32_64_sha256_wrapper_s_fu_38/resHash_32_64_256_32_64_sha256_wrapper_U0/hash_1_U0/grp_sha256_top_32_256_s_fu_30/sha256Digest_256_U0/grp_sha256Digest_256_Pipeline_LOOP_SHA256_UPDATE_64_ROUNDS_fu_272/a_2_fu_896_p2__0_carry__4_i_4__0                               | LUT.others.LUT5      |
    | grp_hmacDataflow_32_64_256_32_64_sha256_wrapper_s_fu_38/resHash_32_64_256_32_64_sha256_wrapper_U0/hash_1_U0/grp_sha256_top_32_256_s_fu_30/sha256Digest_256_U0/grp_sha256Digest_256_Pipeline_LOOP_SHA256_UPDATE_64_ROUNDS_fu_272/a_2_fu_896_p2__0_carry__4_i_8__0                               | LUT.others.LUT6      |
    | grp_hmacDataflow_32_64_256_32_64_sha256_wrapper_s_fu_38/resHash_32_64_256_32_64_sha256_wrapper_U0/hash_1_U0/grp_sha256_top_32_256_s_fu_30/sha256Digest_256_U0/grp_sha256Digest_256_Pipeline_LOOP_SHA256_UPDATE_64_ROUNDS_fu_272/a_2_fu_896_p2__0_carry__4                                      | CARRY.others.CARRY4  |
    | grp_hmacDataflow_32_64_256_32_64_sha256_wrapper_s_fu_38/resHash_32_64_256_32_64_sha256_wrapper_U0/hash_1_U0/grp_sha256_top_32_256_s_fu_30/sha256Digest_256_U0/grp_sha256Digest_256_Pipeline_LOOP_SHA256_UPDATE_64_ROUNDS_fu_272/a_2_fu_896_p2__0_carry__5                                      | CARRY.others.CARRY4  |
    | grp_hmacDataflow_32_64_256_32_64_sha256_wrapper_s_fu_38/resHash_32_64_256_32_64_sha256_wrapper_U0/hash_1_U0/grp_sha256_top_32_256_s_fu_30/sha256Digest_256_U0/grp_sha256Digest_256_Pipeline_LOOP_SHA256_UPDATE_64_ROUNDS_fu_272/flow_control_loop_pipe_sequential_init_U/b_1_fu_430[27]_i_1__0 | LUT.others.LUT3      |
    | grp_hmacDataflow_32_64_256_32_64_sha256_wrapper_s_fu_38/resHash_32_64_256_32_64_sha256_wrapper_U0/hash_1_U0/grp_sha256_top_32_256_s_fu_30/sha256Digest_256_U0/grp_sha256Digest_256_Pipeline_LOOP_SHA256_UPDATE_64_ROUNDS_fu_272/b_1_fu_430_reg[27]                                             | FLOP_LATCH.flop.FDRE |
    | grp_hmacDataflow_32_64_256_32_64_sha256_wrapper_s_fu_38/msgHash_32_64_256_32_64_sha256_wrapper_U0/hash_U0/grp_sha256_top_32_256_s_fu_32/sha256Digest_256_U0/grp_sha256Digest_256_Pipeline_LOOP_SHA256_UPDATE_64_ROUNDS_fu_272/g_1_fu_386_reg[0]                                                | FLOP_LATCH.flop.FDRE |
    | grp_hmacDataflow_32_64_256_32_64_sha256_wrapper_s_fu_38/msgHash_32_64_256_32_64_sha256_wrapper_U0/hash_U0/grp_sha256_top_32_256_s_fu_32/sha256Digest_256_U0/grp_sha256Digest_256_Pipeline_LOOP_SHA256_UPDATE_64_ROUNDS_fu_272/T1_fu_776_p2__0_carry_i_3                                        | LUT.others.LUT5      |
    | grp_hmacDataflow_32_64_256_32_64_sha256_wrapper_s_fu_38/msgHash_32_64_256_32_64_sha256_wrapper_U0/hash_U0/grp_sha256_top_32_256_s_fu_32/sha256Digest_256_U0/grp_sha256Digest_256_Pipeline_LOOP_SHA256_UPDATE_64_ROUNDS_fu_272/T1_fu_776_p2__0_carry                                            | CARRY.others.CARRY4  |
    | grp_hmacDataflow_32_64_256_32_64_sha256_wrapper_s_fu_38/msgHash_32_64_256_32_64_sha256_wrapper_U0/hash_U0/grp_sha256_top_32_256_s_fu_32/sha256Digest_256_U0/grp_sha256Digest_256_Pipeline_LOOP_SHA256_UPDATE_64_ROUNDS_fu_272/T1_fu_776_p2__0_carry__0                                         | CARRY.others.CARRY4  |
    | grp_hmacDataflow_32_64_256_32_64_sha256_wrapper_s_fu_38/msgHash_32_64_256_32_64_sha256_wrapper_U0/hash_U0/grp_sha256_top_32_256_s_fu_32/sha256Digest_256_U0/grp_sha256Digest_256_Pipeline_LOOP_SHA256_UPDATE_64_ROUNDS_fu_272/T1_fu_776_p2__94_carry__1_i_4                                    | LUT.others.LUT5      |
    | grp_hmacDataflow_32_64_256_32_64_sha256_wrapper_s_fu_38/msgHash_32_64_256_32_64_sha256_wrapper_U0/hash_U0/grp_sha256_top_32_256_s_fu_32/sha256Digest_256_U0/grp_sha256Digest_256_Pipeline_LOOP_SHA256_UPDATE_64_ROUNDS_fu_272/T1_fu_776_p2__94_carry__1_i_8                                    | LUT.others.LUT6      |
    | grp_hmacDataflow_32_64_256_32_64_sha256_wrapper_s_fu_38/msgHash_32_64_256_32_64_sha256_wrapper_U0/hash_U0/grp_sha256_top_32_256_s_fu_32/sha256Digest_256_U0/grp_sha256Digest_256_Pipeline_LOOP_SHA256_UPDATE_64_ROUNDS_fu_272/T1_fu_776_p2__94_carry__1                                        | CARRY.others.CARRY4  |
    | grp_hmacDataflow_32_64_256_32_64_sha256_wrapper_s_fu_38/msgHash_32_64_256_32_64_sha256_wrapper_U0/hash_U0/grp_sha256_top_32_256_s_fu_32/sha256Digest_256_U0/grp_sha256Digest_256_Pipeline_LOOP_SHA256_UPDATE_64_ROUNDS_fu_272/T1_fu_776_p2__94_carry__2                                        | CARRY.others.CARRY4  |
    | grp_hmacDataflow_32_64_256_32_64_sha256_wrapper_s_fu_38/msgHash_32_64_256_32_64_sha256_wrapper_U0/hash_U0/grp_sha256_top_32_256_s_fu_32/sha256Digest_256_U0/grp_sha256Digest_256_Pipeline_LOOP_SHA256_UPDATE_64_ROUNDS_fu_272/a_2_fu_896_p2__0_carry__3_i_4                                    | LUT.others.LUT5      |
    | grp_hmacDataflow_32_64_256_32_64_sha256_wrapper_s_fu_38/msgHash_32_64_256_32_64_sha256_wrapper_U0/hash_U0/grp_sha256_top_32_256_s_fu_32/sha256Digest_256_U0/grp_sha256Digest_256_Pipeline_LOOP_SHA256_UPDATE_64_ROUNDS_fu_272/a_2_fu_896_p2__0_carry__3_i_8                                    | LUT.others.LUT6      |
    | grp_hmacDataflow_32_64_256_32_64_sha256_wrapper_s_fu_38/msgHash_32_64_256_32_64_sha256_wrapper_U0/hash_U0/grp_sha256_top_32_256_s_fu_32/sha256Digest_256_U0/grp_sha256Digest_256_Pipeline_LOOP_SHA256_UPDATE_64_ROUNDS_fu_272/a_2_fu_896_p2__0_carry__3                                        | CARRY.others.CARRY4  |
    | grp_hmacDataflow_32_64_256_32_64_sha256_wrapper_s_fu_38/msgHash_32_64_256_32_64_sha256_wrapper_U0/hash_U0/grp_sha256_top_32_256_s_fu_32/sha256Digest_256_U0/grp_sha256Digest_256_Pipeline_LOOP_SHA256_UPDATE_64_ROUNDS_fu_272/a_2_fu_896_p2__0_carry__4                                        | CARRY.others.CARRY4  |
    | grp_hmacDataflow_32_64_256_32_64_sha256_wrapper_s_fu_38/msgHash_32_64_256_32_64_sha256_wrapper_U0/hash_U0/grp_sha256_top_32_256_s_fu_32/sha256Digest_256_U0/grp_sha256Digest_256_Pipeline_LOOP_SHA256_UPDATE_64_ROUNDS_fu_272/flow_control_loop_pipe_sequential_init_U/b_1_fu_430[23]_i_1      | LUT.others.LUT3      |
    | grp_hmacDataflow_32_64_256_32_64_sha256_wrapper_s_fu_38/msgHash_32_64_256_32_64_sha256_wrapper_U0/hash_U0/grp_sha256_top_32_256_s_fu_32/sha256Digest_256_U0/grp_sha256Digest_256_Pipeline_LOOP_SHA256_UPDATE_64_ROUNDS_fu_272/b_1_fu_430_reg[23]                                               | FLOP_LATCH.flop.FDRE |
    +------------------------------------------------------------------------------------------------------------------------------------------------------------------------------------------------------------------------------------------------------------------------------------------------+----------------------+


================================================================
== RTL Synthesis Vivado Reports
================================================================
+--------------------------+-------------------------------------------------------------------------+
| Report Type              | Report Location                                                         |
+--------------------------+-------------------------------------------------------------------------+
| design_analysis          | impl/verilog/report/test_hmac_sha256_design_analysis_synth.rpt          |
| failfast                 | impl/verilog/report/test_hmac_sha256_failfast_synth.rpt                 |
| power                    | impl/verilog/report/test_hmac_sha256_power_synth.rpt                    |
| timing                   | impl/verilog/report/test_hmac_sha256_timing_synth.rpt                   |
| timing_paths             | impl/verilog/report/test_hmac_sha256_timing_paths_synth.rpt             |
| utilization              | impl/verilog/report/test_hmac_sha256_utilization_synth.rpt              |
| utilization_hierarchical | impl/verilog/report/test_hmac_sha256_utilization_hierarchical_synth.rpt |
+--------------------------+-------------------------------------------------------------------------+


