INFO-FLOW: Workspace D:/hlstrack/hlstrack2025-master/security/L1/tests/hmac/sha256/hmac_sha256_test.prj/solution1 opened at Tue Oct 21 20:18:10 +0800 2025
Execute       send_msg_by_id INFO @200-1505@%s%s default  vivado 
INFO: [HLS 200-1505] Using default flow_target 'vivado'
Execute     set_part xc7z020-clg484-1 
INFO: [HLS 200-1510] Running: set_part xc7z020-clg484-1 
Execute       create_platform xc7z020-clg484-1 -board  
DBG:HLSDevice: Trying to load device library: T:\Xilinx\Vitis\2024.2\lib\win64.o\xv_hlsvwrap.dll
DBG:HLSDevice: first parts/arch.xml in RDI_DATADIR: T:\Xilinx\Vivado\2024.2/data/parts/arch.xml
DBG:HLSDevice: init success
INFO: [HLS 200-1611] Setting target device to 'xc7z020-clg484-1'
Command       create_platform done; 3.215 sec.
Execute       source T:/Xilinx/Vitis/2024.2/common/technology/xilinx/common/xilinx.gen 
Execute         source T:/Xilinx/Vitis/2024.2/common/technology/xilinx/interface/plb46.gen 
Execute         source T:/Xilinx/Vitis/2024.2/common/technology/xilinx/interface/axi4.gen 
Execute         source T:/Xilinx/Vitis/2024.2/common/technology/xilinx/interface/nativeAXI4.gen 
Execute           source T:/Xilinx/Vitis/2024.2/common/technology/xilinx/interface/saxilite.gen 
Execute         source T:/Xilinx/Vitis/2024.2/common/technology/xilinx/scripts/xilinxcoregen.gen 
Execute         source T:/Xilinx/Vitis/2024.2/common/technology/xilinx/interface/XilEDKCoreGen.gen 
Execute         source T:/Xilinx/Vitis/2024.2/common/technology/xilinx/ip/dds_compiler.gen 
Execute         source T:/Xilinx/Vitis/2024.2/common/technology/xilinx/ip/util.gen 
Execute         source T:/Xilinx/Vitis/2024.2/common/technology/xilinx/ip/xfft.gen 
Command         ap_source done; 0.113 sec.
Execute         source T:/Xilinx/Vitis/2024.2/common/technology/xilinx/ip/xfir.gen 
Execute         source T:/Xilinx/Vitis/2024.2/common/technology/xilinx/DSP48/dsp48.gen 
Command       ap_source done; 0.161 sec.
Execute       ap_part_info -name xc7z020-clg484-1 -data info 
Execute       config_compile -quiet -complex-mul-dsp=0 
Command     set_part done; 3.459 sec.
Execute     create_clock -period 15.0 
INFO: [HLS 200-1510] Running: create_clock -period 15.0 
Execute       ap_set_clock -name default -period 15 -unit ns -default=false 
INFO: [SYN 201-201] Setting up clock 'default' with a period of 15ns.
Execute     set_clock_uncertainty 10% 
INFO: [HLS 200-1510] Running: set_clock_uncertainty 10% 
Execute       ap_set_clock -name default -uncertainty 1.5 -unit % 
INFO: [SYN 201-201] Setting up clock 'default' with an uncertainty of 1.5ns.
Execute     csim_design 
INFO: [HLS 200-1510] Running: csim_design 
Execute       ::AP::init_summary_file csim 
INFO-FLOW: Running SLX 'csim' proc: ::SLX::run_csim
INFO: [SIM 211-2] *************** CSIM start ***************
INFO: [SIM 211-4] CSIM will launch CLANG as the compiler.
Execute       send_msg_by_id INFO @200-2036@%s debug 
INFO: [HLS 200-2036] Building debug C Simulation binaries
Execute       source T:/Xilinx/Vitis/2024.2/tps/tcl/tcllib1.11.1/yaml/huddle.tcl 
Execute       source T:/Xilinx/Vitis/2024.2/tps/tcl/tcllib1.11.1/yaml/json2huddle.tcl 
Execute         source T:/Xilinx/Vitis/2024.2/tps/tcl/tcllib1.11.1/try/try.tcl 
Execute       ap_part_info -name xc7z020-clg484-1 -data info 
Execute       source run_sim.tcl 
Command       ap_source done; 1.114 sec.
INFO: [SIM 211-1] CSim done with 0 errors.
INFO: [SIM 211-3] *************** CSIM finish ***************
Command     csim_design done; 11.521 sec.
INFO: [HLS 200-2161] Finished Command csim_design Elapsed time: 00:00:11; Allocated memory: 0.898 MB.
Execute     csynth_design 
INFO: [HLS 200-1510] Running: csynth_design 
Execute       ::AP::init_summary_file csynth 
INFO-FLOW: Running SLX 'csynth' proc: ::SLX::run_csynth
Execute       elaborate -effort=medium -skip_syncheck=0 -keep_printf=0 -skip_cdt=0 -skip_transform=0 -ng=0 -g=0 -opt_fp=0 -from_csynth_design=1 
INFO: [HLS 200-111] Finished File checks and directory preparation: CPU user time: 0 seconds. CPU system time: 0 seconds. Elapsed time: 0.192 seconds; current allocated memory: 261.109 MB.
Execute         set_directive_top test_hmac_sha256 -name=test_hmac_sha256 
INFO: [HLS 200-10] Analyzing design file 'test.cpp' ... 
INFO-FLOW: Compiling one TU...
INFO-FLOW: Handling test.cpp as C++
Execute         ap_part_info -name xc7z020-clg484-1 -data info 
INFO-FLOW: Running: GCC PP 39
INFO-FLOW: Source preprocessing
INFO-FLOW: run_clang exec: T:/Xilinx/Vitis/2024.2/win64/tools/clang-3.9-csynth/bin/clang test.cpp -foptimization-record-file=D:/hlstrack/hlstrack2025-master/security/L1/tests/hmac/sha256/hmac_sha256_test.prj/solution1/.autopilot/db/test.cpp.clang.diag.yml -mllvm -pass-remarks-missed=reflow|pasta|unroll|inline -mllvm -pass-remarks=reflow|pasta|unroll|inline -fno-limit-debug-info --sysroot T:/Xilinx/Vitis/2024.2/tps/mingw/8.3.0/win64.o/nt -fhls -fno-exceptions -insert-hls-directive=D:/hlstrack/hlstrack2025-master/security/L1/tests/hmac/sha256/hmac_sha256_test.prj/solution1/.autopilot/db/all.directive.json -E -ID:/hlstrack/hlstrack2025-master/security/L1/tests/hmac/sha256/../../../../L1/include -fno-math-errno -c -emit-llvm -mllvm -disable-llvm-optzns -Werror=implicit-function-declaration -Werror=implicit-hls-streams -Werror=return-type -Wpragmas -Wunused-parameter -Wdump-hls-pragmas -Wno-error=dump-hls-pragmas -hls-clock-period=15 -fno-threadsafe-statics -fno-use-cxa-atexit -std=gnu++14 -target fpga64-xilinx-mingw32 -fno-threadsafe-statics -fno-use-cxa-atexit -D__VITIS_HLS__ -DAESL_SYN -D__SYNTHESIS__ -D__HLS_SYN__ -I T:/Xilinx/Vitis/2024.2/common/technology/autopilot -I T:/Xilinx/Vitis/2024.2/common/technology/autopilot/ap_sysc -include etc/autopilot_ssdm_op.h -D__DSP48E1__ -I /usr/include/x86_64-linux-gnu -o D:/hlstrack/hlstrack2025-master/security/L1/tests/hmac/sha256/hmac_sha256_test.prj/solution1/.autopilot/db/test.pp.0.cpp {-hls-platform-db-name=T:\Xilinx\Vitis\2024.2\common/technology\xilinx/common/platform.db} -hls-platform-name=zynq_slow -device-resource-info=BRAM_280.000000_DSP_220.000000_FF_106400.000000_LUT_53200.000000_SLICE_13300.000000_URAM_0.000000 -device-name-info=xc7z020clg484-1 > D:/hlstrack/hlstrack2025-master/security/L1/tests/hmac/sha256/hmac_sha256_test.prj/solution1/.autopilot/db/test.cpp.clang.out.log 2> D:/hlstrack/hlstrack2025-master/security/L1/tests/hmac/sha256/hmac_sha256_test.prj/solution1/.autopilot/db/test.cpp.clang.err.log
INFO-FLOW: Done: GCC PP 39 time: 1.4 seconds per iteration
INFO-FLOW: Source syntax check for synthesis
INFO-FLOW: run_clang exec: T:/Xilinx/Vitis/2024.2/win64/tools/clang-3.9-csynth/bin/clang -foptimization-record-file=D:/hlstrack/hlstrack2025-master/security/L1/tests/hmac/sha256/hmac_sha256_test.prj/solution1/.autopilot/db/clang.diag.yml -mllvm -pass-remarks-missed=reflow|pasta|unroll|inline -mllvm -pass-remarks=reflow|pasta|unroll|inline -fsyntax-only -fhls -target fpga64-xilinx-linux-gnu D:/hlstrack/hlstrack2025-master/security/L1/tests/hmac/sha256/hmac_sha256_test.prj/solution1/.autopilot/db/test.pp.0.cpp {-hls-platform-db-name=T:\Xilinx\Vitis\2024.2\common/technology\xilinx/common/platform.db} -hls-platform-name=zynq_slow -device-resource-info=BRAM_280.000000_DSP_220.000000_FF_106400.000000_LUT_53200.000000_SLICE_13300.000000_URAM_0.000000 -device-name-info=xc7z020clg484-1 > D:/hlstrack/hlstrack2025-master/security/L1/tests/hmac/sha256/hmac_sha256_test.prj/solution1/.autopilot/db/clang.out.log 2> D:/hlstrack/hlstrack2025-master/security/L1/tests/hmac/sha256/hmac_sha256_test.prj/solution1/.autopilot/db/clang.err.log
WARNING: [HLS 207-5538] 'Resource pragma' is deprecated, use 'bind_op/bind_storage pragma' instead (D:/hlstrack/hlstrack2025-master/security/L1/tests/hmac/sha256/../../../../L1/include\xf_security/hmac.hpp:91:9)
WARNING: [HLS 207-5538] 'Resource pragma' is deprecated, use 'bind_op/bind_storage pragma' instead (D:/hlstrack/hlstrack2025-master/security/L1/tests/hmac/sha256/../../../../L1/include\xf_security/hmac.hpp:94:9)
WARNING: [HLS 207-5538] 'Resource pragma' is deprecated, use 'bind_op/bind_storage pragma' instead (D:/hlstrack/hlstrack2025-master/security/L1/tests/hmac/sha256/../../../../L1/include\xf_security/hmac.hpp:97:9)
WARNING: [HLS 207-5538] 'Resource pragma' is deprecated, use 'bind_op/bind_storage pragma' instead (D:/hlstrack/hlstrack2025-master/security/L1/tests/hmac/sha256/../../../../L1/include\xf_security/hmac.hpp:100:9)
WARNING: [HLS 207-5538] 'Resource pragma' is deprecated, use 'bind_op/bind_storage pragma' instead (D:/hlstrack/hlstrack2025-master/security/L1/tests/hmac/sha256/../../../../L1/include\xf_security/hmac.hpp:192:9)
WARNING: [HLS 207-5538] 'Resource pragma' is deprecated, use 'bind_op/bind_storage pragma' instead (D:/hlstrack/hlstrack2025-master/security/L1/tests/hmac/sha256/../../../../L1/include\xf_security/hmac.hpp:195:9)
WARNING: [HLS 207-5538] 'Resource pragma' is deprecated, use 'bind_op/bind_storage pragma' instead (D:/hlstrack/hlstrack2025-master/security/L1/tests/hmac/sha256/../../../../L1/include\xf_security/hmac.hpp:198:9)
WARNING: [HLS 207-5538] 'Resource pragma' is deprecated, use 'bind_op/bind_storage pragma' instead (D:/hlstrack/hlstrack2025-master/security/L1/tests/hmac/sha256/../../../../L1/include\xf_security/hmac.hpp:245:9)
WARNING: [HLS 207-5538] 'Resource pragma' is deprecated, use 'bind_op/bind_storage pragma' instead (D:/hlstrack/hlstrack2025-master/security/L1/tests/hmac/sha256/../../../../L1/include\xf_security/hmac.hpp:248:9)
WARNING: [HLS 207-5538] 'Resource pragma' is deprecated, use 'bind_op/bind_storage pragma' instead (D:/hlstrack/hlstrack2025-master/security/L1/tests/hmac/sha256/../../../../L1/include\xf_security/hmac.hpp:251:9)
WARNING: [HLS 207-5538] 'Resource pragma' is deprecated, use 'bind_op/bind_storage pragma' instead (D:/hlstrack/hlstrack2025-master/security/L1/tests/hmac/sha256/../../../../L1/include\xf_security/hmac.hpp:269:9)
WARNING: [HLS 207-5538] 'Resource pragma' is deprecated, use 'bind_op/bind_storage pragma' instead (D:/hlstrack/hlstrack2025-master/security/L1/tests/hmac/sha256/../../../../L1/include\xf_security/hmac.hpp:273:9)
WARNING: [HLS 207-5538] 'Resource pragma' is deprecated, use 'bind_op/bind_storage pragma' instead (D:/hlstrack/hlstrack2025-master/security/L1/tests/hmac/sha256/../../../../L1/include\xf_security/hmac.hpp:276:9)
WARNING: [HLS 207-5538] 'Resource pragma' is deprecated, use 'bind_op/bind_storage pragma' instead (D:/hlstrack/hlstrack2025-master/security/L1/tests/hmac/sha256/../../../../L1/include\xf_security/hmac.hpp:279:9)
WARNING: [HLS 207-5538] 'Resource pragma' is deprecated, use 'bind_op/bind_storage pragma' instead (D:/hlstrack/hlstrack2025-master/security/L1/tests/hmac/sha256/../../../../L1/include\xf_security/hmac.hpp:283:9)
WARNING: [HLS 207-5538] 'Resource pragma' is deprecated, use 'bind_op/bind_storage pragma' instead (D:/hlstrack/hlstrack2025-master/security/L1/tests/hmac/sha256/../../../../L1/include\xf_security/hmac.hpp:286:9)
WARNING: [HLS 207-5538] 'Resource pragma' is deprecated, use 'bind_op/bind_storage pragma' instead (D:/hlstrack/hlstrack2025-master/security/L1/tests/hmac/sha256/../../../../L1/include\xf_security/sha224_256.hpp:756:9)
WARNING: [HLS 207-5538] 'Resource pragma' is deprecated, use 'bind_op/bind_storage pragma' instead (D:/hlstrack/hlstrack2025-master/security/L1/tests/hmac/sha256/../../../../L1/include\xf_security/sha224_256.hpp:761:9)
WARNING: [HLS 207-5538] 'Resource pragma' is deprecated, use 'bind_op/bind_storage pragma' instead (D:/hlstrack/hlstrack2025-master/security/L1/tests/hmac/sha256/../../../../L1/include\xf_security/sha224_256.hpp:764:9)
WARNING: [HLS 207-5538] 'Resource pragma' is deprecated, use 'bind_op/bind_storage pragma' instead (D:/hlstrack/hlstrack2025-master/security/L1/tests/hmac/sha256/../../../../L1/include\xf_security/sha224_256.hpp:767:9)
WARNING: [HLS 207-5538] 'Resource pragma' is deprecated, use 'bind_op/bind_storage pragma' instead (D:/hlstrack/hlstrack2025-master/security/L1/tests/hmac/sha256/../../../../L1/include\xf_security/sha224_256.hpp:772:9)
WARNING: [HLS 207-5538] 'Resource pragma' is deprecated, use 'bind_op/bind_storage pragma' instead (D:/hlstrack/hlstrack2025-master/security/L1/tests/hmac/sha256/../../../../L1/include\xf_security/sha224_256.hpp:775:9)
WARNING: [HLS 207-5538] 'Resource pragma' is deprecated, use 'bind_op/bind_storage pragma' instead (D:/hlstrack/hlstrack2025-master/security/L1/tests/hmac/sha256/../../../../L1/include\xf_security/sha224_256.hpp:778:9)
WARNING: [HLS 207-5538] 'Resource pragma' is deprecated, use 'bind_op/bind_storage pragma' instead (D:/hlstrack/hlstrack2025-master/security/L1/tests/hmac/sha256/../../../../L1/include\xf_security/sha224_256.hpp:783:9)
Execute         clang_tidy xilinx-systemc-detector -desc systemc-detector D:/hlstrack/hlstrack2025-master/security/L1/tests/hmac/sha256/hmac_sha256_test.prj/solution1/.autopilot/db/test.pp.0.cpp std=gnu++14 -target fpga  -directive=D:/hlstrack/hlstrack2025-master/security/L1/tests/hmac/sha256/hmac_sha256_test.prj/solution1/.autopilot/db/.systemc_flag 
INFO-FLOW: exec T:/Xilinx/Vitis/2024.2/win64/tools/clang-3.9-csynth/bin/clang-tidy -header-filter=.* --checks=-*,xilinx-systemc-detector -import-directive=D:/hlstrack/hlstrack2025-master/security/L1/tests/hmac/sha256/hmac_sha256_test.prj/solution1/.autopilot/db/.systemc_flag -fix-errors D:/hlstrack/hlstrack2025-master/security/L1/tests/hmac/sha256/hmac_sha256_test.prj/solution1/.autopilot/db/test.pp.0.cpp -- -std=gnu++14 -target fpga -fhls -ferror-limit=0
Command         clang_tidy done; 1.645 sec.
INFO-FLOW: Running: clang-tidy CDT preprocess 39
Execute         clang_tidy xilinx-directive2pragma -desc directive2pragma D:/hlstrack/hlstrack2025-master/security/L1/tests/hmac/sha256/hmac_sha256_test.prj/solution1/.autopilot/db/test.pp.0.cpp std=gnu++14 -target fpga  -directive=D:/hlstrack/hlstrack2025-master/security/L1/tests/hmac/sha256/hmac_sha256_test.prj/solution1/.autopilot/db/all.directive.json 
INFO-FLOW: exec T:/Xilinx/Vitis/2024.2/win64/tools/clang-3.9-csynth/bin/clang-tidy -header-filter=.* --checks=-*,xilinx-directive2pragma -import-directive=D:/hlstrack/hlstrack2025-master/security/L1/tests/hmac/sha256/hmac_sha256_test.prj/solution1/.autopilot/db/all.directive.json -fix-errors D:/hlstrack/hlstrack2025-master/security/L1/tests/hmac/sha256/hmac_sha256_test.prj/solution1/.autopilot/db/test.pp.0.cpp -- -std=gnu++14 -target fpga -fhls -ferror-limit=0
Command         clang_tidy done; 2.332 sec.
INFO-FLOW: Done: clang-tidy CDT preprocess 39 time: 2.3 seconds per iteration
INFO-FLOW: Calling xilinx-label-all-loops ... 
INFO-FLOW: Calling xilinx-aggregate-on-hls-vector ... 
Execute         clang_tidy -errorcheck -desc loop-label xilinx-label-all-loops,xilinx-aggregate-on-hls-vector,,xilinx-warn-mayneed-no-ctor-attribute D:/hlstrack/hlstrack2025-master/security/L1/tests/hmac/sha256/hmac_sha256_test.prj/solution1/.autopilot/db/test.pp.0.cpp std=gnu++14 -target fpga  
INFO-FLOW: run_clang exec: T:/Xilinx/Vitis/2024.2/win64/tools/clang-3.9-csynth/bin/clang-tidy -export-fixes=D:/hlstrack/hlstrack2025-master/security/L1/tests/hmac/sha256/hmac_sha256_test.prj/solution1/.autopilot/db/test.pp.0.cpp.clang-tidy.loop-label.diag.yml -header-filter=.* --checks=-*,xilinx-label-all-loops,xilinx-aggregate-on-hls-vector,,xilinx-warn-mayneed-no-ctor-attribute -fix-errors D:/hlstrack/hlstrack2025-master/security/L1/tests/hmac/sha256/hmac_sha256_test.prj/solution1/.autopilot/db/test.pp.0.cpp -- -std=gnu++14 -target fpga -fhls -ferror-limit=0 > D:/hlstrack/hlstrack2025-master/security/L1/tests/hmac/sha256/hmac_sha256_test.prj/solution1/.autopilot/db/test.pp.0.cpp.clang-tidy.loop-label.out.log 2> D:/hlstrack/hlstrack2025-master/security/L1/tests/hmac/sha256/hmac_sha256_test.prj/solution1/.autopilot/db/test.pp.0.cpp.clang-tidy.loop-label.err.log
Execute           source T:/Xilinx/Vitis/2024.2/tps/tcl/tcllib1.11.1/yaml/yaml.tcl 
Command         clang_tidy done; 3.933 sec.
INFO-FLOW: run_clang exec: T:/Xilinx/Vitis/2024.2/win64/tools/clang-3.9-csynth/bin/xilinx-dataflow-lawyer -export-fixes=D:/hlstrack/hlstrack2025-master/security/L1/tests/hmac/sha256/hmac_sha256_test.prj/solution1/.autopilot/db/test.pp.0.cpp.xilinx-dataflow-lawyer.diag.yml D:/hlstrack/hlstrack2025-master/security/L1/tests/hmac/sha256/hmac_sha256_test.prj/solution1/.autopilot/db/test.pp.0.cpp -- -std=gnu++14 -target fpga -fhls -ferror-limit=0 -fstrict-dataflow > D:/hlstrack/hlstrack2025-master/security/L1/tests/hmac/sha256/hmac_sha256_test.prj/solution1/.autopilot/db/test.pp.0.cpp.xilinx-dataflow-lawyer.out.log 2> D:/hlstrack/hlstrack2025-master/security/L1/tests/hmac/sha256/hmac_sha256_test.prj/solution1/.autopilot/db/test.pp.0.cpp.xilinx-dataflow-lawyer.err.log
Execute         ap_part_info -name xc7z020-clg484-1 -data info 
INFO-FLOW: compiling source code to llvm bc
INFO-FLOW: run_clang exec: T:/Xilinx/Vitis/2024.2/win64/tools/clang-3.9-csynth/bin/clang -foptimization-record-file=D:/hlstrack/hlstrack2025-master/security/L1/tests/hmac/sha256/hmac_sha256_test.prj/solution1/.autopilot/db/test.pp.0.cpp.clang.diag.yml -mllvm -pass-remarks-missed=reflow|pasta|unroll|inline -mllvm -pass-remarks=reflow|pasta|unroll|inline -fno-limit-debug-info -fhls -flto -fno-exceptions -Wno-error=c++11-narrowing -hls-emit-hint-scope D:/hlstrack/hlstrack2025-master/security/L1/tests/hmac/sha256/hmac_sha256_test.prj/solution1/.autopilot/db/test.pp.0.cpp -ID:/hlstrack/hlstrack2025-master/security/L1/tests/hmac/sha256/../../../../L1/include -fno-math-errno -c -emit-llvm -mllvm -disable-llvm-optzns -Werror=implicit-function-declaration -Werror=implicit-hls-streams -Werror=return-type -Wpragmas -Wunused-parameter -Wdump-hls-pragmas -Wno-error=dump-hls-pragmas -hls-clock-period=15 -fno-threadsafe-statics -fno-use-cxa-atexit -std=gnu++14 -target fpga64-xilinx-linux-gnu -D__VITIS_HLS__ -DAESL_SYN -D__SYNTHESIS__ -D__HLS_SYN__ -I T:/Xilinx/Vitis/2024.2/common/technology/autopilot -I T:/Xilinx/Vitis/2024.2/common/technology/autopilot/ap_sysc -include etc/autopilot_ssdm_op.h -D__DSP48E1__ -g -o D:/hlstrack/hlstrack2025-master/security/L1/tests/hmac/sha256/hmac_sha256_test.prj/solution1/.autopilot/db/test.bc {-hls-platform-db-name=T:\Xilinx\Vitis\2024.2\common/technology\xilinx/common/platform.db} -hls-platform-name=zynq_slow -device-resource-info=BRAM_280.000000_DSP_220.000000_FF_106400.000000_LUT_53200.000000_SLICE_13300.000000_URAM_0.000000 -device-name-info=xc7z020clg484-1 > D:/hlstrack/hlstrack2025-master/security/L1/tests/hmac/sha256/hmac_sha256_test.prj/solution1/.autopilot/db/test.pp.0.cpp.clang.out.log 2> D:/hlstrack/hlstrack2025-master/security/L1/tests/hmac/sha256/hmac_sha256_test.prj/solution1/.autopilot/db/test.pp.0.cpp.clang.err.log
INFO: [HLS 200-111] Finished Source Code Analysis and Preprocessing: CPU user time: 1 seconds. CPU system time: 0 seconds. Elapsed time: 15.151 seconds; current allocated memory: 266.242 MB.
INFO-FLOW: Linking Debug ...
INFO-FLOW: Linking dut bc code.
Execute         run_link_or_opt -out D:/hlstrack/hlstrack2025-master/security/L1/tests/hmac/sha256/hmac_sha256_test.prj/solution1/.autopilot/db/a.g.ld.0.bc -args  "D:/hlstrack/hlstrack2025-master/security/L1/tests/hmac/sha256/hmac_sha256_test.prj/solution1/.autopilot/db/test.g.bc"  
INFO-FLOW: run_clang exec: T:/Xilinx/Vitis/2024.2/win64/tools/clang-3.9-csynth/bin/llvm-link D:/hlstrack/hlstrack2025-master/security/L1/tests/hmac/sha256/hmac_sha256_test.prj/solution1/.autopilot/db/test.g.bc -o D:/hlstrack/hlstrack2025-master/security/L1/tests/hmac/sha256/hmac_sha256_test.prj/solution1/.autopilot/db/a.g.ld.0.bc > D:/hlstrack/hlstrack2025-master/security/L1/tests/hmac/sha256/hmac_sha256_test.prj/solution1/.autopilot/db/a.g.ld.0.bc.llvm-link.out.log 2> D:/hlstrack/hlstrack2025-master/security/L1/tests/hmac/sha256/hmac_sha256_test.prj/solution1/.autopilot/db/a.g.ld.0.bc.llvm-link.err.log
Command         run_link_or_opt done; 0.267 sec.
Execute         run_link_or_opt -opt -out D:/hlstrack/hlstrack2025-master/security/L1/tests/hmac/sha256/hmac_sha256_test.prj/solution1/.autopilot/db/a.g.ld.1.lower.bc -args D:/hlstrack/hlstrack2025-master/security/L1/tests/hmac/sha256/hmac_sha256_test.prj/solution1/.autopilot/db/a.g.ld.0.bc -reflow-lower-math-intrinsics 
INFO-FLOW: run_clang exec: T:/Xilinx/Vitis/2024.2/win64/tools/clang-3.9-csynth/bin/opt -pass-remarks-missed=reflow|pasta|unroll|inline -pass-remarks=reflow|pasta|unroll|inline -pass-remarks-output=D:/hlstrack/hlstrack2025-master/security/L1/tests/hmac/sha256/hmac_sha256_test.prj/solution1/.autopilot/db/a.g.ld.1.lower.bc.opt.diag.yml D:/hlstrack/hlstrack2025-master/security/L1/tests/hmac/sha256/hmac_sha256_test.prj/solution1/.autopilot/db/a.g.ld.0.bc -reflow-lower-math-intrinsics -o D:/hlstrack/hlstrack2025-master/security/L1/tests/hmac/sha256/hmac_sha256_test.prj/solution1/.autopilot/db/a.g.ld.1.lower.bc > D:/hlstrack/hlstrack2025-master/security/L1/tests/hmac/sha256/hmac_sha256_test.prj/solution1/.autopilot/db/a.g.ld.1.lower.bc.opt.out.log 2> D:/hlstrack/hlstrack2025-master/security/L1/tests/hmac/sha256/hmac_sha256_test.prj/solution1/.autopilot/db/a.g.ld.1.lower.bc.opt.err.log
INFO-FLOW: Running: gen_design_size_report post-opt
INFO-FLOW: Done: gen_design_size_report post-opt time: 0 seconds per iteration
Command         run_link_or_opt done; 0.297 sec.
INFO-FLOW: Linking math bc lib
Execute         run_link_or_opt -out D:/hlstrack/hlstrack2025-master/security/L1/tests/hmac/sha256/hmac_sha256_test.prj/solution1/.autopilot/db/a.g.ld.2.m1.bc -args D:/hlstrack/hlstrack2025-master/security/L1/tests/hmac/sha256/hmac_sha256_test.prj/solution1/.autopilot/db/a.g.ld.1.lower.bc -only-needed T:/Xilinx/Vitis/2024.2/win64/lib/libhlsm_39.bc T:/Xilinx/Vitis/2024.2/win64/lib/libhlsmc++_39.bc 
INFO-FLOW: run_clang exec: T:/Xilinx/Vitis/2024.2/win64/tools/clang-3.9-csynth/bin/llvm-link D:/hlstrack/hlstrack2025-master/security/L1/tests/hmac/sha256/hmac_sha256_test.prj/solution1/.autopilot/db/a.g.ld.1.lower.bc -only-needed T:/Xilinx/Vitis/2024.2/win64/lib/libhlsm_39.bc T:/Xilinx/Vitis/2024.2/win64/lib/libhlsmc++_39.bc -o D:/hlstrack/hlstrack2025-master/security/L1/tests/hmac/sha256/hmac_sha256_test.prj/solution1/.autopilot/db/a.g.ld.2.m1.bc > D:/hlstrack/hlstrack2025-master/security/L1/tests/hmac/sha256/hmac_sha256_test.prj/solution1/.autopilot/db/a.g.ld.2.m1.bc.llvm-link.out.log 2> D:/hlstrack/hlstrack2025-master/security/L1/tests/hmac/sha256/hmac_sha256_test.prj/solution1/.autopilot/db/a.g.ld.2.m1.bc.llvm-link.err.log
Command         run_link_or_opt done; 2.699 sec.
Execute         run_link_or_opt -opt -out D:/hlstrack/hlstrack2025-master/security/L1/tests/hmac/sha256/hmac_sha256_test.prj/solution1/.autopilot/db/a.g.ld.3.fpc.bc -args D:/hlstrack/hlstrack2025-master/security/L1/tests/hmac/sha256/hmac_sha256_test.prj/solution1/.autopilot/db/a.g.ld.2.m1.bc -reflow-globaldce -hls-top-function-name=test_hmac_sha256 -reflow-float-conversion 
INFO-FLOW: run_clang exec: T:/Xilinx/Vitis/2024.2/win64/tools/clang-3.9-csynth/bin/opt -pass-remarks-missed=reflow|pasta|unroll|inline -pass-remarks=reflow|pasta|unroll|inline -pass-remarks-output=D:/hlstrack/hlstrack2025-master/security/L1/tests/hmac/sha256/hmac_sha256_test.prj/solution1/.autopilot/db/a.g.ld.3.fpc.bc.opt.diag.yml D:/hlstrack/hlstrack2025-master/security/L1/tests/hmac/sha256/hmac_sha256_test.prj/solution1/.autopilot/db/a.g.ld.2.m1.bc -reflow-globaldce -hls-top-function-name=test_hmac_sha256 -reflow-float-conversion -o D:/hlstrack/hlstrack2025-master/security/L1/tests/hmac/sha256/hmac_sha256_test.prj/solution1/.autopilot/db/a.g.ld.3.fpc.bc > D:/hlstrack/hlstrack2025-master/security/L1/tests/hmac/sha256/hmac_sha256_test.prj/solution1/.autopilot/db/a.g.ld.3.fpc.bc.opt.out.log 2> D:/hlstrack/hlstrack2025-master/security/L1/tests/hmac/sha256/hmac_sha256_test.prj/solution1/.autopilot/db/a.g.ld.3.fpc.bc.opt.err.log
INFO-FLOW: Running: gen_design_size_report post-opt
INFO-FLOW: Done: gen_design_size_report post-opt time: 0 seconds per iteration
Command         run_link_or_opt done; 1.226 sec.
Execute         run_link_or_opt -out D:/hlstrack/hlstrack2025-master/security/L1/tests/hmac/sha256/hmac_sha256_test.prj/solution1/.autopilot/db/a.g.ld.4.m2.bc -args D:/hlstrack/hlstrack2025-master/security/L1/tests/hmac/sha256/hmac_sha256_test.prj/solution1/.autopilot/db/a.g.ld.3.fpc.bc -only-needed T:/Xilinx/Vitis/2024.2/win64/lib/libfloatconversion_39.bc 
INFO-FLOW: run_clang exec: T:/Xilinx/Vitis/2024.2/win64/tools/clang-3.9-csynth/bin/llvm-link D:/hlstrack/hlstrack2025-master/security/L1/tests/hmac/sha256/hmac_sha256_test.prj/solution1/.autopilot/db/a.g.ld.3.fpc.bc -only-needed T:/Xilinx/Vitis/2024.2/win64/lib/libfloatconversion_39.bc -o D:/hlstrack/hlstrack2025-master/security/L1/tests/hmac/sha256/hmac_sha256_test.prj/solution1/.autopilot/db/a.g.ld.4.m2.bc > D:/hlstrack/hlstrack2025-master/security/L1/tests/hmac/sha256/hmac_sha256_test.prj/solution1/.autopilot/db/a.g.ld.4.m2.bc.llvm-link.out.log 2> D:/hlstrack/hlstrack2025-master/security/L1/tests/hmac/sha256/hmac_sha256_test.prj/solution1/.autopilot/db/a.g.ld.4.m2.bc.llvm-link.err.log
Execute         run_link_or_opt -opt -out D:/hlstrack/hlstrack2025-master/security/L1/tests/hmac/sha256/hmac_sha256_test.prj/solution1/.autopilot/db/a.g.ld.5.gdce.bc -args D:/hlstrack/hlstrack2025-master/security/L1/tests/hmac/sha256/hmac_sha256_test.prj/solution1/.autopilot/db/a.g.ld.4.m2.bc -reflow-globaldce -hls-top-function-name=test_hmac_sha256 
INFO-FLOW: run_clang exec: T:/Xilinx/Vitis/2024.2/win64/tools/clang-3.9-csynth/bin/opt -pass-remarks-missed=reflow|pasta|unroll|inline -pass-remarks=reflow|pasta|unroll|inline -pass-remarks-output=D:/hlstrack/hlstrack2025-master/security/L1/tests/hmac/sha256/hmac_sha256_test.prj/solution1/.autopilot/db/a.g.ld.5.gdce.bc.opt.diag.yml D:/hlstrack/hlstrack2025-master/security/L1/tests/hmac/sha256/hmac_sha256_test.prj/solution1/.autopilot/db/a.g.ld.4.m2.bc -reflow-globaldce -hls-top-function-name=test_hmac_sha256 -o D:/hlstrack/hlstrack2025-master/security/L1/tests/hmac/sha256/hmac_sha256_test.prj/solution1/.autopilot/db/a.g.ld.5.gdce.bc > D:/hlstrack/hlstrack2025-master/security/L1/tests/hmac/sha256/hmac_sha256_test.prj/solution1/.autopilot/db/a.g.ld.5.gdce.bc.opt.out.log 2> D:/hlstrack/hlstrack2025-master/security/L1/tests/hmac/sha256/hmac_sha256_test.prj/solution1/.autopilot/db/a.g.ld.5.gdce.bc.opt.err.log
INFO-FLOW: Running: gen_design_size_report post-opt
INFO-FLOW: Done: gen_design_size_report post-opt time: 0 seconds per iteration
Command         run_link_or_opt done; 0.108 sec.
Execute         send_msg_by_id INFO @200-777@%s Vivado 
INFO: [HLS 200-777] Using interface defaults for 'Vivado' flow target.
Execute         is_m_axi_addr64 
INFO-FLOW: Doing LTO.
INFO-FLOW: run_clang (background poll_ms 5000) exec: T:/Xilinx/Vitis/2024.2/win64/tools/clang-3.9-csynth/bin/clang -foptimization-record-file=D:/hlstrack/hlstrack2025-master/security/L1/tests/hmac/sha256/hmac_sha256_test.prj/solution1/.autopilot/db/a.g.ld.0.bc.clang.reflow.diag.yml -mllvm -pass-remarks-missed=reflow|pasta|unroll|inline -mllvm -pass-remarks=reflow|pasta|unroll|inline -fhls -mllvm -hls-top-function-name=test_hmac_sha256 -mllvm -hls-db-dir -mllvm D:/hlstrack/hlstrack2025-master/security/L1/tests/hmac/sha256/hmac_sha256_test.prj/solution1/.autopilot/db -emit-llvm -c -target fpga64-xilinx-none -mllvm -xcl-xmlinfo=D:/hlstrack/hlstrack2025-master/security/L1/tests/hmac/sha256/hmac_sha256_test.prj/solution1/.autopilot/db/kernel.internal.xml -mllvm -top-io-mapping-info=D:/hlstrack/hlstrack2025-master/security/L1/tests/hmac/sha256/hmac_sha256_test.prj/solution1/.autopilot/db/top-io-fe.xml -mllvm -hls-bitcode-version=3.1 -mllvm -reflow-enable-slave-interface-default-setting=true -mllvm -gen-kernel-xml=false -mllvm -default-maxi-offset=slave -mllvm -maxi-latency=0 -mllvm -hls-maxi-data-size-in-bits=8 -mllvm -hls-maxi-max-data-size-in-bits=1024 -mllvm -hls-max-widen-size-in-bits=0 -mllvm -xcl-kernel-max-mem-ports=0 -mllvm -maxi-read-trans=16 -mllvm -maxi-write-trans=16 -mllvm -maxi-read-burst-len=16 -mllvm -maxi-write-burst-len=16 -mllvm -reflow-enable-saxi-64bits=0 -mllvm -reflow-basic-block-instr-threshold=200000 -mllvm -reflow-auto-pipeline-threshold=64 -mllvm -reflow-enable-maxi-auto-id-channel=0 -mllvm -reflow-bdd-simplify-threshold=1048576 -mllvm -reflow-fanout-threshold=16 -mllvm -reflow-complete-threshold=4 -mllvm -reflow-array-promotion-threshold=64 -mllvm -assume-maxi-align=1 -mllvm -reflow-enable-dataflow-strict-mode-checking=1 -ftime-report -mllvm -time-passes -mllvm -reflow-auto-array-partition-mode=default -mllvm -reflow-enable-auto-small-array-partition=true -mllvm -reflow-enable-auto-array-promotion=true -mllvm -reflow-enable-auto-array-partition-for-flatten=true -mllvm -reflow-enable-auto-parallel-performance-driven=true -mllvm -reflow-enable-partition-for-automation=true -mllvm -reflow-aggregate-bitwidth-threshold=4096 -mllvm -reflow-reserved-saxilite-registers=0 -mllvm -enable-reflow-auto-loop-pipeline -mllvm -reflow-max-unroll-threshold=409600 -mllvm -auto-unroll-tripcount-threshold=0 -mllvm -reflow-assume-no-address-wrap=true -mllvm -reflow-enable-occurrence-inference=true -mllvm -reflow-emit-hint-scope=true -mllvm -reflow-enable-codegen-with-if=true -mllvm -reflow-enable-dataflow-canon=true -mllvm -reflow-enable-dataflow-canon2=true -mllvm -hls -mllvm -disable-inlined-alloca-merging=true -mllvm -default-clock-period=15 -mllvm -use_read_first_ram_in_loop=1 -mllvm -default-clock-uncertainty=1.5 -x ir D:/hlstrack/hlstrack2025-master/security/L1/tests/hmac/sha256/hmac_sha256_test.prj/solution1/.autopilot/db/a.g.ld.5.gdce.bc -o D:/hlstrack/hlstrack2025-master/security/L1/tests/hmac/sha256/hmac_sha256_test.prj/solution1/.autopilot/db/a.g.lto.bc {-hls-platform-db-name=T:\Xilinx\Vitis\2024.2\common/technology\xilinx/common/platform.db} -hls-platform-name=zynq_slow -device-resource-info=BRAM_280.000000_DSP_220.000000_FF_106400.000000_LUT_53200.000000_SLICE_13300.000000_URAM_0.000000 -device-name-info=xc7z020clg484-1 2> D:/hlstrack/hlstrack2025-master/security/L1/tests/hmac/sha256/hmac_sha256_test.prj/solution1/.autopilot/db/a.g.ld.0.bc.clang.reflow.err.log bg_poll_cmd: ::AP::poll_clang_39_closed_source
Execute         send_msg_by_id INFO @200-1995@%s%s%s 5,771 Compile/Link D:/hlstrack/hlstrack2025-master/security/L1/tests/hmac/sha256/hmac_sha256_test.prj/solution1/syn/report/csynth_design_size.rpt 
INFO: [HLS 200-1995] There were 5,771 instructions in the design after the 'Compile/Link' phase of compilation. See the Design Size Report for more details: D:/hlstrack/hlstrack2025-master/security/L1/tests/hmac/sha256/hmac_sha256_test.prj/solution1/syn/report/csynth_design_size.rpt
Execute         send_msg_by_id INFO @200-1995@%s%s%s 4,609 Unroll/Inline (step 1) D:/hlstrack/hlstrack2025-master/security/L1/tests/hmac/sha256/hmac_sha256_test.prj/solution1/syn/report/csynth_design_size.rpt 
INFO: [HLS 200-1995] There were 4,609 instructions in the design after the 'Unroll/Inline (step 1)' phase of compilation. See the Design Size Report for more details: D:/hlstrack/hlstrack2025-master/security/L1/tests/hmac/sha256/hmac_sha256_test.prj/solution1/syn/report/csynth_design_size.rpt
Execute         send_msg_by_id INFO @200-1995@%s%s%s 3,547 Unroll/Inline (step 2) D:/hlstrack/hlstrack2025-master/security/L1/tests/hmac/sha256/hmac_sha256_test.prj/solution1/syn/report/csynth_design_size.rpt 
INFO: [HLS 200-1995] There were 3,547 instructions in the design after the 'Unroll/Inline (step 2)' phase of compilation. See the Design Size Report for more details: D:/hlstrack/hlstrack2025-master/security/L1/tests/hmac/sha256/hmac_sha256_test.prj/solution1/syn/report/csynth_design_size.rpt
Execute         send_msg_by_id INFO @200-1995@%s%s%s 3,056 Unroll/Inline (step 3) D:/hlstrack/hlstrack2025-master/security/L1/tests/hmac/sha256/hmac_sha256_test.prj/solution1/syn/report/csynth_design_size.rpt 
INFO: [HLS 200-1995] There were 3,056 instructions in the design after the 'Unroll/Inline (step 3)' phase of compilation. See the Design Size Report for more details: D:/hlstrack/hlstrack2025-master/security/L1/tests/hmac/sha256/hmac_sha256_test.prj/solution1/syn/report/csynth_design_size.rpt
Execute         send_msg_by_id INFO @200-1995@%s%s%s 2,930 Unroll/Inline (step 4) D:/hlstrack/hlstrack2025-master/security/L1/tests/hmac/sha256/hmac_sha256_test.prj/solution1/syn/report/csynth_design_size.rpt 
INFO: [HLS 200-1995] There were 2,930 instructions in the design after the 'Unroll/Inline (step 4)' phase of compilation. See the Design Size Report for more details: D:/hlstrack/hlstrack2025-master/security/L1/tests/hmac/sha256/hmac_sha256_test.prj/solution1/syn/report/csynth_design_size.rpt
Execute         send_msg_by_id INFO @200-1995@%s%s%s 2,909 Array/Struct (step 1) D:/hlstrack/hlstrack2025-master/security/L1/tests/hmac/sha256/hmac_sha256_test.prj/solution1/syn/report/csynth_design_size.rpt 
INFO: [HLS 200-1995] There were 2,909 instructions in the design after the 'Array/Struct (step 1)' phase of compilation. See the Design Size Report for more details: D:/hlstrack/hlstrack2025-master/security/L1/tests/hmac/sha256/hmac_sha256_test.prj/solution1/syn/report/csynth_design_size.rpt
Execute         send_msg_by_id INFO @200-1995@%s%s%s 2,055 Array/Struct (step 2) D:/hlstrack/hlstrack2025-master/security/L1/tests/hmac/sha256/hmac_sha256_test.prj/solution1/syn/report/csynth_design_size.rpt 
INFO: [HLS 200-1995] There were 2,055 instructions in the design after the 'Array/Struct (step 2)' phase of compilation. See the Design Size Report for more details: D:/hlstrack/hlstrack2025-master/security/L1/tests/hmac/sha256/hmac_sha256_test.prj/solution1/syn/report/csynth_design_size.rpt
Execute         send_msg_by_id INFO @200-1995@%s%s%s 2,067 Array/Struct (step 3) D:/hlstrack/hlstrack2025-master/security/L1/tests/hmac/sha256/hmac_sha256_test.prj/solution1/syn/report/csynth_design_size.rpt 
INFO: [HLS 200-1995] There were 2,067 instructions in the design after the 'Array/Struct (step 3)' phase of compilation. See the Design Size Report for more details: D:/hlstrack/hlstrack2025-master/security/L1/tests/hmac/sha256/hmac_sha256_test.prj/solution1/syn/report/csynth_design_size.rpt
Execute         send_msg_by_id INFO @200-1995@%s%s%s 2,801 Array/Struct (step 4) D:/hlstrack/hlstrack2025-master/security/L1/tests/hmac/sha256/hmac_sha256_test.prj/solution1/syn/report/csynth_design_size.rpt 
INFO: [HLS 200-1995] There were 2,801 instructions in the design after the 'Array/Struct (step 4)' phase of compilation. See the Design Size Report for more details: D:/hlstrack/hlstrack2025-master/security/L1/tests/hmac/sha256/hmac_sha256_test.prj/solution1/syn/report/csynth_design_size.rpt
Execute         send_msg_by_id INFO @200-1995@%s%s%s 2,899 Array/Struct (step 5) D:/hlstrack/hlstrack2025-master/security/L1/tests/hmac/sha256/hmac_sha256_test.prj/solution1/syn/report/csynth_design_size.rpt 
INFO: [HLS 200-1995] There were 2,899 instructions in the design after the 'Array/Struct (step 5)' phase of compilation. See the Design Size Report for more details: D:/hlstrack/hlstrack2025-master/security/L1/tests/hmac/sha256/hmac_sha256_test.prj/solution1/syn/report/csynth_design_size.rpt
Execute         send_msg_by_id INFO @200-1995@%s%s%s 2,897 Performance (step 1) D:/hlstrack/hlstrack2025-master/security/L1/tests/hmac/sha256/hmac_sha256_test.prj/solution1/syn/report/csynth_design_size.rpt 
INFO: [HLS 200-1995] There were 2,897 instructions in the design after the 'Performance (step 1)' phase of compilation. See the Design Size Report for more details: D:/hlstrack/hlstrack2025-master/security/L1/tests/hmac/sha256/hmac_sha256_test.prj/solution1/syn/report/csynth_design_size.rpt
Execute         send_msg_by_id INFO @200-1995@%s%s%s 2,804 Performance (step 2) D:/hlstrack/hlstrack2025-master/security/L1/tests/hmac/sha256/hmac_sha256_test.prj/solution1/syn/report/csynth_design_size.rpt 
INFO: [HLS 200-1995] There were 2,804 instructions in the design after the 'Performance (step 2)' phase of compilation. See the Design Size Report for more details: D:/hlstrack/hlstrack2025-master/security/L1/tests/hmac/sha256/hmac_sha256_test.prj/solution1/syn/report/csynth_design_size.rpt
Execute         send_msg_by_id INFO @200-1995@%s%s%s 2,797 Performance (step 3) D:/hlstrack/hlstrack2025-master/security/L1/tests/hmac/sha256/hmac_sha256_test.prj/solution1/syn/report/csynth_design_size.rpt 
INFO: [HLS 200-1995] There were 2,797 instructions in the design after the 'Performance (step 3)' phase of compilation. See the Design Size Report for more details: D:/hlstrack/hlstrack2025-master/security/L1/tests/hmac/sha256/hmac_sha256_test.prj/solution1/syn/report/csynth_design_size.rpt
Execute         send_msg_by_id INFO @200-1995@%s%s%s 2,797 Performance (step 4) D:/hlstrack/hlstrack2025-master/security/L1/tests/hmac/sha256/hmac_sha256_test.prj/solution1/syn/report/csynth_design_size.rpt 
INFO: [HLS 200-1995] There were 2,797 instructions in the design after the 'Performance (step 4)' phase of compilation. See the Design Size Report for more details: D:/hlstrack/hlstrack2025-master/security/L1/tests/hmac/sha256/hmac_sha256_test.prj/solution1/syn/report/csynth_design_size.rpt
Execute         send_msg_by_id INFO @200-1995@%s%s%s 2,849 HW Transforms (step 1) D:/hlstrack/hlstrack2025-master/security/L1/tests/hmac/sha256/hmac_sha256_test.prj/solution1/syn/report/csynth_design_size.rpt 
INFO: [HLS 200-1995] There were 2,849 instructions in the design after the 'HW Transforms (step 1)' phase of compilation. See the Design Size Report for more details: D:/hlstrack/hlstrack2025-master/security/L1/tests/hmac/sha256/hmac_sha256_test.prj/solution1/syn/report/csynth_design_size.rpt
Execute         send_msg_by_id INFO @200-1995@%s%s%s 3,438 HW Transforms (step 2) D:/hlstrack/hlstrack2025-master/security/L1/tests/hmac/sha256/hmac_sha256_test.prj/solution1/syn/report/csynth_design_size.rpt 
INFO: [HLS 200-1995] There were 3,438 instructions in the design after the 'HW Transforms (step 2)' phase of compilation. See the Design Size Report for more details: D:/hlstrack/hlstrack2025-master/security/L1/tests/hmac/sha256/hmac_sha256_test.prj/solution1/syn/report/csynth_design_size.rpt
INFO: [HLS 214-377] Adding 'b1' into disaggregation list because there's array-partition pragma applied on the struct field (D:/hlstrack/hlstrack2025-master/security/L1/tests/hmac/sha256/../../../../L1/include\xf_security/sha224_256.hpp:255:9)
INFO: [HLS 214-377] Adding 'b225' into disaggregation list because there's array-partition pragma applied on the struct field (D:/hlstrack/hlstrack2025-master/security/L1/tests/hmac/sha256/../../../../L1/include\xf_security/sha224_256.hpp:210:9)
INFO: [HLS 214-377] Adding 'b81' into disaggregation list because there's array-partition pragma applied on the struct field (D:/hlstrack/hlstrack2025-master/security/L1/tests/hmac/sha256/../../../../L1/include\xf_security/sha224_256.hpp:157:9)
INFO: [HLS 214-377] Adding 'b' into disaggregation list because there's array-partition pragma applied on the struct field (D:/hlstrack/hlstrack2025-master/security/L1/tests/hmac/sha256/../../../../L1/include\xf_security/sha224_256.hpp:134:9)
INFO: [HLS 214-377] Adding 'b0' into disaggregation list because there's array-partition pragma applied on the struct field (D:/hlstrack/hlstrack2025-master/security/L1/tests/hmac/sha256/../../../../L1/include\xf_security/sha224_256.hpp:106:9)
INFO: [HLS 214-377] Adding 'blk' into disaggregation list because there's array-partition pragma applied on the struct field (D:/hlstrack/hlstrack2025-master/security/L1/tests/hmac/sha256/../../../../L1/include\xf_security/sha224_256.hpp:534:9)
INFO: [HLS 214-210] Disaggregating variable 'b1' (D:/hlstrack/hlstrack2025-master/security/L1/tests/hmac/sha256/../../../../L1/include\xf_security/sha224_256.hpp:254:25)
INFO: [HLS 214-210] Disaggregating variable 'b225' (D:/hlstrack/hlstrack2025-master/security/L1/tests/hmac/sha256/../../../../L1/include\xf_security/sha224_256.hpp:209:25)
INFO: [HLS 214-210] Disaggregating variable 'b81' (D:/hlstrack/hlstrack2025-master/security/L1/tests/hmac/sha256/../../../../L1/include\xf_security/sha224_256.hpp:156:25)
INFO: [HLS 214-210] Disaggregating variable 'b' (D:/hlstrack/hlstrack2025-master/security/L1/tests/hmac/sha256/../../../../L1/include\xf_security/sha224_256.hpp:133:25)
INFO: [HLS 214-210] Disaggregating variable 'b0' (D:/hlstrack/hlstrack2025-master/security/L1/tests/hmac/sha256/../../../../L1/include\xf_security/sha224_256.hpp:105:14)
INFO: [HLS 214-210] Disaggregating variable 'blk' (D:/hlstrack/hlstrack2025-master/security/L1/tests/hmac/sha256/../../../../L1/include\xf_security/sha224_256.hpp:533:14)
INFO: [HLS 214-291] Loop 'VITIS_LOOP_554_3' is marked as complete unroll implied by the pipeline pragma (D:/hlstrack/hlstrack2025-master/security/L1/tests/hmac/sha256/../../../../L1/include\xf_security/sha224_256.hpp:554:35)
INFO: [HLS 214-291] Loop 'LOOP_SHA256_GEN_ONE_FULL_BLK' is marked as complete unroll implied by the pipeline pragma (D:/hlstrack/hlstrack2025-master/security/L1/tests/hmac/sha256/../../../../L1/include\xf_security/sha224_256.hpp:109:13)
INFO: [HLS 214-186] Unrolling loop 'LOOP_SHA256_EMIT_H256' (D:/hlstrack/hlstrack2025-master/security/L1/tests/hmac/sha256/../../../../L1/include\xf_security/sha224_256.hpp:718:13) in function 'xf::security::internal::sha256Digest<256>' completely with a factor of 8 (D:/hlstrack/hlstrack2025-master/security/L1/tests/hmac/sha256/../../../../L1/include\xf_security/sha224_256.hpp:614:0)
INFO: [HLS 214-186] Unrolling loop 'VITIS_LOOP_554_3' (D:/hlstrack/hlstrack2025-master/security/L1/tests/hmac/sha256/../../../../L1/include\xf_security/sha224_256.hpp:554:35) in function 'xf::security::internal::generateMsgSchedule' completely with a factor of 15 (D:/hlstrack/hlstrack2025-master/security/L1/tests/hmac/sha256/../../../../L1/include\xf_security/sha224_256.hpp:526:0)
INFO: [HLS 214-186] Unrolling loop 'LOOP_SHA256_GEN_ONE_FULL_BLK' (D:/hlstrack/hlstrack2025-master/security/L1/tests/hmac/sha256/../../../../L1/include\xf_security/sha224_256.hpp:109:13) in function 'xf::security::internal::preProcessing' completely with a factor of 16 (D:/hlstrack/hlstrack2025-master/security/L1/tests/hmac/sha256/../../../../L1/include\xf_security/sha224_256.hpp:87:0)
INFO: [HLS 214-186] Unrolling loop 'LOOP_SHA256_GEN_COPY_TAIL_ONLY' (D:/hlstrack/hlstrack2025-master/security/L1/tests/hmac/sha256/../../../../L1/include\xf_security/sha224_256.hpp:213:13) in function 'xf::security::internal::preProcessing' completely with a factor of 16 (D:/hlstrack/hlstrack2025-master/security/L1/tests/hmac/sha256/../../../../L1/include\xf_security/sha224_256.hpp:87:0)
INFO: [HLS 214-186] Unrolling loop 'LOOP_SHA256_GEN_L_ONLY_BLK' (D:/hlstrack/hlstrack2025-master/security/L1/tests/hmac/sha256/../../../../L1/include\xf_security/sha224_256.hpp:257:13) in function 'xf::security::internal::preProcessing' completely with a factor of 14 (D:/hlstrack/hlstrack2025-master/security/L1/tests/hmac/sha256/../../../../L1/include\xf_security/sha224_256.hpp:87:0)
INFO: [HLS 214-186] Unrolling loop 'LOOP_SHA256_GEN_PAD_13_ZEROS' (D:/hlstrack/hlstrack2025-master/security/L1/tests/hmac/sha256/../../../../L1/include\xf_security/sha224_256.hpp:140:13) in function 'xf::security::internal::preProcessing' completely with a factor of 13 (D:/hlstrack/hlstrack2025-master/security/L1/tests/hmac/sha256/../../../../L1/include\xf_security/sha224_256.hpp:87:0)
INFO: [HLS 214-186] Unrolling loop 'VITIS_LOOP_129_3' (D:/hlstrack/hlstrack2025-master/security/L1/tests/hmac/sha256/../../../../L1/include\xf_security/hmac.hpp:129:31) in function 'xf::security::internal::kpad<32, 64, 256, 32, 64, sha256_wrapper>' completely with a factor of 64 (D:/hlstrack/hlstrack2025-master/security/L1/tests/hmac/sha256/../../../../L1/include\xf_security/hmac.hpp:114:0)
INFO: [HLS 214-178] Inlining function 'xf::security::internal::sha256_iter(unsigned int&, unsigned int&, unsigned int&, unsigned int&, unsigned int&, unsigned int&, unsigned int&, unsigned int&, hls::stream<unsigned int, 0>&, unsigned int&, unsigned int const*, short)' into 'void xf::security::internal::sha256Digest<256>(hls::stream<unsigned long long, 0>&, hls::stream<bool, 0>&, hls::stream<unsigned int, 0>&, hls::stream<ap_uint<256>, 0>&, hls::stream<bool, 0>&) (.79.92)' (D:/hlstrack/hlstrack2025-master/security/L1/tests/hmac/sha256/../../../../L1/include\xf_security/sha224_256.hpp:614:0)
INFO: [HLS 214-178] Inlining function 'void xf::security::sha256<32>(hls::stream<ap_uint<32>, 0>&, hls::stream<ap_uint<64>, 0>&, hls::stream<bool, 0>&, hls::stream<ap_uint<256>, 0>&, hls::stream<bool, 0>&) (.25.39.51.73.86)' into 'sha256_wrapper<32, 64, 256>::hash(hls::stream<ap_uint<32>, 0>&, hls::stream<ap_uint<64>, 0>&, hls::stream<bool, 0>&, hls::stream<ap_uint<256>, 0>&, hls::stream<bool, 0>&)' (test.cpp:60:0)
INFO: [HLS 214-178] Inlining function 'void xf::security::hmac<32, 64, 256, 32, 64, sha256_wrapper>(hls::stream<ap_uint<32>, 0>&, hls::stream<ap_uint<32>, 0>&, hls::stream<ap_uint<64>, 0>&, hls::stream<bool, 0>&, hls::stream<ap_uint<256>, 0>&, hls::stream<bool, 0>&)' into 'test_hmac_sha256(hls::stream<ap_uint<32>, 0>&, hls::stream<ap_uint<32>, 0>&, hls::stream<ap_uint<64>, 0>&, hls::stream<bool, 0>&, hls::stream<ap_uint<256>, 0>&, hls::stream<bool, 0>&)' (test.cpp:70:0)
INFO: [HLS 214-248] Applying array_partition to '_ZZN2xf8security8internal12sha256DigestILi256EEEvRN3hls6streamIyLi0EEERNS4_IbLi0EEERNS4_IjLi0EEERNS4_I7ap_uintIXT_EELi0EEES8_E1K': Complete partitioning on dimension 1. (D:/hlstrack/hlstrack2025-master/security/L1/tests/hmac/sha256/../../../../L1/include\xf_security/sha224_256.hpp:620:0)
INFO: [HLS 214-248] Applying array_partition to 'b81': Complete partitioning on dimension 1. (D:/hlstrack/hlstrack2025-master/security/L1/tests/hmac/sha256/../../../../L1/include\xf_security/sha224_256.hpp:156:25)
INFO: [HLS 214-248] Applying array_partition to 'blk': Complete partitioning on dimension 1. (D:/hlstrack/hlstrack2025-master/security/L1/tests/hmac/sha256/../../../../L1/include\xf_security/sha224_256.hpp:533:14)
INFO: [HLS 214-248] Applying array_partition to 'W': Complete partitioning on dimension 1. (D:/hlstrack/hlstrack2025-master/security/L1/tests/hmac/sha256/../../../../L1/include\xf_security/sha224_256.hpp:537:11)
INFO: [HLS 214-248] Applying array_partition to 'H': Complete partitioning on dimension 1. (D:/hlstrack/hlstrack2025-master/security/L1/tests/hmac/sha256/../../../../L1/include\xf_security/sha224_256.hpp:638:18)
WARNING: [HLS 214-358] Array transformation on index using bit extension logic may lead to poor performance. Please use int or long for array index computation to benefit from optimizations. (D:/hlstrack/hlstrack2025-master/security/L1/tests/hmac/sha256/../../../../L1/include\xf_security/sha224_256.hpp:600:20)
INFO: [HLS 214-241] Aggregating fifo (hls::stream) variable 'blk_strm' with compact=bit mode in 512-bits (D:/hlstrack/hlstrack2025-master/security/L1/tests/hmac/sha256/../../../../L1/include\xf_security/sha224_256.hpp:754:27)
INFO: [HLS 214-437] Automatically disabling loop flattening for loop 'LOOP_SHA256_DIGEST_MAIN'. (D:/hlstrack/hlstrack2025-master/security/L1/tests/hmac/sha256/../../../../L1/include\xf_security/sha224_256.hpp:632:5)
INFO-FLOW: DBG:PUTS: copy_raw_kernel_xml ap_link_39: kernel.xml not generated: D:/hlstrack/hlstrack2025-master/security/L1/tests/hmac/sha256/hmac_sha256_test.prj/solution1/.autopilot/db/kernel.internal.xml
INFO: [HLS 200-111] Finished Compiling Optimization and Transform: CPU user time: 1 seconds. CPU system time: 0 seconds. Elapsed time: 11.086 seconds; current allocated memory: 269.473 MB.
INFO: [HLS 200-111] Finished Checking Pragmas: CPU user time: 0 seconds. CPU system time: 0 seconds. Elapsed time: 0.011 seconds; current allocated memory: 269.473 MB.
Execute         opt_and_import_c a -opt_level=2 -skip_syncheck=0 -ng=0 -keep_printf=0 
Execute           cleanup_all_models 
INFO: [HLS 200-10] Starting code transformations ...
INFO-FLOW: Running Standard Transforms...
Execute           transform -hls -share-std-xform -demangle-name -inline-byval-memcpy -always-inline -promote-dbg-pointer -interface-preproc -mem2reg -scalarrepl -mem2reg -keep-read-access -instcombine -dce -promote-dbg-pointer -bitop-raise -loop-simplify -indvarspre -indvars -loop-simplify -constprop -instcombine -simplifycfg -indvars -simplifycfg -dce -globaldce -basicaa -simplifycfg -mem2reg -globalopt -global-constprop -deadargelim -instcombine -simplifycfg -scalarrepl -instcombine -reassociate -licm -simplifycfg -loop-simplify -indvars -instcombine -simplifycfg -mem2reg -loop-simplify -indvars -instcombine -gvn -gvn -instcombine -adce -break-crit-edges -simplifycfg -loop-delete -global-array-opt -dce -dse -adce -find-syn-modules -top test_hmac_sha256 -deadargelim -mem2reg -instcombine -dce -presyn-prepare -interface-preproc -syn-check -check-rec-only -find-region -simplifycfg -func-extr -function-inline -globaldce -mem2reg -instcombine -dce -gvn -globaldce -adce -adse -constprop -instcombine -bit-constprop -instcombine -dce -simplifycfg -bitop-raise -simplifycfg -dce -loop-delete -reassociate -globalopt -global-privatize -mem2reg -dce -global-constprop -pointer-simplify -constprop -dce -promote-dbg-pointer -norm-name D:/hlstrack/hlstrack2025-master/security/L1/tests/hmac/sha256/hmac_sha256_test.prj/solution1/.autopilot/db/a.g.0.bc -o D:/hlstrack/hlstrack2025-master/security/L1/tests/hmac/sha256/hmac_sha256_test.prj/solution1/.autopilot/db/a.g.1.bc -f -phase std-opt 
Command           transform done; 0.263 sec.
INFO: [HLS 200-111] Finished Standard Transforms: CPU user time: 0 seconds. CPU system time: 0 seconds. Elapsed time: 0.282 seconds; current allocated memory: 278.383 MB.
INFO: [HLS 200-10] Checking synthesizability ...
INFO-FLOW: Checking Synthesizability 1/2..
Execute           transform -hls -syn-check -check-rec-only -scalarrepl -norm-name -dce -mem2reg -instcombine -directive-preproc -mem2reg -dse -dce -dce -pag -array-normalize -instcombine -dce -array-seg-normalize -instcombine -dce -data-pack -instcombine -dce -inst-simplify -array-flatten -instcombine -dce -array-burst -dce -deadargelim -promote-global-argument -simplifycfg -mem2reg -globaldce -dce -deadargelim -dce -instcombine -function-inline -globaldce -dce -doublePtrSimplify -doublePtrElim -dce -doublePtrSimplify -promote-dbg-pointer -dce -scalarrepl -dse -adse -instcombine -ptrLegalization -simplifycfg -dce -instcombine -pointer-simplify -ptrArgReplace -dce -instcombine -resolve-double-ptr -scalarrepl -norm-name -dce -mem2reg -instcombine -ptrLegalization -simplifycfg -deadargelim -instcombine -dce -inst-simplify -directive-preproc -mem2reg -dse -dce -globaldce D:/hlstrack/hlstrack2025-master/security/L1/tests/hmac/sha256/hmac_sha256_test.prj/solution1/.autopilot/db/a.g.1.bc -o D:/hlstrack/hlstrack2025-master/security/L1/tests/hmac/sha256/hmac_sha256_test.prj/solution1/.autopilot/db/a.g.2.prechk.bc -f 
Command           transform done; 0.317 sec.
INFO-FLOW: Checking Synthesizability 2/2..
Execute           transform -syn-check D:/hlstrack/hlstrack2025-master/security/L1/tests/hmac/sha256/hmac_sha256_test.prj/solution1/.autopilot/db/a.g.2.prechk.bc -o D:/hlstrack/hlstrack2025-master/security/L1/tests/hmac/sha256/hmac_sha256_test.prj/solution1/.autopilot/db/a.g.2.bc -f -phase syn-check 
INFO: [HLS 200-111] Finished Checking Synthesizability: CPU user time: 1 seconds. CPU system time: 0 seconds. Elapsed time: 0.352 seconds; current allocated memory: 283.902 MB.
INFO-FLOW: Compiler optimizing ...
INFO-FLOW: Share syncheck's 1.bc for syn flow: copy D:/hlstrack/hlstrack2025-master/security/L1/tests/hmac/sha256/hmac_sha256_test.prj/solution1/.autopilot/db/a.g.1.bc to D:/hlstrack/hlstrack2025-master/security/L1/tests/hmac/sha256/hmac_sha256_test.prj/solution1/.autopilot/db/a.o.1.bc
INFO-FLOW: Presyn 1...
Execute           transform -hls -tmp D:/hlstrack/hlstrack2025-master/security/L1/tests/hmac/sha256/hmac_sha256_test.prj/solution1/.autopilot/db -interface-port-rename -directive-preproc -mem2reg -dse -dce -scalarrepl -norm-name -deadargelim -dce -hls-dead-arg-elim -deadargelim -mem2reg -instcombine -dce -simplifycfg -dce -resource-proc -clib-intrinsic-prepare -dce -func-buffer -dce -pag -array-normalize -func-legal -instcombine -gvn -constprop -dce -simplifycfg -mem2reg -globaldce -resolve-double-ptr -dce -deadargelim -dce -instcombine -ptrArgReplace -mem2reg -dce -array-seg-normalize -deadargelim -instcombine -dce -directive-preproc -mem2reg -dse -dce -pointer-simplify -dce -port-alignment -dce -interface-preproc -data-pack -instcombine -dce -basicaa -aggr-aa -aggrmodref-aa -aggr-aa -gvn -gvn -basicaa -aggr-aa -aggrmodref-aa -aggr-aa -dse -adse -adce -loop-simplify -indvars -instcombine -gvn -loop-simplify -mem2reg -dce -find-region -instcombine -inst-simplify -interface-preproc -cfgopt -instcombine -indvars -loop-simplify -loop-bound -constprop -instcombine -simplifycfg -indvars -simplifycfg -dce -globaldce -clean-region -attach-range -gvn -inst-simplify -constprop -simplifycfg -dce -pointer-simplify -dce -globalopt -constprop -dce -ptrArgReplace -mem2reg -simplifycfg -dce -instcombine -dce -array-transform-check -array-reshape -instcombine -simplifycfg -dce -ptrArgReplace -deadargelim -mem2reg -instcombine -simplifycfg -dce -indvars -loop-simplify -loop-bound -constprop -instcombine -simplifycfg -indvars -simplifycfg -dce -globaldce -basicaa -aggr-aa -aggrmodref-aa -aggr-aa -dse -duplicate-dataflow-processes -globaldce -instcombine -array-partition -prepare-dynamic-array-partition -instcombine -simplifycfg -dce -ptrArgReplace -global-constprop -deadargelim -mem2reg -func-legal -dce -global-constprop -deadargelim -mem2reg -simplifycfg -dce -merge-param -deadargelim -globalopt -constprop -dce -ptrArgReplace -mem2reg -simplifycfg -dce -mem-intrinsic-preproc -dce -global-internalize -global-privatize -mem2reg -globaldce -lcssa -loop-simplify -phi-select-elim -promote-global-argument -ptrArgReplace -mem2reg -dce -globalopt -mergereturn -simplify-global-access -mem2reg -dce -pointer-simplify -dce -basicaa -aggr-aa -aggrmodref-aa -aggr-aa -functionattrs -basicaa -aggr-aa -aggrmodref-aa -aggr-aa -gvn -gvn -basicaa -aggr-aa -aggrmodref-aa -aggr-aa -dse -adse -adce -dce -norm-name -basicaa -aggr-aa -aggrmodref-aa -aggr-aa -accesses-merge -function-inline -complex-op-raise -inst-simplify -globaldce -func-legal -dce -loop-bound -arraycheck -bitwidthmin2 -bitwidthmin2 -on-by-dataflow -loop-delete -instcombine -simplifycfg -globaldce -dce -gvn -deadargelim -dce -loop-simplify -clean-region -simplifycfg -propagate-stable-arguments -instcombine -simplifycfg -dce -globaldce -duplicate-dataflow-processes -stream-intrinsic-preproc -dce -check-ap-stream -loop-simplify -eliminate-keepreads -extract-dataflow-in-loop -loop-simplify -dce -gvn -deadargelim -dse -duplicate-dataflow-processes -check-dataflow-syntax -legalize-stream-variable -globaldce -legalize-global -extract-subproc -dce -dead-channel-elimination -canonicalize-gep -globaldce -dce -gvn -hls-dead-arg-elim -deadargelim -directive-preproc -canonicalize-dataflow -dce -globaldce -scalar-preprocessing -scalar-propagation2 -scalar-stream -deadargelim -globaldce -mem2reg -check-dataflow-channels -function-stream -dce -globaldce -prop-fifo-spec -internal-stream-gen -canonicalize-gep -globaldce -dce -gvn -deadargelim -mergereturn -indvars -loop-simplify -instcombine -array-stream -array-seg-normalize -array-partition -clean-array-spec -func-legal -instcombine -simplifycfg -dce -bundle-memfifo-ops -deadargelim -directive-preproc -mem2reg -dse -dce -group-axi-access -licm -simplifycfg -dce -loop-delete -hls-display -norm-name D:/hlstrack/hlstrack2025-master/security/L1/tests/hmac/sha256/hmac_sha256_test.prj/solution1/.autopilot/db/a.o.1.bc -o D:/hlstrack/hlstrack2025-master/security/L1/tests/hmac/sha256/hmac_sha256_test.prj/solution1/.autopilot/db/a.o.1.tmp.bc -f 
INFO: [XFORM 203-712] Applying dataflow to function 'xf::security::internal::sha256_top<32, 256>' (D:/hlstrack/hlstrack2025-master/security/L1/tests/hmac/sha256/../../../../L1/include\xf_security/sha224_256.hpp:752:1), detected/extracted 4 process function(s): 
	 'xf::security::internal::preProcessing'
	 'xf::security::internal::dup_strm'
	 'xf::security::internal::generateMsgSchedule'
	 'xf::security::internal::sha256Digest<256>'.
INFO: [XFORM 203-712] Applying dataflow to function 'xf::security::internal::msgHash<32, 64, 256, 32, 64, sha256_wrapper>' (D:/hlstrack/hlstrack2025-master/security/L1/tests/hmac/sha256/../../../../L1/include\xf_security/hmac.hpp:188:1), detected/extracted 2 process function(s): 
	 'xf::security::internal::mergeKipad<32, 64, 256, 64>'
	 'sha256_wrapper<32, 64, 256>::hash'.
INFO: [XFORM 203-712] Applying dataflow to function 'xf::security::internal::resHash<32, 64, 256, 32, 64, sha256_wrapper>' (D:/hlstrack/hlstrack2025-master/security/L1/tests/hmac/sha256/../../../../L1/include\xf_security/hmac.hpp:241:1), detected/extracted 2 process function(s): 
	 'xf::security::internal::mergeKopad<32, 64, 256, 32, 64>'
	 'sha256_wrapper<32, 64, 256>::hash.1'.
INFO: [XFORM 203-712] Applying dataflow to function 'xf::security::internal::hmacDataflow<32, 64, 256, 32, 64, sha256_wrapper>' (D:/hlstrack/hlstrack2025-master/security/L1/tests/hmac/sha256/../../../../L1/include\xf_security/hmac.hpp:266:1), detected/extracted 3 process function(s): 
	 'xf::security::internal::kpad<32, 64, 256, 32, 64, sha256_wrapper>'
	 'xf::security::internal::msgHash<32, 64, 256, 32, 64, sha256_wrapper>'
	 'xf::security::internal::resHash<32, 64, 256, 32, 64, sha256_wrapper>'.
Command           transform done; 0.788 sec.
INFO-FLOW: Presyn 2...
Execute           transform -hls -keep-callgraph -scalarrepl -mem2reg -port-alignment -attach-range -dce -pipe-mux-gen -indvars -loop-bound -inst-simplify -instcombine -dce -merge-array-access -mem2reg -dce -clean-region -mergereturn -if-conv -instcombine -dce -constprop -basicaa -aggr-aa -aggrmodref-aa -aggr-aa -gvn -gvn -basicaa -aggr-aa -aggrmodref-aa -aggr-aa -dse -adse -adce -scalarrepl -mem2reg -global-constprop -deadargelim -deadargelim -instcombine -dce -simplifycfg -ptrArgReplace -mem2reg -function-inline -globaldce -mem2reg -instcombine -dce -expr-balance -instcombine -dce -bitwidthmin2 -bitwidthmin2 -interface-preproc -directive-preproc -inst-rectify -instcombine -dce -basicaa -aggr-aa -aggrmodref-aa -aggr-aa -functionattrs -constprop -instcombine -bit-constprop -simplify-global-access -globalopt -globaldce -inst-simplify -instcombine -elimdeaddata -dce -loop-delete -simplifycfg -loop-simplify -barrier -norm-name D:/hlstrack/hlstrack2025-master/security/L1/tests/hmac/sha256/hmac_sha256_test.prj/solution1/.autopilot/db/a.o.1.tmp.bc -o D:/hlstrack/hlstrack2025-master/security/L1/tests/hmac/sha256/hmac_sha256_test.prj/solution1/.autopilot/db/a.o.2.bc -f -phase presyn 
INFO: [XFORM 203-11] Balancing expressions in function 'xf::security::internal::sha256Digest<256>' (D:/hlstrack/hlstrack2025-master/security/L1/tests/hmac/sha256/../../../../L1/include\xf_security/sha224_256.hpp:577:13)...7 expression(s) balanced.
INFO: [XFORM 203-11] Balancing expressions in function 'xf::security::internal::generateMsgSchedule' (D:/hlstrack/hlstrack2025-master/security/L1/tests/hmac/sha256/../../../../L1/include\xf_security/sha224_256.hpp:524:13)...3 expression(s) balanced.
Command           transform done; 0.33 sec.
INFO: [HLS 200-111] Finished Loop, function and other optimizations: CPU user time: 1 seconds. CPU system time: 0 seconds. Elapsed time: 1.127 seconds; current allocated memory: 309.977 MB.
Execute           transform -hls -auto-function-inline -globaldce -ptrArgReplace -mem2reg -dce -reset-lda -loop-simplify -indvars -aggr-aa -licm -loop-dep -loop-bound -licm -loop-simplify -loop-sink-hoist -flattenloopnest -array-flatten -gvn -instcombine -dce -array-map -dce -func-legal -gvn -adce -instcombine -cfgopt -simplifycfg-lite -loop-simplify -array-burst -promote-global-argument -dce -array-seg-normalize -basicaa -aggrmodref-aa -globalsmodref-aa -aggr-aa -gvn -gvn -basicaa -aggrmodref-aa -globalsmodref-aa -aggr-aa -dse -adse -adce -licm -inst-simplify -dce -globaldce -instcombine -array-stream -eliminate-keepreads -instcombine -dce -deadargelim -doublePtrSimplify -doublePtrElim -dce -doublePtrSimplify -promote-dbg-pointer -dce -scalarrepl -mem2reg -norm-name -mem2reg -instcombine -dse -adse -adce -ptrLegalization -dce -array-flatten -dce -instcombine -check-doubleptr -loop-rot -constprop -inst-simplify -cfgopt -simplifycfg-lite -loop-simplify -indvars -pointer-simplify -dce -loop-bound -loop-simplify -loop-preproc -constprop -global-constprop -gvn -mem2reg -instcombine -dce -loop-bound -loop-merge -dce -deadargelim -dce -canonicalize-dataflow -dce -deadargelim -globaldce -mem2reg -bram-byte-enable -inst-simplify -inst-rectify -instcombine -adce -deadargelim -load-elim -read-loop-dep -loop-simplify -loop-rewind-sink-hoist -loop-outline -hls-dead-arg-elim -directive-preproc -bitwidthmin2 -bitwidthmin2 -read-loop-dep -interface-preproc -directive-preproc -interface-gen -bram-byte-enable-spec-prop -mul2addshift -deadargelim -inst-simplify -dce -mem2reg -instcombine -gvn -dce -adse -loop-bound -instcombine -cfgopt -simplifycfg-lite -loop-simplify -clean-region -io-protocol -find-region -mem2reg -bitop-raise -complex-op-raise -inst-simplify -inst-rectify -instcombine -adce -deadargelim -float-op-raise -loop-simplify -phi-opt -bitop-raise -cfgopt -simplifycfg-lite -strip-dead-prototypes -interface-lower -bitop-lower -intrinsic-lower -auto-function-inline -basicaa -aggrmodref-aa -globalsmodref-aa -aggr-aa -inst-simplify -simplifycfg-lite -loop-simplify -mergereturn -inst-simplify -inst-rectify -globaldce -dce -load-elim -bitop-lower -float-op-raise -fma-raise -loop-rewind -pointer-simplify -dce -cfgopt -dce -loop-bound -loop-dep -read-loop-dep -dce -dyn-mem-reuse -dce -recurrence-min -dce -share-scalar-alloca -deadargelim -dce -check-stream -norm-name -legalize -inst-clarity -bitwidth -dce -validate-dataflow -dump-loop-dep-to-ir -check-all-ssdm -dump-complexity-metric D:/hlstrack/hlstrack2025-master/security/L1/tests/hmac/sha256/hmac_sha256_test.prj/solution1/.autopilot/db/a.o.2.bc -o D:/hlstrack/hlstrack2025-master/security/L1/tests/hmac/sha256/hmac_sha256_test.prj/solution1/.autopilot/db/a.o.3.bc -f -phase build-ssdm 
INFO: [HLS 200-2061] Successfully converted nested loops 'LOOP_SHA256_DIGEST_NBLK'(D:/hlstrack/hlstrack2025-master/security/L1/tests/hmac/sha256/../../../../L1/include\xf_security/sha224_256.hpp:663:9) and 'LOOP_SHA256_UPDATE_64_ROUNDS'(D:/hlstrack/hlstrack2025-master/security/L1/tests/hmac/sha256/../../../../L1/include\xf_security/sha224_256.hpp:682:13) in function 'xf::security::internal::sha256Digest<256>' into perfectly nested loops.
WARNING: [HLS 200-960] Cannot flatten loop 'LOOP_SHA256_DIGEST_NBLK' (D:/hlstrack/hlstrack2025-master/security/L1/tests/hmac/sha256/../../../../L1/include\xf_security/sha224_256.hpp:663:9) in function 'xf::security::internal::sha256Digest<256>' the outer loop is not a perfect loop because there is nontrivial logic in the loop latch.
WARNING: [HLS 200-960] Cannot flatten loop 'VITIS_LOOP_118_1' (D:/hlstrack/hlstrack2025-master/security/L1/tests/hmac/sha256/../../../../L1/include\xf_security/hmac.hpp:118:27) in function 'xf::security::internal::kpad<32, 64, 256, 32, 64, sha256_wrapper>' the outer loop is not a perfect loop because there is nontrivial logic in the loop latch.
Execute             auto_get_db
Command           transform done; 0.743 sec.
INFO-FLOW: Building ssdm...
Execute           transform -hls -cdfg-build D:/hlstrack/hlstrack2025-master/security/L1/tests/hmac/sha256/hmac_sha256_test.prj/solution1/.autopilot/db/a.o.3.bc -o D:/hlstrack/hlstrack2025-master/security/L1/tests/hmac/sha256/hmac_sha256_test.prj/solution1/.autopilot/db/a.o.3.bc -f -phase build-ssdm 
WARNING: [HLS 200-765] Process mergeKipad<32, 64, 256, 64> is made part of the output synchronization in its dataflow region, because it has an external FIFO output and no PIPO output
WARNING: [HLS 200-1450] Process mergeKipad<32, 64, 256, 64> has both a successor and writes an output to its caller (see the GUI dataflow viewer). This may lead to lower throughput. Consider copying this output via a successor process.
WARNING: [HLS 200-1614] Cosimulation may deadlock if process msgHash<32, 64, 256, 32, 64, sha256_wrapper> has a streamed top-level array input and has predecessor processes. If a deadlock occurs, please consider converting the streamed array into an hls::stream
Command           transform done; 0.278 sec.
INFO: [HLS 200-111] Finished Architecture Synthesis: CPU user time: 1 seconds. CPU system time: 1 seconds. Elapsed time: 1.023 seconds; current allocated memory: 520.004 MB.
INFO-FLOW: Finish building internal data model.
Command         opt_and_import_c done; 2.798 sec.
Command       elaborate done; 29.102 sec.
Execute       ap_eval exec zip -j D:/hlstrack/hlstrack2025-master/security/L1/tests/hmac/sha256/hmac_sha256_test.prj/solution1/.autopilot/db/dut.hcp $dbDir/a.o.3.bc $dbDir/${topname}.rtl_wrap.cfg.tcl $dbDir/apatb_${topname}.cpp $dbDir/apatb_${topname}_util.cpp $dbDir/apatb_${topname}_ir.ll $dbDir/mapper_${topname}.cpp $dbDir/top-io-fe.xml $dbDir/kernel.internal.xml $workdir/../hls.app 
Command       ap_eval done; 0.264 sec.
Execute       autosyn -from_csynth_design=1 
INFO: [HLS 200-10] Starting hardware synthesis ...
INFO-FLOW: Synthesizing C/C++ design ...
INFO: [HLS 200-10] Synthesizing 'test_hmac_sha256' ...
Execute         ap_set_top_model test_hmac_sha256 
WARNING: [SYN 201-103] Legalizing function name 'kpad<32, 64, 256, 32, 64, sha256_wrapper>_Pipeline_VITIS_LOOP_120_2' to 'kpad_32_64_256_32_64_sha256_wrapper_Pipeline_VITIS_LOOP_120_2'.
WARNING: [SYN 201-103] Legalizing function name 'kpad<32, 64, 256, 32, 64, sha256_wrapper>' to 'kpad_32_64_256_32_64_sha256_wrapper_s'.
WARNING: [SYN 201-103] Legalizing function name 'mergeKipad<32, 64, 256, 64>_Pipeline_VITIS_LOOP_162_2' to 'mergeKipad_32_64_256_64_Pipeline_VITIS_LOOP_162_2'.
WARNING: [SYN 201-103] Legalizing function name 'mergeKipad<32, 64, 256, 64>_Pipeline_VITIS_LOOP_171_3' to 'mergeKipad_32_64_256_64_Pipeline_VITIS_LOOP_171_3'.
WARNING: [SYN 201-103] Legalizing function name 'mergeKipad<32, 64, 256, 64>' to 'mergeKipad_32_64_256_64_s'.
WARNING: [SYN 201-103] Legalizing function name 'sha256Digest<256>_Pipeline_LOOP_SHA256_UPDATE_64_ROUNDS' to 'sha256Digest_256_Pipeline_LOOP_SHA256_UPDATE_64_ROUNDS'.
WARNING: [SYN 201-103] Legalizing function name 'sha256Digest<256>' to 'sha256Digest_256_s'.
WARNING: [SYN 201-103] Legalizing function name 'sha256_top<32, 256>' to 'sha256_top_32_256_s'.
WARNING: [SYN 201-103] Legalizing function name 'msgHash<32, 64, 256, 32, 64, sha256_wrapper>' to 'msgHash_32_64_256_32_64_sha256_wrapper_s'.
WARNING: [SYN 201-103] Legalizing function name 'mergeKopad<32, 64, 256, 32, 64>_Pipeline_VITIS_LOOP_220_2' to 'mergeKopad_32_64_256_32_64_Pipeline_VITIS_LOOP_220_2'.
WARNING: [SYN 201-103] Legalizing function name 'mergeKopad<32, 64, 256, 32, 64>_Pipeline_VITIS_LOOP_226_3' to 'mergeKopad_32_64_256_32_64_Pipeline_VITIS_LOOP_226_3'.
WARNING: [SYN 201-103] Legalizing function name 'mergeKopad<32, 64, 256, 32, 64>' to 'mergeKopad_32_64_256_32_64_s'.
WARNING: [SYN 201-103] Legalizing function name 'hash.1' to 'hash_1'.
WARNING: [SYN 201-103] Legalizing function name 'resHash<32, 64, 256, 32, 64, sha256_wrapper>' to 'resHash_32_64_256_32_64_sha256_wrapper_s'.
WARNING: [SYN 201-103] Legalizing function name 'hmacDataflow<32, 64, 256, 32, 64, sha256_wrapper>' to 'hmacDataflow_32_64_256_32_64_sha256_wrapper_s'.
Execute         get_model_list test_hmac_sha256 -filter all-wo-channel -topdown 
Execute         preproc_iomode -model test_hmac_sha256 
Execute         preproc_iomode -model hmacDataflow<32, 64, 256, 32, 64, sha256_wrapper> 
Execute         preproc_iomode -model resHash<32, 64, 256, 32, 64, sha256_wrapper> 
Execute         preproc_iomode -model hash.1 
Execute         preproc_iomode -model mergeKopad<32, 64, 256, 32, 64> 
Execute         preproc_iomode -model mergeKopad<32, 64, 256, 32, 64>_Pipeline_VITIS_LOOP_226_3 
Execute         preproc_iomode -model mergeKopad<32, 64, 256, 32, 64>_Pipeline_VITIS_LOOP_220_2 
Execute         preproc_iomode -model msgHash<32, 64, 256, 32, 64, sha256_wrapper> 
Execute         preproc_iomode -model hash 
Execute         preproc_iomode -model sha256_top<32, 256> 
Execute         preproc_iomode -model sha256Digest<256> 
Execute         preproc_iomode -model sha256Digest<256>_Pipeline_LOOP_SHA256_UPDATE_64_ROUNDS 
Execute         preproc_iomode -model generateMsgSchedule 
Execute         preproc_iomode -model generateMsgSchedule_Pipeline_LOOP_SHA256_PREPARE_WT64 
Execute         preproc_iomode -model generateMsgSchedule_Pipeline_LOOP_SHA256_PREPARE_WT16 
Execute         preproc_iomode -model dup_strm 
Execute         preproc_iomode -model dup_strm_Pipeline_VITIS_LOOP_506_1 
Execute         preproc_iomode -model preProcessing 
Execute         preproc_iomode -model preProcessing_Pipeline_LOOP_SHA256_GEN_COPY_TAIL_AND_ONE 
Execute         preproc_iomode -model preProcessing_Pipeline_LOOP_SHA256_GEN_FULL_BLKS 
Execute         preproc_iomode -model mergeKipad<32, 64, 256, 64> 
Execute         preproc_iomode -model mergeKipad<32, 64, 256, 64>_Pipeline_VITIS_LOOP_171_3 
Execute         preproc_iomode -model mergeKipad<32, 64, 256, 64>_Pipeline_VITIS_LOOP_162_2 
Execute         preproc_iomode -model kpad<32, 64, 256, 32, 64, sha256_wrapper> 
Execute         preproc_iomode -model kpad<32, 64, 256, 32, 64, sha256_wrapper>_Pipeline_VITIS_LOOP_120_2 
Execute         get_model_list test_hmac_sha256 -filter all-wo-channel 
INFO-FLOW: Model list for configure: {kpad<32, 64, 256, 32, 64, sha256_wrapper>_Pipeline_VITIS_LOOP_120_2} {kpad<32, 64, 256, 32, 64, sha256_wrapper>} {mergeKipad<32, 64, 256, 64>_Pipeline_VITIS_LOOP_162_2} {mergeKipad<32, 64, 256, 64>_Pipeline_VITIS_LOOP_171_3} {mergeKipad<32, 64, 256, 64>} preProcessing_Pipeline_LOOP_SHA256_GEN_FULL_BLKS preProcessing_Pipeline_LOOP_SHA256_GEN_COPY_TAIL_AND_ONE preProcessing dup_strm_Pipeline_VITIS_LOOP_506_1 dup_strm generateMsgSchedule_Pipeline_LOOP_SHA256_PREPARE_WT16 generateMsgSchedule_Pipeline_LOOP_SHA256_PREPARE_WT64 generateMsgSchedule sha256Digest<256>_Pipeline_LOOP_SHA256_UPDATE_64_ROUNDS sha256Digest<256> {sha256_top<32, 256>} hash {msgHash<32, 64, 256, 32, 64, sha256_wrapper>} {mergeKopad<32, 64, 256, 32, 64>_Pipeline_VITIS_LOOP_220_2} {mergeKopad<32, 64, 256, 32, 64>_Pipeline_VITIS_LOOP_226_3} {mergeKopad<32, 64, 256, 32, 64>} hash.1 {resHash<32, 64, 256, 32, 64, sha256_wrapper>} {hmacDataflow<32, 64, 256, 32, 64, sha256_wrapper>} test_hmac_sha256
INFO-FLOW: Configuring Module : kpad<32, 64, 256, 32, 64, sha256_wrapper>_Pipeline_VITIS_LOOP_120_2 ...
Execute         set_default_model kpad<32, 64, 256, 32, 64, sha256_wrapper>_Pipeline_VITIS_LOOP_120_2 
Execute         apply_spec_resource_limit kpad<32, 64, 256, 32, 64, sha256_wrapper>_Pipeline_VITIS_LOOP_120_2 
INFO-FLOW: Configuring Module : kpad<32, 64, 256, 32, 64, sha256_wrapper> ...
Execute         set_default_model kpad<32, 64, 256, 32, 64, sha256_wrapper> 
Execute         apply_spec_resource_limit kpad<32, 64, 256, 32, 64, sha256_wrapper> 
INFO-FLOW: Configuring Module : mergeKipad<32, 64, 256, 64>_Pipeline_VITIS_LOOP_162_2 ...
Execute         set_default_model mergeKipad<32, 64, 256, 64>_Pipeline_VITIS_LOOP_162_2 
Execute         apply_spec_resource_limit mergeKipad<32, 64, 256, 64>_Pipeline_VITIS_LOOP_162_2 
INFO-FLOW: Configuring Module : mergeKipad<32, 64, 256, 64>_Pipeline_VITIS_LOOP_171_3 ...
Execute         set_default_model mergeKipad<32, 64, 256, 64>_Pipeline_VITIS_LOOP_171_3 
Execute         apply_spec_resource_limit mergeKipad<32, 64, 256, 64>_Pipeline_VITIS_LOOP_171_3 
INFO-FLOW: Configuring Module : mergeKipad<32, 64, 256, 64> ...
Execute         set_default_model mergeKipad<32, 64, 256, 64> 
Execute         apply_spec_resource_limit mergeKipad<32, 64, 256, 64> 
INFO-FLOW: Configuring Module : preProcessing_Pipeline_LOOP_SHA256_GEN_FULL_BLKS ...
Execute         set_default_model preProcessing_Pipeline_LOOP_SHA256_GEN_FULL_BLKS 
Execute         apply_spec_resource_limit preProcessing_Pipeline_LOOP_SHA256_GEN_FULL_BLKS 
INFO-FLOW: Configuring Module : preProcessing_Pipeline_LOOP_SHA256_GEN_COPY_TAIL_AND_ONE ...
Execute         set_default_model preProcessing_Pipeline_LOOP_SHA256_GEN_COPY_TAIL_AND_ONE 
Execute         apply_spec_resource_limit preProcessing_Pipeline_LOOP_SHA256_GEN_COPY_TAIL_AND_ONE 
INFO-FLOW: Configuring Module : preProcessing ...
Execute         set_default_model preProcessing 
Execute         apply_spec_resource_limit preProcessing 
INFO-FLOW: Configuring Module : dup_strm_Pipeline_VITIS_LOOP_506_1 ...
Execute         set_default_model dup_strm_Pipeline_VITIS_LOOP_506_1 
Execute         apply_spec_resource_limit dup_strm_Pipeline_VITIS_LOOP_506_1 
INFO-FLOW: Configuring Module : dup_strm ...
Execute         set_default_model dup_strm 
Execute         apply_spec_resource_limit dup_strm 
INFO-FLOW: Configuring Module : generateMsgSchedule_Pipeline_LOOP_SHA256_PREPARE_WT16 ...
Execute         set_default_model generateMsgSchedule_Pipeline_LOOP_SHA256_PREPARE_WT16 
Execute         apply_spec_resource_limit generateMsgSchedule_Pipeline_LOOP_SHA256_PREPARE_WT16 
INFO-FLOW: Configuring Module : generateMsgSchedule_Pipeline_LOOP_SHA256_PREPARE_WT64 ...
Execute         set_default_model generateMsgSchedule_Pipeline_LOOP_SHA256_PREPARE_WT64 
Execute         apply_spec_resource_limit generateMsgSchedule_Pipeline_LOOP_SHA256_PREPARE_WT64 
INFO-FLOW: Configuring Module : generateMsgSchedule ...
Execute         set_default_model generateMsgSchedule 
Execute         apply_spec_resource_limit generateMsgSchedule 
INFO-FLOW: Configuring Module : sha256Digest<256>_Pipeline_LOOP_SHA256_UPDATE_64_ROUNDS ...
Execute         set_default_model sha256Digest<256>_Pipeline_LOOP_SHA256_UPDATE_64_ROUNDS 
Execute         apply_spec_resource_limit sha256Digest<256>_Pipeline_LOOP_SHA256_UPDATE_64_ROUNDS 
INFO-FLOW: Configuring Module : sha256Digest<256> ...
Execute         set_default_model sha256Digest<256> 
Execute         apply_spec_resource_limit sha256Digest<256> 
INFO-FLOW: Configuring Module : sha256_top<32, 256> ...
Execute         set_default_model sha256_top<32, 256> 
Execute         apply_spec_resource_limit sha256_top<32, 256> 
INFO-FLOW: Configuring Module : hash ...
Execute         set_default_model hash 
Execute         apply_spec_resource_limit hash 
INFO-FLOW: Configuring Module : msgHash<32, 64, 256, 32, 64, sha256_wrapper> ...
Execute         set_default_model msgHash<32, 64, 256, 32, 64, sha256_wrapper> 
Execute         apply_spec_resource_limit msgHash<32, 64, 256, 32, 64, sha256_wrapper> 
INFO-FLOW: Configuring Module : mergeKopad<32, 64, 256, 32, 64>_Pipeline_VITIS_LOOP_220_2 ...
Execute         set_default_model mergeKopad<32, 64, 256, 32, 64>_Pipeline_VITIS_LOOP_220_2 
Execute         apply_spec_resource_limit mergeKopad<32, 64, 256, 32, 64>_Pipeline_VITIS_LOOP_220_2 
INFO-FLOW: Configuring Module : mergeKopad<32, 64, 256, 32, 64>_Pipeline_VITIS_LOOP_226_3 ...
Execute         set_default_model mergeKopad<32, 64, 256, 32, 64>_Pipeline_VITIS_LOOP_226_3 
Execute         apply_spec_resource_limit mergeKopad<32, 64, 256, 32, 64>_Pipeline_VITIS_LOOP_226_3 
INFO-FLOW: Configuring Module : mergeKopad<32, 64, 256, 32, 64> ...
Execute         set_default_model mergeKopad<32, 64, 256, 32, 64> 
Execute         apply_spec_resource_limit mergeKopad<32, 64, 256, 32, 64> 
INFO-FLOW: Configuring Module : hash.1 ...
Execute         set_default_model hash.1 
Execute         apply_spec_resource_limit hash.1 
INFO-FLOW: Configuring Module : resHash<32, 64, 256, 32, 64, sha256_wrapper> ...
Execute         set_default_model resHash<32, 64, 256, 32, 64, sha256_wrapper> 
Execute         apply_spec_resource_limit resHash<32, 64, 256, 32, 64, sha256_wrapper> 
INFO-FLOW: Configuring Module : hmacDataflow<32, 64, 256, 32, 64, sha256_wrapper> ...
Execute         set_default_model hmacDataflow<32, 64, 256, 32, 64, sha256_wrapper> 
Execute         apply_spec_resource_limit hmacDataflow<32, 64, 256, 32, 64, sha256_wrapper> 
INFO-FLOW: Configuring Module : test_hmac_sha256 ...
Execute         set_default_model test_hmac_sha256 
Execute         apply_spec_resource_limit test_hmac_sha256 
INFO-FLOW: Model list for preprocess: {kpad<32, 64, 256, 32, 64, sha256_wrapper>_Pipeline_VITIS_LOOP_120_2} {kpad<32, 64, 256, 32, 64, sha256_wrapper>} {mergeKipad<32, 64, 256, 64>_Pipeline_VITIS_LOOP_162_2} {mergeKipad<32, 64, 256, 64>_Pipeline_VITIS_LOOP_171_3} {mergeKipad<32, 64, 256, 64>} preProcessing_Pipeline_LOOP_SHA256_GEN_FULL_BLKS preProcessing_Pipeline_LOOP_SHA256_GEN_COPY_TAIL_AND_ONE preProcessing dup_strm_Pipeline_VITIS_LOOP_506_1 dup_strm generateMsgSchedule_Pipeline_LOOP_SHA256_PREPARE_WT16 generateMsgSchedule_Pipeline_LOOP_SHA256_PREPARE_WT64 generateMsgSchedule sha256Digest<256>_Pipeline_LOOP_SHA256_UPDATE_64_ROUNDS sha256Digest<256> {sha256_top<32, 256>} hash {msgHash<32, 64, 256, 32, 64, sha256_wrapper>} {mergeKopad<32, 64, 256, 32, 64>_Pipeline_VITIS_LOOP_220_2} {mergeKopad<32, 64, 256, 32, 64>_Pipeline_VITIS_LOOP_226_3} {mergeKopad<32, 64, 256, 32, 64>} hash.1 {resHash<32, 64, 256, 32, 64, sha256_wrapper>} {hmacDataflow<32, 64, 256, 32, 64, sha256_wrapper>} test_hmac_sha256
INFO-FLOW: Preprocessing Module: kpad<32, 64, 256, 32, 64, sha256_wrapper>_Pipeline_VITIS_LOOP_120_2 ...
Execute         set_default_model kpad<32, 64, 256, 32, 64, sha256_wrapper>_Pipeline_VITIS_LOOP_120_2 
Execute         cdfg_preprocess -model kpad<32, 64, 256, 32, 64, sha256_wrapper>_Pipeline_VITIS_LOOP_120_2 
Execute         rtl_gen_preprocess kpad<32, 64, 256, 32, 64, sha256_wrapper>_Pipeline_VITIS_LOOP_120_2 
INFO-FLOW: Preprocessing Module: kpad<32, 64, 256, 32, 64, sha256_wrapper> ...
Execute         set_default_model kpad<32, 64, 256, 32, 64, sha256_wrapper> 
Execute         cdfg_preprocess -model kpad<32, 64, 256, 32, 64, sha256_wrapper> 
Execute         rtl_gen_preprocess kpad<32, 64, 256, 32, 64, sha256_wrapper> 
INFO-FLOW: Preprocessing Module: mergeKipad<32, 64, 256, 64>_Pipeline_VITIS_LOOP_162_2 ...
Execute         set_default_model mergeKipad<32, 64, 256, 64>_Pipeline_VITIS_LOOP_162_2 
Execute         cdfg_preprocess -model mergeKipad<32, 64, 256, 64>_Pipeline_VITIS_LOOP_162_2 
Execute         rtl_gen_preprocess mergeKipad<32, 64, 256, 64>_Pipeline_VITIS_LOOP_162_2 
INFO-FLOW: Preprocessing Module: mergeKipad<32, 64, 256, 64>_Pipeline_VITIS_LOOP_171_3 ...
Execute         set_default_model mergeKipad<32, 64, 256, 64>_Pipeline_VITIS_LOOP_171_3 
Execute         cdfg_preprocess -model mergeKipad<32, 64, 256, 64>_Pipeline_VITIS_LOOP_171_3 
Execute         rtl_gen_preprocess mergeKipad<32, 64, 256, 64>_Pipeline_VITIS_LOOP_171_3 
INFO-FLOW: Preprocessing Module: mergeKipad<32, 64, 256, 64> ...
Execute         set_default_model mergeKipad<32, 64, 256, 64> 
Execute         cdfg_preprocess -model mergeKipad<32, 64, 256, 64> 
Execute         rtl_gen_preprocess mergeKipad<32, 64, 256, 64> 
INFO-FLOW: Preprocessing Module: preProcessing_Pipeline_LOOP_SHA256_GEN_FULL_BLKS ...
Execute         set_default_model preProcessing_Pipeline_LOOP_SHA256_GEN_FULL_BLKS 
Execute         cdfg_preprocess -model preProcessing_Pipeline_LOOP_SHA256_GEN_FULL_BLKS 
Execute         rtl_gen_preprocess preProcessing_Pipeline_LOOP_SHA256_GEN_FULL_BLKS 
INFO-FLOW: Preprocessing Module: preProcessing_Pipeline_LOOP_SHA256_GEN_COPY_TAIL_AND_ONE ...
Execute         set_default_model preProcessing_Pipeline_LOOP_SHA256_GEN_COPY_TAIL_AND_ONE 
Execute         cdfg_preprocess -model preProcessing_Pipeline_LOOP_SHA256_GEN_COPY_TAIL_AND_ONE 
Execute         rtl_gen_preprocess preProcessing_Pipeline_LOOP_SHA256_GEN_COPY_TAIL_AND_ONE 
INFO-FLOW: Preprocessing Module: preProcessing ...
Execute         set_default_model preProcessing 
Execute         cdfg_preprocess -model preProcessing 
Execute         rtl_gen_preprocess preProcessing 
INFO-FLOW: Preprocessing Module: dup_strm_Pipeline_VITIS_LOOP_506_1 ...
Execute         set_default_model dup_strm_Pipeline_VITIS_LOOP_506_1 
Execute         cdfg_preprocess -model dup_strm_Pipeline_VITIS_LOOP_506_1 
Execute         rtl_gen_preprocess dup_strm_Pipeline_VITIS_LOOP_506_1 
INFO-FLOW: Preprocessing Module: dup_strm ...
Execute         set_default_model dup_strm 
Execute         cdfg_preprocess -model dup_strm 
Execute         rtl_gen_preprocess dup_strm 
INFO-FLOW: Preprocessing Module: generateMsgSchedule_Pipeline_LOOP_SHA256_PREPARE_WT16 ...
Execute         set_default_model generateMsgSchedule_Pipeline_LOOP_SHA256_PREPARE_WT16 
Execute         cdfg_preprocess -model generateMsgSchedule_Pipeline_LOOP_SHA256_PREPARE_WT16 
Execute         rtl_gen_preprocess generateMsgSchedule_Pipeline_LOOP_SHA256_PREPARE_WT16 
INFO-FLOW: Preprocessing Module: generateMsgSchedule_Pipeline_LOOP_SHA256_PREPARE_WT64 ...
Execute         set_default_model generateMsgSchedule_Pipeline_LOOP_SHA256_PREPARE_WT64 
Execute         cdfg_preprocess -model generateMsgSchedule_Pipeline_LOOP_SHA256_PREPARE_WT64 
Execute         rtl_gen_preprocess generateMsgSchedule_Pipeline_LOOP_SHA256_PREPARE_WT64 
INFO-FLOW: Preprocessing Module: generateMsgSchedule ...
Execute         set_default_model generateMsgSchedule 
Execute         cdfg_preprocess -model generateMsgSchedule 
Execute         rtl_gen_preprocess generateMsgSchedule 
INFO-FLOW: Preprocessing Module: sha256Digest<256>_Pipeline_LOOP_SHA256_UPDATE_64_ROUNDS ...
Execute         set_default_model sha256Digest<256>_Pipeline_LOOP_SHA256_UPDATE_64_ROUNDS 
Execute         cdfg_preprocess -model sha256Digest<256>_Pipeline_LOOP_SHA256_UPDATE_64_ROUNDS 
Execute         rtl_gen_preprocess sha256Digest<256>_Pipeline_LOOP_SHA256_UPDATE_64_ROUNDS 
INFO-FLOW: Preprocessing Module: sha256Digest<256> ...
Execute         set_default_model sha256Digest<256> 
Execute         cdfg_preprocess -model sha256Digest<256> 
Execute         rtl_gen_preprocess sha256Digest<256> 
INFO-FLOW: Preprocessing Module: sha256_top<32, 256> ...
Execute         set_default_model sha256_top<32, 256> 
Execute         cdfg_preprocess -model sha256_top<32, 256> 
Execute         rtl_gen_preprocess sha256_top<32, 256> 
INFO-FLOW: Preprocessing Module: hash ...
Execute         set_default_model hash 
Execute         cdfg_preprocess -model hash 
Execute         rtl_gen_preprocess hash 
INFO-FLOW: Preprocessing Module: msgHash<32, 64, 256, 32, 64, sha256_wrapper> ...
Execute         set_default_model msgHash<32, 64, 256, 32, 64, sha256_wrapper> 
Execute         cdfg_preprocess -model msgHash<32, 64, 256, 32, 64, sha256_wrapper> 
Execute         rtl_gen_preprocess msgHash<32, 64, 256, 32, 64, sha256_wrapper> 
INFO-FLOW: Preprocessing Module: mergeKopad<32, 64, 256, 32, 64>_Pipeline_VITIS_LOOP_220_2 ...
Execute         set_default_model mergeKopad<32, 64, 256, 32, 64>_Pipeline_VITIS_LOOP_220_2 
Execute         cdfg_preprocess -model mergeKopad<32, 64, 256, 32, 64>_Pipeline_VITIS_LOOP_220_2 
Execute         rtl_gen_preprocess mergeKopad<32, 64, 256, 32, 64>_Pipeline_VITIS_LOOP_220_2 
INFO-FLOW: Preprocessing Module: mergeKopad<32, 64, 256, 32, 64>_Pipeline_VITIS_LOOP_226_3 ...
Execute         set_default_model mergeKopad<32, 64, 256, 32, 64>_Pipeline_VITIS_LOOP_226_3 
Execute         cdfg_preprocess -model mergeKopad<32, 64, 256, 32, 64>_Pipeline_VITIS_LOOP_226_3 
Execute         rtl_gen_preprocess mergeKopad<32, 64, 256, 32, 64>_Pipeline_VITIS_LOOP_226_3 
INFO-FLOW: Preprocessing Module: mergeKopad<32, 64, 256, 32, 64> ...
Execute         set_default_model mergeKopad<32, 64, 256, 32, 64> 
Execute         cdfg_preprocess -model mergeKopad<32, 64, 256, 32, 64> 
Execute         rtl_gen_preprocess mergeKopad<32, 64, 256, 32, 64> 
INFO-FLOW: Preprocessing Module: hash.1 ...
Execute         set_default_model hash.1 
Execute         cdfg_preprocess -model hash.1 
Execute         rtl_gen_preprocess hash.1 
INFO-FLOW: Preprocessing Module: resHash<32, 64, 256, 32, 64, sha256_wrapper> ...
Execute         set_default_model resHash<32, 64, 256, 32, 64, sha256_wrapper> 
Execute         cdfg_preprocess -model resHash<32, 64, 256, 32, 64, sha256_wrapper> 
Execute         rtl_gen_preprocess resHash<32, 64, 256, 32, 64, sha256_wrapper> 
INFO-FLOW: Preprocessing Module: hmacDataflow<32, 64, 256, 32, 64, sha256_wrapper> ...
Execute         set_default_model hmacDataflow<32, 64, 256, 32, 64, sha256_wrapper> 
Execute         cdfg_preprocess -model hmacDataflow<32, 64, 256, 32, 64, sha256_wrapper> 
Execute         rtl_gen_preprocess hmacDataflow<32, 64, 256, 32, 64, sha256_wrapper> 
INFO-FLOW: Preprocessing Module: test_hmac_sha256 ...
Execute         set_default_model test_hmac_sha256 
Execute         cdfg_preprocess -model test_hmac_sha256 
Execute         rtl_gen_preprocess test_hmac_sha256 
INFO-FLOW: Model list for synthesis: {kpad<32, 64, 256, 32, 64, sha256_wrapper>_Pipeline_VITIS_LOOP_120_2} {kpad<32, 64, 256, 32, 64, sha256_wrapper>} {mergeKipad<32, 64, 256, 64>_Pipeline_VITIS_LOOP_162_2} {mergeKipad<32, 64, 256, 64>_Pipeline_VITIS_LOOP_171_3} {mergeKipad<32, 64, 256, 64>} preProcessing_Pipeline_LOOP_SHA256_GEN_FULL_BLKS preProcessing_Pipeline_LOOP_SHA256_GEN_COPY_TAIL_AND_ONE preProcessing dup_strm_Pipeline_VITIS_LOOP_506_1 dup_strm generateMsgSchedule_Pipeline_LOOP_SHA256_PREPARE_WT16 generateMsgSchedule_Pipeline_LOOP_SHA256_PREPARE_WT64 generateMsgSchedule sha256Digest<256>_Pipeline_LOOP_SHA256_UPDATE_64_ROUNDS sha256Digest<256> {sha256_top<32, 256>} hash {msgHash<32, 64, 256, 32, 64, sha256_wrapper>} {mergeKopad<32, 64, 256, 32, 64>_Pipeline_VITIS_LOOP_220_2} {mergeKopad<32, 64, 256, 32, 64>_Pipeline_VITIS_LOOP_226_3} {mergeKopad<32, 64, 256, 32, 64>} hash.1 {resHash<32, 64, 256, 32, 64, sha256_wrapper>} {hmacDataflow<32, 64, 256, 32, 64, sha256_wrapper>} test_hmac_sha256
INFO: [HLS 200-10] ----------------------------------------------------------------
INFO: [HLS 200-42] -- Implementing module 'kpad_32_64_256_32_64_sha256_wrapper_Pipeline_VITIS_LOOP_120_2' 
INFO: [HLS 200-10] ----------------------------------------------------------------
Execute         set_default_model kpad<32, 64, 256, 32, 64, sha256_wrapper>_Pipeline_VITIS_LOOP_120_2 
Execute         schedule -model kpad<32, 64, 256, 32, 64, sha256_wrapper>_Pipeline_VITIS_LOOP_120_2 
INFO: [SCHED 204-11] Starting scheduling ...
INFO: [SCHED 204-61] Pipelining loop 'VITIS_LOOP_120_2'.
INFO: [HLS 200-1470] Pipelining result : Target II = 1, Final II = 1, Depth = 2, loop 'VITIS_LOOP_120_2'
INFO: [SCHED 204-11] Finished scheduling.
INFO: [HLS 200-111] Finished Scheduling: CPU user time: 0 seconds. CPU system time: 0 seconds. Elapsed time: 0.493 seconds; current allocated memory: 524.434 MB.
Execute         syn_report -verbosereport -o D:/hlstrack/hlstrack2025-master/security/L1/tests/hmac/sha256/hmac_sha256_test.prj/solution1/.autopilot/db/kpad_32_64_256_32_64_sha256_wrapper_Pipeline_VITIS_LOOP_120_2.verbose.sched.rpt 
Execute           list_part -family xc7z020-clg484-1 
Execute             ap_family_info -name xc7z020-clg484-1 -data names 
Execute             ap_part_info -quiet -name xc7z020-clg484-1 -data family 
Execute         db_write -o D:/hlstrack/hlstrack2025-master/security/L1/tests/hmac/sha256/hmac_sha256_test.prj/solution1/.autopilot/db/kpad_32_64_256_32_64_sha256_wrapper_Pipeline_VITIS_LOOP_120_2.sched.adb -f 
INFO-FLOW: Finish scheduling kpad<32, 64, 256, 32, 64, sha256_wrapper>_Pipeline_VITIS_LOOP_120_2.
Execute         set_default_model kpad<32, 64, 256, 32, 64, sha256_wrapper>_Pipeline_VITIS_LOOP_120_2 
Execute         bind -model kpad<32, 64, 256, 32, 64, sha256_wrapper>_Pipeline_VITIS_LOOP_120_2 
INFO: [BIND 205-100] Starting micro-architecture generation ...
INFO: [BIND 205-101] Performing variable lifetime analysis.
INFO: [BIND 205-101] Exploring resource sharing.
INFO: [BIND 205-101] Binding ...
INFO: [BIND 205-100] Finished micro-architecture generation.
INFO: [HLS 200-111] Finished Binding: CPU user time: 0 seconds. CPU system time: 0 seconds. Elapsed time: 0.122 seconds; current allocated memory: 525.652 MB.
Execute         syn_report -verbosereport -o D:/hlstrack/hlstrack2025-master/security/L1/tests/hmac/sha256/hmac_sha256_test.prj/solution1/.autopilot/db/kpad_32_64_256_32_64_sha256_wrapper_Pipeline_VITIS_LOOP_120_2.verbose.bind.rpt 
Execute           list_part -family xc7z020-clg484-1 
Execute             ap_family_info -name xc7z020-clg484-1 -data names 
Execute             ap_part_info -quiet -name xc7z020-clg484-1 -data family 
Execute         db_write -o D:/hlstrack/hlstrack2025-master/security/L1/tests/hmac/sha256/hmac_sha256_test.prj/solution1/.autopilot/db/kpad_32_64_256_32_64_sha256_wrapper_Pipeline_VITIS_LOOP_120_2.bind.adb -f 
INFO-FLOW: Finish binding kpad<32, 64, 256, 32, 64, sha256_wrapper>_Pipeline_VITIS_LOOP_120_2.
INFO: [HLS 200-10] ----------------------------------------------------------------
INFO: [HLS 200-42] -- Implementing module 'kpad_32_64_256_32_64_sha256_wrapper_s' 
INFO: [HLS 200-10] ----------------------------------------------------------------
Execute         set_default_model kpad<32, 64, 256, 32, 64, sha256_wrapper> 
Execute         schedule -model kpad<32, 64, 256, 32, 64, sha256_wrapper> 
INFO: [SCHED 204-11] Starting scheduling ...
INFO: [SCHED 204-11] Finished scheduling.
INFO: [HLS 200-111] Finished Scheduling: CPU user time: 0 seconds. CPU system time: 0 seconds. Elapsed time: 0.134 seconds; current allocated memory: 527.027 MB.
Execute         syn_report -verbosereport -o D:/hlstrack/hlstrack2025-master/security/L1/tests/hmac/sha256/hmac_sha256_test.prj/solution1/.autopilot/db/kpad_32_64_256_32_64_sha256_wrapper_s.verbose.sched.rpt 
Execute           list_part -family xc7z020-clg484-1 
Execute             ap_family_info -name xc7z020-clg484-1 -data names 
Execute             ap_part_info -quiet -name xc7z020-clg484-1 -data family 
Execute         db_write -o D:/hlstrack/hlstrack2025-master/security/L1/tests/hmac/sha256/hmac_sha256_test.prj/solution1/.autopilot/db/kpad_32_64_256_32_64_sha256_wrapper_s.sched.adb -f 
INFO-FLOW: Finish scheduling kpad<32, 64, 256, 32, 64, sha256_wrapper>.
Execute         set_default_model kpad<32, 64, 256, 32, 64, sha256_wrapper> 
Execute         bind -model kpad<32, 64, 256, 32, 64, sha256_wrapper> 
INFO: [BIND 205-100] Starting micro-architecture generation ...
INFO: [BIND 205-101] Performing variable lifetime analysis.
INFO: [BIND 205-101] Exploring resource sharing.
INFO: [BIND 205-101] Binding ...
INFO: [BIND 205-100] Finished micro-architecture generation.
INFO: [HLS 200-111] Finished Binding: CPU user time: 0 seconds. CPU system time: 0 seconds. Elapsed time: 0.174 seconds; current allocated memory: 527.887 MB.
Execute         syn_report -verbosereport -o D:/hlstrack/hlstrack2025-master/security/L1/tests/hmac/sha256/hmac_sha256_test.prj/solution1/.autopilot/db/kpad_32_64_256_32_64_sha256_wrapper_s.verbose.bind.rpt 
Execute           list_part -family xc7z020-clg484-1 
Execute             ap_family_info -name xc7z020-clg484-1 -data names 
Execute             ap_part_info -quiet -name xc7z020-clg484-1 -data family 
Command         syn_report done; 0.103 sec.
Execute         db_write -o D:/hlstrack/hlstrack2025-master/security/L1/tests/hmac/sha256/hmac_sha256_test.prj/solution1/.autopilot/db/kpad_32_64_256_32_64_sha256_wrapper_s.bind.adb -f 
Command         db_write done; 0.118 sec.
INFO-FLOW: Finish binding kpad<32, 64, 256, 32, 64, sha256_wrapper>.
INFO: [HLS 200-10] ----------------------------------------------------------------
INFO: [HLS 200-42] -- Implementing module 'mergeKipad_32_64_256_64_Pipeline_VITIS_LOOP_162_2' 
INFO: [HLS 200-10] ----------------------------------------------------------------
Execute         set_default_model mergeKipad<32, 64, 256, 64>_Pipeline_VITIS_LOOP_162_2 
Execute         schedule -model mergeKipad<32, 64, 256, 64>_Pipeline_VITIS_LOOP_162_2 
INFO: [SCHED 204-11] Starting scheduling ...
INFO: [SCHED 204-61] Pipelining loop 'VITIS_LOOP_162_2'.
INFO: [HLS 200-1470] Pipelining result : Target II = 1, Final II = 1, Depth = 2, loop 'VITIS_LOOP_162_2'
INFO: [SCHED 204-11] Finished scheduling.
INFO: [HLS 200-111] Finished Scheduling: CPU user time: 0 seconds. CPU system time: 0 seconds. Elapsed time: 0.27 seconds; current allocated memory: 528.176 MB.
Execute         syn_report -verbosereport -o D:/hlstrack/hlstrack2025-master/security/L1/tests/hmac/sha256/hmac_sha256_test.prj/solution1/.autopilot/db/mergeKipad_32_64_256_64_Pipeline_VITIS_LOOP_162_2.verbose.sched.rpt 
Execute           list_part -family xc7z020-clg484-1 
Execute             ap_family_info -name xc7z020-clg484-1 -data names 
Execute             ap_part_info -quiet -name xc7z020-clg484-1 -data family 
Execute         db_write -o D:/hlstrack/hlstrack2025-master/security/L1/tests/hmac/sha256/hmac_sha256_test.prj/solution1/.autopilot/db/mergeKipad_32_64_256_64_Pipeline_VITIS_LOOP_162_2.sched.adb -f 
INFO-FLOW: Finish scheduling mergeKipad<32, 64, 256, 64>_Pipeline_VITIS_LOOP_162_2.
Execute         set_default_model mergeKipad<32, 64, 256, 64>_Pipeline_VITIS_LOOP_162_2 
Execute         bind -model mergeKipad<32, 64, 256, 64>_Pipeline_VITIS_LOOP_162_2 
INFO: [BIND 205-100] Starting micro-architecture generation ...
INFO: [BIND 205-101] Performing variable lifetime analysis.
INFO: [BIND 205-101] Exploring resource sharing.
INFO: [BIND 205-101] Binding ...
INFO: [BIND 205-100] Finished micro-architecture generation.
INFO: [HLS 200-111] Finished Binding: CPU user time: 0 seconds. CPU system time: 0 seconds. Elapsed time: 0.113 seconds; current allocated memory: 528.176 MB.
Execute         syn_report -verbosereport -o D:/hlstrack/hlstrack2025-master/security/L1/tests/hmac/sha256/hmac_sha256_test.prj/solution1/.autopilot/db/mergeKipad_32_64_256_64_Pipeline_VITIS_LOOP_162_2.verbose.bind.rpt 
Execute           list_part -family xc7z020-clg484-1 
Execute             ap_family_info -name xc7z020-clg484-1 -data names 
Execute             ap_part_info -quiet -name xc7z020-clg484-1 -data family 
Execute         db_write -o D:/hlstrack/hlstrack2025-master/security/L1/tests/hmac/sha256/hmac_sha256_test.prj/solution1/.autopilot/db/mergeKipad_32_64_256_64_Pipeline_VITIS_LOOP_162_2.bind.adb -f 
INFO-FLOW: Finish binding mergeKipad<32, 64, 256, 64>_Pipeline_VITIS_LOOP_162_2.
INFO: [HLS 200-10] ----------------------------------------------------------------
INFO: [HLS 200-42] -- Implementing module 'mergeKipad_32_64_256_64_Pipeline_VITIS_LOOP_171_3' 
INFO: [HLS 200-10] ----------------------------------------------------------------
Execute         set_default_model mergeKipad<32, 64, 256, 64>_Pipeline_VITIS_LOOP_171_3 
Execute         schedule -model mergeKipad<32, 64, 256, 64>_Pipeline_VITIS_LOOP_171_3 
INFO: [SCHED 204-11] Starting scheduling ...
INFO: [SCHED 204-61] Pipelining loop 'VITIS_LOOP_171_3'.
INFO: [HLS 200-1470] Pipelining result : Target II = 1, Final II = 1, Depth = 3, loop 'VITIS_LOOP_171_3'
INFO: [SCHED 204-11] Finished scheduling.
INFO: [HLS 200-111] Finished Scheduling: CPU user time: 0 seconds. CPU system time: 0 seconds. Elapsed time: 0.076 seconds; current allocated memory: 528.609 MB.
Execute         syn_report -verbosereport -o D:/hlstrack/hlstrack2025-master/security/L1/tests/hmac/sha256/hmac_sha256_test.prj/solution1/.autopilot/db/mergeKipad_32_64_256_64_Pipeline_VITIS_LOOP_171_3.verbose.sched.rpt 
Execute           list_part -family xc7z020-clg484-1 
Execute             ap_family_info -name xc7z020-clg484-1 -data names 
Execute             ap_part_info -quiet -name xc7z020-clg484-1 -data family 
Execute         db_write -o D:/hlstrack/hlstrack2025-master/security/L1/tests/hmac/sha256/hmac_sha256_test.prj/solution1/.autopilot/db/mergeKipad_32_64_256_64_Pipeline_VITIS_LOOP_171_3.sched.adb -f 
INFO-FLOW: Finish scheduling mergeKipad<32, 64, 256, 64>_Pipeline_VITIS_LOOP_171_3.
Execute         set_default_model mergeKipad<32, 64, 256, 64>_Pipeline_VITIS_LOOP_171_3 
Execute         bind -model mergeKipad<32, 64, 256, 64>_Pipeline_VITIS_LOOP_171_3 
INFO: [BIND 205-100] Starting micro-architecture generation ...
INFO: [BIND 205-101] Performing variable lifetime analysis.
INFO: [BIND 205-101] Exploring resource sharing.
INFO: [BIND 205-101] Binding ...
INFO: [BIND 205-100] Finished micro-architecture generation.
INFO: [HLS 200-111] Finished Binding: CPU user time: 0 seconds. CPU system time: 0 seconds. Elapsed time: 0.051 seconds; current allocated memory: 528.844 MB.
Execute         syn_report -verbosereport -o D:/hlstrack/hlstrack2025-master/security/L1/tests/hmac/sha256/hmac_sha256_test.prj/solution1/.autopilot/db/mergeKipad_32_64_256_64_Pipeline_VITIS_LOOP_171_3.verbose.bind.rpt 
Execute           list_part -family xc7z020-clg484-1 
Execute             ap_family_info -name xc7z020-clg484-1 -data names 
Execute             ap_part_info -quiet -name xc7z020-clg484-1 -data family 
Execute         db_write -o D:/hlstrack/hlstrack2025-master/security/L1/tests/hmac/sha256/hmac_sha256_test.prj/solution1/.autopilot/db/mergeKipad_32_64_256_64_Pipeline_VITIS_LOOP_171_3.bind.adb -f 
INFO-FLOW: Finish binding mergeKipad<32, 64, 256, 64>_Pipeline_VITIS_LOOP_171_3.
INFO: [HLS 200-10] ----------------------------------------------------------------
INFO: [HLS 200-42] -- Implementing module 'mergeKipad_32_64_256_64_s' 
INFO: [HLS 200-10] ----------------------------------------------------------------
Execute         set_default_model mergeKipad<32, 64, 256, 64> 
Execute         schedule -model mergeKipad<32, 64, 256, 64> 
INFO: [SCHED 204-11] Starting scheduling ...
INFO: [SCHED 204-11] Finished scheduling.
INFO: [HLS 200-111] Finished Scheduling: CPU user time: 0 seconds. CPU system time: 0 seconds. Elapsed time: 0.073 seconds; current allocated memory: 528.980 MB.
Execute         syn_report -verbosereport -o D:/hlstrack/hlstrack2025-master/security/L1/tests/hmac/sha256/hmac_sha256_test.prj/solution1/.autopilot/db/mergeKipad_32_64_256_64_s.verbose.sched.rpt 
Execute           list_part -family xc7z020-clg484-1 
Execute             ap_family_info -name xc7z020-clg484-1 -data names 
Execute             ap_part_info -quiet -name xc7z020-clg484-1 -data family 
Execute         db_write -o D:/hlstrack/hlstrack2025-master/security/L1/tests/hmac/sha256/hmac_sha256_test.prj/solution1/.autopilot/db/mergeKipad_32_64_256_64_s.sched.adb -f 
INFO-FLOW: Finish scheduling mergeKipad<32, 64, 256, 64>.
Execute         set_default_model mergeKipad<32, 64, 256, 64> 
Execute         bind -model mergeKipad<32, 64, 256, 64> 
INFO: [BIND 205-100] Starting micro-architecture generation ...
INFO: [BIND 205-101] Performing variable lifetime analysis.
INFO: [BIND 205-101] Exploring resource sharing.
INFO: [BIND 205-101] Binding ...
INFO: [BIND 205-100] Finished micro-architecture generation.
INFO: [HLS 200-111] Finished Binding: CPU user time: 0 seconds. CPU system time: 0 seconds. Elapsed time: 0.05 seconds; current allocated memory: 529.012 MB.
Execute         syn_report -verbosereport -o D:/hlstrack/hlstrack2025-master/security/L1/tests/hmac/sha256/hmac_sha256_test.prj/solution1/.autopilot/db/mergeKipad_32_64_256_64_s.verbose.bind.rpt 
Execute           list_part -family xc7z020-clg484-1 
Execute             ap_family_info -name xc7z020-clg484-1 -data names 
Execute             ap_part_info -quiet -name xc7z020-clg484-1 -data family 
Execute         db_write -o D:/hlstrack/hlstrack2025-master/security/L1/tests/hmac/sha256/hmac_sha256_test.prj/solution1/.autopilot/db/mergeKipad_32_64_256_64_s.bind.adb -f 
INFO-FLOW: Finish binding mergeKipad<32, 64, 256, 64>.
INFO: [HLS 200-10] ----------------------------------------------------------------
INFO: [HLS 200-42] -- Implementing module 'preProcessing_Pipeline_LOOP_SHA256_GEN_FULL_BLKS' 
INFO: [HLS 200-10] ----------------------------------------------------------------
Execute         set_default_model preProcessing_Pipeline_LOOP_SHA256_GEN_FULL_BLKS 
Execute         schedule -model preProcessing_Pipeline_LOOP_SHA256_GEN_FULL_BLKS 
INFO: [SCHED 204-11] Starting scheduling ...
INFO: [SCHED 204-61] Pipelining loop 'LOOP_SHA256_GEN_FULL_BLKS'.
INFO: [HLS 200-1470] Pipelining result : Target II = 16, Final II = 16, Depth = 18, loop 'LOOP_SHA256_GEN_FULL_BLKS'
INFO: [SCHED 204-11] Finished scheduling.
INFO: [HLS 200-111] Finished Scheduling: CPU user time: 0 seconds. CPU system time: 0 seconds. Elapsed time: 0.14 seconds; current allocated memory: 530.164 MB.
Execute         syn_report -verbosereport -o D:/hlstrack/hlstrack2025-master/security/L1/tests/hmac/sha256/hmac_sha256_test.prj/solution1/.autopilot/db/preProcessing_Pipeline_LOOP_SHA256_GEN_FULL_BLKS.verbose.sched.rpt 
Execute           list_part -family xc7z020-clg484-1 
Execute             ap_family_info -name xc7z020-clg484-1 -data names 
Execute             ap_part_info -quiet -name xc7z020-clg484-1 -data family 
Execute         db_write -o D:/hlstrack/hlstrack2025-master/security/L1/tests/hmac/sha256/hmac_sha256_test.prj/solution1/.autopilot/db/preProcessing_Pipeline_LOOP_SHA256_GEN_FULL_BLKS.sched.adb -f 
INFO-FLOW: Finish scheduling preProcessing_Pipeline_LOOP_SHA256_GEN_FULL_BLKS.
Execute         set_default_model preProcessing_Pipeline_LOOP_SHA256_GEN_FULL_BLKS 
Execute         bind -model preProcessing_Pipeline_LOOP_SHA256_GEN_FULL_BLKS 
INFO: [BIND 205-100] Starting micro-architecture generation ...
INFO: [BIND 205-101] Performing variable lifetime analysis.
INFO: [BIND 205-101] Exploring resource sharing.
INFO: [BIND 205-101] Binding ...
INFO: [BIND 205-100] Finished micro-architecture generation.
INFO: [HLS 200-111] Finished Binding: CPU user time: 0 seconds. CPU system time: 0 seconds. Elapsed time: 0.172 seconds; current allocated memory: 530.215 MB.
Execute         syn_report -verbosereport -o D:/hlstrack/hlstrack2025-master/security/L1/tests/hmac/sha256/hmac_sha256_test.prj/solution1/.autopilot/db/preProcessing_Pipeline_LOOP_SHA256_GEN_FULL_BLKS.verbose.bind.rpt 
Execute           list_part -family xc7z020-clg484-1 
Execute             ap_family_info -name xc7z020-clg484-1 -data names 
Execute             ap_part_info -quiet -name xc7z020-clg484-1 -data family 
Execute         db_write -o D:/hlstrack/hlstrack2025-master/security/L1/tests/hmac/sha256/hmac_sha256_test.prj/solution1/.autopilot/db/preProcessing_Pipeline_LOOP_SHA256_GEN_FULL_BLKS.bind.adb -f 
INFO-FLOW: Finish binding preProcessing_Pipeline_LOOP_SHA256_GEN_FULL_BLKS.
INFO: [HLS 200-10] ----------------------------------------------------------------
INFO: [HLS 200-42] -- Implementing module 'preProcessing_Pipeline_LOOP_SHA256_GEN_COPY_TAIL_AND_ONE' 
INFO: [HLS 200-10] ----------------------------------------------------------------
Execute         set_default_model preProcessing_Pipeline_LOOP_SHA256_GEN_COPY_TAIL_AND_ONE 
Execute         schedule -model preProcessing_Pipeline_LOOP_SHA256_GEN_COPY_TAIL_AND_ONE 
INFO: [SCHED 204-11] Starting scheduling ...
INFO: [SCHED 204-61] Pipelining loop 'LOOP_SHA256_GEN_COPY_TAIL_AND_ONE'.
INFO: [HLS 200-1470] Pipelining result : Target II = NA, Final II = 1, Depth = 2, loop 'LOOP_SHA256_GEN_COPY_TAIL_AND_ONE'
INFO: [SCHED 204-11] Finished scheduling.
Command         schedule done; 0.17 sec.
INFO: [HLS 200-111] Finished Scheduling: CPU user time: 1 seconds. CPU system time: 0 seconds. Elapsed time: 0.281 seconds; current allocated memory: 534.023 MB.
Execute         syn_report -verbosereport -o D:/hlstrack/hlstrack2025-master/security/L1/tests/hmac/sha256/hmac_sha256_test.prj/solution1/.autopilot/db/preProcessing_Pipeline_LOOP_SHA256_GEN_COPY_TAIL_AND_ONE.verbose.sched.rpt 
Execute           list_part -family xc7z020-clg484-1 
Execute             ap_family_info -name xc7z020-clg484-1 -data names 
Execute             ap_part_info -quiet -name xc7z020-clg484-1 -data family 
Execute         db_write -o D:/hlstrack/hlstrack2025-master/security/L1/tests/hmac/sha256/hmac_sha256_test.prj/solution1/.autopilot/db/preProcessing_Pipeline_LOOP_SHA256_GEN_COPY_TAIL_AND_ONE.sched.adb -f 
INFO-FLOW: Finish scheduling preProcessing_Pipeline_LOOP_SHA256_GEN_COPY_TAIL_AND_ONE.
Execute         set_default_model preProcessing_Pipeline_LOOP_SHA256_GEN_COPY_TAIL_AND_ONE 
Execute         bind -model preProcessing_Pipeline_LOOP_SHA256_GEN_COPY_TAIL_AND_ONE 
INFO: [BIND 205-100] Starting micro-architecture generation ...
INFO: [BIND 205-101] Performing variable lifetime analysis.
INFO: [BIND 205-101] Exploring resource sharing.
INFO: [BIND 205-101] Binding ...
INFO: [BIND 205-100] Finished micro-architecture generation.
INFO: [HLS 200-111] Finished Binding: CPU user time: 0 seconds. CPU system time: 0 seconds. Elapsed time: 0.185 seconds; current allocated memory: 534.078 MB.
Execute         syn_report -verbosereport -o D:/hlstrack/hlstrack2025-master/security/L1/tests/hmac/sha256/hmac_sha256_test.prj/solution1/.autopilot/db/preProcessing_Pipeline_LOOP_SHA256_GEN_COPY_TAIL_AND_ONE.verbose.bind.rpt 
Execute           list_part -family xc7z020-clg484-1 
Execute             ap_family_info -name xc7z020-clg484-1 -data names 
Execute             ap_part_info -quiet -name xc7z020-clg484-1 -data family 
Execute         db_write -o D:/hlstrack/hlstrack2025-master/security/L1/tests/hmac/sha256/hmac_sha256_test.prj/solution1/.autopilot/db/preProcessing_Pipeline_LOOP_SHA256_GEN_COPY_TAIL_AND_ONE.bind.adb -f 
INFO-FLOW: Finish binding preProcessing_Pipeline_LOOP_SHA256_GEN_COPY_TAIL_AND_ONE.
INFO: [HLS 200-10] ----------------------------------------------------------------
INFO: [HLS 200-42] -- Implementing module 'preProcessing' 
INFO: [HLS 200-10] ----------------------------------------------------------------
Execute         set_default_model preProcessing 
Execute         schedule -model preProcessing 
INFO: [SCHED 204-11] Starting scheduling ...
INFO: [SCHED 204-11] Finished scheduling.
INFO: [HLS 200-111] Finished Scheduling: CPU user time: 0 seconds. CPU system time: 0 seconds. Elapsed time: 0.196 seconds; current allocated memory: 534.570 MB.
Execute         syn_report -verbosereport -o D:/hlstrack/hlstrack2025-master/security/L1/tests/hmac/sha256/hmac_sha256_test.prj/solution1/.autopilot/db/preProcessing.verbose.sched.rpt 
Execute           list_part -family xc7z020-clg484-1 
Execute             ap_family_info -name xc7z020-clg484-1 -data names 
Execute             ap_part_info -quiet -name xc7z020-clg484-1 -data family 
Execute         db_write -o D:/hlstrack/hlstrack2025-master/security/L1/tests/hmac/sha256/hmac_sha256_test.prj/solution1/.autopilot/db/preProcessing.sched.adb -f 
INFO-FLOW: Finish scheduling preProcessing.
Execute         set_default_model preProcessing 
Execute         bind -model preProcessing 
INFO: [BIND 205-100] Starting micro-architecture generation ...
INFO: [BIND 205-101] Performing variable lifetime analysis.
INFO: [BIND 205-101] Exploring resource sharing.
INFO: [BIND 205-101] Binding ...
INFO: [BIND 205-100] Finished micro-architecture generation.
INFO: [HLS 200-111] Finished Binding: CPU user time: 0 seconds. CPU system time: 0 seconds. Elapsed time: 0.176 seconds; current allocated memory: 534.570 MB.
Execute         syn_report -verbosereport -o D:/hlstrack/hlstrack2025-master/security/L1/tests/hmac/sha256/hmac_sha256_test.prj/solution1/.autopilot/db/preProcessing.verbose.bind.rpt 
Execute           list_part -family xc7z020-clg484-1 
Execute             ap_family_info -name xc7z020-clg484-1 -data names 
Execute             ap_part_info -quiet -name xc7z020-clg484-1 -data family 
Execute         db_write -o D:/hlstrack/hlstrack2025-master/security/L1/tests/hmac/sha256/hmac_sha256_test.prj/solution1/.autopilot/db/preProcessing.bind.adb -f 
INFO-FLOW: Finish binding preProcessing.
INFO: [HLS 200-10] ----------------------------------------------------------------
INFO: [HLS 200-42] -- Implementing module 'dup_strm_Pipeline_VITIS_LOOP_506_1' 
INFO: [HLS 200-10] ----------------------------------------------------------------
Execute         set_default_model dup_strm_Pipeline_VITIS_LOOP_506_1 
Execute         schedule -model dup_strm_Pipeline_VITIS_LOOP_506_1 
INFO: [SCHED 204-11] Starting scheduling ...
INFO: [SCHED 204-61] Pipelining loop 'VITIS_LOOP_506_1'.
INFO: [HLS 200-1470] Pipelining result : Target II = 1, Final II = 1, Depth = 2, loop 'VITIS_LOOP_506_1'
INFO: [SCHED 204-11] Finished scheduling.
INFO: [HLS 200-111] Finished Scheduling: CPU user time: 0 seconds. CPU system time: 0 seconds. Elapsed time: 0.128 seconds; current allocated memory: 534.660 MB.
Execute         syn_report -verbosereport -o D:/hlstrack/hlstrack2025-master/security/L1/tests/hmac/sha256/hmac_sha256_test.prj/solution1/.autopilot/db/dup_strm_Pipeline_VITIS_LOOP_506_1.verbose.sched.rpt 
Execute           list_part -family xc7z020-clg484-1 
Execute             ap_family_info -name xc7z020-clg484-1 -data names 
Execute             ap_part_info -quiet -name xc7z020-clg484-1 -data family 
Execute         db_write -o D:/hlstrack/hlstrack2025-master/security/L1/tests/hmac/sha256/hmac_sha256_test.prj/solution1/.autopilot/db/dup_strm_Pipeline_VITIS_LOOP_506_1.sched.adb -f 
INFO-FLOW: Finish scheduling dup_strm_Pipeline_VITIS_LOOP_506_1.
Execute         set_default_model dup_strm_Pipeline_VITIS_LOOP_506_1 
Execute         bind -model dup_strm_Pipeline_VITIS_LOOP_506_1 
INFO: [BIND 205-100] Starting micro-architecture generation ...
INFO: [BIND 205-101] Performing variable lifetime analysis.
INFO: [BIND 205-101] Exploring resource sharing.
INFO: [BIND 205-101] Binding ...
INFO: [BIND 205-100] Finished micro-architecture generation.
INFO: [HLS 200-111] Finished Binding: CPU user time: 0 seconds. CPU system time: 0 seconds. Elapsed time: 0.051 seconds; current allocated memory: 534.863 MB.
Execute         syn_report -verbosereport -o D:/hlstrack/hlstrack2025-master/security/L1/tests/hmac/sha256/hmac_sha256_test.prj/solution1/.autopilot/db/dup_strm_Pipeline_VITIS_LOOP_506_1.verbose.bind.rpt 
Execute           list_part -family xc7z020-clg484-1 
Execute             ap_family_info -name xc7z020-clg484-1 -data names 
Execute             ap_part_info -quiet -name xc7z020-clg484-1 -data family 
Execute         db_write -o D:/hlstrack/hlstrack2025-master/security/L1/tests/hmac/sha256/hmac_sha256_test.prj/solution1/.autopilot/db/dup_strm_Pipeline_VITIS_LOOP_506_1.bind.adb -f 
INFO-FLOW: Finish binding dup_strm_Pipeline_VITIS_LOOP_506_1.
INFO: [HLS 200-10] ----------------------------------------------------------------
INFO: [HLS 200-42] -- Implementing module 'dup_strm' 
INFO: [HLS 200-10] ----------------------------------------------------------------
Execute         set_default_model dup_strm 
Execute         schedule -model dup_strm 
INFO: [SCHED 204-11] Starting scheduling ...
INFO: [SCHED 204-11] Finished scheduling.
INFO: [HLS 200-111] Finished Scheduling: CPU user time: 0 seconds. CPU system time: 0 seconds. Elapsed time: 0.068 seconds; current allocated memory: 534.926 MB.
Execute         syn_report -verbosereport -o D:/hlstrack/hlstrack2025-master/security/L1/tests/hmac/sha256/hmac_sha256_test.prj/solution1/.autopilot/db/dup_strm.verbose.sched.rpt 
Execute           list_part -family xc7z020-clg484-1 
Execute             ap_family_info -name xc7z020-clg484-1 -data names 
Execute             ap_part_info -quiet -name xc7z020-clg484-1 -data family 
Execute         db_write -o D:/hlstrack/hlstrack2025-master/security/L1/tests/hmac/sha256/hmac_sha256_test.prj/solution1/.autopilot/db/dup_strm.sched.adb -f 
INFO-FLOW: Finish scheduling dup_strm.
Execute         set_default_model dup_strm 
Execute         bind -model dup_strm 
INFO: [BIND 205-100] Starting micro-architecture generation ...
INFO: [BIND 205-101] Performing variable lifetime analysis.
INFO: [BIND 205-101] Exploring resource sharing.
INFO: [BIND 205-101] Binding ...
INFO: [BIND 205-100] Finished micro-architecture generation.
INFO: [HLS 200-111] Finished Binding: CPU user time: 0 seconds. CPU system time: 0 seconds. Elapsed time: 0.05 seconds; current allocated memory: 535.031 MB.
Execute         syn_report -verbosereport -o D:/hlstrack/hlstrack2025-master/security/L1/tests/hmac/sha256/hmac_sha256_test.prj/solution1/.autopilot/db/dup_strm.verbose.bind.rpt 
Execute           list_part -family xc7z020-clg484-1 
Execute             ap_family_info -name xc7z020-clg484-1 -data names 
Execute             ap_part_info -quiet -name xc7z020-clg484-1 -data family 
Execute         db_write -o D:/hlstrack/hlstrack2025-master/security/L1/tests/hmac/sha256/hmac_sha256_test.prj/solution1/.autopilot/db/dup_strm.bind.adb -f 
INFO-FLOW: Finish binding dup_strm.
INFO: [HLS 200-10] ----------------------------------------------------------------
INFO: [HLS 200-42] -- Implementing module 'generateMsgSchedule_Pipeline_LOOP_SHA256_PREPARE_WT16' 
INFO: [HLS 200-10] ----------------------------------------------------------------
Execute         set_default_model generateMsgSchedule_Pipeline_LOOP_SHA256_PREPARE_WT16 
Execute         schedule -model generateMsgSchedule_Pipeline_LOOP_SHA256_PREPARE_WT16 
INFO: [SCHED 204-11] Starting scheduling ...
INFO: [SCHED 204-61] Pipelining loop 'LOOP_SHA256_PREPARE_WT16'.
INFO: [HLS 200-1470] Pipelining result : Target II = 1, Final II = 1, Depth = 2, loop 'LOOP_SHA256_PREPARE_WT16'
INFO: [SCHED 204-11] Finished scheduling.
INFO: [HLS 200-111] Finished Scheduling: CPU user time: 0 seconds. CPU system time: 0 seconds. Elapsed time: 0.106 seconds; current allocated memory: 535.422 MB.
Execute         syn_report -verbosereport -o D:/hlstrack/hlstrack2025-master/security/L1/tests/hmac/sha256/hmac_sha256_test.prj/solution1/.autopilot/db/generateMsgSchedule_Pipeline_LOOP_SHA256_PREPARE_WT16.verbose.sched.rpt 
Execute           list_part -family xc7z020-clg484-1 
Execute             ap_family_info -name xc7z020-clg484-1 -data names 
Execute             ap_part_info -quiet -name xc7z020-clg484-1 -data family 
Execute         db_write -o D:/hlstrack/hlstrack2025-master/security/L1/tests/hmac/sha256/hmac_sha256_test.prj/solution1/.autopilot/db/generateMsgSchedule_Pipeline_LOOP_SHA256_PREPARE_WT16.sched.adb -f 
INFO-FLOW: Finish scheduling generateMsgSchedule_Pipeline_LOOP_SHA256_PREPARE_WT16.
Execute         set_default_model generateMsgSchedule_Pipeline_LOOP_SHA256_PREPARE_WT16 
Execute         bind -model generateMsgSchedule_Pipeline_LOOP_SHA256_PREPARE_WT16 
INFO: [BIND 205-100] Starting micro-architecture generation ...
INFO: [BIND 205-101] Performing variable lifetime analysis.
INFO: [BIND 205-101] Exploring resource sharing.
INFO: [BIND 205-101] Binding ...
INFO: [BIND 205-100] Finished micro-architecture generation.
INFO: [HLS 200-111] Finished Binding: CPU user time: 0 seconds. CPU system time: 0 seconds. Elapsed time: 0.09 seconds; current allocated memory: 535.875 MB.
Execute         syn_report -verbosereport -o D:/hlstrack/hlstrack2025-master/security/L1/tests/hmac/sha256/hmac_sha256_test.prj/solution1/.autopilot/db/generateMsgSchedule_Pipeline_LOOP_SHA256_PREPARE_WT16.verbose.bind.rpt 
Execute           list_part -family xc7z020-clg484-1 
Execute             ap_family_info -name xc7z020-clg484-1 -data names 
Execute             ap_part_info -quiet -name xc7z020-clg484-1 -data family 
Execute         db_write -o D:/hlstrack/hlstrack2025-master/security/L1/tests/hmac/sha256/hmac_sha256_test.prj/solution1/.autopilot/db/generateMsgSchedule_Pipeline_LOOP_SHA256_PREPARE_WT16.bind.adb -f 
INFO-FLOW: Finish binding generateMsgSchedule_Pipeline_LOOP_SHA256_PREPARE_WT16.
INFO: [HLS 200-10] ----------------------------------------------------------------
INFO: [HLS 200-42] -- Implementing module 'generateMsgSchedule_Pipeline_LOOP_SHA256_PREPARE_WT64' 
INFO: [HLS 200-10] ----------------------------------------------------------------
Execute         set_default_model generateMsgSchedule_Pipeline_LOOP_SHA256_PREPARE_WT64 
Execute         schedule -model generateMsgSchedule_Pipeline_LOOP_SHA256_PREPARE_WT64 
INFO: [SCHED 204-11] Starting scheduling ...
INFO: [SCHED 204-61] Pipelining loop 'LOOP_SHA256_PREPARE_WT64'.
INFO: [HLS 200-1470] Pipelining result : Target II = 1, Final II = 1, Depth = 3, loop 'LOOP_SHA256_PREPARE_WT64'
INFO: [SCHED 204-11] Finished scheduling.
INFO: [HLS 200-111] Finished Scheduling: CPU user time: 0 seconds. CPU system time: 0 seconds. Elapsed time: 0.146 seconds; current allocated memory: 536.672 MB.
Execute         syn_report -verbosereport -o D:/hlstrack/hlstrack2025-master/security/L1/tests/hmac/sha256/hmac_sha256_test.prj/solution1/.autopilot/db/generateMsgSchedule_Pipeline_LOOP_SHA256_PREPARE_WT64.verbose.sched.rpt 
Execute           list_part -family xc7z020-clg484-1 
Execute             ap_family_info -name xc7z020-clg484-1 -data names 
Execute             ap_part_info -quiet -name xc7z020-clg484-1 -data family 
Execute         db_write -o D:/hlstrack/hlstrack2025-master/security/L1/tests/hmac/sha256/hmac_sha256_test.prj/solution1/.autopilot/db/generateMsgSchedule_Pipeline_LOOP_SHA256_PREPARE_WT64.sched.adb -f 
INFO-FLOW: Finish scheduling generateMsgSchedule_Pipeline_LOOP_SHA256_PREPARE_WT64.
Execute         set_default_model generateMsgSchedule_Pipeline_LOOP_SHA256_PREPARE_WT64 
Execute         bind -model generateMsgSchedule_Pipeline_LOOP_SHA256_PREPARE_WT64 
INFO: [BIND 205-100] Starting micro-architecture generation ...
INFO: [BIND 205-101] Performing variable lifetime analysis.
INFO: [BIND 205-101] Exploring resource sharing.
INFO: [BIND 205-101] Binding ...
INFO: [BIND 205-100] Finished micro-architecture generation.
INFO: [HLS 200-111] Finished Binding: CPU user time: 1 seconds. CPU system time: 0 seconds. Elapsed time: 0.148 seconds; current allocated memory: 536.844 MB.
Execute         syn_report -verbosereport -o D:/hlstrack/hlstrack2025-master/security/L1/tests/hmac/sha256/hmac_sha256_test.prj/solution1/.autopilot/db/generateMsgSchedule_Pipeline_LOOP_SHA256_PREPARE_WT64.verbose.bind.rpt 
Execute           list_part -family xc7z020-clg484-1 
Execute             ap_family_info -name xc7z020-clg484-1 -data names 
Execute             ap_part_info -quiet -name xc7z020-clg484-1 -data family 
Execute         db_write -o D:/hlstrack/hlstrack2025-master/security/L1/tests/hmac/sha256/hmac_sha256_test.prj/solution1/.autopilot/db/generateMsgSchedule_Pipeline_LOOP_SHA256_PREPARE_WT64.bind.adb -f 
INFO-FLOW: Finish binding generateMsgSchedule_Pipeline_LOOP_SHA256_PREPARE_WT64.
INFO: [HLS 200-10] ----------------------------------------------------------------
INFO: [HLS 200-42] -- Implementing module 'generateMsgSchedule' 
INFO: [HLS 200-10] ----------------------------------------------------------------
Execute         set_default_model generateMsgSchedule 
Execute         schedule -model generateMsgSchedule 
INFO: [SCHED 204-11] Starting scheduling ...
WARNING: [HLS 200-893] User specified latency constraint discarded for region xcl_latency.LOOP_SHA256_PREPARE_WT16.0 since region contains function calls with variable latency.
INFO: [SCHED 204-11] Finished scheduling.
INFO: [HLS 200-111] Finished Scheduling: CPU user time: 0 seconds. CPU system time: 0 seconds. Elapsed time: 0.122 seconds; current allocated memory: 537.199 MB.
Execute         syn_report -verbosereport -o D:/hlstrack/hlstrack2025-master/security/L1/tests/hmac/sha256/hmac_sha256_test.prj/solution1/.autopilot/db/generateMsgSchedule.verbose.sched.rpt 
Execute           list_part -family xc7z020-clg484-1 
Execute             ap_family_info -name xc7z020-clg484-1 -data names 
Execute             ap_part_info -quiet -name xc7z020-clg484-1 -data family 
Execute         db_write -o D:/hlstrack/hlstrack2025-master/security/L1/tests/hmac/sha256/hmac_sha256_test.prj/solution1/.autopilot/db/generateMsgSchedule.sched.adb -f 
INFO-FLOW: Finish scheduling generateMsgSchedule.
Execute         set_default_model generateMsgSchedule 
Execute         bind -model generateMsgSchedule 
INFO: [BIND 205-100] Starting micro-architecture generation ...
INFO: [BIND 205-101] Performing variable lifetime analysis.
INFO: [BIND 205-101] Exploring resource sharing.
INFO: [BIND 205-101] Binding ...
INFO: [BIND 205-100] Finished micro-architecture generation.
INFO: [HLS 200-111] Finished Binding: CPU user time: 0 seconds. CPU system time: 0 seconds. Elapsed time: 0.07 seconds; current allocated memory: 537.367 MB.
Execute         syn_report -verbosereport -o D:/hlstrack/hlstrack2025-master/security/L1/tests/hmac/sha256/hmac_sha256_test.prj/solution1/.autopilot/db/generateMsgSchedule.verbose.bind.rpt 
Execute           list_part -family xc7z020-clg484-1 
Execute             ap_family_info -name xc7z020-clg484-1 -data names 
Execute             ap_part_info -quiet -name xc7z020-clg484-1 -data family 
Execute         db_write -o D:/hlstrack/hlstrack2025-master/security/L1/tests/hmac/sha256/hmac_sha256_test.prj/solution1/.autopilot/db/generateMsgSchedule.bind.adb -f 
INFO-FLOW: Finish binding generateMsgSchedule.
INFO: [HLS 200-10] ----------------------------------------------------------------
INFO: [HLS 200-42] -- Implementing module 'sha256Digest_256_Pipeline_LOOP_SHA256_UPDATE_64_ROUNDS' 
INFO: [HLS 200-10] ----------------------------------------------------------------
Execute         set_default_model sha256Digest<256>_Pipeline_LOOP_SHA256_UPDATE_64_ROUNDS 
Execute         schedule -model sha256Digest<256>_Pipeline_LOOP_SHA256_UPDATE_64_ROUNDS 
INFO: [SCHED 204-11] Starting scheduling ...
INFO: [SCHED 204-61] Pipelining loop 'LOOP_SHA256_UPDATE_64_ROUNDS'.
INFO: [HLS 200-1470] Pipelining result : Target II = 1, Final II = 1, Depth = 4, loop 'LOOP_SHA256_UPDATE_64_ROUNDS'
INFO: [SCHED 204-11] Finished scheduling.
INFO: [HLS 200-111] Finished Scheduling: CPU user time: 0 seconds. CPU system time: 0 seconds. Elapsed time: 0.158 seconds; current allocated memory: 538.480 MB.
Execute         syn_report -verbosereport -o D:/hlstrack/hlstrack2025-master/security/L1/tests/hmac/sha256/hmac_sha256_test.prj/solution1/.autopilot/db/sha256Digest_256_Pipeline_LOOP_SHA256_UPDATE_64_ROUNDS.verbose.sched.rpt 
Execute           list_part -family xc7z020-clg484-1 
Execute             ap_family_info -name xc7z020-clg484-1 -data names 
Execute             ap_part_info -quiet -name xc7z020-clg484-1 -data family 
Execute         db_write -o D:/hlstrack/hlstrack2025-master/security/L1/tests/hmac/sha256/hmac_sha256_test.prj/solution1/.autopilot/db/sha256Digest_256_Pipeline_LOOP_SHA256_UPDATE_64_ROUNDS.sched.adb -f 
INFO-FLOW: Finish scheduling sha256Digest<256>_Pipeline_LOOP_SHA256_UPDATE_64_ROUNDS.
Execute         set_default_model sha256Digest<256>_Pipeline_LOOP_SHA256_UPDATE_64_ROUNDS 
Execute         bind -model sha256Digest<256>_Pipeline_LOOP_SHA256_UPDATE_64_ROUNDS 
INFO: [BIND 205-100] Starting micro-architecture generation ...
INFO: [BIND 205-101] Performing variable lifetime analysis.
INFO: [BIND 205-101] Exploring resource sharing.
INFO: [BIND 205-101] Binding ...
INFO: [BIND 205-100] Finished micro-architecture generation.
INFO: [HLS 200-111] Finished Binding: CPU user time: 0 seconds. CPU system time: 0 seconds. Elapsed time: 0.118 seconds; current allocated memory: 538.742 MB.
Execute         syn_report -verbosereport -o D:/hlstrack/hlstrack2025-master/security/L1/tests/hmac/sha256/hmac_sha256_test.prj/solution1/.autopilot/db/sha256Digest_256_Pipeline_LOOP_SHA256_UPDATE_64_ROUNDS.verbose.bind.rpt 
Execute           list_part -family xc7z020-clg484-1 
Execute             ap_family_info -name xc7z020-clg484-1 -data names 
Execute             ap_part_info -quiet -name xc7z020-clg484-1 -data family 
Command         syn_report done; 0.103 sec.
Execute         db_write -o D:/hlstrack/hlstrack2025-master/security/L1/tests/hmac/sha256/hmac_sha256_test.prj/solution1/.autopilot/db/sha256Digest_256_Pipeline_LOOP_SHA256_UPDATE_64_ROUNDS.bind.adb -f 
INFO-FLOW: Finish binding sha256Digest<256>_Pipeline_LOOP_SHA256_UPDATE_64_ROUNDS.
INFO: [HLS 200-10] ----------------------------------------------------------------
INFO: [HLS 200-42] -- Implementing module 'sha256Digest_256_s' 
INFO: [HLS 200-10] ----------------------------------------------------------------
Execute         set_default_model sha256Digest<256> 
Execute         schedule -model sha256Digest<256> 
INFO: [SCHED 204-11] Starting scheduling ...
WARNING: [HLS 200-893] User specified latency constraint discarded for region xcl_latency.LOOP_SHA256_UPDATE_64_ROUNDS.1 since region contains function calls with variable latency.
INFO: [SCHED 204-11] Finished scheduling.
INFO: [HLS 200-111] Finished Scheduling: CPU user time: 0 seconds. CPU system time: 0 seconds. Elapsed time: 0.223 seconds; current allocated memory: 539.078 MB.
Execute         syn_report -verbosereport -o D:/hlstrack/hlstrack2025-master/security/L1/tests/hmac/sha256/hmac_sha256_test.prj/solution1/.autopilot/db/sha256Digest_256_s.verbose.sched.rpt 
Execute           list_part -family xc7z020-clg484-1 
Execute             ap_family_info -name xc7z020-clg484-1 -data names 
Execute             ap_part_info -quiet -name xc7z020-clg484-1 -data family 
Execute         db_write -o D:/hlstrack/hlstrack2025-master/security/L1/tests/hmac/sha256/hmac_sha256_test.prj/solution1/.autopilot/db/sha256Digest_256_s.sched.adb -f 
INFO-FLOW: Finish scheduling sha256Digest<256>.
Execute         set_default_model sha256Digest<256> 
Execute         bind -model sha256Digest<256> 
INFO: [BIND 205-100] Starting micro-architecture generation ...
INFO: [BIND 205-101] Performing variable lifetime analysis.
INFO: [BIND 205-101] Exploring resource sharing.
INFO: [BIND 205-101] Binding ...
INFO: [BIND 205-100] Finished micro-architecture generation.
INFO: [HLS 200-111] Finished Binding: CPU user time: 0 seconds. CPU system time: 0 seconds. Elapsed time: 0.146 seconds; current allocated memory: 539.551 MB.
Execute         syn_report -verbosereport -o D:/hlstrack/hlstrack2025-master/security/L1/tests/hmac/sha256/hmac_sha256_test.prj/solution1/.autopilot/db/sha256Digest_256_s.verbose.bind.rpt 
Execute           list_part -family xc7z020-clg484-1 
Execute             ap_family_info -name xc7z020-clg484-1 -data names 
Execute             ap_part_info -quiet -name xc7z020-clg484-1 -data family 
Execute         db_write -o D:/hlstrack/hlstrack2025-master/security/L1/tests/hmac/sha256/hmac_sha256_test.prj/solution1/.autopilot/db/sha256Digest_256_s.bind.adb -f 
INFO-FLOW: Finish binding sha256Digest<256>.
INFO: [HLS 200-10] ----------------------------------------------------------------
INFO: [HLS 200-42] -- Implementing module 'sha256_top_32_256_s' 
INFO: [HLS 200-10] ----------------------------------------------------------------
Execute         set_default_model sha256_top<32, 256> 
Execute         schedule -model sha256_top<32, 256> 
INFO: [SCHED 204-11] Starting scheduling ...
INFO: [SCHED 204-11] Finished scheduling.
WARNING: [HLS 200-1020] Increasing the depth of FIFO start_for_generateMsgSchedule_U0 (from preProcessing_U0 to generateMsgSchedule_U0) to 3 to improve performance and/or avoid deadlocks.
WARNING: [HLS 200-1020] Increasing the depth of FIFO start_for_sha256Digest_256_U0 (from dup_strm_U0 to sha256Digest_256_U0) to 3 to improve performance and/or avoid deadlocks.
INFO: [HLS 200-111] Finished Scheduling: CPU user time: 0 seconds. CPU system time: 0 seconds. Elapsed time: 0.104 seconds; current allocated memory: 539.828 MB.
Execute         syn_report -verbosereport -o D:/hlstrack/hlstrack2025-master/security/L1/tests/hmac/sha256/hmac_sha256_test.prj/solution1/.autopilot/db/sha256_top_32_256_s.verbose.sched.rpt 
Execute           list_part -family xc7z020-clg484-1 
Execute             ap_family_info -name xc7z020-clg484-1 -data names 
Execute             ap_part_info -quiet -name xc7z020-clg484-1 -data family 
Execute         db_write -o D:/hlstrack/hlstrack2025-master/security/L1/tests/hmac/sha256/hmac_sha256_test.prj/solution1/.autopilot/db/sha256_top_32_256_s.sched.adb -f 
INFO-FLOW: Finish scheduling sha256_top<32, 256>.
Execute         set_default_model sha256_top<32, 256> 
Execute         bind -model sha256_top<32, 256> 
INFO: [BIND 205-100] Starting micro-architecture generation ...
INFO: [BIND 205-101] Performing variable lifetime analysis.
INFO: [BIND 205-101] Exploring resource sharing.
INFO: [BIND 205-101] Binding ...
INFO: [BIND 205-100] Finished micro-architecture generation.
INFO: [HLS 200-111] Finished Binding: CPU user time: 0 seconds. CPU system time: 0 seconds. Elapsed time: 0.065 seconds; current allocated memory: 539.875 MB.
Execute         syn_report -verbosereport -o D:/hlstrack/hlstrack2025-master/security/L1/tests/hmac/sha256/hmac_sha256_test.prj/solution1/.autopilot/db/sha256_top_32_256_s.verbose.bind.rpt 
Execute           list_part -family xc7z020-clg484-1 
Execute             ap_family_info -name xc7z020-clg484-1 -data names 
Execute             ap_part_info -quiet -name xc7z020-clg484-1 -data family 
Execute         db_write -o D:/hlstrack/hlstrack2025-master/security/L1/tests/hmac/sha256/hmac_sha256_test.prj/solution1/.autopilot/db/sha256_top_32_256_s.bind.adb -f 
INFO-FLOW: Finish binding sha256_top<32, 256>.
INFO: [HLS 200-10] ----------------------------------------------------------------
INFO: [HLS 200-42] -- Implementing module 'hash' 
INFO: [HLS 200-10] ----------------------------------------------------------------
Execute         set_default_model hash 
Execute         schedule -model hash 
INFO: [SCHED 204-11] Starting scheduling ...
INFO: [SCHED 204-11] Finished scheduling.
INFO: [HLS 200-111] Finished Scheduling: CPU user time: 0 seconds. CPU system time: 0 seconds. Elapsed time: 0.078 seconds; current allocated memory: 539.945 MB.
Execute         syn_report -verbosereport -o D:/hlstrack/hlstrack2025-master/security/L1/tests/hmac/sha256/hmac_sha256_test.prj/solution1/.autopilot/db/hash.verbose.sched.rpt 
Execute           list_part -family xc7z020-clg484-1 
Execute             ap_family_info -name xc7z020-clg484-1 -data names 
Execute             ap_part_info -quiet -name xc7z020-clg484-1 -data family 
Execute         db_write -o D:/hlstrack/hlstrack2025-master/security/L1/tests/hmac/sha256/hmac_sha256_test.prj/solution1/.autopilot/db/hash.sched.adb -f 
INFO-FLOW: Finish scheduling hash.
Execute         set_default_model hash 
Execute         bind -model hash 
INFO: [BIND 205-100] Starting micro-architecture generation ...
INFO: [BIND 205-101] Performing variable lifetime analysis.
INFO: [BIND 205-101] Exploring resource sharing.
INFO: [BIND 205-101] Binding ...
INFO: [BIND 205-100] Finished micro-architecture generation.
INFO: [HLS 200-111] Finished Binding: CPU user time: 0 seconds. CPU system time: 0 seconds. Elapsed time: 0.058 seconds; current allocated memory: 540.266 MB.
Execute         syn_report -verbosereport -o D:/hlstrack/hlstrack2025-master/security/L1/tests/hmac/sha256/hmac_sha256_test.prj/solution1/.autopilot/db/hash.verbose.bind.rpt 
Execute           list_part -family xc7z020-clg484-1 
Execute             ap_family_info -name xc7z020-clg484-1 -data names 
Execute             ap_part_info -quiet -name xc7z020-clg484-1 -data family 
Execute         db_write -o D:/hlstrack/hlstrack2025-master/security/L1/tests/hmac/sha256/hmac_sha256_test.prj/solution1/.autopilot/db/hash.bind.adb -f 
INFO-FLOW: Finish binding hash.
INFO: [HLS 200-10] ----------------------------------------------------------------
INFO: [HLS 200-42] -- Implementing module 'msgHash_32_64_256_32_64_sha256_wrapper_s' 
INFO: [HLS 200-10] ----------------------------------------------------------------
Execute         set_default_model msgHash<32, 64, 256, 32, 64, sha256_wrapper> 
Execute         schedule -model msgHash<32, 64, 256, 32, 64, sha256_wrapper> 
INFO: [SCHED 204-11] Starting scheduling ...
INFO: [SCHED 204-11] Finished scheduling.
INFO: [HLS 200-111] Finished Scheduling: CPU user time: 0 seconds. CPU system time: 0 seconds. Elapsed time: 0.081 seconds; current allocated memory: 540.410 MB.
Execute         syn_report -verbosereport -o D:/hlstrack/hlstrack2025-master/security/L1/tests/hmac/sha256/hmac_sha256_test.prj/solution1/.autopilot/db/msgHash_32_64_256_32_64_sha256_wrapper_s.verbose.sched.rpt 
Execute           list_part -family xc7z020-clg484-1 
Execute             ap_family_info -name xc7z020-clg484-1 -data names 
Execute             ap_part_info -quiet -name xc7z020-clg484-1 -data family 
Execute         db_write -o D:/hlstrack/hlstrack2025-master/security/L1/tests/hmac/sha256/hmac_sha256_test.prj/solution1/.autopilot/db/msgHash_32_64_256_32_64_sha256_wrapper_s.sched.adb -f 
INFO-FLOW: Finish scheduling msgHash<32, 64, 256, 32, 64, sha256_wrapper>.
Execute         set_default_model msgHash<32, 64, 256, 32, 64, sha256_wrapper> 
Execute         bind -model msgHash<32, 64, 256, 32, 64, sha256_wrapper> 
INFO: [BIND 205-100] Starting micro-architecture generation ...
INFO: [BIND 205-101] Performing variable lifetime analysis.
INFO: [BIND 205-101] Exploring resource sharing.
INFO: [BIND 205-101] Binding ...
INFO: [BIND 205-100] Finished micro-architecture generation.
INFO: [HLS 200-111] Finished Binding: CPU user time: 0 seconds. CPU system time: 0 seconds. Elapsed time: 0.068 seconds; current allocated memory: 540.543 MB.
Execute         syn_report -verbosereport -o D:/hlstrack/hlstrack2025-master/security/L1/tests/hmac/sha256/hmac_sha256_test.prj/solution1/.autopilot/db/msgHash_32_64_256_32_64_sha256_wrapper_s.verbose.bind.rpt 
Execute           list_part -family xc7z020-clg484-1 
Execute             ap_family_info -name xc7z020-clg484-1 -data names 
Execute             ap_part_info -quiet -name xc7z020-clg484-1 -data family 
Execute         db_write -o D:/hlstrack/hlstrack2025-master/security/L1/tests/hmac/sha256/hmac_sha256_test.prj/solution1/.autopilot/db/msgHash_32_64_256_32_64_sha256_wrapper_s.bind.adb -f 
INFO-FLOW: Finish binding msgHash<32, 64, 256, 32, 64, sha256_wrapper>.
INFO: [HLS 200-10] ----------------------------------------------------------------
INFO: [HLS 200-42] -- Implementing module 'mergeKopad_32_64_256_32_64_Pipeline_VITIS_LOOP_220_2' 
INFO: [HLS 200-10] ----------------------------------------------------------------
Execute         set_default_model mergeKopad<32, 64, 256, 32, 64>_Pipeline_VITIS_LOOP_220_2 
Execute         schedule -model mergeKopad<32, 64, 256, 32, 64>_Pipeline_VITIS_LOOP_220_2 
INFO: [SCHED 204-11] Starting scheduling ...
INFO: [SCHED 204-61] Pipelining loop 'VITIS_LOOP_220_2'.
INFO: [HLS 200-1470] Pipelining result : Target II = 1, Final II = 1, Depth = 2, loop 'VITIS_LOOP_220_2'
INFO: [SCHED 204-11] Finished scheduling.
INFO: [HLS 200-111] Finished Scheduling: CPU user time: 1 seconds. CPU system time: 0 seconds. Elapsed time: 0.101 seconds; current allocated memory: 540.734 MB.
Execute         syn_report -verbosereport -o D:/hlstrack/hlstrack2025-master/security/L1/tests/hmac/sha256/hmac_sha256_test.prj/solution1/.autopilot/db/mergeKopad_32_64_256_32_64_Pipeline_VITIS_LOOP_220_2.verbose.sched.rpt 
Execute           list_part -family xc7z020-clg484-1 
Execute             ap_family_info -name xc7z020-clg484-1 -data names 
Execute             ap_part_info -quiet -name xc7z020-clg484-1 -data family 
Execute         db_write -o D:/hlstrack/hlstrack2025-master/security/L1/tests/hmac/sha256/hmac_sha256_test.prj/solution1/.autopilot/db/mergeKopad_32_64_256_32_64_Pipeline_VITIS_LOOP_220_2.sched.adb -f 
INFO-FLOW: Finish scheduling mergeKopad<32, 64, 256, 32, 64>_Pipeline_VITIS_LOOP_220_2.
Execute         set_default_model mergeKopad<32, 64, 256, 32, 64>_Pipeline_VITIS_LOOP_220_2 
Execute         bind -model mergeKopad<32, 64, 256, 32, 64>_Pipeline_VITIS_LOOP_220_2 
INFO: [BIND 205-100] Starting micro-architecture generation ...
INFO: [BIND 205-101] Performing variable lifetime analysis.
INFO: [BIND 205-101] Exploring resource sharing.
INFO: [BIND 205-101] Binding ...
INFO: [BIND 205-100] Finished micro-architecture generation.
INFO: [HLS 200-111] Finished Binding: CPU user time: 0 seconds. CPU system time: 1 seconds. Elapsed time: 0.061 seconds; current allocated memory: 541.098 MB.
Execute         syn_report -verbosereport -o D:/hlstrack/hlstrack2025-master/security/L1/tests/hmac/sha256/hmac_sha256_test.prj/solution1/.autopilot/db/mergeKopad_32_64_256_32_64_Pipeline_VITIS_LOOP_220_2.verbose.bind.rpt 
Execute           list_part -family xc7z020-clg484-1 
Execute             ap_family_info -name xc7z020-clg484-1 -data names 
Execute             ap_part_info -quiet -name xc7z020-clg484-1 -data family 
Execute         db_write -o D:/hlstrack/hlstrack2025-master/security/L1/tests/hmac/sha256/hmac_sha256_test.prj/solution1/.autopilot/db/mergeKopad_32_64_256_32_64_Pipeline_VITIS_LOOP_220_2.bind.adb -f 
INFO-FLOW: Finish binding mergeKopad<32, 64, 256, 32, 64>_Pipeline_VITIS_LOOP_220_2.
INFO: [HLS 200-10] ----------------------------------------------------------------
INFO: [HLS 200-42] -- Implementing module 'mergeKopad_32_64_256_32_64_Pipeline_VITIS_LOOP_226_3' 
INFO: [HLS 200-10] ----------------------------------------------------------------
Execute         set_default_model mergeKopad<32, 64, 256, 32, 64>_Pipeline_VITIS_LOOP_226_3 
Execute         schedule -model mergeKopad<32, 64, 256, 32, 64>_Pipeline_VITIS_LOOP_226_3 
INFO: [SCHED 204-11] Starting scheduling ...
INFO: [SCHED 204-61] Pipelining loop 'VITIS_LOOP_226_3'.
INFO: [HLS 200-1470] Pipelining result : Target II = 1, Final II = 1, Depth = 2, loop 'VITIS_LOOP_226_3'
INFO: [SCHED 204-11] Finished scheduling.
INFO: [HLS 200-111] Finished Scheduling: CPU user time: 0 seconds. CPU system time: 0 seconds. Elapsed time: 0.087 seconds; current allocated memory: 541.262 MB.
Execute         syn_report -verbosereport -o D:/hlstrack/hlstrack2025-master/security/L1/tests/hmac/sha256/hmac_sha256_test.prj/solution1/.autopilot/db/mergeKopad_32_64_256_32_64_Pipeline_VITIS_LOOP_226_3.verbose.sched.rpt 
Execute           list_part -family xc7z020-clg484-1 
Execute             ap_family_info -name xc7z020-clg484-1 -data names 
Execute             ap_part_info -quiet -name xc7z020-clg484-1 -data family 
Execute         db_write -o D:/hlstrack/hlstrack2025-master/security/L1/tests/hmac/sha256/hmac_sha256_test.prj/solution1/.autopilot/db/mergeKopad_32_64_256_32_64_Pipeline_VITIS_LOOP_226_3.sched.adb -f 
INFO-FLOW: Finish scheduling mergeKopad<32, 64, 256, 32, 64>_Pipeline_VITIS_LOOP_226_3.
Execute         set_default_model mergeKopad<32, 64, 256, 32, 64>_Pipeline_VITIS_LOOP_226_3 
Execute         bind -model mergeKopad<32, 64, 256, 32, 64>_Pipeline_VITIS_LOOP_226_3 
INFO: [BIND 205-100] Starting micro-architecture generation ...
INFO: [BIND 205-101] Performing variable lifetime analysis.
INFO: [BIND 205-101] Exploring resource sharing.
INFO: [BIND 205-101] Binding ...
INFO: [BIND 205-100] Finished micro-architecture generation.
INFO: [HLS 200-111] Finished Binding: CPU user time: 0 seconds. CPU system time: 0 seconds. Elapsed time: 0.06 seconds; current allocated memory: 541.383 MB.
Execute         syn_report -verbosereport -o D:/hlstrack/hlstrack2025-master/security/L1/tests/hmac/sha256/hmac_sha256_test.prj/solution1/.autopilot/db/mergeKopad_32_64_256_32_64_Pipeline_VITIS_LOOP_226_3.verbose.bind.rpt 
Execute           list_part -family xc7z020-clg484-1 
Execute             ap_family_info -name xc7z020-clg484-1 -data names 
Execute             ap_part_info -quiet -name xc7z020-clg484-1 -data family 
Execute         db_write -o D:/hlstrack/hlstrack2025-master/security/L1/tests/hmac/sha256/hmac_sha256_test.prj/solution1/.autopilot/db/mergeKopad_32_64_256_32_64_Pipeline_VITIS_LOOP_226_3.bind.adb -f 
INFO-FLOW: Finish binding mergeKopad<32, 64, 256, 32, 64>_Pipeline_VITIS_LOOP_226_3.
INFO: [HLS 200-10] ----------------------------------------------------------------
INFO: [HLS 200-42] -- Implementing module 'mergeKopad_32_64_256_32_64_s' 
INFO: [HLS 200-10] ----------------------------------------------------------------
Execute         set_default_model mergeKopad<32, 64, 256, 32, 64> 
Execute         schedule -model mergeKopad<32, 64, 256, 32, 64> 
INFO: [SCHED 204-11] Starting scheduling ...
INFO: [SCHED 204-11] Finished scheduling.
INFO: [HLS 200-111] Finished Scheduling: CPU user time: 0 seconds. CPU system time: 0 seconds. Elapsed time: 0.071 seconds; current allocated memory: 541.496 MB.
Execute         syn_report -verbosereport -o D:/hlstrack/hlstrack2025-master/security/L1/tests/hmac/sha256/hmac_sha256_test.prj/solution1/.autopilot/db/mergeKopad_32_64_256_32_64_s.verbose.sched.rpt 
Execute           list_part -family xc7z020-clg484-1 
Execute             ap_family_info -name xc7z020-clg484-1 -data names 
Execute             ap_part_info -quiet -name xc7z020-clg484-1 -data family 
Execute         db_write -o D:/hlstrack/hlstrack2025-master/security/L1/tests/hmac/sha256/hmac_sha256_test.prj/solution1/.autopilot/db/mergeKopad_32_64_256_32_64_s.sched.adb -f 
INFO-FLOW: Finish scheduling mergeKopad<32, 64, 256, 32, 64>.
Execute         set_default_model mergeKopad<32, 64, 256, 32, 64> 
Execute         bind -model mergeKopad<32, 64, 256, 32, 64> 
INFO: [BIND 205-100] Starting micro-architecture generation ...
INFO: [BIND 205-101] Performing variable lifetime analysis.
INFO: [BIND 205-101] Exploring resource sharing.
INFO: [BIND 205-101] Binding ...
INFO: [BIND 205-100] Finished micro-architecture generation.
INFO: [HLS 200-111] Finished Binding: CPU user time: 0 seconds. CPU system time: 0 seconds. Elapsed time: 0.063 seconds; current allocated memory: 541.770 MB.
Execute         syn_report -verbosereport -o D:/hlstrack/hlstrack2025-master/security/L1/tests/hmac/sha256/hmac_sha256_test.prj/solution1/.autopilot/db/mergeKopad_32_64_256_32_64_s.verbose.bind.rpt 
Execute           list_part -family xc7z020-clg484-1 
Execute             ap_family_info -name xc7z020-clg484-1 -data names 
Execute             ap_part_info -quiet -name xc7z020-clg484-1 -data family 
Execute         db_write -o D:/hlstrack/hlstrack2025-master/security/L1/tests/hmac/sha256/hmac_sha256_test.prj/solution1/.autopilot/db/mergeKopad_32_64_256_32_64_s.bind.adb -f 
INFO-FLOW: Finish binding mergeKopad<32, 64, 256, 32, 64>.
INFO: [HLS 200-10] ----------------------------------------------------------------
INFO: [HLS 200-42] -- Implementing module 'hash_1' 
INFO: [HLS 200-10] ----------------------------------------------------------------
Execute         set_default_model hash.1 
Execute         schedule -model hash.1 
INFO: [SCHED 204-11] Starting scheduling ...
INFO: [SCHED 204-11] Finished scheduling.
INFO: [HLS 200-111] Finished Scheduling: CPU user time: 0 seconds. CPU system time: 0 seconds. Elapsed time: 0.07 seconds; current allocated memory: 541.875 MB.
Execute         syn_report -verbosereport -o D:/hlstrack/hlstrack2025-master/security/L1/tests/hmac/sha256/hmac_sha256_test.prj/solution1/.autopilot/db/hash_1.verbose.sched.rpt 
Execute           list_part -family xc7z020-clg484-1 
Execute             ap_family_info -name xc7z020-clg484-1 -data names 
Execute             ap_part_info -quiet -name xc7z020-clg484-1 -data family 
Execute         db_write -o D:/hlstrack/hlstrack2025-master/security/L1/tests/hmac/sha256/hmac_sha256_test.prj/solution1/.autopilot/db/hash_1.sched.adb -f 
INFO-FLOW: Finish scheduling hash.1.
Execute         set_default_model hash.1 
Execute         bind -model hash.1 
INFO: [BIND 205-100] Starting micro-architecture generation ...
INFO: [BIND 205-101] Performing variable lifetime analysis.
INFO: [BIND 205-101] Exploring resource sharing.
INFO: [BIND 205-101] Binding ...
INFO: [BIND 205-100] Finished micro-architecture generation.
INFO: [HLS 200-111] Finished Binding: CPU user time: 0 seconds. CPU system time: 0 seconds. Elapsed time: 0.079 seconds; current allocated memory: 541.953 MB.
Execute         syn_report -verbosereport -o D:/hlstrack/hlstrack2025-master/security/L1/tests/hmac/sha256/hmac_sha256_test.prj/solution1/.autopilot/db/hash_1.verbose.bind.rpt 
Execute           list_part -family xc7z020-clg484-1 
Execute             ap_family_info -name xc7z020-clg484-1 -data names 
Execute             ap_part_info -quiet -name xc7z020-clg484-1 -data family 
Execute         db_write -o D:/hlstrack/hlstrack2025-master/security/L1/tests/hmac/sha256/hmac_sha256_test.prj/solution1/.autopilot/db/hash_1.bind.adb -f 
INFO-FLOW: Finish binding hash.1.
INFO: [HLS 200-10] ----------------------------------------------------------------
INFO: [HLS 200-42] -- Implementing module 'resHash_32_64_256_32_64_sha256_wrapper_s' 
INFO: [HLS 200-10] ----------------------------------------------------------------
Execute         set_default_model resHash<32, 64, 256, 32, 64, sha256_wrapper> 
Execute         schedule -model resHash<32, 64, 256, 32, 64, sha256_wrapper> 
INFO: [SCHED 204-11] Starting scheduling ...
INFO: [SCHED 204-11] Finished scheduling.
INFO: [HLS 200-111] Finished Scheduling: CPU user time: 0 seconds. CPU system time: 0 seconds. Elapsed time: 0.082 seconds; current allocated memory: 542.031 MB.
Execute         syn_report -verbosereport -o D:/hlstrack/hlstrack2025-master/security/L1/tests/hmac/sha256/hmac_sha256_test.prj/solution1/.autopilot/db/resHash_32_64_256_32_64_sha256_wrapper_s.verbose.sched.rpt 
Execute           list_part -family xc7z020-clg484-1 
Execute             ap_family_info -name xc7z020-clg484-1 -data names 
Execute             ap_part_info -quiet -name xc7z020-clg484-1 -data family 
Execute         db_write -o D:/hlstrack/hlstrack2025-master/security/L1/tests/hmac/sha256/hmac_sha256_test.prj/solution1/.autopilot/db/resHash_32_64_256_32_64_sha256_wrapper_s.sched.adb -f 
INFO-FLOW: Finish scheduling resHash<32, 64, 256, 32, 64, sha256_wrapper>.
Execute         set_default_model resHash<32, 64, 256, 32, 64, sha256_wrapper> 
Execute         bind -model resHash<32, 64, 256, 32, 64, sha256_wrapper> 
INFO: [BIND 205-100] Starting micro-architecture generation ...
INFO: [BIND 205-101] Performing variable lifetime analysis.
INFO: [BIND 205-101] Exploring resource sharing.
INFO: [BIND 205-101] Binding ...
INFO: [BIND 205-100] Finished micro-architecture generation.
INFO: [HLS 200-111] Finished Binding: CPU user time: 0 seconds. CPU system time: 0 seconds. Elapsed time: 0.064 seconds; current allocated memory: 542.133 MB.
Execute         syn_report -verbosereport -o D:/hlstrack/hlstrack2025-master/security/L1/tests/hmac/sha256/hmac_sha256_test.prj/solution1/.autopilot/db/resHash_32_64_256_32_64_sha256_wrapper_s.verbose.bind.rpt 
Execute           list_part -family xc7z020-clg484-1 
Execute             ap_family_info -name xc7z020-clg484-1 -data names 
Execute             ap_part_info -quiet -name xc7z020-clg484-1 -data family 
Execute         db_write -o D:/hlstrack/hlstrack2025-master/security/L1/tests/hmac/sha256/hmac_sha256_test.prj/solution1/.autopilot/db/resHash_32_64_256_32_64_sha256_wrapper_s.bind.adb -f 
INFO-FLOW: Finish binding resHash<32, 64, 256, 32, 64, sha256_wrapper>.
INFO: [HLS 200-10] ----------------------------------------------------------------
INFO: [HLS 200-42] -- Implementing module 'hmacDataflow_32_64_256_32_64_sha256_wrapper_s' 
INFO: [HLS 200-10] ----------------------------------------------------------------
Execute         set_default_model hmacDataflow<32, 64, 256, 32, 64, sha256_wrapper> 
Execute         schedule -model hmacDataflow<32, 64, 256, 32, 64, sha256_wrapper> 
INFO: [SCHED 204-11] Starting scheduling ...
INFO: [SCHED 204-11] Finished scheduling.
INFO: [HLS 200-111] Finished Scheduling: CPU user time: 0 seconds. CPU system time: 0 seconds. Elapsed time: 0.087 seconds; current allocated memory: 542.238 MB.
Execute         syn_report -verbosereport -o D:/hlstrack/hlstrack2025-master/security/L1/tests/hmac/sha256/hmac_sha256_test.prj/solution1/.autopilot/db/hmacDataflow_32_64_256_32_64_sha256_wrapper_s.verbose.sched.rpt 
Execute           list_part -family xc7z020-clg484-1 
Execute             ap_family_info -name xc7z020-clg484-1 -data names 
Execute             ap_part_info -quiet -name xc7z020-clg484-1 -data family 
Execute         db_write -o D:/hlstrack/hlstrack2025-master/security/L1/tests/hmac/sha256/hmac_sha256_test.prj/solution1/.autopilot/db/hmacDataflow_32_64_256_32_64_sha256_wrapper_s.sched.adb -f 
INFO-FLOW: Finish scheduling hmacDataflow<32, 64, 256, 32, 64, sha256_wrapper>.
Execute         set_default_model hmacDataflow<32, 64, 256, 32, 64, sha256_wrapper> 
Execute         bind -model hmacDataflow<32, 64, 256, 32, 64, sha256_wrapper> 
INFO: [BIND 205-100] Starting micro-architecture generation ...
INFO: [BIND 205-101] Performing variable lifetime analysis.
INFO: [BIND 205-101] Exploring resource sharing.
INFO: [BIND 205-101] Binding ...
INFO: [BIND 205-100] Finished micro-architecture generation.
INFO: [HLS 200-111] Finished Binding: CPU user time: 0 seconds. CPU system time: 0 seconds. Elapsed time: 0.078 seconds; current allocated memory: 542.371 MB.
Execute         syn_report -verbosereport -o D:/hlstrack/hlstrack2025-master/security/L1/tests/hmac/sha256/hmac_sha256_test.prj/solution1/.autopilot/db/hmacDataflow_32_64_256_32_64_sha256_wrapper_s.verbose.bind.rpt 
Execute           list_part -family xc7z020-clg484-1 
Execute             ap_family_info -name xc7z020-clg484-1 -data names 
Execute             ap_part_info -quiet -name xc7z020-clg484-1 -data family 
Execute         db_write -o D:/hlstrack/hlstrack2025-master/security/L1/tests/hmac/sha256/hmac_sha256_test.prj/solution1/.autopilot/db/hmacDataflow_32_64_256_32_64_sha256_wrapper_s.bind.adb -f 
INFO-FLOW: Finish binding hmacDataflow<32, 64, 256, 32, 64, sha256_wrapper>.
INFO: [HLS 200-10] ----------------------------------------------------------------
INFO: [HLS 200-42] -- Implementing module 'test_hmac_sha256' 
INFO: [HLS 200-10] ----------------------------------------------------------------
Execute         set_default_model test_hmac_sha256 
Execute         schedule -model test_hmac_sha256 
INFO: [SCHED 204-11] Starting scheduling ...
INFO: [SCHED 204-11] Finished scheduling.
INFO: [HLS 200-111] Finished Scheduling: CPU user time: 0 seconds. CPU system time: 0 seconds. Elapsed time: 0.106 seconds; current allocated memory: 542.719 MB.
Execute         syn_report -verbosereport -o D:/hlstrack/hlstrack2025-master/security/L1/tests/hmac/sha256/hmac_sha256_test.prj/solution1/.autopilot/db/test_hmac_sha256.verbose.sched.rpt 
Execute           list_part -family xc7z020-clg484-1 
Execute             ap_family_info -name xc7z020-clg484-1 -data names 
Execute             ap_part_info -quiet -name xc7z020-clg484-1 -data family 
Execute         db_write -o D:/hlstrack/hlstrack2025-master/security/L1/tests/hmac/sha256/hmac_sha256_test.prj/solution1/.autopilot/db/test_hmac_sha256.sched.adb -f 
INFO-FLOW: Finish scheduling test_hmac_sha256.
Execute         set_default_model test_hmac_sha256 
Execute         bind -model test_hmac_sha256 
INFO: [BIND 205-100] Starting micro-architecture generation ...
INFO: [BIND 205-101] Performing variable lifetime analysis.
INFO: [BIND 205-101] Exploring resource sharing.
INFO: [BIND 205-101] Binding ...
INFO: [BIND 205-100] Finished micro-architecture generation.
INFO: [HLS 200-111] Finished Binding: CPU user time: 0 seconds. CPU system time: 0 seconds. Elapsed time: 0.077 seconds; current allocated memory: 542.805 MB.
Execute         syn_report -verbosereport -o D:/hlstrack/hlstrack2025-master/security/L1/tests/hmac/sha256/hmac_sha256_test.prj/solution1/.autopilot/db/test_hmac_sha256.verbose.bind.rpt 
Execute           list_part -family xc7z020-clg484-1 
Execute             ap_family_info -name xc7z020-clg484-1 -data names 
Execute             ap_part_info -quiet -name xc7z020-clg484-1 -data family 
Execute         db_write -o D:/hlstrack/hlstrack2025-master/security/L1/tests/hmac/sha256/hmac_sha256_test.prj/solution1/.autopilot/db/test_hmac_sha256.bind.adb -f 
INFO-FLOW: Finish binding test_hmac_sha256.
Execute         get_model_list test_hmac_sha256 -filter all-wo-channel 
INFO-FLOW: Preprocessing for RTLGen ...
Execute         rtl_gen_preprocess kpad<32, 64, 256, 32, 64, sha256_wrapper>_Pipeline_VITIS_LOOP_120_2 
Execute         rtl_gen_preprocess kpad<32, 64, 256, 32, 64, sha256_wrapper> 
Execute         rtl_gen_preprocess mergeKipad<32, 64, 256, 64>_Pipeline_VITIS_LOOP_162_2 
Execute         rtl_gen_preprocess mergeKipad<32, 64, 256, 64>_Pipeline_VITIS_LOOP_171_3 
Execute         rtl_gen_preprocess mergeKipad<32, 64, 256, 64> 
Execute         rtl_gen_preprocess preProcessing_Pipeline_LOOP_SHA256_GEN_FULL_BLKS 
Execute         rtl_gen_preprocess preProcessing_Pipeline_LOOP_SHA256_GEN_COPY_TAIL_AND_ONE 
Execute         rtl_gen_preprocess preProcessing 
Execute         rtl_gen_preprocess dup_strm_Pipeline_VITIS_LOOP_506_1 
Execute         rtl_gen_preprocess dup_strm 
Execute         rtl_gen_preprocess generateMsgSchedule_Pipeline_LOOP_SHA256_PREPARE_WT16 
Execute         rtl_gen_preprocess generateMsgSchedule_Pipeline_LOOP_SHA256_PREPARE_WT64 
Execute         rtl_gen_preprocess generateMsgSchedule 
Execute         rtl_gen_preprocess sha256Digest<256>_Pipeline_LOOP_SHA256_UPDATE_64_ROUNDS 
Execute         rtl_gen_preprocess sha256Digest<256> 
Execute         rtl_gen_preprocess sha256_top<32, 256> 
Execute         rtl_gen_preprocess hash 
Execute         rtl_gen_preprocess msgHash<32, 64, 256, 32, 64, sha256_wrapper> 
Execute         rtl_gen_preprocess mergeKopad<32, 64, 256, 32, 64>_Pipeline_VITIS_LOOP_220_2 
Execute         rtl_gen_preprocess mergeKopad<32, 64, 256, 32, 64>_Pipeline_VITIS_LOOP_226_3 
Execute         rtl_gen_preprocess mergeKopad<32, 64, 256, 32, 64> 
Execute         rtl_gen_preprocess hash.1 
Execute         rtl_gen_preprocess resHash<32, 64, 256, 32, 64, sha256_wrapper> 
Execute         rtl_gen_preprocess hmacDataflow<32, 64, 256, 32, 64, sha256_wrapper> 
Execute         rtl_gen_preprocess test_hmac_sha256 
INFO-FLOW: Model list for RTL generation: {kpad<32, 64, 256, 32, 64, sha256_wrapper>_Pipeline_VITIS_LOOP_120_2} {kpad<32, 64, 256, 32, 64, sha256_wrapper>} {mergeKipad<32, 64, 256, 64>_Pipeline_VITIS_LOOP_162_2} {mergeKipad<32, 64, 256, 64>_Pipeline_VITIS_LOOP_171_3} {mergeKipad<32, 64, 256, 64>} preProcessing_Pipeline_LOOP_SHA256_GEN_FULL_BLKS preProcessing_Pipeline_LOOP_SHA256_GEN_COPY_TAIL_AND_ONE preProcessing dup_strm_Pipeline_VITIS_LOOP_506_1 dup_strm generateMsgSchedule_Pipeline_LOOP_SHA256_PREPARE_WT16 generateMsgSchedule_Pipeline_LOOP_SHA256_PREPARE_WT64 generateMsgSchedule sha256Digest<256>_Pipeline_LOOP_SHA256_UPDATE_64_ROUNDS sha256Digest<256> {sha256_top<32, 256>} hash {msgHash<32, 64, 256, 32, 64, sha256_wrapper>} {mergeKopad<32, 64, 256, 32, 64>_Pipeline_VITIS_LOOP_220_2} {mergeKopad<32, 64, 256, 32, 64>_Pipeline_VITIS_LOOP_226_3} {mergeKopad<32, 64, 256, 32, 64>} hash.1 {resHash<32, 64, 256, 32, 64, sha256_wrapper>} {hmacDataflow<32, 64, 256, 32, 64, sha256_wrapper>} test_hmac_sha256
INFO: [HLS 200-10] ----------------------------------------------------------------
INFO: [HLS 200-10] -- Generating RTL for module 'kpad_32_64_256_32_64_sha256_wrapper_Pipeline_VITIS_LOOP_120_2' 
INFO: [HLS 200-10] ----------------------------------------------------------------
Execute         create_rtl_model kpad<32, 64, 256, 32, 64, sha256_wrapper>_Pipeline_VITIS_LOOP_120_2 -top_prefix test_hmac_sha256_ -sub_prefix test_hmac_sha256_ -mg_file D:/hlstrack/hlstrack2025-master/security/L1/tests/hmac/sha256/hmac_sha256_test.prj/solution1/.autopilot/db/kpad_32_64_256_32_64_sha256_wrapper_Pipeline_VITIS_LOOP_120_2.compgen.tcl 
INFO: [HLS 200-1030] Apply Unified Pipeline Control on module 'kpad_32_64_256_32_64_sha256_wrapper_Pipeline_VITIS_LOOP_120_2' pipeline 'VITIS_LOOP_120_2' pipeline type 'loop pipeline'
INFO: [RTGEN 206-100] Finished creating RTL model for 'kpad_32_64_256_32_64_sha256_wrapper_Pipeline_VITIS_LOOP_120_2'.
INFO: [HLS 200-111] Finished Creating RTL model: CPU user time: 1 seconds. CPU system time: 0 seconds. Elapsed time: 0.181 seconds; current allocated memory: 544.488 MB.
Execute         source D:/hlstrack/hlstrack2025-master/security/L1/tests/hmac/sha256/hmac_sha256_test.prj/solution1/.autopilot/db/test_hmac_sha256.rtl_wrap.cfg.tcl 
Execute         gen_rtl kpad<32, 64, 256, 32, 64, sha256_wrapper>_Pipeline_VITIS_LOOP_120_2 -style xilinx -f -lang vhdl -o D:/hlstrack/hlstrack2025-master/security/L1/tests/hmac/sha256/hmac_sha256_test.prj/solution1/syn/vhdl/test_hmac_sha256_kpad_32_64_256_32_64_sha256_wrapper_Pipeline_VITIS_LOOP_120_2 
Execute         gen_rtl kpad<32, 64, 256, 32, 64, sha256_wrapper>_Pipeline_VITIS_LOOP_120_2 -style xilinx -f -lang vlog -o D:/hlstrack/hlstrack2025-master/security/L1/tests/hmac/sha256/hmac_sha256_test.prj/solution1/syn/verilog/test_hmac_sha256_kpad_32_64_256_32_64_sha256_wrapper_Pipeline_VITIS_LOOP_120_2 
Execute         syn_report -csynth -model kpad<32, 64, 256, 32, 64, sha256_wrapper>_Pipeline_VITIS_LOOP_120_2 -o D:/hlstrack/hlstrack2025-master/security/L1/tests/hmac/sha256/hmac_sha256_test.prj/solution1/syn/report/kpad_32_64_256_32_64_sha256_wrapper_Pipeline_VITIS_LOOP_120_2_csynth.rpt 
Execute           list_part -family xc7z020-clg484-1 
Execute             ap_family_info -name xc7z020-clg484-1 -data names 
Execute             ap_part_info -quiet -name xc7z020-clg484-1 -data family 
Execute         syn_report -rtlxml -model kpad<32, 64, 256, 32, 64, sha256_wrapper>_Pipeline_VITIS_LOOP_120_2 -o D:/hlstrack/hlstrack2025-master/security/L1/tests/hmac/sha256/hmac_sha256_test.prj/solution1/syn/report/kpad_32_64_256_32_64_sha256_wrapper_Pipeline_VITIS_LOOP_120_2_csynth.xml 
Execute           list_part -family xc7z020-clg484-1 
Execute             ap_family_info -name xc7z020-clg484-1 -data names 
Execute             ap_part_info -quiet -name xc7z020-clg484-1 -data family 
Execute         syn_report -verbosereport -model kpad<32, 64, 256, 32, 64, sha256_wrapper>_Pipeline_VITIS_LOOP_120_2 -o D:/hlstrack/hlstrack2025-master/security/L1/tests/hmac/sha256/hmac_sha256_test.prj/solution1/.autopilot/db/kpad_32_64_256_32_64_sha256_wrapper_Pipeline_VITIS_LOOP_120_2.verbose.rpt 
Execute           list_part -family xc7z020-clg484-1 
Execute             ap_family_info -name xc7z020-clg484-1 -data names 
Execute             ap_part_info -quiet -name xc7z020-clg484-1 -data family 
Execute         db_write -model kpad<32, 64, 256, 32, 64, sha256_wrapper>_Pipeline_VITIS_LOOP_120_2 -f -o D:/hlstrack/hlstrack2025-master/security/L1/tests/hmac/sha256/hmac_sha256_test.prj/solution1/.autopilot/db/kpad_32_64_256_32_64_sha256_wrapper_Pipeline_VITIS_LOOP_120_2.adb 
Execute         db_write -model kpad<32, 64, 256, 32, 64, sha256_wrapper>_Pipeline_VITIS_LOOP_120_2 -bindview -o D:/hlstrack/hlstrack2025-master/security/L1/tests/hmac/sha256/hmac_sha256_test.prj/solution1/.autopilot/db/design.bindinfo.xml 
Execute         gen_tb_info kpad<32, 64, 256, 32, 64, sha256_wrapper>_Pipeline_VITIS_LOOP_120_2 -p D:/hlstrack/hlstrack2025-master/security/L1/tests/hmac/sha256/hmac_sha256_test.prj/solution1/.autopilot/db -o D:/hlstrack/hlstrack2025-master/security/L1/tests/hmac/sha256/hmac_sha256_test.prj/solution1/.autopilot/db/kpad_32_64_256_32_64_sha256_wrapper_Pipeline_VITIS_LOOP_120_2 
INFO: [HLS 200-10] ----------------------------------------------------------------
INFO: [HLS 200-10] -- Generating RTL for module 'kpad_32_64_256_32_64_sha256_wrapper_s' 
INFO: [HLS 200-10] ----------------------------------------------------------------
Execute         create_rtl_model kpad<32, 64, 256, 32, 64, sha256_wrapper> -top_prefix test_hmac_sha256_ -sub_prefix test_hmac_sha256_ -mg_file D:/hlstrack/hlstrack2025-master/security/L1/tests/hmac/sha256/hmac_sha256_test.prj/solution1/.autopilot/db/kpad_32_64_256_32_64_sha256_wrapper_s.compgen.tcl 
INFO: [RTGEN 206-100] Finished creating RTL model for 'kpad_32_64_256_32_64_sha256_wrapper_s'.
INFO: [HLS 200-111] Finished Creating RTL model: CPU user time: 0 seconds. CPU system time: 0 seconds. Elapsed time: 0.344 seconds; current allocated memory: 547.891 MB.
Execute         source D:/hlstrack/hlstrack2025-master/security/L1/tests/hmac/sha256/hmac_sha256_test.prj/solution1/.autopilot/db/test_hmac_sha256.rtl_wrap.cfg.tcl 
Execute         gen_rtl kpad<32, 64, 256, 32, 64, sha256_wrapper> -style xilinx -f -lang vhdl -o D:/hlstrack/hlstrack2025-master/security/L1/tests/hmac/sha256/hmac_sha256_test.prj/solution1/syn/vhdl/test_hmac_sha256_kpad_32_64_256_32_64_sha256_wrapper_s 
Execute         gen_rtl kpad<32, 64, 256, 32, 64, sha256_wrapper> -style xilinx -f -lang vlog -o D:/hlstrack/hlstrack2025-master/security/L1/tests/hmac/sha256/hmac_sha256_test.prj/solution1/syn/verilog/test_hmac_sha256_kpad_32_64_256_32_64_sha256_wrapper_s 
Execute         syn_report -csynth -model kpad<32, 64, 256, 32, 64, sha256_wrapper> -o D:/hlstrack/hlstrack2025-master/security/L1/tests/hmac/sha256/hmac_sha256_test.prj/solution1/syn/report/kpad_32_64_256_32_64_sha256_wrapper_s_csynth.rpt 
Execute           list_part -family xc7z020-clg484-1 
Execute             ap_family_info -name xc7z020-clg484-1 -data names 
Execute             ap_part_info -quiet -name xc7z020-clg484-1 -data family 
Execute         syn_report -rtlxml -model kpad<32, 64, 256, 32, 64, sha256_wrapper> -o D:/hlstrack/hlstrack2025-master/security/L1/tests/hmac/sha256/hmac_sha256_test.prj/solution1/syn/report/kpad_32_64_256_32_64_sha256_wrapper_s_csynth.xml 
Execute           list_part -family xc7z020-clg484-1 
Execute             ap_family_info -name xc7z020-clg484-1 -data names 
Execute             ap_part_info -quiet -name xc7z020-clg484-1 -data family 
Execute         syn_report -verbosereport -model kpad<32, 64, 256, 32, 64, sha256_wrapper> -o D:/hlstrack/hlstrack2025-master/security/L1/tests/hmac/sha256/hmac_sha256_test.prj/solution1/.autopilot/db/kpad_32_64_256_32_64_sha256_wrapper_s.verbose.rpt 
Execute           list_part -family xc7z020-clg484-1 
Execute             ap_family_info -name xc7z020-clg484-1 -data names 
Execute             ap_part_info -quiet -name xc7z020-clg484-1 -data family 
Execute         db_write -model kpad<32, 64, 256, 32, 64, sha256_wrapper> -f -o D:/hlstrack/hlstrack2025-master/security/L1/tests/hmac/sha256/hmac_sha256_test.prj/solution1/.autopilot/db/kpad_32_64_256_32_64_sha256_wrapper_s.adb 
Execute         db_write -model kpad<32, 64, 256, 32, 64, sha256_wrapper> -bindview -o D:/hlstrack/hlstrack2025-master/security/L1/tests/hmac/sha256/hmac_sha256_test.prj/solution1/.autopilot/db/design.bindinfo.xml 
Execute         gen_tb_info kpad<32, 64, 256, 32, 64, sha256_wrapper> -p D:/hlstrack/hlstrack2025-master/security/L1/tests/hmac/sha256/hmac_sha256_test.prj/solution1/.autopilot/db -o D:/hlstrack/hlstrack2025-master/security/L1/tests/hmac/sha256/hmac_sha256_test.prj/solution1/.autopilot/db/kpad_32_64_256_32_64_sha256_wrapper_s 
INFO: [HLS 200-10] ----------------------------------------------------------------
INFO: [HLS 200-10] -- Generating RTL for module 'mergeKipad_32_64_256_64_Pipeline_VITIS_LOOP_162_2' 
INFO: [HLS 200-10] ----------------------------------------------------------------
Execute         create_rtl_model mergeKipad<32, 64, 256, 64>_Pipeline_VITIS_LOOP_162_2 -top_prefix test_hmac_sha256_ -sub_prefix test_hmac_sha256_ -mg_file D:/hlstrack/hlstrack2025-master/security/L1/tests/hmac/sha256/hmac_sha256_test.prj/solution1/.autopilot/db/mergeKipad_32_64_256_64_Pipeline_VITIS_LOOP_162_2.compgen.tcl 
INFO: [HLS 200-1030] Apply Unified Pipeline Control on module 'mergeKipad_32_64_256_64_Pipeline_VITIS_LOOP_162_2' pipeline 'VITIS_LOOP_162_2' pipeline type 'loop pipeline'
INFO: [RTGEN 206-100] Finished creating RTL model for 'mergeKipad_32_64_256_64_Pipeline_VITIS_LOOP_162_2'.
INFO: [HLS 200-111] Finished Creating RTL model: CPU user time: 0 seconds. CPU system time: 0 seconds. Elapsed time: 0.767 seconds; current allocated memory: 552.117 MB.
Execute         source D:/hlstrack/hlstrack2025-master/security/L1/tests/hmac/sha256/hmac_sha256_test.prj/solution1/.autopilot/db/test_hmac_sha256.rtl_wrap.cfg.tcl 
Execute         gen_rtl mergeKipad<32, 64, 256, 64>_Pipeline_VITIS_LOOP_162_2 -style xilinx -f -lang vhdl -o D:/hlstrack/hlstrack2025-master/security/L1/tests/hmac/sha256/hmac_sha256_test.prj/solution1/syn/vhdl/test_hmac_sha256_mergeKipad_32_64_256_64_Pipeline_VITIS_LOOP_162_2 
Execute         gen_rtl mergeKipad<32, 64, 256, 64>_Pipeline_VITIS_LOOP_162_2 -style xilinx -f -lang vlog -o D:/hlstrack/hlstrack2025-master/security/L1/tests/hmac/sha256/hmac_sha256_test.prj/solution1/syn/verilog/test_hmac_sha256_mergeKipad_32_64_256_64_Pipeline_VITIS_LOOP_162_2 
Execute         syn_report -csynth -model mergeKipad<32, 64, 256, 64>_Pipeline_VITIS_LOOP_162_2 -o D:/hlstrack/hlstrack2025-master/security/L1/tests/hmac/sha256/hmac_sha256_test.prj/solution1/syn/report/mergeKipad_32_64_256_64_Pipeline_VITIS_LOOP_162_2_csynth.rpt 
Execute           list_part -family xc7z020-clg484-1 
Execute             ap_family_info -name xc7z020-clg484-1 -data names 
Execute             ap_part_info -quiet -name xc7z020-clg484-1 -data family 
Execute         syn_report -rtlxml -model mergeKipad<32, 64, 256, 64>_Pipeline_VITIS_LOOP_162_2 -o D:/hlstrack/hlstrack2025-master/security/L1/tests/hmac/sha256/hmac_sha256_test.prj/solution1/syn/report/mergeKipad_32_64_256_64_Pipeline_VITIS_LOOP_162_2_csynth.xml 
Execute           list_part -family xc7z020-clg484-1 
Execute             ap_family_info -name xc7z020-clg484-1 -data names 
Execute             ap_part_info -quiet -name xc7z020-clg484-1 -data family 
Execute         syn_report -verbosereport -model mergeKipad<32, 64, 256, 64>_Pipeline_VITIS_LOOP_162_2 -o D:/hlstrack/hlstrack2025-master/security/L1/tests/hmac/sha256/hmac_sha256_test.prj/solution1/.autopilot/db/mergeKipad_32_64_256_64_Pipeline_VITIS_LOOP_162_2.verbose.rpt 
Execute           list_part -family xc7z020-clg484-1 
Execute             ap_family_info -name xc7z020-clg484-1 -data names 
Execute             ap_part_info -quiet -name xc7z020-clg484-1 -data family 
Execute         db_write -model mergeKipad<32, 64, 256, 64>_Pipeline_VITIS_LOOP_162_2 -f -o D:/hlstrack/hlstrack2025-master/security/L1/tests/hmac/sha256/hmac_sha256_test.prj/solution1/.autopilot/db/mergeKipad_32_64_256_64_Pipeline_VITIS_LOOP_162_2.adb 
Execute         db_write -model mergeKipad<32, 64, 256, 64>_Pipeline_VITIS_LOOP_162_2 -bindview -o D:/hlstrack/hlstrack2025-master/security/L1/tests/hmac/sha256/hmac_sha256_test.prj/solution1/.autopilot/db/design.bindinfo.xml 
Execute         gen_tb_info mergeKipad<32, 64, 256, 64>_Pipeline_VITIS_LOOP_162_2 -p D:/hlstrack/hlstrack2025-master/security/L1/tests/hmac/sha256/hmac_sha256_test.prj/solution1/.autopilot/db -o D:/hlstrack/hlstrack2025-master/security/L1/tests/hmac/sha256/hmac_sha256_test.prj/solution1/.autopilot/db/mergeKipad_32_64_256_64_Pipeline_VITIS_LOOP_162_2 
INFO: [HLS 200-10] ----------------------------------------------------------------
INFO: [HLS 200-10] -- Generating RTL for module 'mergeKipad_32_64_256_64_Pipeline_VITIS_LOOP_171_3' 
INFO: [HLS 200-10] ----------------------------------------------------------------
Execute         create_rtl_model mergeKipad<32, 64, 256, 64>_Pipeline_VITIS_LOOP_171_3 -top_prefix test_hmac_sha256_ -sub_prefix test_hmac_sha256_ -mg_file D:/hlstrack/hlstrack2025-master/security/L1/tests/hmac/sha256/hmac_sha256_test.prj/solution1/.autopilot/db/mergeKipad_32_64_256_64_Pipeline_VITIS_LOOP_171_3.compgen.tcl 
INFO: [HLS 200-1030] Apply Unified Pipeline Control on module 'mergeKipad_32_64_256_64_Pipeline_VITIS_LOOP_171_3' pipeline 'VITIS_LOOP_171_3' pipeline type 'loop pipeline'
INFO: [RTGEN 206-100] Finished creating RTL model for 'mergeKipad_32_64_256_64_Pipeline_VITIS_LOOP_171_3'.
INFO: [HLS 200-111] Finished Creating RTL model: CPU user time: 0 seconds. CPU system time: 0 seconds. Elapsed time: 0.272 seconds; current allocated memory: 552.605 MB.
Execute         source D:/hlstrack/hlstrack2025-master/security/L1/tests/hmac/sha256/hmac_sha256_test.prj/solution1/.autopilot/db/test_hmac_sha256.rtl_wrap.cfg.tcl 
Execute         gen_rtl mergeKipad<32, 64, 256, 64>_Pipeline_VITIS_LOOP_171_3 -style xilinx -f -lang vhdl -o D:/hlstrack/hlstrack2025-master/security/L1/tests/hmac/sha256/hmac_sha256_test.prj/solution1/syn/vhdl/test_hmac_sha256_mergeKipad_32_64_256_64_Pipeline_VITIS_LOOP_171_3 
Execute         gen_rtl mergeKipad<32, 64, 256, 64>_Pipeline_VITIS_LOOP_171_3 -style xilinx -f -lang vlog -o D:/hlstrack/hlstrack2025-master/security/L1/tests/hmac/sha256/hmac_sha256_test.prj/solution1/syn/verilog/test_hmac_sha256_mergeKipad_32_64_256_64_Pipeline_VITIS_LOOP_171_3 
Execute         syn_report -csynth -model mergeKipad<32, 64, 256, 64>_Pipeline_VITIS_LOOP_171_3 -o D:/hlstrack/hlstrack2025-master/security/L1/tests/hmac/sha256/hmac_sha256_test.prj/solution1/syn/report/mergeKipad_32_64_256_64_Pipeline_VITIS_LOOP_171_3_csynth.rpt 
Execute           list_part -family xc7z020-clg484-1 
Execute             ap_family_info -name xc7z020-clg484-1 -data names 
Execute             ap_part_info -quiet -name xc7z020-clg484-1 -data family 
Execute         syn_report -rtlxml -model mergeKipad<32, 64, 256, 64>_Pipeline_VITIS_LOOP_171_3 -o D:/hlstrack/hlstrack2025-master/security/L1/tests/hmac/sha256/hmac_sha256_test.prj/solution1/syn/report/mergeKipad_32_64_256_64_Pipeline_VITIS_LOOP_171_3_csynth.xml 
Execute           list_part -family xc7z020-clg484-1 
Execute             ap_family_info -name xc7z020-clg484-1 -data names 
Execute             ap_part_info -quiet -name xc7z020-clg484-1 -data family 
Execute         syn_report -verbosereport -model mergeKipad<32, 64, 256, 64>_Pipeline_VITIS_LOOP_171_3 -o D:/hlstrack/hlstrack2025-master/security/L1/tests/hmac/sha256/hmac_sha256_test.prj/solution1/.autopilot/db/mergeKipad_32_64_256_64_Pipeline_VITIS_LOOP_171_3.verbose.rpt 
Execute           list_part -family xc7z020-clg484-1 
Execute             ap_family_info -name xc7z020-clg484-1 -data names 
Execute             ap_part_info -quiet -name xc7z020-clg484-1 -data family 
Execute         db_write -model mergeKipad<32, 64, 256, 64>_Pipeline_VITIS_LOOP_171_3 -f -o D:/hlstrack/hlstrack2025-master/security/L1/tests/hmac/sha256/hmac_sha256_test.prj/solution1/.autopilot/db/mergeKipad_32_64_256_64_Pipeline_VITIS_LOOP_171_3.adb 
Execute         db_write -model mergeKipad<32, 64, 256, 64>_Pipeline_VITIS_LOOP_171_3 -bindview -o D:/hlstrack/hlstrack2025-master/security/L1/tests/hmac/sha256/hmac_sha256_test.prj/solution1/.autopilot/db/design.bindinfo.xml 
Execute         gen_tb_info mergeKipad<32, 64, 256, 64>_Pipeline_VITIS_LOOP_171_3 -p D:/hlstrack/hlstrack2025-master/security/L1/tests/hmac/sha256/hmac_sha256_test.prj/solution1/.autopilot/db -o D:/hlstrack/hlstrack2025-master/security/L1/tests/hmac/sha256/hmac_sha256_test.prj/solution1/.autopilot/db/mergeKipad_32_64_256_64_Pipeline_VITIS_LOOP_171_3 
INFO: [HLS 200-10] ----------------------------------------------------------------
INFO: [HLS 200-10] -- Generating RTL for module 'mergeKipad_32_64_256_64_s' 
INFO: [HLS 200-10] ----------------------------------------------------------------
Execute         create_rtl_model mergeKipad<32, 64, 256, 64> -top_prefix test_hmac_sha256_ -sub_prefix test_hmac_sha256_ -mg_file D:/hlstrack/hlstrack2025-master/security/L1/tests/hmac/sha256/hmac_sha256_test.prj/solution1/.autopilot/db/mergeKipad_32_64_256_64_s.compgen.tcl 
INFO: [RTGEN 206-100] Finished creating RTL model for 'mergeKipad_32_64_256_64_s'.
INFO: [HLS 200-111] Finished Creating RTL model: CPU user time: 0 seconds. CPU system time: 0 seconds. Elapsed time: 0.227 seconds; current allocated memory: 553.375 MB.
Execute         source D:/hlstrack/hlstrack2025-master/security/L1/tests/hmac/sha256/hmac_sha256_test.prj/solution1/.autopilot/db/test_hmac_sha256.rtl_wrap.cfg.tcl 
Execute         gen_rtl mergeKipad<32, 64, 256, 64> -style xilinx -f -lang vhdl -o D:/hlstrack/hlstrack2025-master/security/L1/tests/hmac/sha256/hmac_sha256_test.prj/solution1/syn/vhdl/test_hmac_sha256_mergeKipad_32_64_256_64_s 
Execute         gen_rtl mergeKipad<32, 64, 256, 64> -style xilinx -f -lang vlog -o D:/hlstrack/hlstrack2025-master/security/L1/tests/hmac/sha256/hmac_sha256_test.prj/solution1/syn/verilog/test_hmac_sha256_mergeKipad_32_64_256_64_s 
Execute         syn_report -csynth -model mergeKipad<32, 64, 256, 64> -o D:/hlstrack/hlstrack2025-master/security/L1/tests/hmac/sha256/hmac_sha256_test.prj/solution1/syn/report/mergeKipad_32_64_256_64_s_csynth.rpt 
Execute           list_part -family xc7z020-clg484-1 
Execute             ap_family_info -name xc7z020-clg484-1 -data names 
Execute             ap_part_info -quiet -name xc7z020-clg484-1 -data family 
Execute         syn_report -rtlxml -model mergeKipad<32, 64, 256, 64> -o D:/hlstrack/hlstrack2025-master/security/L1/tests/hmac/sha256/hmac_sha256_test.prj/solution1/syn/report/mergeKipad_32_64_256_64_s_csynth.xml 
Execute           list_part -family xc7z020-clg484-1 
Execute             ap_family_info -name xc7z020-clg484-1 -data names 
Execute             ap_part_info -quiet -name xc7z020-clg484-1 -data family 
Execute         syn_report -verbosereport -model mergeKipad<32, 64, 256, 64> -o D:/hlstrack/hlstrack2025-master/security/L1/tests/hmac/sha256/hmac_sha256_test.prj/solution1/.autopilot/db/mergeKipad_32_64_256_64_s.verbose.rpt 
Execute           list_part -family xc7z020-clg484-1 
Execute             ap_family_info -name xc7z020-clg484-1 -data names 
Execute             ap_part_info -quiet -name xc7z020-clg484-1 -data family 
Execute         db_write -model mergeKipad<32, 64, 256, 64> -f -o D:/hlstrack/hlstrack2025-master/security/L1/tests/hmac/sha256/hmac_sha256_test.prj/solution1/.autopilot/db/mergeKipad_32_64_256_64_s.adb 
Execute         db_write -model mergeKipad<32, 64, 256, 64> -bindview -o D:/hlstrack/hlstrack2025-master/security/L1/tests/hmac/sha256/hmac_sha256_test.prj/solution1/.autopilot/db/design.bindinfo.xml 
Execute         gen_tb_info mergeKipad<32, 64, 256, 64> -p D:/hlstrack/hlstrack2025-master/security/L1/tests/hmac/sha256/hmac_sha256_test.prj/solution1/.autopilot/db -o D:/hlstrack/hlstrack2025-master/security/L1/tests/hmac/sha256/hmac_sha256_test.prj/solution1/.autopilot/db/mergeKipad_32_64_256_64_s 
INFO: [HLS 200-10] ----------------------------------------------------------------
INFO: [HLS 200-10] -- Generating RTL for module 'preProcessing_Pipeline_LOOP_SHA256_GEN_FULL_BLKS' 
INFO: [HLS 200-10] ----------------------------------------------------------------
Execute         create_rtl_model preProcessing_Pipeline_LOOP_SHA256_GEN_FULL_BLKS -top_prefix test_hmac_sha256_ -sub_prefix test_hmac_sha256_ -mg_file D:/hlstrack/hlstrack2025-master/security/L1/tests/hmac/sha256/hmac_sha256_test.prj/solution1/.autopilot/db/preProcessing_Pipeline_LOOP_SHA256_GEN_FULL_BLKS.compgen.tcl 
INFO: [HLS 200-1030] Apply Unified Pipeline Control on module 'preProcessing_Pipeline_LOOP_SHA256_GEN_FULL_BLKS' pipeline 'LOOP_SHA256_GEN_FULL_BLKS' pipeline type 'loop pipeline'
INFO: [RTGEN 206-100] Finished creating RTL model for 'preProcessing_Pipeline_LOOP_SHA256_GEN_FULL_BLKS'.
INFO: [HLS 200-111] Finished Creating RTL model: CPU user time: 0 seconds. CPU system time: 0 seconds. Elapsed time: 0.394 seconds; current allocated memory: 555.160 MB.
Execute         source D:/hlstrack/hlstrack2025-master/security/L1/tests/hmac/sha256/hmac_sha256_test.prj/solution1/.autopilot/db/test_hmac_sha256.rtl_wrap.cfg.tcl 
Execute         gen_rtl preProcessing_Pipeline_LOOP_SHA256_GEN_FULL_BLKS -style xilinx -f -lang vhdl -o D:/hlstrack/hlstrack2025-master/security/L1/tests/hmac/sha256/hmac_sha256_test.prj/solution1/syn/vhdl/test_hmac_sha256_preProcessing_Pipeline_LOOP_SHA256_GEN_FULL_BLKS 
Execute         gen_rtl preProcessing_Pipeline_LOOP_SHA256_GEN_FULL_BLKS -style xilinx -f -lang vlog -o D:/hlstrack/hlstrack2025-master/security/L1/tests/hmac/sha256/hmac_sha256_test.prj/solution1/syn/verilog/test_hmac_sha256_preProcessing_Pipeline_LOOP_SHA256_GEN_FULL_BLKS 
Execute         syn_report -csynth -model preProcessing_Pipeline_LOOP_SHA256_GEN_FULL_BLKS -o D:/hlstrack/hlstrack2025-master/security/L1/tests/hmac/sha256/hmac_sha256_test.prj/solution1/syn/report/preProcessing_Pipeline_LOOP_SHA256_GEN_FULL_BLKS_csynth.rpt 
Execute           list_part -family xc7z020-clg484-1 
Execute             ap_family_info -name xc7z020-clg484-1 -data names 
Execute             ap_part_info -quiet -name xc7z020-clg484-1 -data family 
Execute         syn_report -rtlxml -model preProcessing_Pipeline_LOOP_SHA256_GEN_FULL_BLKS -o D:/hlstrack/hlstrack2025-master/security/L1/tests/hmac/sha256/hmac_sha256_test.prj/solution1/syn/report/preProcessing_Pipeline_LOOP_SHA256_GEN_FULL_BLKS_csynth.xml 
Execute           list_part -family xc7z020-clg484-1 
Execute             ap_family_info -name xc7z020-clg484-1 -data names 
Execute             ap_part_info -quiet -name xc7z020-clg484-1 -data family 
Execute         syn_report -verbosereport -model preProcessing_Pipeline_LOOP_SHA256_GEN_FULL_BLKS -o D:/hlstrack/hlstrack2025-master/security/L1/tests/hmac/sha256/hmac_sha256_test.prj/solution1/.autopilot/db/preProcessing_Pipeline_LOOP_SHA256_GEN_FULL_BLKS.verbose.rpt 
Execute           list_part -family xc7z020-clg484-1 
Execute             ap_family_info -name xc7z020-clg484-1 -data names 
Execute             ap_part_info -quiet -name xc7z020-clg484-1 -data family 
Execute         db_write -model preProcessing_Pipeline_LOOP_SHA256_GEN_FULL_BLKS -f -o D:/hlstrack/hlstrack2025-master/security/L1/tests/hmac/sha256/hmac_sha256_test.prj/solution1/.autopilot/db/preProcessing_Pipeline_LOOP_SHA256_GEN_FULL_BLKS.adb 
Execute         db_write -model preProcessing_Pipeline_LOOP_SHA256_GEN_FULL_BLKS -bindview -o D:/hlstrack/hlstrack2025-master/security/L1/tests/hmac/sha256/hmac_sha256_test.prj/solution1/.autopilot/db/design.bindinfo.xml 
Execute         gen_tb_info preProcessing_Pipeline_LOOP_SHA256_GEN_FULL_BLKS -p D:/hlstrack/hlstrack2025-master/security/L1/tests/hmac/sha256/hmac_sha256_test.prj/solution1/.autopilot/db -o D:/hlstrack/hlstrack2025-master/security/L1/tests/hmac/sha256/hmac_sha256_test.prj/solution1/.autopilot/db/preProcessing_Pipeline_LOOP_SHA256_GEN_FULL_BLKS 
INFO: [HLS 200-10] ----------------------------------------------------------------
INFO: [HLS 200-10] -- Generating RTL for module 'preProcessing_Pipeline_LOOP_SHA256_GEN_COPY_TAIL_AND_ONE' 
INFO: [HLS 200-10] ----------------------------------------------------------------
Execute         create_rtl_model preProcessing_Pipeline_LOOP_SHA256_GEN_COPY_TAIL_AND_ONE -top_prefix test_hmac_sha256_ -sub_prefix test_hmac_sha256_ -mg_file D:/hlstrack/hlstrack2025-master/security/L1/tests/hmac/sha256/hmac_sha256_test.prj/solution1/.autopilot/db/preProcessing_Pipeline_LOOP_SHA256_GEN_COPY_TAIL_AND_ONE.compgen.tcl 
INFO: [HLS 200-1030] Apply Unified Pipeline Control on module 'preProcessing_Pipeline_LOOP_SHA256_GEN_COPY_TAIL_AND_ONE' pipeline 'LOOP_SHA256_GEN_COPY_TAIL_AND_ONE' pipeline type 'loop pipeline'
INFO: [RTGEN 206-100] Finished creating RTL model for 'preProcessing_Pipeline_LOOP_SHA256_GEN_COPY_TAIL_AND_ONE'.
INFO: [HLS 200-111] Finished Creating RTL model: CPU user time: 1 seconds. CPU system time: 1 seconds. Elapsed time: 0.552 seconds; current allocated memory: 557.633 MB.
Execute         source D:/hlstrack/hlstrack2025-master/security/L1/tests/hmac/sha256/hmac_sha256_test.prj/solution1/.autopilot/db/test_hmac_sha256.rtl_wrap.cfg.tcl 
Execute         gen_rtl preProcessing_Pipeline_LOOP_SHA256_GEN_COPY_TAIL_AND_ONE -style xilinx -f -lang vhdl -o D:/hlstrack/hlstrack2025-master/security/L1/tests/hmac/sha256/hmac_sha256_test.prj/solution1/syn/vhdl/test_hmac_sha256_preProcessing_Pipeline_LOOP_SHA256_GEN_COPY_TAIL_AND_ONE 
Execute         gen_rtl preProcessing_Pipeline_LOOP_SHA256_GEN_COPY_TAIL_AND_ONE -style xilinx -f -lang vlog -o D:/hlstrack/hlstrack2025-master/security/L1/tests/hmac/sha256/hmac_sha256_test.prj/solution1/syn/verilog/test_hmac_sha256_preProcessing_Pipeline_LOOP_SHA256_GEN_COPY_TAIL_AND_ONE 
Execute         syn_report -csynth -model preProcessing_Pipeline_LOOP_SHA256_GEN_COPY_TAIL_AND_ONE -o D:/hlstrack/hlstrack2025-master/security/L1/tests/hmac/sha256/hmac_sha256_test.prj/solution1/syn/report/preProcessing_Pipeline_LOOP_SHA256_GEN_COPY_TAIL_AND_ONE_csynth.rpt 
Execute           list_part -family xc7z020-clg484-1 
Execute             ap_family_info -name xc7z020-clg484-1 -data names 
Execute             ap_part_info -quiet -name xc7z020-clg484-1 -data family 
Execute         syn_report -rtlxml -model preProcessing_Pipeline_LOOP_SHA256_GEN_COPY_TAIL_AND_ONE -o D:/hlstrack/hlstrack2025-master/security/L1/tests/hmac/sha256/hmac_sha256_test.prj/solution1/syn/report/preProcessing_Pipeline_LOOP_SHA256_GEN_COPY_TAIL_AND_ONE_csynth.xml 
Execute           list_part -family xc7z020-clg484-1 
Execute             ap_family_info -name xc7z020-clg484-1 -data names 
Execute             ap_part_info -quiet -name xc7z020-clg484-1 -data family 
Execute         syn_report -verbosereport -model preProcessing_Pipeline_LOOP_SHA256_GEN_COPY_TAIL_AND_ONE -o D:/hlstrack/hlstrack2025-master/security/L1/tests/hmac/sha256/hmac_sha256_test.prj/solution1/.autopilot/db/preProcessing_Pipeline_LOOP_SHA256_GEN_COPY_TAIL_AND_ONE.verbose.rpt 
Execute           list_part -family xc7z020-clg484-1 
Execute             ap_family_info -name xc7z020-clg484-1 -data names 
Execute             ap_part_info -quiet -name xc7z020-clg484-1 -data family 
Execute         db_write -model preProcessing_Pipeline_LOOP_SHA256_GEN_COPY_TAIL_AND_ONE -f -o D:/hlstrack/hlstrack2025-master/security/L1/tests/hmac/sha256/hmac_sha256_test.prj/solution1/.autopilot/db/preProcessing_Pipeline_LOOP_SHA256_GEN_COPY_TAIL_AND_ONE.adb 
Execute         db_write -model preProcessing_Pipeline_LOOP_SHA256_GEN_COPY_TAIL_AND_ONE -bindview -o D:/hlstrack/hlstrack2025-master/security/L1/tests/hmac/sha256/hmac_sha256_test.prj/solution1/.autopilot/db/design.bindinfo.xml 
Execute         gen_tb_info preProcessing_Pipeline_LOOP_SHA256_GEN_COPY_TAIL_AND_ONE -p D:/hlstrack/hlstrack2025-master/security/L1/tests/hmac/sha256/hmac_sha256_test.prj/solution1/.autopilot/db -o D:/hlstrack/hlstrack2025-master/security/L1/tests/hmac/sha256/hmac_sha256_test.prj/solution1/.autopilot/db/preProcessing_Pipeline_LOOP_SHA256_GEN_COPY_TAIL_AND_ONE 
INFO: [HLS 200-10] ----------------------------------------------------------------
INFO: [HLS 200-10] -- Generating RTL for module 'preProcessing' 
INFO: [HLS 200-10] ----------------------------------------------------------------
Execute         create_rtl_model preProcessing -top_prefix test_hmac_sha256_ -sub_prefix test_hmac_sha256_ -mg_file D:/hlstrack/hlstrack2025-master/security/L1/tests/hmac/sha256/hmac_sha256_test.prj/solution1/.autopilot/db/preProcessing.compgen.tcl 
INFO: [RTGEN 206-100] Finished creating RTL model for 'preProcessing'.
INFO: [HLS 200-111] Finished Creating RTL model: CPU user time: 0 seconds. CPU system time: 0 seconds. Elapsed time: 0.787 seconds; current allocated memory: 562.711 MB.
Execute         source D:/hlstrack/hlstrack2025-master/security/L1/tests/hmac/sha256/hmac_sha256_test.prj/solution1/.autopilot/db/test_hmac_sha256.rtl_wrap.cfg.tcl 
Execute         gen_rtl preProcessing -style xilinx -f -lang vhdl -o D:/hlstrack/hlstrack2025-master/security/L1/tests/hmac/sha256/hmac_sha256_test.prj/solution1/syn/vhdl/test_hmac_sha256_preProcessing 
Execute         gen_rtl preProcessing -style xilinx -f -lang vlog -o D:/hlstrack/hlstrack2025-master/security/L1/tests/hmac/sha256/hmac_sha256_test.prj/solution1/syn/verilog/test_hmac_sha256_preProcessing 
Execute         syn_report -csynth -model preProcessing -o D:/hlstrack/hlstrack2025-master/security/L1/tests/hmac/sha256/hmac_sha256_test.prj/solution1/syn/report/preProcessing_csynth.rpt 
Execute           list_part -family xc7z020-clg484-1 
Execute             ap_family_info -name xc7z020-clg484-1 -data names 
Execute             ap_part_info -quiet -name xc7z020-clg484-1 -data family 
Execute         syn_report -rtlxml -model preProcessing -o D:/hlstrack/hlstrack2025-master/security/L1/tests/hmac/sha256/hmac_sha256_test.prj/solution1/syn/report/preProcessing_csynth.xml 
Execute           list_part -family xc7z020-clg484-1 
Execute             ap_family_info -name xc7z020-clg484-1 -data names 
Execute             ap_part_info -quiet -name xc7z020-clg484-1 -data family 
Execute         syn_report -verbosereport -model preProcessing -o D:/hlstrack/hlstrack2025-master/security/L1/tests/hmac/sha256/hmac_sha256_test.prj/solution1/.autopilot/db/preProcessing.verbose.rpt 
Execute           list_part -family xc7z020-clg484-1 
Execute             ap_family_info -name xc7z020-clg484-1 -data names 
Execute             ap_part_info -quiet -name xc7z020-clg484-1 -data family 
Execute         db_write -model preProcessing -f -o D:/hlstrack/hlstrack2025-master/security/L1/tests/hmac/sha256/hmac_sha256_test.prj/solution1/.autopilot/db/preProcessing.adb 
Execute         db_write -model preProcessing -bindview -o D:/hlstrack/hlstrack2025-master/security/L1/tests/hmac/sha256/hmac_sha256_test.prj/solution1/.autopilot/db/design.bindinfo.xml 
Execute         gen_tb_info preProcessing -p D:/hlstrack/hlstrack2025-master/security/L1/tests/hmac/sha256/hmac_sha256_test.prj/solution1/.autopilot/db -o D:/hlstrack/hlstrack2025-master/security/L1/tests/hmac/sha256/hmac_sha256_test.prj/solution1/.autopilot/db/preProcessing 
INFO: [HLS 200-10] ----------------------------------------------------------------
INFO: [HLS 200-10] -- Generating RTL for module 'dup_strm_Pipeline_VITIS_LOOP_506_1' 
INFO: [HLS 200-10] ----------------------------------------------------------------
Execute         create_rtl_model dup_strm_Pipeline_VITIS_LOOP_506_1 -top_prefix test_hmac_sha256_ -sub_prefix test_hmac_sha256_ -mg_file D:/hlstrack/hlstrack2025-master/security/L1/tests/hmac/sha256/hmac_sha256_test.prj/solution1/.autopilot/db/dup_strm_Pipeline_VITIS_LOOP_506_1.compgen.tcl 
INFO: [HLS 200-1030] Apply Unified Pipeline Control on module 'dup_strm_Pipeline_VITIS_LOOP_506_1' pipeline 'VITIS_LOOP_506_1' pipeline type 'loop pipeline'
INFO: [RTGEN 206-100] Finished creating RTL model for 'dup_strm_Pipeline_VITIS_LOOP_506_1'.
INFO: [HLS 200-111] Finished Creating RTL model: CPU user time: 0 seconds. CPU system time: 0 seconds. Elapsed time: 0.633 seconds; current allocated memory: 566.281 MB.
Execute         source D:/hlstrack/hlstrack2025-master/security/L1/tests/hmac/sha256/hmac_sha256_test.prj/solution1/.autopilot/db/test_hmac_sha256.rtl_wrap.cfg.tcl 
Execute         gen_rtl dup_strm_Pipeline_VITIS_LOOP_506_1 -style xilinx -f -lang vhdl -o D:/hlstrack/hlstrack2025-master/security/L1/tests/hmac/sha256/hmac_sha256_test.prj/solution1/syn/vhdl/test_hmac_sha256_dup_strm_Pipeline_VITIS_LOOP_506_1 
Execute         gen_rtl dup_strm_Pipeline_VITIS_LOOP_506_1 -style xilinx -f -lang vlog -o D:/hlstrack/hlstrack2025-master/security/L1/tests/hmac/sha256/hmac_sha256_test.prj/solution1/syn/verilog/test_hmac_sha256_dup_strm_Pipeline_VITIS_LOOP_506_1 
Execute         syn_report -csynth -model dup_strm_Pipeline_VITIS_LOOP_506_1 -o D:/hlstrack/hlstrack2025-master/security/L1/tests/hmac/sha256/hmac_sha256_test.prj/solution1/syn/report/dup_strm_Pipeline_VITIS_LOOP_506_1_csynth.rpt 
Execute           list_part -family xc7z020-clg484-1 
Execute             ap_family_info -name xc7z020-clg484-1 -data names 
Execute             ap_part_info -quiet -name xc7z020-clg484-1 -data family 
Execute         syn_report -rtlxml -model dup_strm_Pipeline_VITIS_LOOP_506_1 -o D:/hlstrack/hlstrack2025-master/security/L1/tests/hmac/sha256/hmac_sha256_test.prj/solution1/syn/report/dup_strm_Pipeline_VITIS_LOOP_506_1_csynth.xml 
Execute           list_part -family xc7z020-clg484-1 
Execute             ap_family_info -name xc7z020-clg484-1 -data names 
Execute             ap_part_info -quiet -name xc7z020-clg484-1 -data family 
Execute         syn_report -verbosereport -model dup_strm_Pipeline_VITIS_LOOP_506_1 -o D:/hlstrack/hlstrack2025-master/security/L1/tests/hmac/sha256/hmac_sha256_test.prj/solution1/.autopilot/db/dup_strm_Pipeline_VITIS_LOOP_506_1.verbose.rpt 
Execute           list_part -family xc7z020-clg484-1 
Execute             ap_family_info -name xc7z020-clg484-1 -data names 
Execute             ap_part_info -quiet -name xc7z020-clg484-1 -data family 
Execute         db_write -model dup_strm_Pipeline_VITIS_LOOP_506_1 -f -o D:/hlstrack/hlstrack2025-master/security/L1/tests/hmac/sha256/hmac_sha256_test.prj/solution1/.autopilot/db/dup_strm_Pipeline_VITIS_LOOP_506_1.adb 
Execute         db_write -model dup_strm_Pipeline_VITIS_LOOP_506_1 -bindview -o D:/hlstrack/hlstrack2025-master/security/L1/tests/hmac/sha256/hmac_sha256_test.prj/solution1/.autopilot/db/design.bindinfo.xml 
Execute         gen_tb_info dup_strm_Pipeline_VITIS_LOOP_506_1 -p D:/hlstrack/hlstrack2025-master/security/L1/tests/hmac/sha256/hmac_sha256_test.prj/solution1/.autopilot/db -o D:/hlstrack/hlstrack2025-master/security/L1/tests/hmac/sha256/hmac_sha256_test.prj/solution1/.autopilot/db/dup_strm_Pipeline_VITIS_LOOP_506_1 
INFO: [HLS 200-10] ----------------------------------------------------------------
INFO: [HLS 200-10] -- Generating RTL for module 'dup_strm' 
INFO: [HLS 200-10] ----------------------------------------------------------------
Execute         create_rtl_model dup_strm -top_prefix test_hmac_sha256_ -sub_prefix test_hmac_sha256_ -mg_file D:/hlstrack/hlstrack2025-master/security/L1/tests/hmac/sha256/hmac_sha256_test.prj/solution1/.autopilot/db/dup_strm.compgen.tcl 
INFO: [RTGEN 206-100] Finished creating RTL model for 'dup_strm'.
INFO: [HLS 200-111] Finished Creating RTL model: CPU user time: 0 seconds. CPU system time: 1 seconds. Elapsed time: 0.25 seconds; current allocated memory: 566.621 MB.
Execute         source D:/hlstrack/hlstrack2025-master/security/L1/tests/hmac/sha256/hmac_sha256_test.prj/solution1/.autopilot/db/test_hmac_sha256.rtl_wrap.cfg.tcl 
Execute         gen_rtl dup_strm -style xilinx -f -lang vhdl -o D:/hlstrack/hlstrack2025-master/security/L1/tests/hmac/sha256/hmac_sha256_test.prj/solution1/syn/vhdl/test_hmac_sha256_dup_strm 
Execute         gen_rtl dup_strm -style xilinx -f -lang vlog -o D:/hlstrack/hlstrack2025-master/security/L1/tests/hmac/sha256/hmac_sha256_test.prj/solution1/syn/verilog/test_hmac_sha256_dup_strm 
Execute         syn_report -csynth -model dup_strm -o D:/hlstrack/hlstrack2025-master/security/L1/tests/hmac/sha256/hmac_sha256_test.prj/solution1/syn/report/dup_strm_csynth.rpt 
Execute           list_part -family xc7z020-clg484-1 
Execute             ap_family_info -name xc7z020-clg484-1 -data names 
Execute             ap_part_info -quiet -name xc7z020-clg484-1 -data family 
Execute         syn_report -rtlxml -model dup_strm -o D:/hlstrack/hlstrack2025-master/security/L1/tests/hmac/sha256/hmac_sha256_test.prj/solution1/syn/report/dup_strm_csynth.xml 
Execute           list_part -family xc7z020-clg484-1 
Execute             ap_family_info -name xc7z020-clg484-1 -data names 
Execute             ap_part_info -quiet -name xc7z020-clg484-1 -data family 
Execute         syn_report -verbosereport -model dup_strm -o D:/hlstrack/hlstrack2025-master/security/L1/tests/hmac/sha256/hmac_sha256_test.prj/solution1/.autopilot/db/dup_strm.verbose.rpt 
Execute           list_part -family xc7z020-clg484-1 
Execute             ap_family_info -name xc7z020-clg484-1 -data names 
Execute             ap_part_info -quiet -name xc7z020-clg484-1 -data family 
Execute         db_write -model dup_strm -f -o D:/hlstrack/hlstrack2025-master/security/L1/tests/hmac/sha256/hmac_sha256_test.prj/solution1/.autopilot/db/dup_strm.adb 
Execute         db_write -model dup_strm -bindview -o D:/hlstrack/hlstrack2025-master/security/L1/tests/hmac/sha256/hmac_sha256_test.prj/solution1/.autopilot/db/design.bindinfo.xml 
Execute         gen_tb_info dup_strm -p D:/hlstrack/hlstrack2025-master/security/L1/tests/hmac/sha256/hmac_sha256_test.prj/solution1/.autopilot/db -o D:/hlstrack/hlstrack2025-master/security/L1/tests/hmac/sha256/hmac_sha256_test.prj/solution1/.autopilot/db/dup_strm 
INFO: [HLS 200-10] ----------------------------------------------------------------
INFO: [HLS 200-10] -- Generating RTL for module 'generateMsgSchedule_Pipeline_LOOP_SHA256_PREPARE_WT16' 
INFO: [HLS 200-10] ----------------------------------------------------------------
Execute         create_rtl_model generateMsgSchedule_Pipeline_LOOP_SHA256_PREPARE_WT16 -top_prefix test_hmac_sha256_ -sub_prefix test_hmac_sha256_ -mg_file D:/hlstrack/hlstrack2025-master/security/L1/tests/hmac/sha256/hmac_sha256_test.prj/solution1/.autopilot/db/generateMsgSchedule_Pipeline_LOOP_SHA256_PREPARE_WT16.compgen.tcl 
INFO: [HLS 200-1030] Apply Unified Pipeline Control on module 'generateMsgSchedule_Pipeline_LOOP_SHA256_PREPARE_WT16' pipeline 'LOOP_SHA256_PREPARE_WT16' pipeline type 'loop pipeline'
INFO: [RTGEN 206-100] Generating core module 'sparsemux_33_4_32_1_1': 1 instance(s).
INFO: [RTGEN 206-100] Finished creating RTL model for 'generateMsgSchedule_Pipeline_LOOP_SHA256_PREPARE_WT16'.
INFO: [HLS 200-111] Finished Creating RTL model: CPU user time: 0 seconds. CPU system time: 0 seconds. Elapsed time: 0.223 seconds; current allocated memory: 568.234 MB.
Execute         source D:/hlstrack/hlstrack2025-master/security/L1/tests/hmac/sha256/hmac_sha256_test.prj/solution1/.autopilot/db/test_hmac_sha256.rtl_wrap.cfg.tcl 
Execute         gen_rtl generateMsgSchedule_Pipeline_LOOP_SHA256_PREPARE_WT16 -style xilinx -f -lang vhdl -o D:/hlstrack/hlstrack2025-master/security/L1/tests/hmac/sha256/hmac_sha256_test.prj/solution1/syn/vhdl/test_hmac_sha256_generateMsgSchedule_Pipeline_LOOP_SHA256_PREPARE_WT16 
Execute         gen_rtl generateMsgSchedule_Pipeline_LOOP_SHA256_PREPARE_WT16 -style xilinx -f -lang vlog -o D:/hlstrack/hlstrack2025-master/security/L1/tests/hmac/sha256/hmac_sha256_test.prj/solution1/syn/verilog/test_hmac_sha256_generateMsgSchedule_Pipeline_LOOP_SHA256_PREPARE_WT16 
Execute         syn_report -csynth -model generateMsgSchedule_Pipeline_LOOP_SHA256_PREPARE_WT16 -o D:/hlstrack/hlstrack2025-master/security/L1/tests/hmac/sha256/hmac_sha256_test.prj/solution1/syn/report/generateMsgSchedule_Pipeline_LOOP_SHA256_PREPARE_WT16_csynth.rpt 
Execute           list_part -family xc7z020-clg484-1 
Execute             ap_family_info -name xc7z020-clg484-1 -data names 
Execute             ap_part_info -quiet -name xc7z020-clg484-1 -data family 
Execute         syn_report -rtlxml -model generateMsgSchedule_Pipeline_LOOP_SHA256_PREPARE_WT16 -o D:/hlstrack/hlstrack2025-master/security/L1/tests/hmac/sha256/hmac_sha256_test.prj/solution1/syn/report/generateMsgSchedule_Pipeline_LOOP_SHA256_PREPARE_WT16_csynth.xml 
Execute           list_part -family xc7z020-clg484-1 
Execute             ap_family_info -name xc7z020-clg484-1 -data names 
Execute             ap_part_info -quiet -name xc7z020-clg484-1 -data family 
Execute         syn_report -verbosereport -model generateMsgSchedule_Pipeline_LOOP_SHA256_PREPARE_WT16 -o D:/hlstrack/hlstrack2025-master/security/L1/tests/hmac/sha256/hmac_sha256_test.prj/solution1/.autopilot/db/generateMsgSchedule_Pipeline_LOOP_SHA256_PREPARE_WT16.verbose.rpt 
Execute           list_part -family xc7z020-clg484-1 
Execute             ap_family_info -name xc7z020-clg484-1 -data names 
Execute             ap_part_info -quiet -name xc7z020-clg484-1 -data family 
Execute         db_write -model generateMsgSchedule_Pipeline_LOOP_SHA256_PREPARE_WT16 -f -o D:/hlstrack/hlstrack2025-master/security/L1/tests/hmac/sha256/hmac_sha256_test.prj/solution1/.autopilot/db/generateMsgSchedule_Pipeline_LOOP_SHA256_PREPARE_WT16.adb 
Execute         db_write -model generateMsgSchedule_Pipeline_LOOP_SHA256_PREPARE_WT16 -bindview -o D:/hlstrack/hlstrack2025-master/security/L1/tests/hmac/sha256/hmac_sha256_test.prj/solution1/.autopilot/db/design.bindinfo.xml 
Execute         gen_tb_info generateMsgSchedule_Pipeline_LOOP_SHA256_PREPARE_WT16 -p D:/hlstrack/hlstrack2025-master/security/L1/tests/hmac/sha256/hmac_sha256_test.prj/solution1/.autopilot/db -o D:/hlstrack/hlstrack2025-master/security/L1/tests/hmac/sha256/hmac_sha256_test.prj/solution1/.autopilot/db/generateMsgSchedule_Pipeline_LOOP_SHA256_PREPARE_WT16 
INFO: [HLS 200-10] ----------------------------------------------------------------
INFO: [HLS 200-10] -- Generating RTL for module 'generateMsgSchedule_Pipeline_LOOP_SHA256_PREPARE_WT64' 
INFO: [HLS 200-10] ----------------------------------------------------------------
Execute         create_rtl_model generateMsgSchedule_Pipeline_LOOP_SHA256_PREPARE_WT64 -top_prefix test_hmac_sha256_ -sub_prefix test_hmac_sha256_ -mg_file D:/hlstrack/hlstrack2025-master/security/L1/tests/hmac/sha256/hmac_sha256_test.prj/solution1/.autopilot/db/generateMsgSchedule_Pipeline_LOOP_SHA256_PREPARE_WT64.compgen.tcl 
INFO: [HLS 200-1030] Apply Unified Pipeline Control on module 'generateMsgSchedule_Pipeline_LOOP_SHA256_PREPARE_WT64' pipeline 'LOOP_SHA256_PREPARE_WT64' pipeline type 'loop pipeline'
INFO: [RTGEN 206-100] Finished creating RTL model for 'generateMsgSchedule_Pipeline_LOOP_SHA256_PREPARE_WT64'.
INFO: [HLS 200-111] Finished Creating RTL model: CPU user time: 1 seconds. CPU system time: 0 seconds. Elapsed time: 0.483 seconds; current allocated memory: 570.625 MB.
Execute         source D:/hlstrack/hlstrack2025-master/security/L1/tests/hmac/sha256/hmac_sha256_test.prj/solution1/.autopilot/db/test_hmac_sha256.rtl_wrap.cfg.tcl 
Execute         gen_rtl generateMsgSchedule_Pipeline_LOOP_SHA256_PREPARE_WT64 -style xilinx -f -lang vhdl -o D:/hlstrack/hlstrack2025-master/security/L1/tests/hmac/sha256/hmac_sha256_test.prj/solution1/syn/vhdl/test_hmac_sha256_generateMsgSchedule_Pipeline_LOOP_SHA256_PREPARE_WT64 
Execute         gen_rtl generateMsgSchedule_Pipeline_LOOP_SHA256_PREPARE_WT64 -style xilinx -f -lang vlog -o D:/hlstrack/hlstrack2025-master/security/L1/tests/hmac/sha256/hmac_sha256_test.prj/solution1/syn/verilog/test_hmac_sha256_generateMsgSchedule_Pipeline_LOOP_SHA256_PREPARE_WT64 
Execute         syn_report -csynth -model generateMsgSchedule_Pipeline_LOOP_SHA256_PREPARE_WT64 -o D:/hlstrack/hlstrack2025-master/security/L1/tests/hmac/sha256/hmac_sha256_test.prj/solution1/syn/report/generateMsgSchedule_Pipeline_LOOP_SHA256_PREPARE_WT64_csynth.rpt 
Execute           list_part -family xc7z020-clg484-1 
Execute             ap_family_info -name xc7z020-clg484-1 -data names 
Execute             ap_part_info -quiet -name xc7z020-clg484-1 -data family 
Execute         syn_report -rtlxml -model generateMsgSchedule_Pipeline_LOOP_SHA256_PREPARE_WT64 -o D:/hlstrack/hlstrack2025-master/security/L1/tests/hmac/sha256/hmac_sha256_test.prj/solution1/syn/report/generateMsgSchedule_Pipeline_LOOP_SHA256_PREPARE_WT64_csynth.xml 
Execute           list_part -family xc7z020-clg484-1 
Execute             ap_family_info -name xc7z020-clg484-1 -data names 
Execute             ap_part_info -quiet -name xc7z020-clg484-1 -data family 
Execute         syn_report -verbosereport -model generateMsgSchedule_Pipeline_LOOP_SHA256_PREPARE_WT64 -o D:/hlstrack/hlstrack2025-master/security/L1/tests/hmac/sha256/hmac_sha256_test.prj/solution1/.autopilot/db/generateMsgSchedule_Pipeline_LOOP_SHA256_PREPARE_WT64.verbose.rpt 
Execute           list_part -family xc7z020-clg484-1 
Execute             ap_family_info -name xc7z020-clg484-1 -data names 
Execute             ap_part_info -quiet -name xc7z020-clg484-1 -data family 
Execute         db_write -model generateMsgSchedule_Pipeline_LOOP_SHA256_PREPARE_WT64 -f -o D:/hlstrack/hlstrack2025-master/security/L1/tests/hmac/sha256/hmac_sha256_test.prj/solution1/.autopilot/db/generateMsgSchedule_Pipeline_LOOP_SHA256_PREPARE_WT64.adb 
Execute         db_write -model generateMsgSchedule_Pipeline_LOOP_SHA256_PREPARE_WT64 -bindview -o D:/hlstrack/hlstrack2025-master/security/L1/tests/hmac/sha256/hmac_sha256_test.prj/solution1/.autopilot/db/design.bindinfo.xml 
Execute         gen_tb_info generateMsgSchedule_Pipeline_LOOP_SHA256_PREPARE_WT64 -p D:/hlstrack/hlstrack2025-master/security/L1/tests/hmac/sha256/hmac_sha256_test.prj/solution1/.autopilot/db -o D:/hlstrack/hlstrack2025-master/security/L1/tests/hmac/sha256/hmac_sha256_test.prj/solution1/.autopilot/db/generateMsgSchedule_Pipeline_LOOP_SHA256_PREPARE_WT64 
INFO: [HLS 200-10] ----------------------------------------------------------------
INFO: [HLS 200-10] -- Generating RTL for module 'generateMsgSchedule' 
INFO: [HLS 200-10] ----------------------------------------------------------------
Execute         create_rtl_model generateMsgSchedule -top_prefix test_hmac_sha256_ -sub_prefix test_hmac_sha256_ -mg_file D:/hlstrack/hlstrack2025-master/security/L1/tests/hmac/sha256/hmac_sha256_test.prj/solution1/.autopilot/db/generateMsgSchedule.compgen.tcl 
INFO: [RTGEN 206-100] Finished creating RTL model for 'generateMsgSchedule'.
INFO: [HLS 200-111] Finished Creating RTL model: CPU user time: 0 seconds. CPU system time: 0 seconds. Elapsed time: 0.404 seconds; current allocated memory: 573.277 MB.
Execute         source D:/hlstrack/hlstrack2025-master/security/L1/tests/hmac/sha256/hmac_sha256_test.prj/solution1/.autopilot/db/test_hmac_sha256.rtl_wrap.cfg.tcl 
Execute         gen_rtl generateMsgSchedule -style xilinx -f -lang vhdl -o D:/hlstrack/hlstrack2025-master/security/L1/tests/hmac/sha256/hmac_sha256_test.prj/solution1/syn/vhdl/test_hmac_sha256_generateMsgSchedule 
Execute         gen_rtl generateMsgSchedule -style xilinx -f -lang vlog -o D:/hlstrack/hlstrack2025-master/security/L1/tests/hmac/sha256/hmac_sha256_test.prj/solution1/syn/verilog/test_hmac_sha256_generateMsgSchedule 
Execute         syn_report -csynth -model generateMsgSchedule -o D:/hlstrack/hlstrack2025-master/security/L1/tests/hmac/sha256/hmac_sha256_test.prj/solution1/syn/report/generateMsgSchedule_csynth.rpt 
Execute           list_part -family xc7z020-clg484-1 
Execute             ap_family_info -name xc7z020-clg484-1 -data names 
Execute             ap_part_info -quiet -name xc7z020-clg484-1 -data family 
Execute         syn_report -rtlxml -model generateMsgSchedule -o D:/hlstrack/hlstrack2025-master/security/L1/tests/hmac/sha256/hmac_sha256_test.prj/solution1/syn/report/generateMsgSchedule_csynth.xml 
Execute           list_part -family xc7z020-clg484-1 
Execute             ap_family_info -name xc7z020-clg484-1 -data names 
Execute             ap_part_info -quiet -name xc7z020-clg484-1 -data family 
Execute         syn_report -verbosereport -model generateMsgSchedule -o D:/hlstrack/hlstrack2025-master/security/L1/tests/hmac/sha256/hmac_sha256_test.prj/solution1/.autopilot/db/generateMsgSchedule.verbose.rpt 
Execute           list_part -family xc7z020-clg484-1 
Execute             ap_family_info -name xc7z020-clg484-1 -data names 
Execute             ap_part_info -quiet -name xc7z020-clg484-1 -data family 
Execute         db_write -model generateMsgSchedule -f -o D:/hlstrack/hlstrack2025-master/security/L1/tests/hmac/sha256/hmac_sha256_test.prj/solution1/.autopilot/db/generateMsgSchedule.adb 
Execute         db_write -model generateMsgSchedule -bindview -o D:/hlstrack/hlstrack2025-master/security/L1/tests/hmac/sha256/hmac_sha256_test.prj/solution1/.autopilot/db/design.bindinfo.xml 
Execute         gen_tb_info generateMsgSchedule -p D:/hlstrack/hlstrack2025-master/security/L1/tests/hmac/sha256/hmac_sha256_test.prj/solution1/.autopilot/db -o D:/hlstrack/hlstrack2025-master/security/L1/tests/hmac/sha256/hmac_sha256_test.prj/solution1/.autopilot/db/generateMsgSchedule 
INFO: [HLS 200-10] ----------------------------------------------------------------
INFO: [HLS 200-10] -- Generating RTL for module 'sha256Digest_256_Pipeline_LOOP_SHA256_UPDATE_64_ROUNDS' 
INFO: [HLS 200-10] ----------------------------------------------------------------
Execute         create_rtl_model sha256Digest<256>_Pipeline_LOOP_SHA256_UPDATE_64_ROUNDS -top_prefix test_hmac_sha256_ -sub_prefix test_hmac_sha256_ -mg_file D:/hlstrack/hlstrack2025-master/security/L1/tests/hmac/sha256/hmac_sha256_test.prj/solution1/.autopilot/db/sha256Digest_256_Pipeline_LOOP_SHA256_UPDATE_64_ROUNDS.compgen.tcl 
INFO: [HLS 200-1030] Apply Unified Pipeline Control on module 'sha256Digest_256_Pipeline_LOOP_SHA256_UPDATE_64_ROUNDS' pipeline 'LOOP_SHA256_UPDATE_64_ROUNDS' pipeline type 'loop pipeline'
INFO: [RTGEN 206-100] Generating core module 'sparsemux_129_6_32_1_1': 1 instance(s).
INFO: [RTGEN 206-100] Finished creating RTL model for 'sha256Digest_256_Pipeline_LOOP_SHA256_UPDATE_64_ROUNDS'.
Command         create_rtl_model done; 0.127 sec.
INFO: [HLS 200-111] Finished Creating RTL model: CPU user time: 0 seconds. CPU system time: 0 seconds. Elapsed time: 0.43 seconds; current allocated memory: 575.637 MB.
Execute         source D:/hlstrack/hlstrack2025-master/security/L1/tests/hmac/sha256/hmac_sha256_test.prj/solution1/.autopilot/db/test_hmac_sha256.rtl_wrap.cfg.tcl 
Execute         gen_rtl sha256Digest<256>_Pipeline_LOOP_SHA256_UPDATE_64_ROUNDS -style xilinx -f -lang vhdl -o D:/hlstrack/hlstrack2025-master/security/L1/tests/hmac/sha256/hmac_sha256_test.prj/solution1/syn/vhdl/test_hmac_sha256_sha256Digest_256_Pipeline_LOOP_SHA256_UPDATE_64_ROUNDS 
Execute         gen_rtl sha256Digest<256>_Pipeline_LOOP_SHA256_UPDATE_64_ROUNDS -style xilinx -f -lang vlog -o D:/hlstrack/hlstrack2025-master/security/L1/tests/hmac/sha256/hmac_sha256_test.prj/solution1/syn/verilog/test_hmac_sha256_sha256Digest_256_Pipeline_LOOP_SHA256_UPDATE_64_ROUNDS 
Execute         syn_report -csynth -model sha256Digest<256>_Pipeline_LOOP_SHA256_UPDATE_64_ROUNDS -o D:/hlstrack/hlstrack2025-master/security/L1/tests/hmac/sha256/hmac_sha256_test.prj/solution1/syn/report/sha256Digest_256_Pipeline_LOOP_SHA256_UPDATE_64_ROUNDS_csynth.rpt 
Execute           list_part -family xc7z020-clg484-1 
Execute             ap_family_info -name xc7z020-clg484-1 -data names 
Execute             ap_part_info -quiet -name xc7z020-clg484-1 -data family 
Execute         syn_report -rtlxml -model sha256Digest<256>_Pipeline_LOOP_SHA256_UPDATE_64_ROUNDS -o D:/hlstrack/hlstrack2025-master/security/L1/tests/hmac/sha256/hmac_sha256_test.prj/solution1/syn/report/sha256Digest_256_Pipeline_LOOP_SHA256_UPDATE_64_ROUNDS_csynth.xml 
Execute           list_part -family xc7z020-clg484-1 
Execute             ap_family_info -name xc7z020-clg484-1 -data names 
Execute             ap_part_info -quiet -name xc7z020-clg484-1 -data family 
Execute         syn_report -verbosereport -model sha256Digest<256>_Pipeline_LOOP_SHA256_UPDATE_64_ROUNDS -o D:/hlstrack/hlstrack2025-master/security/L1/tests/hmac/sha256/hmac_sha256_test.prj/solution1/.autopilot/db/sha256Digest_256_Pipeline_LOOP_SHA256_UPDATE_64_ROUNDS.verbose.rpt 
Execute           list_part -family xc7z020-clg484-1 
Execute             ap_family_info -name xc7z020-clg484-1 -data names 
Execute             ap_part_info -quiet -name xc7z020-clg484-1 -data family 
Execute         db_write -model sha256Digest<256>_Pipeline_LOOP_SHA256_UPDATE_64_ROUNDS -f -o D:/hlstrack/hlstrack2025-master/security/L1/tests/hmac/sha256/hmac_sha256_test.prj/solution1/.autopilot/db/sha256Digest_256_Pipeline_LOOP_SHA256_UPDATE_64_ROUNDS.adb 
Execute         db_write -model sha256Digest<256>_Pipeline_LOOP_SHA256_UPDATE_64_ROUNDS -bindview -o D:/hlstrack/hlstrack2025-master/security/L1/tests/hmac/sha256/hmac_sha256_test.prj/solution1/.autopilot/db/design.bindinfo.xml 
Execute         gen_tb_info sha256Digest<256>_Pipeline_LOOP_SHA256_UPDATE_64_ROUNDS -p D:/hlstrack/hlstrack2025-master/security/L1/tests/hmac/sha256/hmac_sha256_test.prj/solution1/.autopilot/db -o D:/hlstrack/hlstrack2025-master/security/L1/tests/hmac/sha256/hmac_sha256_test.prj/solution1/.autopilot/db/sha256Digest_256_Pipeline_LOOP_SHA256_UPDATE_64_ROUNDS 
INFO: [HLS 200-10] ----------------------------------------------------------------
INFO: [HLS 200-10] -- Generating RTL for module 'sha256Digest_256_s' 
INFO: [HLS 200-10] ----------------------------------------------------------------
Execute         create_rtl_model sha256Digest<256> -top_prefix test_hmac_sha256_ -sub_prefix test_hmac_sha256_ -mg_file D:/hlstrack/hlstrack2025-master/security/L1/tests/hmac/sha256/hmac_sha256_test.prj/solution1/.autopilot/db/sha256Digest_256_s.compgen.tcl 
INFO: [RTGEN 206-100] Finished creating RTL model for 'sha256Digest_256_s'.
INFO: [HLS 200-111] Finished Creating RTL model: CPU user time: 0 seconds. CPU system time: 1 seconds. Elapsed time: 0.613 seconds; current allocated memory: 578.953 MB.
Execute         source D:/hlstrack/hlstrack2025-master/security/L1/tests/hmac/sha256/hmac_sha256_test.prj/solution1/.autopilot/db/test_hmac_sha256.rtl_wrap.cfg.tcl 
Execute         gen_rtl sha256Digest<256> -style xilinx -f -lang vhdl -o D:/hlstrack/hlstrack2025-master/security/L1/tests/hmac/sha256/hmac_sha256_test.prj/solution1/syn/vhdl/test_hmac_sha256_sha256Digest_256_s 
Execute         gen_rtl sha256Digest<256> -style xilinx -f -lang vlog -o D:/hlstrack/hlstrack2025-master/security/L1/tests/hmac/sha256/hmac_sha256_test.prj/solution1/syn/verilog/test_hmac_sha256_sha256Digest_256_s 
Execute         syn_report -csynth -model sha256Digest<256> -o D:/hlstrack/hlstrack2025-master/security/L1/tests/hmac/sha256/hmac_sha256_test.prj/solution1/syn/report/sha256Digest_256_s_csynth.rpt 
Execute           list_part -family xc7z020-clg484-1 
Execute             ap_family_info -name xc7z020-clg484-1 -data names 
Execute             ap_part_info -quiet -name xc7z020-clg484-1 -data family 
Execute         syn_report -rtlxml -model sha256Digest<256> -o D:/hlstrack/hlstrack2025-master/security/L1/tests/hmac/sha256/hmac_sha256_test.prj/solution1/syn/report/sha256Digest_256_s_csynth.xml 
Execute           list_part -family xc7z020-clg484-1 
Execute             ap_family_info -name xc7z020-clg484-1 -data names 
Execute             ap_part_info -quiet -name xc7z020-clg484-1 -data family 
Execute         syn_report -verbosereport -model sha256Digest<256> -o D:/hlstrack/hlstrack2025-master/security/L1/tests/hmac/sha256/hmac_sha256_test.prj/solution1/.autopilot/db/sha256Digest_256_s.verbose.rpt 
Execute           list_part -family xc7z020-clg484-1 
Execute             ap_family_info -name xc7z020-clg484-1 -data names 
Execute             ap_part_info -quiet -name xc7z020-clg484-1 -data family 
Execute         db_write -model sha256Digest<256> -f -o D:/hlstrack/hlstrack2025-master/security/L1/tests/hmac/sha256/hmac_sha256_test.prj/solution1/.autopilot/db/sha256Digest_256_s.adb 
Execute         db_write -model sha256Digest<256> -bindview -o D:/hlstrack/hlstrack2025-master/security/L1/tests/hmac/sha256/hmac_sha256_test.prj/solution1/.autopilot/db/design.bindinfo.xml 
Execute         gen_tb_info sha256Digest<256> -p D:/hlstrack/hlstrack2025-master/security/L1/tests/hmac/sha256/hmac_sha256_test.prj/solution1/.autopilot/db -o D:/hlstrack/hlstrack2025-master/security/L1/tests/hmac/sha256/hmac_sha256_test.prj/solution1/.autopilot/db/sha256Digest_256_s 
INFO: [HLS 200-10] ----------------------------------------------------------------
INFO: [HLS 200-10] -- Generating RTL for module 'sha256_top_32_256_s' 
INFO: [HLS 200-10] ----------------------------------------------------------------
Execute         create_rtl_model sha256_top<32, 256> -top_prefix test_hmac_sha256_ -sub_prefix test_hmac_sha256_ -mg_file D:/hlstrack/hlstrack2025-master/security/L1/tests/hmac/sha256/hmac_sha256_test.prj/solution1/.autopilot/db/sha256_top_32_256_s.compgen.tcl 
INFO: [RTGEN 206-100] Finished creating RTL model for 'sha256_top_32_256_s'.
INFO: [RTMG 210-285] Implementing FIFO 'blk_strm_U(test_hmac_sha256_fifo_w512_d32_D)' using Distributed RAMs.
INFO: [RTMG 210-285] Implementing FIFO 'nblk_strm_U(test_hmac_sha256_fifo_w64_d32_D)' using Distributed RAMs.
INFO: [RTMG 210-285] Implementing FIFO 'end_nblk_strm_U(test_hmac_sha256_fifo_w1_d32_D)' using Distributed RAMs.
INFO: [RTMG 210-285] Implementing FIFO 'nblk_strm1_U(test_hmac_sha256_fifo_w64_d32_D)' using Distributed RAMs.
INFO: [RTMG 210-285] Implementing FIFO 'end_nblk_strm1_U(test_hmac_sha256_fifo_w1_d32_D)' using Distributed RAMs.
INFO: [RTMG 210-285] Implementing FIFO 'nblk_strm2_U(test_hmac_sha256_fifo_w64_d32_D)' using Distributed RAMs.
INFO: [RTMG 210-285] Implementing FIFO 'end_nblk_strm2_U(test_hmac_sha256_fifo_w1_d32_D)' using Distributed RAMs.
INFO: [RTMG 210-285] Implementing FIFO 'w_strm_U(test_hmac_sha256_fifo_w32_d32_D)' using Distributed RAMs.
INFO: [RTMG 210-285] Implementing FIFO 'start_for_dup_strm_U0_U(test_hmac_sha256_start_for_dup_strm_U0)' using Shift Registers.
INFO: [RTMG 210-285] Implementing FIFO 'start_for_generateMsgSchedule_U0_U(test_hmac_sha256_start_for_generateMsgSchedule_U0)' using Shift Registers.
INFO: [RTMG 210-285] Implementing FIFO 'start_for_sha256Digest_256_U0_U(test_hmac_sha256_start_for_sha256Digest_256_U0)' using Shift Registers.
Command         create_rtl_model done; 0.254 sec.
INFO: [HLS 200-111] Finished Creating RTL model: CPU user time: 0 seconds. CPU system time: 0 seconds. Elapsed time: 0.755 seconds; current allocated memory: 581.184 MB.
Execute         source D:/hlstrack/hlstrack2025-master/security/L1/tests/hmac/sha256/hmac_sha256_test.prj/solution1/.autopilot/db/test_hmac_sha256.rtl_wrap.cfg.tcl 
Execute         gen_rtl sha256_top<32, 256> -style xilinx -f -lang vhdl -o D:/hlstrack/hlstrack2025-master/security/L1/tests/hmac/sha256/hmac_sha256_test.prj/solution1/syn/vhdl/test_hmac_sha256_sha256_top_32_256_s 
Execute         gen_rtl sha256_top<32, 256> -style xilinx -f -lang vlog -o D:/hlstrack/hlstrack2025-master/security/L1/tests/hmac/sha256/hmac_sha256_test.prj/solution1/syn/verilog/test_hmac_sha256_sha256_top_32_256_s 
Execute         syn_report -csynth -model sha256_top<32, 256> -o D:/hlstrack/hlstrack2025-master/security/L1/tests/hmac/sha256/hmac_sha256_test.prj/solution1/syn/report/sha256_top_32_256_s_csynth.rpt 
Execute           list_part -family xc7z020-clg484-1 
Execute             ap_family_info -name xc7z020-clg484-1 -data names 
Execute             ap_part_info -quiet -name xc7z020-clg484-1 -data family 
Execute         syn_report -rtlxml -model sha256_top<32, 256> -o D:/hlstrack/hlstrack2025-master/security/L1/tests/hmac/sha256/hmac_sha256_test.prj/solution1/syn/report/sha256_top_32_256_s_csynth.xml 
Execute           list_part -family xc7z020-clg484-1 
Execute             ap_family_info -name xc7z020-clg484-1 -data names 
Execute             ap_part_info -quiet -name xc7z020-clg484-1 -data family 
Execute         syn_report -verbosereport -model sha256_top<32, 256> -o D:/hlstrack/hlstrack2025-master/security/L1/tests/hmac/sha256/hmac_sha256_test.prj/solution1/.autopilot/db/sha256_top_32_256_s.verbose.rpt 
Execute           list_part -family xc7z020-clg484-1 
Execute             ap_family_info -name xc7z020-clg484-1 -data names 
Execute             ap_part_info -quiet -name xc7z020-clg484-1 -data family 
Execute         db_write -model sha256_top<32, 256> -f -o D:/hlstrack/hlstrack2025-master/security/L1/tests/hmac/sha256/hmac_sha256_test.prj/solution1/.autopilot/db/sha256_top_32_256_s.adb 
Execute         db_write -model sha256_top<32, 256> -bindview -o D:/hlstrack/hlstrack2025-master/security/L1/tests/hmac/sha256/hmac_sha256_test.prj/solution1/.autopilot/db/design.bindinfo.xml 
Execute         gen_tb_info sha256_top<32, 256> -p D:/hlstrack/hlstrack2025-master/security/L1/tests/hmac/sha256/hmac_sha256_test.prj/solution1/.autopilot/db -o D:/hlstrack/hlstrack2025-master/security/L1/tests/hmac/sha256/hmac_sha256_test.prj/solution1/.autopilot/db/sha256_top_32_256_s 
INFO: [HLS 200-10] ----------------------------------------------------------------
INFO: [HLS 200-10] -- Generating RTL for module 'hash' 
INFO: [HLS 200-10] ----------------------------------------------------------------
Execute         create_rtl_model hash -top_prefix test_hmac_sha256_ -sub_prefix test_hmac_sha256_ -mg_file D:/hlstrack/hlstrack2025-master/security/L1/tests/hmac/sha256/hmac_sha256_test.prj/solution1/.autopilot/db/hash.compgen.tcl 
INFO: [RTGEN 206-100] Finished creating RTL model for 'hash'.
INFO: [HLS 200-111] Finished Creating RTL model: CPU user time: 1 seconds. CPU system time: 0 seconds. Elapsed time: 0.263 seconds; current allocated memory: 582.086 MB.
Execute         source D:/hlstrack/hlstrack2025-master/security/L1/tests/hmac/sha256/hmac_sha256_test.prj/solution1/.autopilot/db/test_hmac_sha256.rtl_wrap.cfg.tcl 
Execute         gen_rtl hash -style xilinx -f -lang vhdl -o D:/hlstrack/hlstrack2025-master/security/L1/tests/hmac/sha256/hmac_sha256_test.prj/solution1/syn/vhdl/test_hmac_sha256_hash 
Execute         gen_rtl hash -style xilinx -f -lang vlog -o D:/hlstrack/hlstrack2025-master/security/L1/tests/hmac/sha256/hmac_sha256_test.prj/solution1/syn/verilog/test_hmac_sha256_hash 
Execute         syn_report -csynth -model hash -o D:/hlstrack/hlstrack2025-master/security/L1/tests/hmac/sha256/hmac_sha256_test.prj/solution1/syn/report/hash_csynth.rpt 
Execute           list_part -family xc7z020-clg484-1 
Execute             ap_family_info -name xc7z020-clg484-1 -data names 
Execute             ap_part_info -quiet -name xc7z020-clg484-1 -data family 
Execute         syn_report -rtlxml -model hash -o D:/hlstrack/hlstrack2025-master/security/L1/tests/hmac/sha256/hmac_sha256_test.prj/solution1/syn/report/hash_csynth.xml 
Execute           list_part -family xc7z020-clg484-1 
Execute             ap_family_info -name xc7z020-clg484-1 -data names 
Execute             ap_part_info -quiet -name xc7z020-clg484-1 -data family 
Execute         syn_report -verbosereport -model hash -o D:/hlstrack/hlstrack2025-master/security/L1/tests/hmac/sha256/hmac_sha256_test.prj/solution1/.autopilot/db/hash.verbose.rpt 
Execute           list_part -family xc7z020-clg484-1 
Execute             ap_family_info -name xc7z020-clg484-1 -data names 
Execute             ap_part_info -quiet -name xc7z020-clg484-1 -data family 
Execute         db_write -model hash -f -o D:/hlstrack/hlstrack2025-master/security/L1/tests/hmac/sha256/hmac_sha256_test.prj/solution1/.autopilot/db/hash.adb 
Execute         db_write -model hash -bindview -o D:/hlstrack/hlstrack2025-master/security/L1/tests/hmac/sha256/hmac_sha256_test.prj/solution1/.autopilot/db/design.bindinfo.xml 
Execute         gen_tb_info hash -p D:/hlstrack/hlstrack2025-master/security/L1/tests/hmac/sha256/hmac_sha256_test.prj/solution1/.autopilot/db -o D:/hlstrack/hlstrack2025-master/security/L1/tests/hmac/sha256/hmac_sha256_test.prj/solution1/.autopilot/db/hash 
INFO: [HLS 200-10] ----------------------------------------------------------------
INFO: [HLS 200-10] -- Generating RTL for module 'msgHash_32_64_256_32_64_sha256_wrapper_s' 
INFO: [HLS 200-10] ----------------------------------------------------------------
Execute         create_rtl_model msgHash<32, 64, 256, 32, 64, sha256_wrapper> -top_prefix test_hmac_sha256_ -sub_prefix test_hmac_sha256_ -mg_file D:/hlstrack/hlstrack2025-master/security/L1/tests/hmac/sha256/hmac_sha256_test.prj/solution1/.autopilot/db/msgHash_32_64_256_32_64_sha256_wrapper_s.compgen.tcl 
INFO: [RTGEN 206-100] Finished creating RTL model for 'msgHash_32_64_256_32_64_sha256_wrapper_s'.
INFO: [RTMG 210-285] Implementing FIFO 'mergeKipadStrm_U(test_hmac_sha256_fifo_w32_d128_B)' using Block RAMs.
INFO: [RTMG 210-285] Implementing FIFO 'mergeKipadLenStrm_U(test_hmac_sha256_fifo_w64_d4_D)' using Distributed RAMs.
INFO: [RTMG 210-285] Implementing FIFO 'eMergeKipadLenStrm_U(test_hmac_sha256_fifo_w1_d4_D)' using Distributed RAMs.
INFO: [RTMG 210-285] Implementing FIFO 'start_for_hash_U0_U(test_hmac_sha256_start_for_hash_U0)' using Shift Registers.
INFO: [HLS 200-111] Finished Creating RTL model: CPU user time: 0 seconds. CPU system time: 0 seconds. Elapsed time: 0.213 seconds; current allocated memory: 582.781 MB.
Execute         source D:/hlstrack/hlstrack2025-master/security/L1/tests/hmac/sha256/hmac_sha256_test.prj/solution1/.autopilot/db/test_hmac_sha256.rtl_wrap.cfg.tcl 
Execute         gen_rtl msgHash<32, 64, 256, 32, 64, sha256_wrapper> -style xilinx -f -lang vhdl -o D:/hlstrack/hlstrack2025-master/security/L1/tests/hmac/sha256/hmac_sha256_test.prj/solution1/syn/vhdl/test_hmac_sha256_msgHash_32_64_256_32_64_sha256_wrapper_s 
Execute         gen_rtl msgHash<32, 64, 256, 32, 64, sha256_wrapper> -style xilinx -f -lang vlog -o D:/hlstrack/hlstrack2025-master/security/L1/tests/hmac/sha256/hmac_sha256_test.prj/solution1/syn/verilog/test_hmac_sha256_msgHash_32_64_256_32_64_sha256_wrapper_s 
Execute         syn_report -csynth -model msgHash<32, 64, 256, 32, 64, sha256_wrapper> -o D:/hlstrack/hlstrack2025-master/security/L1/tests/hmac/sha256/hmac_sha256_test.prj/solution1/syn/report/msgHash_32_64_256_32_64_sha256_wrapper_s_csynth.rpt 
Execute           list_part -family xc7z020-clg484-1 
Execute             ap_family_info -name xc7z020-clg484-1 -data names 
Execute             ap_part_info -quiet -name xc7z020-clg484-1 -data family 
Execute         syn_report -rtlxml -model msgHash<32, 64, 256, 32, 64, sha256_wrapper> -o D:/hlstrack/hlstrack2025-master/security/L1/tests/hmac/sha256/hmac_sha256_test.prj/solution1/syn/report/msgHash_32_64_256_32_64_sha256_wrapper_s_csynth.xml 
Execute           list_part -family xc7z020-clg484-1 
Execute             ap_family_info -name xc7z020-clg484-1 -data names 
Execute             ap_part_info -quiet -name xc7z020-clg484-1 -data family 
Execute         syn_report -verbosereport -model msgHash<32, 64, 256, 32, 64, sha256_wrapper> -o D:/hlstrack/hlstrack2025-master/security/L1/tests/hmac/sha256/hmac_sha256_test.prj/solution1/.autopilot/db/msgHash_32_64_256_32_64_sha256_wrapper_s.verbose.rpt 
Execute           list_part -family xc7z020-clg484-1 
Execute             ap_family_info -name xc7z020-clg484-1 -data names 
Execute             ap_part_info -quiet -name xc7z020-clg484-1 -data family 
Execute         db_write -model msgHash<32, 64, 256, 32, 64, sha256_wrapper> -f -o D:/hlstrack/hlstrack2025-master/security/L1/tests/hmac/sha256/hmac_sha256_test.prj/solution1/.autopilot/db/msgHash_32_64_256_32_64_sha256_wrapper_s.adb 
Execute         db_write -model msgHash<32, 64, 256, 32, 64, sha256_wrapper> -bindview -o D:/hlstrack/hlstrack2025-master/security/L1/tests/hmac/sha256/hmac_sha256_test.prj/solution1/.autopilot/db/design.bindinfo.xml 
Execute         gen_tb_info msgHash<32, 64, 256, 32, 64, sha256_wrapper> -p D:/hlstrack/hlstrack2025-master/security/L1/tests/hmac/sha256/hmac_sha256_test.prj/solution1/.autopilot/db -o D:/hlstrack/hlstrack2025-master/security/L1/tests/hmac/sha256/hmac_sha256_test.prj/solution1/.autopilot/db/msgHash_32_64_256_32_64_sha256_wrapper_s 
INFO: [HLS 200-10] ----------------------------------------------------------------
INFO: [HLS 200-10] -- Generating RTL for module 'mergeKopad_32_64_256_32_64_Pipeline_VITIS_LOOP_220_2' 
INFO: [HLS 200-10] ----------------------------------------------------------------
Execute         create_rtl_model mergeKopad<32, 64, 256, 32, 64>_Pipeline_VITIS_LOOP_220_2 -top_prefix test_hmac_sha256_ -sub_prefix test_hmac_sha256_ -mg_file D:/hlstrack/hlstrack2025-master/security/L1/tests/hmac/sha256/hmac_sha256_test.prj/solution1/.autopilot/db/mergeKopad_32_64_256_32_64_Pipeline_VITIS_LOOP_220_2.compgen.tcl 
INFO: [HLS 200-1030] Apply Unified Pipeline Control on module 'mergeKopad_32_64_256_32_64_Pipeline_VITIS_LOOP_220_2' pipeline 'VITIS_LOOP_220_2' pipeline type 'loop pipeline'
INFO: [RTGEN 206-100] Finished creating RTL model for 'mergeKopad_32_64_256_32_64_Pipeline_VITIS_LOOP_220_2'.
INFO: [HLS 200-111] Finished Creating RTL model: CPU user time: 0 seconds. CPU system time: 0 seconds. Elapsed time: 0.303 seconds; current allocated memory: 583.707 MB.
Execute         source D:/hlstrack/hlstrack2025-master/security/L1/tests/hmac/sha256/hmac_sha256_test.prj/solution1/.autopilot/db/test_hmac_sha256.rtl_wrap.cfg.tcl 
Execute         gen_rtl mergeKopad<32, 64, 256, 32, 64>_Pipeline_VITIS_LOOP_220_2 -style xilinx -f -lang vhdl -o D:/hlstrack/hlstrack2025-master/security/L1/tests/hmac/sha256/hmac_sha256_test.prj/solution1/syn/vhdl/test_hmac_sha256_mergeKopad_32_64_256_32_64_Pipeline_VITIS_LOOP_220_2 
Execute         gen_rtl mergeKopad<32, 64, 256, 32, 64>_Pipeline_VITIS_LOOP_220_2 -style xilinx -f -lang vlog -o D:/hlstrack/hlstrack2025-master/security/L1/tests/hmac/sha256/hmac_sha256_test.prj/solution1/syn/verilog/test_hmac_sha256_mergeKopad_32_64_256_32_64_Pipeline_VITIS_LOOP_220_2 
Execute         syn_report -csynth -model mergeKopad<32, 64, 256, 32, 64>_Pipeline_VITIS_LOOP_220_2 -o D:/hlstrack/hlstrack2025-master/security/L1/tests/hmac/sha256/hmac_sha256_test.prj/solution1/syn/report/mergeKopad_32_64_256_32_64_Pipeline_VITIS_LOOP_220_2_csynth.rpt 
Execute           list_part -family xc7z020-clg484-1 
Execute             ap_family_info -name xc7z020-clg484-1 -data names 
Execute             ap_part_info -quiet -name xc7z020-clg484-1 -data family 
Execute         syn_report -rtlxml -model mergeKopad<32, 64, 256, 32, 64>_Pipeline_VITIS_LOOP_220_2 -o D:/hlstrack/hlstrack2025-master/security/L1/tests/hmac/sha256/hmac_sha256_test.prj/solution1/syn/report/mergeKopad_32_64_256_32_64_Pipeline_VITIS_LOOP_220_2_csynth.xml 
Execute           list_part -family xc7z020-clg484-1 
Execute             ap_family_info -name xc7z020-clg484-1 -data names 
Execute             ap_part_info -quiet -name xc7z020-clg484-1 -data family 
Execute         syn_report -verbosereport -model mergeKopad<32, 64, 256, 32, 64>_Pipeline_VITIS_LOOP_220_2 -o D:/hlstrack/hlstrack2025-master/security/L1/tests/hmac/sha256/hmac_sha256_test.prj/solution1/.autopilot/db/mergeKopad_32_64_256_32_64_Pipeline_VITIS_LOOP_220_2.verbose.rpt 
Execute           list_part -family xc7z020-clg484-1 
Execute             ap_family_info -name xc7z020-clg484-1 -data names 
Execute             ap_part_info -quiet -name xc7z020-clg484-1 -data family 
Execute         db_write -model mergeKopad<32, 64, 256, 32, 64>_Pipeline_VITIS_LOOP_220_2 -f -o D:/hlstrack/hlstrack2025-master/security/L1/tests/hmac/sha256/hmac_sha256_test.prj/solution1/.autopilot/db/mergeKopad_32_64_256_32_64_Pipeline_VITIS_LOOP_220_2.adb 
Execute         db_write -model mergeKopad<32, 64, 256, 32, 64>_Pipeline_VITIS_LOOP_220_2 -bindview -o D:/hlstrack/hlstrack2025-master/security/L1/tests/hmac/sha256/hmac_sha256_test.prj/solution1/.autopilot/db/design.bindinfo.xml 
Execute         gen_tb_info mergeKopad<32, 64, 256, 32, 64>_Pipeline_VITIS_LOOP_220_2 -p D:/hlstrack/hlstrack2025-master/security/L1/tests/hmac/sha256/hmac_sha256_test.prj/solution1/.autopilot/db -o D:/hlstrack/hlstrack2025-master/security/L1/tests/hmac/sha256/hmac_sha256_test.prj/solution1/.autopilot/db/mergeKopad_32_64_256_32_64_Pipeline_VITIS_LOOP_220_2 
INFO: [HLS 200-10] ----------------------------------------------------------------
INFO: [HLS 200-10] -- Generating RTL for module 'mergeKopad_32_64_256_32_64_Pipeline_VITIS_LOOP_226_3' 
INFO: [HLS 200-10] ----------------------------------------------------------------
Execute         create_rtl_model mergeKopad<32, 64, 256, 32, 64>_Pipeline_VITIS_LOOP_226_3 -top_prefix test_hmac_sha256_ -sub_prefix test_hmac_sha256_ -mg_file D:/hlstrack/hlstrack2025-master/security/L1/tests/hmac/sha256/hmac_sha256_test.prj/solution1/.autopilot/db/mergeKopad_32_64_256_32_64_Pipeline_VITIS_LOOP_226_3.compgen.tcl 
INFO: [HLS 200-1030] Apply Unified Pipeline Control on module 'mergeKopad_32_64_256_32_64_Pipeline_VITIS_LOOP_226_3' pipeline 'VITIS_LOOP_226_3' pipeline type 'loop pipeline'
INFO: [RTGEN 206-100] Finished creating RTL model for 'mergeKopad_32_64_256_32_64_Pipeline_VITIS_LOOP_226_3'.
INFO: [HLS 200-111] Finished Creating RTL model: CPU user time: 0 seconds. CPU system time: 0 seconds. Elapsed time: 0.281 seconds; current allocated memory: 584.363 MB.
Execute         source D:/hlstrack/hlstrack2025-master/security/L1/tests/hmac/sha256/hmac_sha256_test.prj/solution1/.autopilot/db/test_hmac_sha256.rtl_wrap.cfg.tcl 
Execute         gen_rtl mergeKopad<32, 64, 256, 32, 64>_Pipeline_VITIS_LOOP_226_3 -style xilinx -f -lang vhdl -o D:/hlstrack/hlstrack2025-master/security/L1/tests/hmac/sha256/hmac_sha256_test.prj/solution1/syn/vhdl/test_hmac_sha256_mergeKopad_32_64_256_32_64_Pipeline_VITIS_LOOP_226_3 
Execute         gen_rtl mergeKopad<32, 64, 256, 32, 64>_Pipeline_VITIS_LOOP_226_3 -style xilinx -f -lang vlog -o D:/hlstrack/hlstrack2025-master/security/L1/tests/hmac/sha256/hmac_sha256_test.prj/solution1/syn/verilog/test_hmac_sha256_mergeKopad_32_64_256_32_64_Pipeline_VITIS_LOOP_226_3 
Execute         syn_report -csynth -model mergeKopad<32, 64, 256, 32, 64>_Pipeline_VITIS_LOOP_226_3 -o D:/hlstrack/hlstrack2025-master/security/L1/tests/hmac/sha256/hmac_sha256_test.prj/solution1/syn/report/mergeKopad_32_64_256_32_64_Pipeline_VITIS_LOOP_226_3_csynth.rpt 
Execute           list_part -family xc7z020-clg484-1 
Execute             ap_family_info -name xc7z020-clg484-1 -data names 
Execute             ap_part_info -quiet -name xc7z020-clg484-1 -data family 
Execute         syn_report -rtlxml -model mergeKopad<32, 64, 256, 32, 64>_Pipeline_VITIS_LOOP_226_3 -o D:/hlstrack/hlstrack2025-master/security/L1/tests/hmac/sha256/hmac_sha256_test.prj/solution1/syn/report/mergeKopad_32_64_256_32_64_Pipeline_VITIS_LOOP_226_3_csynth.xml 
Execute           list_part -family xc7z020-clg484-1 
Execute             ap_family_info -name xc7z020-clg484-1 -data names 
Execute             ap_part_info -quiet -name xc7z020-clg484-1 -data family 
Execute         syn_report -verbosereport -model mergeKopad<32, 64, 256, 32, 64>_Pipeline_VITIS_LOOP_226_3 -o D:/hlstrack/hlstrack2025-master/security/L1/tests/hmac/sha256/hmac_sha256_test.prj/solution1/.autopilot/db/mergeKopad_32_64_256_32_64_Pipeline_VITIS_LOOP_226_3.verbose.rpt 
Execute           list_part -family xc7z020-clg484-1 
Execute             ap_family_info -name xc7z020-clg484-1 -data names 
Execute             ap_part_info -quiet -name xc7z020-clg484-1 -data family 
Execute         db_write -model mergeKopad<32, 64, 256, 32, 64>_Pipeline_VITIS_LOOP_226_3 -f -o D:/hlstrack/hlstrack2025-master/security/L1/tests/hmac/sha256/hmac_sha256_test.prj/solution1/.autopilot/db/mergeKopad_32_64_256_32_64_Pipeline_VITIS_LOOP_226_3.adb 
Execute         db_write -model mergeKopad<32, 64, 256, 32, 64>_Pipeline_VITIS_LOOP_226_3 -bindview -o D:/hlstrack/hlstrack2025-master/security/L1/tests/hmac/sha256/hmac_sha256_test.prj/solution1/.autopilot/db/design.bindinfo.xml 
Execute         gen_tb_info mergeKopad<32, 64, 256, 32, 64>_Pipeline_VITIS_LOOP_226_3 -p D:/hlstrack/hlstrack2025-master/security/L1/tests/hmac/sha256/hmac_sha256_test.prj/solution1/.autopilot/db -o D:/hlstrack/hlstrack2025-master/security/L1/tests/hmac/sha256/hmac_sha256_test.prj/solution1/.autopilot/db/mergeKopad_32_64_256_32_64_Pipeline_VITIS_LOOP_226_3 
INFO: [HLS 200-10] ----------------------------------------------------------------
INFO: [HLS 200-10] -- Generating RTL for module 'mergeKopad_32_64_256_32_64_s' 
INFO: [HLS 200-10] ----------------------------------------------------------------
Execute         create_rtl_model mergeKopad<32, 64, 256, 32, 64> -top_prefix test_hmac_sha256_ -sub_prefix test_hmac_sha256_ -mg_file D:/hlstrack/hlstrack2025-master/security/L1/tests/hmac/sha256/hmac_sha256_test.prj/solution1/.autopilot/db/mergeKopad_32_64_256_32_64_s.compgen.tcl 
INFO: [RTGEN 206-100] Finished creating RTL model for 'mergeKopad_32_64_256_32_64_s'.
INFO: [HLS 200-111] Finished Creating RTL model: CPU user time: 0 seconds. CPU system time: 0 seconds. Elapsed time: 0.246 seconds; current allocated memory: 585.211 MB.
Execute         source D:/hlstrack/hlstrack2025-master/security/L1/tests/hmac/sha256/hmac_sha256_test.prj/solution1/.autopilot/db/test_hmac_sha256.rtl_wrap.cfg.tcl 
Execute         gen_rtl mergeKopad<32, 64, 256, 32, 64> -style xilinx -f -lang vhdl -o D:/hlstrack/hlstrack2025-master/security/L1/tests/hmac/sha256/hmac_sha256_test.prj/solution1/syn/vhdl/test_hmac_sha256_mergeKopad_32_64_256_32_64_s 
Execute         gen_rtl mergeKopad<32, 64, 256, 32, 64> -style xilinx -f -lang vlog -o D:/hlstrack/hlstrack2025-master/security/L1/tests/hmac/sha256/hmac_sha256_test.prj/solution1/syn/verilog/test_hmac_sha256_mergeKopad_32_64_256_32_64_s 
Execute         syn_report -csynth -model mergeKopad<32, 64, 256, 32, 64> -o D:/hlstrack/hlstrack2025-master/security/L1/tests/hmac/sha256/hmac_sha256_test.prj/solution1/syn/report/mergeKopad_32_64_256_32_64_s_csynth.rpt 
Execute           list_part -family xc7z020-clg484-1 
Execute             ap_family_info -name xc7z020-clg484-1 -data names 
Execute             ap_part_info -quiet -name xc7z020-clg484-1 -data family 
Execute         syn_report -rtlxml -model mergeKopad<32, 64, 256, 32, 64> -o D:/hlstrack/hlstrack2025-master/security/L1/tests/hmac/sha256/hmac_sha256_test.prj/solution1/syn/report/mergeKopad_32_64_256_32_64_s_csynth.xml 
Execute           list_part -family xc7z020-clg484-1 
Execute             ap_family_info -name xc7z020-clg484-1 -data names 
Execute             ap_part_info -quiet -name xc7z020-clg484-1 -data family 
Execute         syn_report -verbosereport -model mergeKopad<32, 64, 256, 32, 64> -o D:/hlstrack/hlstrack2025-master/security/L1/tests/hmac/sha256/hmac_sha256_test.prj/solution1/.autopilot/db/mergeKopad_32_64_256_32_64_s.verbose.rpt 
Execute           list_part -family xc7z020-clg484-1 
Execute             ap_family_info -name xc7z020-clg484-1 -data names 
Execute             ap_part_info -quiet -name xc7z020-clg484-1 -data family 
Execute         db_write -model mergeKopad<32, 64, 256, 32, 64> -f -o D:/hlstrack/hlstrack2025-master/security/L1/tests/hmac/sha256/hmac_sha256_test.prj/solution1/.autopilot/db/mergeKopad_32_64_256_32_64_s.adb 
Execute         db_write -model mergeKopad<32, 64, 256, 32, 64> -bindview -o D:/hlstrack/hlstrack2025-master/security/L1/tests/hmac/sha256/hmac_sha256_test.prj/solution1/.autopilot/db/design.bindinfo.xml 
Execute         gen_tb_info mergeKopad<32, 64, 256, 32, 64> -p D:/hlstrack/hlstrack2025-master/security/L1/tests/hmac/sha256/hmac_sha256_test.prj/solution1/.autopilot/db -o D:/hlstrack/hlstrack2025-master/security/L1/tests/hmac/sha256/hmac_sha256_test.prj/solution1/.autopilot/db/mergeKopad_32_64_256_32_64_s 
INFO: [HLS 200-10] ----------------------------------------------------------------
INFO: [HLS 200-10] -- Generating RTL for module 'hash_1' 
INFO: [HLS 200-10] ----------------------------------------------------------------
Execute         create_rtl_model hash.1 -top_prefix test_hmac_sha256_ -sub_prefix test_hmac_sha256_ -mg_file D:/hlstrack/hlstrack2025-master/security/L1/tests/hmac/sha256/hmac_sha256_test.prj/solution1/.autopilot/db/hash_1.compgen.tcl 
INFO: [RTGEN 206-100] Finished creating RTL model for 'hash_1'.
INFO: [HLS 200-111] Finished Creating RTL model: CPU user time: 0 seconds. CPU system time: 0 seconds. Elapsed time: 0.25 seconds; current allocated memory: 585.812 MB.
Execute         source D:/hlstrack/hlstrack2025-master/security/L1/tests/hmac/sha256/hmac_sha256_test.prj/solution1/.autopilot/db/test_hmac_sha256.rtl_wrap.cfg.tcl 
Execute         gen_rtl hash.1 -style xilinx -f -lang vhdl -o D:/hlstrack/hlstrack2025-master/security/L1/tests/hmac/sha256/hmac_sha256_test.prj/solution1/syn/vhdl/test_hmac_sha256_hash_1 
Execute         gen_rtl hash.1 -style xilinx -f -lang vlog -o D:/hlstrack/hlstrack2025-master/security/L1/tests/hmac/sha256/hmac_sha256_test.prj/solution1/syn/verilog/test_hmac_sha256_hash_1 
Execute         syn_report -csynth -model hash.1 -o D:/hlstrack/hlstrack2025-master/security/L1/tests/hmac/sha256/hmac_sha256_test.prj/solution1/syn/report/hash_1_csynth.rpt 
Execute           list_part -family xc7z020-clg484-1 
Execute             ap_family_info -name xc7z020-clg484-1 -data names 
Execute             ap_part_info -quiet -name xc7z020-clg484-1 -data family 
Execute         syn_report -rtlxml -model hash.1 -o D:/hlstrack/hlstrack2025-master/security/L1/tests/hmac/sha256/hmac_sha256_test.prj/solution1/syn/report/hash_1_csynth.xml 
Execute           list_part -family xc7z020-clg484-1 
Execute             ap_family_info -name xc7z020-clg484-1 -data names 
Execute             ap_part_info -quiet -name xc7z020-clg484-1 -data family 
Execute         syn_report -verbosereport -model hash.1 -o D:/hlstrack/hlstrack2025-master/security/L1/tests/hmac/sha256/hmac_sha256_test.prj/solution1/.autopilot/db/hash_1.verbose.rpt 
Execute           list_part -family xc7z020-clg484-1 
Execute             ap_family_info -name xc7z020-clg484-1 -data names 
Execute             ap_part_info -quiet -name xc7z020-clg484-1 -data family 
Execute         db_write -model hash.1 -f -o D:/hlstrack/hlstrack2025-master/security/L1/tests/hmac/sha256/hmac_sha256_test.prj/solution1/.autopilot/db/hash_1.adb 
Execute         db_write -model hash.1 -bindview -o D:/hlstrack/hlstrack2025-master/security/L1/tests/hmac/sha256/hmac_sha256_test.prj/solution1/.autopilot/db/design.bindinfo.xml 
Execute         gen_tb_info hash.1 -p D:/hlstrack/hlstrack2025-master/security/L1/tests/hmac/sha256/hmac_sha256_test.prj/solution1/.autopilot/db -o D:/hlstrack/hlstrack2025-master/security/L1/tests/hmac/sha256/hmac_sha256_test.prj/solution1/.autopilot/db/hash_1 
INFO: [HLS 200-10] ----------------------------------------------------------------
INFO: [HLS 200-10] -- Generating RTL for module 'resHash_32_64_256_32_64_sha256_wrapper_s' 
INFO: [HLS 200-10] ----------------------------------------------------------------
Execute         create_rtl_model resHash<32, 64, 256, 32, 64, sha256_wrapper> -top_prefix test_hmac_sha256_ -sub_prefix test_hmac_sha256_ -mg_file D:/hlstrack/hlstrack2025-master/security/L1/tests/hmac/sha256/hmac_sha256_test.prj/solution1/.autopilot/db/resHash_32_64_256_32_64_sha256_wrapper_s.compgen.tcl 
WARNING: [RTGEN 206-101] RTL name 'fifo_w64_d4_D' is changed to 'fifo_w64_d4_D_x' due to conflict.
WARNING: [RTGEN 206-101] RTL name 'fifo_w1_d4_D' is changed to 'fifo_w1_d4_D_x' due to conflict.
INFO: [RTGEN 206-100] Finished creating RTL model for 'resHash_32_64_256_32_64_sha256_wrapper_s'.
INFO: [RTMG 210-285] Implementing FIFO 'mergeKopadStrm_U(test_hmac_sha256_fifo_w32_d4_D)' using Distributed RAMs.
INFO: [RTMG 210-285] Implementing FIFO 'mergeKopadLenStrm_U(test_hmac_sha256_fifo_w64_d4_D_x)' using Distributed RAMs.
INFO: [RTMG 210-285] Implementing FIFO 'eMergeKopadLenStrm_U(test_hmac_sha256_fifo_w1_d4_D_x)' using Distributed RAMs.
INFO: [RTMG 210-285] Implementing FIFO 'start_for_hash_1_U0_U(test_hmac_sha256_start_for_hash_1_U0)' using Shift Registers.
Command         create_rtl_model done; 0.108 sec.
INFO: [HLS 200-111] Finished Creating RTL model: CPU user time: 0 seconds. CPU system time: 0 seconds. Elapsed time: 0.323 seconds; current allocated memory: 586.879 MB.
Execute         source D:/hlstrack/hlstrack2025-master/security/L1/tests/hmac/sha256/hmac_sha256_test.prj/solution1/.autopilot/db/test_hmac_sha256.rtl_wrap.cfg.tcl 
Execute         gen_rtl resHash<32, 64, 256, 32, 64, sha256_wrapper> -style xilinx -f -lang vhdl -o D:/hlstrack/hlstrack2025-master/security/L1/tests/hmac/sha256/hmac_sha256_test.prj/solution1/syn/vhdl/test_hmac_sha256_resHash_32_64_256_32_64_sha256_wrapper_s 
Execute         gen_rtl resHash<32, 64, 256, 32, 64, sha256_wrapper> -style xilinx -f -lang vlog -o D:/hlstrack/hlstrack2025-master/security/L1/tests/hmac/sha256/hmac_sha256_test.prj/solution1/syn/verilog/test_hmac_sha256_resHash_32_64_256_32_64_sha256_wrapper_s 
Execute         syn_report -csynth -model resHash<32, 64, 256, 32, 64, sha256_wrapper> -o D:/hlstrack/hlstrack2025-master/security/L1/tests/hmac/sha256/hmac_sha256_test.prj/solution1/syn/report/resHash_32_64_256_32_64_sha256_wrapper_s_csynth.rpt 
Execute           list_part -family xc7z020-clg484-1 
Execute             ap_family_info -name xc7z020-clg484-1 -data names 
Execute             ap_part_info -quiet -name xc7z020-clg484-1 -data family 
Execute         syn_report -rtlxml -model resHash<32, 64, 256, 32, 64, sha256_wrapper> -o D:/hlstrack/hlstrack2025-master/security/L1/tests/hmac/sha256/hmac_sha256_test.prj/solution1/syn/report/resHash_32_64_256_32_64_sha256_wrapper_s_csynth.xml 
Execute           list_part -family xc7z020-clg484-1 
Execute             ap_family_info -name xc7z020-clg484-1 -data names 
Execute             ap_part_info -quiet -name xc7z020-clg484-1 -data family 
Execute         syn_report -verbosereport -model resHash<32, 64, 256, 32, 64, sha256_wrapper> -o D:/hlstrack/hlstrack2025-master/security/L1/tests/hmac/sha256/hmac_sha256_test.prj/solution1/.autopilot/db/resHash_32_64_256_32_64_sha256_wrapper_s.verbose.rpt 
Execute           list_part -family xc7z020-clg484-1 
Execute             ap_family_info -name xc7z020-clg484-1 -data names 
Execute             ap_part_info -quiet -name xc7z020-clg484-1 -data family 
Execute         db_write -model resHash<32, 64, 256, 32, 64, sha256_wrapper> -f -o D:/hlstrack/hlstrack2025-master/security/L1/tests/hmac/sha256/hmac_sha256_test.prj/solution1/.autopilot/db/resHash_32_64_256_32_64_sha256_wrapper_s.adb 
Execute         db_write -model resHash<32, 64, 256, 32, 64, sha256_wrapper> -bindview -o D:/hlstrack/hlstrack2025-master/security/L1/tests/hmac/sha256/hmac_sha256_test.prj/solution1/.autopilot/db/design.bindinfo.xml 
Execute         gen_tb_info resHash<32, 64, 256, 32, 64, sha256_wrapper> -p D:/hlstrack/hlstrack2025-master/security/L1/tests/hmac/sha256/hmac_sha256_test.prj/solution1/.autopilot/db -o D:/hlstrack/hlstrack2025-master/security/L1/tests/hmac/sha256/hmac_sha256_test.prj/solution1/.autopilot/db/resHash_32_64_256_32_64_sha256_wrapper_s 
INFO: [HLS 200-10] ----------------------------------------------------------------
INFO: [HLS 200-10] -- Generating RTL for module 'hmacDataflow_32_64_256_32_64_sha256_wrapper_s' 
INFO: [HLS 200-10] ----------------------------------------------------------------
Execute         create_rtl_model hmacDataflow<32, 64, 256, 32, 64, sha256_wrapper> -top_prefix test_hmac_sha256_ -sub_prefix test_hmac_sha256_ -mg_file D:/hlstrack/hlstrack2025-master/security/L1/tests/hmac/sha256/hmac_sha256_test.prj/solution1/.autopilot/db/hmacDataflow_32_64_256_32_64_sha256_wrapper_s.compgen.tcl 
WARNING: [RTGEN 206-101] RTL name 'fifo_w1_d4_D' is changed to 'fifo_w1_d4_D_x0' due to conflict.
INFO: [RTGEN 206-100] Finished creating RTL model for 'hmacDataflow_32_64_256_32_64_sha256_wrapper_s'.
INFO: [RTMG 210-285] Implementing FIFO 'kipadStrm_U(test_hmac_sha256_fifo_w512_d4_D)' using Distributed RAMs.
INFO: [RTMG 210-285] Implementing FIFO 'kopadStrm_U(test_hmac_sha256_fifo_w512_d4_D)' using Distributed RAMs.
INFO: [RTMG 210-285] Implementing FIFO 'eKipadStrm_U(test_hmac_sha256_fifo_w1_d4_D_x0)' using Distributed RAMs.
INFO: [RTMG 210-285] Implementing FIFO 'kopad2Strm_U(test_hmac_sha256_fifo_w512_d4_D)' using Distributed RAMs.
INFO: [RTMG 210-285] Implementing FIFO 'msgHashStrm_U(test_hmac_sha256_fifo_w256_d4_D)' using Distributed RAMs.
INFO: [RTMG 210-285] Implementing FIFO 'eMsgHashStrm_U(test_hmac_sha256_fifo_w1_d4_D_x0)' using Distributed RAMs.
INFO: [RTMG 210-285] Implementing FIFO 'start_for_msgHash_32_64_256_32_64_sha256_wrapper_U0_U(test_hmac_sha256_start_for_msgHash_32_64_256_32_64_sha256_wrapper_U0)' using Shift Registers.
INFO: [RTMG 210-285] Implementing FIFO 'start_for_resHash_32_64_256_32_64_sha256_wrapper_U0_U(test_hmac_sha256_start_for_resHash_32_64_256_32_64_sha256_wrapper_U0)' using Shift Registers.
Command         create_rtl_model done; 0.145 sec.
INFO: [HLS 200-111] Finished Creating RTL model: CPU user time: 1 seconds. CPU system time: 1 seconds. Elapsed time: 0.367 seconds; current allocated memory: 587.551 MB.
Execute         source D:/hlstrack/hlstrack2025-master/security/L1/tests/hmac/sha256/hmac_sha256_test.prj/solution1/.autopilot/db/test_hmac_sha256.rtl_wrap.cfg.tcl 
Execute         gen_rtl hmacDataflow<32, 64, 256, 32, 64, sha256_wrapper> -style xilinx -f -lang vhdl -o D:/hlstrack/hlstrack2025-master/security/L1/tests/hmac/sha256/hmac_sha256_test.prj/solution1/syn/vhdl/test_hmac_sha256_hmacDataflow_32_64_256_32_64_sha256_wrapper_s 
Execute         gen_rtl hmacDataflow<32, 64, 256, 32, 64, sha256_wrapper> -style xilinx -f -lang vlog -o D:/hlstrack/hlstrack2025-master/security/L1/tests/hmac/sha256/hmac_sha256_test.prj/solution1/syn/verilog/test_hmac_sha256_hmacDataflow_32_64_256_32_64_sha256_wrapper_s 
Execute         syn_report -csynth -model hmacDataflow<32, 64, 256, 32, 64, sha256_wrapper> -o D:/hlstrack/hlstrack2025-master/security/L1/tests/hmac/sha256/hmac_sha256_test.prj/solution1/syn/report/hmacDataflow_32_64_256_32_64_sha256_wrapper_s_csynth.rpt 
Execute           list_part -family xc7z020-clg484-1 
Execute             ap_family_info -name xc7z020-clg484-1 -data names 
Execute             ap_part_info -quiet -name xc7z020-clg484-1 -data family 
Execute         syn_report -rtlxml -model hmacDataflow<32, 64, 256, 32, 64, sha256_wrapper> -o D:/hlstrack/hlstrack2025-master/security/L1/tests/hmac/sha256/hmac_sha256_test.prj/solution1/syn/report/hmacDataflow_32_64_256_32_64_sha256_wrapper_s_csynth.xml 
Execute           list_part -family xc7z020-clg484-1 
Execute             ap_family_info -name xc7z020-clg484-1 -data names 
Execute             ap_part_info -quiet -name xc7z020-clg484-1 -data family 
Execute         syn_report -verbosereport -model hmacDataflow<32, 64, 256, 32, 64, sha256_wrapper> -o D:/hlstrack/hlstrack2025-master/security/L1/tests/hmac/sha256/hmac_sha256_test.prj/solution1/.autopilot/db/hmacDataflow_32_64_256_32_64_sha256_wrapper_s.verbose.rpt 
Execute           list_part -family xc7z020-clg484-1 
Execute             ap_family_info -name xc7z020-clg484-1 -data names 
Execute             ap_part_info -quiet -name xc7z020-clg484-1 -data family 
Execute         db_write -model hmacDataflow<32, 64, 256, 32, 64, sha256_wrapper> -f -o D:/hlstrack/hlstrack2025-master/security/L1/tests/hmac/sha256/hmac_sha256_test.prj/solution1/.autopilot/db/hmacDataflow_32_64_256_32_64_sha256_wrapper_s.adb 
Execute         db_write -model hmacDataflow<32, 64, 256, 32, 64, sha256_wrapper> -bindview -o D:/hlstrack/hlstrack2025-master/security/L1/tests/hmac/sha256/hmac_sha256_test.prj/solution1/.autopilot/db/design.bindinfo.xml 
Execute         gen_tb_info hmacDataflow<32, 64, 256, 32, 64, sha256_wrapper> -p D:/hlstrack/hlstrack2025-master/security/L1/tests/hmac/sha256/hmac_sha256_test.prj/solution1/.autopilot/db -o D:/hlstrack/hlstrack2025-master/security/L1/tests/hmac/sha256/hmac_sha256_test.prj/solution1/.autopilot/db/hmacDataflow_32_64_256_32_64_sha256_wrapper_s 
INFO: [HLS 200-10] ----------------------------------------------------------------
INFO: [HLS 200-10] -- Generating RTL for module 'test_hmac_sha256' 
INFO: [HLS 200-10] ----------------------------------------------------------------
Execute         create_rtl_model test_hmac_sha256 -top_prefix  -sub_prefix test_hmac_sha256_ -mg_file D:/hlstrack/hlstrack2025-master/security/L1/tests/hmac/sha256/hmac_sha256_test.prj/solution1/.autopilot/db/test_hmac_sha256.compgen.tcl 
INFO: [RTGEN 206-500] Setting interface mode on port 'test_hmac_sha256/keyStrm' to 'ap_fifo'.
INFO: [RTGEN 206-500] Setting interface mode on port 'test_hmac_sha256/msgStrm' to 'ap_fifo'.
INFO: [RTGEN 206-500] Setting interface mode on port 'test_hmac_sha256/lenStrm' to 'ap_fifo'.
INFO: [RTGEN 206-500] Setting interface mode on port 'test_hmac_sha256/eLenStrm' to 'ap_fifo'.
INFO: [RTGEN 206-500] Setting interface mode on port 'test_hmac_sha256/hshStrm' to 'ap_fifo'.
INFO: [RTGEN 206-500] Setting interface mode on port 'test_hmac_sha256/eHshStrm' to 'ap_fifo'.
INFO: [RTGEN 206-500] Setting interface mode on function 'test_hmac_sha256' to 'ap_ctrl_hs'.
INFO: [RTGEN 206-100] Finished creating RTL model for 'test_hmac_sha256'.
INFO: [HLS 200-111] Finished Creating RTL model: CPU user time: 0 seconds. CPU system time: 0 seconds. Elapsed time: 0.284 seconds; current allocated memory: 588.340 MB.
Execute         source D:/hlstrack/hlstrack2025-master/security/L1/tests/hmac/sha256/hmac_sha256_test.prj/solution1/.autopilot/db/test_hmac_sha256.rtl_wrap.cfg.tcl 
Execute         gen_rtl test_hmac_sha256 -istop -style xilinx -f -lang vhdl -o D:/hlstrack/hlstrack2025-master/security/L1/tests/hmac/sha256/hmac_sha256_test.prj/solution1/syn/vhdl/test_hmac_sha256 
Execute         gen_rtl test_hmac_sha256 -istop -style xilinx -f -lang vlog -o D:/hlstrack/hlstrack2025-master/security/L1/tests/hmac/sha256/hmac_sha256_test.prj/solution1/syn/verilog/test_hmac_sha256 
Execute         syn_report -csynth -model test_hmac_sha256 -o D:/hlstrack/hlstrack2025-master/security/L1/tests/hmac/sha256/hmac_sha256_test.prj/solution1/syn/report/test_hmac_sha256_csynth.rpt 
Execute           list_part -family xc7z020-clg484-1 
Execute             ap_family_info -name xc7z020-clg484-1 -data names 
Execute             ap_part_info -quiet -name xc7z020-clg484-1 -data family 
Execute         syn_report -rtlxml -model test_hmac_sha256 -o D:/hlstrack/hlstrack2025-master/security/L1/tests/hmac/sha256/hmac_sha256_test.prj/solution1/syn/report/test_hmac_sha256_csynth.xml 
Execute           list_part -family xc7z020-clg484-1 
Execute             ap_family_info -name xc7z020-clg484-1 -data names 
Execute             ap_part_info -quiet -name xc7z020-clg484-1 -data family 
Execute         syn_report -verbosereport -model test_hmac_sha256 -o D:/hlstrack/hlstrack2025-master/security/L1/tests/hmac/sha256/hmac_sha256_test.prj/solution1/.autopilot/db/test_hmac_sha256.verbose.rpt 
Execute           list_part -family xc7z020-clg484-1 
Execute             ap_family_info -name xc7z020-clg484-1 -data names 
Execute             ap_part_info -quiet -name xc7z020-clg484-1 -data family 
Execute         db_write -model test_hmac_sha256 -f -o D:/hlstrack/hlstrack2025-master/security/L1/tests/hmac/sha256/hmac_sha256_test.prj/solution1/.autopilot/db/test_hmac_sha256.adb 
Execute         db_write -model test_hmac_sha256 -bindview -o D:/hlstrack/hlstrack2025-master/security/L1/tests/hmac/sha256/hmac_sha256_test.prj/solution1/.autopilot/db/design.bindinfo.xml 
Execute         gen_tb_info test_hmac_sha256 -p D:/hlstrack/hlstrack2025-master/security/L1/tests/hmac/sha256/hmac_sha256_test.prj/solution1/.autopilot/db -o D:/hlstrack/hlstrack2025-master/security/L1/tests/hmac/sha256/hmac_sha256_test.prj/solution1/.autopilot/db/test_hmac_sha256 
Execute         export_constraint_db -f -tool general -o D:/hlstrack/hlstrack2025-master/security/L1/tests/hmac/sha256/hmac_sha256_test.prj/solution1/.autopilot/db/test_hmac_sha256.constraint.tcl 
Execute         syn_report -designview -model test_hmac_sha256 -o D:/hlstrack/hlstrack2025-master/security/L1/tests/hmac/sha256/hmac_sha256_test.prj/solution1/.autopilot/db/test_hmac_sha256.design.xml 
Execute         syn_report -csynthDesign -model test_hmac_sha256 -o D:/hlstrack/hlstrack2025-master/security/L1/tests/hmac/sha256/hmac_sha256_test.prj/solution1/syn/report/csynth.rpt -MHOut D:/hlstrack/hlstrack2025-master/security/L1/tests/hmac/sha256/hmac_sha256_test.prj/solution1/.autopilot/db/kernel_module_hierarchy.tcl 
Execute           list_part -family xc7z020-clg484-1 
Execute             ap_family_info -name xc7z020-clg484-1 -data names 
Execute             ap_part_info -quiet -name xc7z020-clg484-1 -data family 
Execute         syn_report -wcfg -model test_hmac_sha256 -o D:/hlstrack/hlstrack2025-master/security/L1/tests/hmac/sha256/hmac_sha256_test.prj/solution1/.autopilot/db/test_hmac_sha256_dataflow_ana.wcfg 
Execute         syn_report -protoinst -model test_hmac_sha256 -o D:/hlstrack/hlstrack2025-master/security/L1/tests/hmac/sha256/hmac_sha256_test.prj/solution1/.autopilot/db/test_hmac_sha256.protoinst 
Execute         sc_get_clocks test_hmac_sha256 
Execute         sc_get_portdomain test_hmac_sha256 
INFO-FLOW: Model list for RTL component generation: {kpad<32, 64, 256, 32, 64, sha256_wrapper>_Pipeline_VITIS_LOOP_120_2} {kpad<32, 64, 256, 32, 64, sha256_wrapper>} {mergeKipad<32, 64, 256, 64>_Pipeline_VITIS_LOOP_162_2} {mergeKipad<32, 64, 256, 64>_Pipeline_VITIS_LOOP_171_3} {mergeKipad<32, 64, 256, 64>} preProcessing_Pipeline_LOOP_SHA256_GEN_FULL_BLKS preProcessing_Pipeline_LOOP_SHA256_GEN_COPY_TAIL_AND_ONE preProcessing dup_strm_Pipeline_VITIS_LOOP_506_1 dup_strm generateMsgSchedule_Pipeline_LOOP_SHA256_PREPARE_WT16 generateMsgSchedule_Pipeline_LOOP_SHA256_PREPARE_WT64 generateMsgSchedule sha256Digest<256>_Pipeline_LOOP_SHA256_UPDATE_64_ROUNDS sha256Digest<256> {sha256_top<32, 256>} hash {msgHash<32, 64, 256, 32, 64, sha256_wrapper>} {mergeKopad<32, 64, 256, 32, 64>_Pipeline_VITIS_LOOP_220_2} {mergeKopad<32, 64, 256, 32, 64>_Pipeline_VITIS_LOOP_226_3} {mergeKopad<32, 64, 256, 32, 64>} hash.1 {resHash<32, 64, 256, 32, 64, sha256_wrapper>} {hmacDataflow<32, 64, 256, 32, 64, sha256_wrapper>} test_hmac_sha256
INFO-FLOW: Handling components in module [kpad_32_64_256_32_64_sha256_wrapper_Pipeline_VITIS_LOOP_120_2] ... 
Execute         source D:/hlstrack/hlstrack2025-master/security/L1/tests/hmac/sha256/hmac_sha256_test.prj/solution1/.autopilot/db/kpad_32_64_256_32_64_sha256_wrapper_Pipeline_VITIS_LOOP_120_2.compgen.tcl 
INFO-FLOW: Found component test_hmac_sha256_flow_control_loop_pipe_sequential_init.
INFO-FLOW: Append model test_hmac_sha256_flow_control_loop_pipe_sequential_init
INFO-FLOW: Handling components in module [kpad_32_64_256_32_64_sha256_wrapper_s] ... 
Execute         source D:/hlstrack/hlstrack2025-master/security/L1/tests/hmac/sha256/hmac_sha256_test.prj/solution1/.autopilot/db/kpad_32_64_256_32_64_sha256_wrapper_s.compgen.tcl 
INFO-FLOW: Handling components in module [mergeKipad_32_64_256_64_Pipeline_VITIS_LOOP_162_2] ... 
Execute         source D:/hlstrack/hlstrack2025-master/security/L1/tests/hmac/sha256/hmac_sha256_test.prj/solution1/.autopilot/db/mergeKipad_32_64_256_64_Pipeline_VITIS_LOOP_162_2.compgen.tcl 
INFO-FLOW: Found component test_hmac_sha256_flow_control_loop_pipe_sequential_init.
INFO-FLOW: Append model test_hmac_sha256_flow_control_loop_pipe_sequential_init
INFO-FLOW: Handling components in module [mergeKipad_32_64_256_64_Pipeline_VITIS_LOOP_171_3] ... 
Execute         source D:/hlstrack/hlstrack2025-master/security/L1/tests/hmac/sha256/hmac_sha256_test.prj/solution1/.autopilot/db/mergeKipad_32_64_256_64_Pipeline_VITIS_LOOP_171_3.compgen.tcl 
INFO-FLOW: Found component test_hmac_sha256_flow_control_loop_pipe_sequential_init.
INFO-FLOW: Append model test_hmac_sha256_flow_control_loop_pipe_sequential_init
INFO-FLOW: Handling components in module [mergeKipad_32_64_256_64_s] ... 
Execute         source D:/hlstrack/hlstrack2025-master/security/L1/tests/hmac/sha256/hmac_sha256_test.prj/solution1/.autopilot/db/mergeKipad_32_64_256_64_s.compgen.tcl 
INFO-FLOW: Handling components in module [preProcessing_Pipeline_LOOP_SHA256_GEN_FULL_BLKS] ... 
Execute         source D:/hlstrack/hlstrack2025-master/security/L1/tests/hmac/sha256/hmac_sha256_test.prj/solution1/.autopilot/db/preProcessing_Pipeline_LOOP_SHA256_GEN_FULL_BLKS.compgen.tcl 
INFO-FLOW: Found component test_hmac_sha256_flow_control_loop_pipe_sequential_init.
INFO-FLOW: Append model test_hmac_sha256_flow_control_loop_pipe_sequential_init
INFO-FLOW: Handling components in module [preProcessing_Pipeline_LOOP_SHA256_GEN_COPY_TAIL_AND_ONE] ... 
Execute         source D:/hlstrack/hlstrack2025-master/security/L1/tests/hmac/sha256/hmac_sha256_test.prj/solution1/.autopilot/db/preProcessing_Pipeline_LOOP_SHA256_GEN_COPY_TAIL_AND_ONE.compgen.tcl 
INFO-FLOW: Found component test_hmac_sha256_flow_control_loop_pipe_sequential_init.
INFO-FLOW: Append model test_hmac_sha256_flow_control_loop_pipe_sequential_init
INFO-FLOW: Handling components in module [preProcessing] ... 
Execute         source D:/hlstrack/hlstrack2025-master/security/L1/tests/hmac/sha256/hmac_sha256_test.prj/solution1/.autopilot/db/preProcessing.compgen.tcl 
INFO-FLOW: Handling components in module [dup_strm_Pipeline_VITIS_LOOP_506_1] ... 
Execute         source D:/hlstrack/hlstrack2025-master/security/L1/tests/hmac/sha256/hmac_sha256_test.prj/solution1/.autopilot/db/dup_strm_Pipeline_VITIS_LOOP_506_1.compgen.tcl 
INFO-FLOW: Found component test_hmac_sha256_flow_control_loop_pipe_sequential_init.
INFO-FLOW: Append model test_hmac_sha256_flow_control_loop_pipe_sequential_init
INFO-FLOW: Handling components in module [dup_strm] ... 
Execute         source D:/hlstrack/hlstrack2025-master/security/L1/tests/hmac/sha256/hmac_sha256_test.prj/solution1/.autopilot/db/dup_strm.compgen.tcl 
INFO-FLOW: Handling components in module [generateMsgSchedule_Pipeline_LOOP_SHA256_PREPARE_WT16] ... 
Execute         source D:/hlstrack/hlstrack2025-master/security/L1/tests/hmac/sha256/hmac_sha256_test.prj/solution1/.autopilot/db/generateMsgSchedule_Pipeline_LOOP_SHA256_PREPARE_WT16.compgen.tcl 
INFO-FLOW: Found component test_hmac_sha256_sparsemux_33_4_32_1_1.
INFO-FLOW: Append model test_hmac_sha256_sparsemux_33_4_32_1_1
INFO-FLOW: Found component test_hmac_sha256_flow_control_loop_pipe_sequential_init.
INFO-FLOW: Append model test_hmac_sha256_flow_control_loop_pipe_sequential_init
INFO-FLOW: Handling components in module [generateMsgSchedule_Pipeline_LOOP_SHA256_PREPARE_WT64] ... 
Execute         source D:/hlstrack/hlstrack2025-master/security/L1/tests/hmac/sha256/hmac_sha256_test.prj/solution1/.autopilot/db/generateMsgSchedule_Pipeline_LOOP_SHA256_PREPARE_WT64.compgen.tcl 
INFO-FLOW: Found component test_hmac_sha256_flow_control_loop_pipe_sequential_init.
INFO-FLOW: Append model test_hmac_sha256_flow_control_loop_pipe_sequential_init
INFO-FLOW: Handling components in module [generateMsgSchedule] ... 
Execute         source D:/hlstrack/hlstrack2025-master/security/L1/tests/hmac/sha256/hmac_sha256_test.prj/solution1/.autopilot/db/generateMsgSchedule.compgen.tcl 
INFO-FLOW: Handling components in module [sha256Digest_256_Pipeline_LOOP_SHA256_UPDATE_64_ROUNDS] ... 
Execute         source D:/hlstrack/hlstrack2025-master/security/L1/tests/hmac/sha256/hmac_sha256_test.prj/solution1/.autopilot/db/sha256Digest_256_Pipeline_LOOP_SHA256_UPDATE_64_ROUNDS.compgen.tcl 
INFO-FLOW: Found component test_hmac_sha256_sparsemux_129_6_32_1_1.
INFO-FLOW: Append model test_hmac_sha256_sparsemux_129_6_32_1_1
INFO-FLOW: Found component test_hmac_sha256_flow_control_loop_pipe_sequential_init.
INFO-FLOW: Append model test_hmac_sha256_flow_control_loop_pipe_sequential_init
INFO-FLOW: Handling components in module [sha256Digest_256_s] ... 
Execute         source D:/hlstrack/hlstrack2025-master/security/L1/tests/hmac/sha256/hmac_sha256_test.prj/solution1/.autopilot/db/sha256Digest_256_s.compgen.tcl 
INFO-FLOW: Handling components in module [sha256_top_32_256_s] ... 
Execute         source D:/hlstrack/hlstrack2025-master/security/L1/tests/hmac/sha256/hmac_sha256_test.prj/solution1/.autopilot/db/sha256_top_32_256_s.compgen.tcl 
INFO-FLOW: Found component test_hmac_sha256_fifo_w512_d32_D.
INFO-FLOW: Append model test_hmac_sha256_fifo_w512_d32_D
INFO-FLOW: Found component test_hmac_sha256_fifo_w64_d32_D.
INFO-FLOW: Append model test_hmac_sha256_fifo_w64_d32_D
INFO-FLOW: Found component test_hmac_sha256_fifo_w1_d32_D.
INFO-FLOW: Append model test_hmac_sha256_fifo_w1_d32_D
INFO-FLOW: Found component test_hmac_sha256_fifo_w64_d32_D.
INFO-FLOW: Append model test_hmac_sha256_fifo_w64_d32_D
INFO-FLOW: Found component test_hmac_sha256_fifo_w1_d32_D.
INFO-FLOW: Append model test_hmac_sha256_fifo_w1_d32_D
INFO-FLOW: Found component test_hmac_sha256_fifo_w64_d32_D.
INFO-FLOW: Append model test_hmac_sha256_fifo_w64_d32_D
INFO-FLOW: Found component test_hmac_sha256_fifo_w1_d32_D.
INFO-FLOW: Append model test_hmac_sha256_fifo_w1_d32_D
INFO-FLOW: Found component test_hmac_sha256_fifo_w32_d32_D.
INFO-FLOW: Append model test_hmac_sha256_fifo_w32_d32_D
INFO-FLOW: Found component test_hmac_sha256_start_for_dup_strm_U0.
INFO-FLOW: Append model test_hmac_sha256_start_for_dup_strm_U0
INFO-FLOW: Found component test_hmac_sha256_start_for_generateMsgSchedule_U0.
INFO-FLOW: Append model test_hmac_sha256_start_for_generateMsgSchedule_U0
INFO-FLOW: Found component test_hmac_sha256_start_for_sha256Digest_256_U0.
INFO-FLOW: Append model test_hmac_sha256_start_for_sha256Digest_256_U0
INFO-FLOW: Handling components in module [hash] ... 
Execute         source D:/hlstrack/hlstrack2025-master/security/L1/tests/hmac/sha256/hmac_sha256_test.prj/solution1/.autopilot/db/hash.compgen.tcl 
INFO-FLOW: Handling components in module [msgHash_32_64_256_32_64_sha256_wrapper_s] ... 
Execute         source D:/hlstrack/hlstrack2025-master/security/L1/tests/hmac/sha256/hmac_sha256_test.prj/solution1/.autopilot/db/msgHash_32_64_256_32_64_sha256_wrapper_s.compgen.tcl 
INFO-FLOW: Found component test_hmac_sha256_fifo_w32_d128_B.
INFO-FLOW: Append model test_hmac_sha256_fifo_w32_d128_B
INFO-FLOW: Found component test_hmac_sha256_fifo_w64_d4_D.
INFO-FLOW: Append model test_hmac_sha256_fifo_w64_d4_D
INFO-FLOW: Found component test_hmac_sha256_fifo_w1_d4_D.
INFO-FLOW: Append model test_hmac_sha256_fifo_w1_d4_D
INFO-FLOW: Found component test_hmac_sha256_start_for_hash_U0.
INFO-FLOW: Append model test_hmac_sha256_start_for_hash_U0
INFO-FLOW: Handling components in module [mergeKopad_32_64_256_32_64_Pipeline_VITIS_LOOP_220_2] ... 
Execute         source D:/hlstrack/hlstrack2025-master/security/L1/tests/hmac/sha256/hmac_sha256_test.prj/solution1/.autopilot/db/mergeKopad_32_64_256_32_64_Pipeline_VITIS_LOOP_220_2.compgen.tcl 
INFO-FLOW: Found component test_hmac_sha256_flow_control_loop_pipe_sequential_init.
INFO-FLOW: Append model test_hmac_sha256_flow_control_loop_pipe_sequential_init
INFO-FLOW: Handling components in module [mergeKopad_32_64_256_32_64_Pipeline_VITIS_LOOP_226_3] ... 
Execute         source D:/hlstrack/hlstrack2025-master/security/L1/tests/hmac/sha256/hmac_sha256_test.prj/solution1/.autopilot/db/mergeKopad_32_64_256_32_64_Pipeline_VITIS_LOOP_226_3.compgen.tcl 
INFO-FLOW: Found component test_hmac_sha256_flow_control_loop_pipe_sequential_init.
INFO-FLOW: Append model test_hmac_sha256_flow_control_loop_pipe_sequential_init
INFO-FLOW: Handling components in module [mergeKopad_32_64_256_32_64_s] ... 
Execute         source D:/hlstrack/hlstrack2025-master/security/L1/tests/hmac/sha256/hmac_sha256_test.prj/solution1/.autopilot/db/mergeKopad_32_64_256_32_64_s.compgen.tcl 
INFO-FLOW: Handling components in module [hash_1] ... 
Execute         source D:/hlstrack/hlstrack2025-master/security/L1/tests/hmac/sha256/hmac_sha256_test.prj/solution1/.autopilot/db/hash_1.compgen.tcl 
INFO-FLOW: Handling components in module [resHash_32_64_256_32_64_sha256_wrapper_s] ... 
Execute         source D:/hlstrack/hlstrack2025-master/security/L1/tests/hmac/sha256/hmac_sha256_test.prj/solution1/.autopilot/db/resHash_32_64_256_32_64_sha256_wrapper_s.compgen.tcl 
INFO-FLOW: Found component test_hmac_sha256_fifo_w32_d4_D.
INFO-FLOW: Append model test_hmac_sha256_fifo_w32_d4_D
INFO-FLOW: Found component test_hmac_sha256_fifo_w64_d4_D_x.
INFO-FLOW: Append model test_hmac_sha256_fifo_w64_d4_D_x
INFO-FLOW: Found component test_hmac_sha256_fifo_w1_d4_D_x.
INFO-FLOW: Append model test_hmac_sha256_fifo_w1_d4_D_x
INFO-FLOW: Found component test_hmac_sha256_start_for_hash_1_U0.
INFO-FLOW: Append model test_hmac_sha256_start_for_hash_1_U0
INFO-FLOW: Handling components in module [hmacDataflow_32_64_256_32_64_sha256_wrapper_s] ... 
Execute         source D:/hlstrack/hlstrack2025-master/security/L1/tests/hmac/sha256/hmac_sha256_test.prj/solution1/.autopilot/db/hmacDataflow_32_64_256_32_64_sha256_wrapper_s.compgen.tcl 
INFO-FLOW: Found component test_hmac_sha256_fifo_w512_d4_D.
INFO-FLOW: Append model test_hmac_sha256_fifo_w512_d4_D
INFO-FLOW: Found component test_hmac_sha256_fifo_w512_d4_D.
INFO-FLOW: Append model test_hmac_sha256_fifo_w512_d4_D
INFO-FLOW: Found component test_hmac_sha256_fifo_w1_d4_D_x0.
INFO-FLOW: Append model test_hmac_sha256_fifo_w1_d4_D_x0
INFO-FLOW: Found component test_hmac_sha256_fifo_w512_d4_D.
INFO-FLOW: Append model test_hmac_sha256_fifo_w512_d4_D
INFO-FLOW: Found component test_hmac_sha256_fifo_w256_d4_D.
INFO-FLOW: Append model test_hmac_sha256_fifo_w256_d4_D
INFO-FLOW: Found component test_hmac_sha256_fifo_w1_d4_D_x0.
INFO-FLOW: Append model test_hmac_sha256_fifo_w1_d4_D_x0
INFO-FLOW: Found component test_hmac_sha256_start_for_msgHash_32_64_256_32_64_sha256_wrapper_U0.
INFO-FLOW: Append model test_hmac_sha256_start_for_msgHash_32_64_256_32_64_sha256_wrapper_U0
INFO-FLOW: Found component test_hmac_sha256_start_for_resHash_32_64_256_32_64_sha256_wrapper_U0.
INFO-FLOW: Append model test_hmac_sha256_start_for_resHash_32_64_256_32_64_sha256_wrapper_U0
INFO-FLOW: Handling components in module [test_hmac_sha256] ... 
Execute         source D:/hlstrack/hlstrack2025-master/security/L1/tests/hmac/sha256/hmac_sha256_test.prj/solution1/.autopilot/db/test_hmac_sha256.compgen.tcl 
INFO-FLOW: Append model kpad_32_64_256_32_64_sha256_wrapper_Pipeline_VITIS_LOOP_120_2
INFO-FLOW: Append model kpad_32_64_256_32_64_sha256_wrapper_s
INFO-FLOW: Append model mergeKipad_32_64_256_64_Pipeline_VITIS_LOOP_162_2
INFO-FLOW: Append model mergeKipad_32_64_256_64_Pipeline_VITIS_LOOP_171_3
INFO-FLOW: Append model mergeKipad_32_64_256_64_s
INFO-FLOW: Append model preProcessing_Pipeline_LOOP_SHA256_GEN_FULL_BLKS
INFO-FLOW: Append model preProcessing_Pipeline_LOOP_SHA256_GEN_COPY_TAIL_AND_ONE
INFO-FLOW: Append model preProcessing
INFO-FLOW: Append model dup_strm_Pipeline_VITIS_LOOP_506_1
INFO-FLOW: Append model dup_strm
INFO-FLOW: Append model generateMsgSchedule_Pipeline_LOOP_SHA256_PREPARE_WT16
INFO-FLOW: Append model generateMsgSchedule_Pipeline_LOOP_SHA256_PREPARE_WT64
INFO-FLOW: Append model generateMsgSchedule
INFO-FLOW: Append model sha256Digest_256_Pipeline_LOOP_SHA256_UPDATE_64_ROUNDS
INFO-FLOW: Append model sha256Digest_256_s
INFO-FLOW: Append model sha256_top_32_256_s
INFO-FLOW: Append model hash
INFO-FLOW: Append model msgHash_32_64_256_32_64_sha256_wrapper_s
INFO-FLOW: Append model mergeKopad_32_64_256_32_64_Pipeline_VITIS_LOOP_220_2
INFO-FLOW: Append model mergeKopad_32_64_256_32_64_Pipeline_VITIS_LOOP_226_3
INFO-FLOW: Append model mergeKopad_32_64_256_32_64_s
INFO-FLOW: Append model hash_1
INFO-FLOW: Append model resHash_32_64_256_32_64_sha256_wrapper_s
INFO-FLOW: Append model hmacDataflow_32_64_256_32_64_sha256_wrapper_s
INFO-FLOW: Append model test_hmac_sha256
INFO-FLOW: Generating RTL model list ...
INFO-FLOW: All models in this session: test_hmac_sha256_flow_control_loop_pipe_sequential_init test_hmac_sha256_flow_control_loop_pipe_sequential_init test_hmac_sha256_flow_control_loop_pipe_sequential_init test_hmac_sha256_flow_control_loop_pipe_sequential_init test_hmac_sha256_flow_control_loop_pipe_sequential_init test_hmac_sha256_flow_control_loop_pipe_sequential_init test_hmac_sha256_sparsemux_33_4_32_1_1 test_hmac_sha256_flow_control_loop_pipe_sequential_init test_hmac_sha256_flow_control_loop_pipe_sequential_init test_hmac_sha256_sparsemux_129_6_32_1_1 test_hmac_sha256_flow_control_loop_pipe_sequential_init test_hmac_sha256_fifo_w512_d32_D test_hmac_sha256_fifo_w64_d32_D test_hmac_sha256_fifo_w1_d32_D test_hmac_sha256_fifo_w64_d32_D test_hmac_sha256_fifo_w1_d32_D test_hmac_sha256_fifo_w64_d32_D test_hmac_sha256_fifo_w1_d32_D test_hmac_sha256_fifo_w32_d32_D test_hmac_sha256_start_for_dup_strm_U0 test_hmac_sha256_start_for_generateMsgSchedule_U0 test_hmac_sha256_start_for_sha256Digest_256_U0 test_hmac_sha256_fifo_w32_d128_B test_hmac_sha256_fifo_w64_d4_D test_hmac_sha256_fifo_w1_d4_D test_hmac_sha256_start_for_hash_U0 test_hmac_sha256_flow_control_loop_pipe_sequential_init test_hmac_sha256_flow_control_loop_pipe_sequential_init test_hmac_sha256_fifo_w32_d4_D test_hmac_sha256_fifo_w64_d4_D_x test_hmac_sha256_fifo_w1_d4_D_x test_hmac_sha256_start_for_hash_1_U0 test_hmac_sha256_fifo_w512_d4_D test_hmac_sha256_fifo_w512_d4_D test_hmac_sha256_fifo_w1_d4_D_x0 test_hmac_sha256_fifo_w512_d4_D test_hmac_sha256_fifo_w256_d4_D test_hmac_sha256_fifo_w1_d4_D_x0 test_hmac_sha256_start_for_msgHash_32_64_256_32_64_sha256_wrapper_U0 test_hmac_sha256_start_for_resHash_32_64_256_32_64_sha256_wrapper_U0 kpad_32_64_256_32_64_sha256_wrapper_Pipeline_VITIS_LOOP_120_2 kpad_32_64_256_32_64_sha256_wrapper_s mergeKipad_32_64_256_64_Pipeline_VITIS_LOOP_162_2 mergeKipad_32_64_256_64_Pipeline_VITIS_LOOP_171_3 mergeKipad_32_64_256_64_s preProcessing_Pipeline_LOOP_SHA256_GEN_FULL_BLKS preProcessing_Pipeline_LOOP_SHA256_GEN_COPY_TAIL_AND_ONE preProcessing dup_strm_Pipeline_VITIS_LOOP_506_1 dup_strm generateMsgSchedule_Pipeline_LOOP_SHA256_PREPARE_WT16 generateMsgSchedule_Pipeline_LOOP_SHA256_PREPARE_WT64 generateMsgSchedule sha256Digest_256_Pipeline_LOOP_SHA256_UPDATE_64_ROUNDS sha256Digest_256_s sha256_top_32_256_s hash msgHash_32_64_256_32_64_sha256_wrapper_s mergeKopad_32_64_256_32_64_Pipeline_VITIS_LOOP_220_2 mergeKopad_32_64_256_32_64_Pipeline_VITIS_LOOP_226_3 mergeKopad_32_64_256_32_64_s hash_1 resHash_32_64_256_32_64_sha256_wrapper_s hmacDataflow_32_64_256_32_64_sha256_wrapper_s test_hmac_sha256
INFO-FLOW: Generating D:/hlstrack/hlstrack2025-master/security/L1/tests/hmac/sha256/hmac_sha256_test.prj/solution1/.autopilot/db/autopilot.rtl.models.txt file...
INFO-FLOW: To file: write model test_hmac_sha256_flow_control_loop_pipe_sequential_init
INFO-FLOW: To file: write model test_hmac_sha256_flow_control_loop_pipe_sequential_init
INFO-FLOW: To file: write model test_hmac_sha256_flow_control_loop_pipe_sequential_init
INFO-FLOW: To file: write model test_hmac_sha256_flow_control_loop_pipe_sequential_init
INFO-FLOW: To file: write model test_hmac_sha256_flow_control_loop_pipe_sequential_init
INFO-FLOW: To file: write model test_hmac_sha256_flow_control_loop_pipe_sequential_init
INFO-FLOW: To file: write model test_hmac_sha256_sparsemux_33_4_32_1_1
INFO-FLOW: To file: write model test_hmac_sha256_flow_control_loop_pipe_sequential_init
INFO-FLOW: To file: write model test_hmac_sha256_flow_control_loop_pipe_sequential_init
INFO-FLOW: To file: write model test_hmac_sha256_sparsemux_129_6_32_1_1
INFO-FLOW: To file: write model test_hmac_sha256_flow_control_loop_pipe_sequential_init
INFO-FLOW: To file: write model test_hmac_sha256_fifo_w512_d32_D
INFO-FLOW: To file: write model test_hmac_sha256_fifo_w64_d32_D
INFO-FLOW: To file: write model test_hmac_sha256_fifo_w1_d32_D
INFO-FLOW: To file: write model test_hmac_sha256_fifo_w64_d32_D
INFO-FLOW: To file: write model test_hmac_sha256_fifo_w1_d32_D
INFO-FLOW: To file: write model test_hmac_sha256_fifo_w64_d32_D
INFO-FLOW: To file: write model test_hmac_sha256_fifo_w1_d32_D
INFO-FLOW: To file: write model test_hmac_sha256_fifo_w32_d32_D
INFO-FLOW: To file: write model test_hmac_sha256_start_for_dup_strm_U0
INFO-FLOW: To file: write model test_hmac_sha256_start_for_generateMsgSchedule_U0
INFO-FLOW: To file: write model test_hmac_sha256_start_for_sha256Digest_256_U0
INFO-FLOW: To file: write model test_hmac_sha256_fifo_w32_d128_B
INFO-FLOW: To file: write model test_hmac_sha256_fifo_w64_d4_D
INFO-FLOW: To file: write model test_hmac_sha256_fifo_w1_d4_D
INFO-FLOW: To file: write model test_hmac_sha256_start_for_hash_U0
INFO-FLOW: To file: write model test_hmac_sha256_flow_control_loop_pipe_sequential_init
INFO-FLOW: To file: write model test_hmac_sha256_flow_control_loop_pipe_sequential_init
INFO-FLOW: To file: write model test_hmac_sha256_fifo_w32_d4_D
INFO-FLOW: To file: write model test_hmac_sha256_fifo_w64_d4_D_x
INFO-FLOW: To file: write model test_hmac_sha256_fifo_w1_d4_D_x
INFO-FLOW: To file: write model test_hmac_sha256_start_for_hash_1_U0
INFO-FLOW: To file: write model test_hmac_sha256_fifo_w512_d4_D
INFO-FLOW: To file: write model test_hmac_sha256_fifo_w512_d4_D
INFO-FLOW: To file: write model test_hmac_sha256_fifo_w1_d4_D_x0
INFO-FLOW: To file: write model test_hmac_sha256_fifo_w512_d4_D
INFO-FLOW: To file: write model test_hmac_sha256_fifo_w256_d4_D
INFO-FLOW: To file: write model test_hmac_sha256_fifo_w1_d4_D_x0
INFO-FLOW: To file: write model test_hmac_sha256_start_for_msgHash_32_64_256_32_64_sha256_wrapper_U0
INFO-FLOW: To file: write model test_hmac_sha256_start_for_resHash_32_64_256_32_64_sha256_wrapper_U0
INFO-FLOW: To file: write model kpad_32_64_256_32_64_sha256_wrapper_Pipeline_VITIS_LOOP_120_2
INFO-FLOW: To file: write model kpad_32_64_256_32_64_sha256_wrapper_s
INFO-FLOW: To file: write model mergeKipad_32_64_256_64_Pipeline_VITIS_LOOP_162_2
INFO-FLOW: To file: write model mergeKipad_32_64_256_64_Pipeline_VITIS_LOOP_171_3
INFO-FLOW: To file: write model mergeKipad_32_64_256_64_s
INFO-FLOW: To file: write model preProcessing_Pipeline_LOOP_SHA256_GEN_FULL_BLKS
INFO-FLOW: To file: write model preProcessing_Pipeline_LOOP_SHA256_GEN_COPY_TAIL_AND_ONE
INFO-FLOW: To file: write model preProcessing
INFO-FLOW: To file: write model dup_strm_Pipeline_VITIS_LOOP_506_1
INFO-FLOW: To file: write model dup_strm
INFO-FLOW: To file: write model generateMsgSchedule_Pipeline_LOOP_SHA256_PREPARE_WT16
INFO-FLOW: To file: write model generateMsgSchedule_Pipeline_LOOP_SHA256_PREPARE_WT64
INFO-FLOW: To file: write model generateMsgSchedule
INFO-FLOW: To file: write model sha256Digest_256_Pipeline_LOOP_SHA256_UPDATE_64_ROUNDS
INFO-FLOW: To file: write model sha256Digest_256_s
INFO-FLOW: To file: write model sha256_top_32_256_s
INFO-FLOW: To file: write model hash
INFO-FLOW: To file: write model msgHash_32_64_256_32_64_sha256_wrapper_s
INFO-FLOW: To file: write model mergeKopad_32_64_256_32_64_Pipeline_VITIS_LOOP_220_2
INFO-FLOW: To file: write model mergeKopad_32_64_256_32_64_Pipeline_VITIS_LOOP_226_3
INFO-FLOW: To file: write model mergeKopad_32_64_256_32_64_s
INFO-FLOW: To file: write model hash_1
INFO-FLOW: To file: write model resHash_32_64_256_32_64_sha256_wrapper_s
INFO-FLOW: To file: write model hmacDataflow_32_64_256_32_64_sha256_wrapper_s
INFO-FLOW: To file: write model test_hmac_sha256
INFO-FLOW: Generating D:/hlstrack/hlstrack2025-master/security/L1/tests/hmac/sha256/hmac_sha256_test.prj/solution1/.autopilot/db/autopilot.rtl.models.tcl file...
INFO-FLOW: Finished generating RTL model list.


INFO-FLOW: RTL Generation done.
INFO-FLOW: CAS Generation done.
INFO-FLOW: CBC Generation done.
INFO-FLOW: DBG:PROC: ::AESL_AUTOMG::auto_generate_csynth_design
INFO-FLOW: DBG:PUTS: read_platform_lib D:/hlstrack/hlstrack2025-master/security/L1/tests/hmac/sha256/hmac_sha256_test.prj/solution1/.autopilot/db/global.setting.tcl
Execute         source T:/Xilinx/Vitis/2024.2/common/technology/generic/autopilot/common.gen 
Execute           source T:/Xilinx/Vitis/2024.2/common/technology/generic/autopilot/APCoreGen.gen 
Execute         source T:/Xilinx/Vitis/2024.2/common/technology/generic/autopilot/op.gen 
Execute         source T:/Xilinx/Vitis/2024.2/common/technology/generic/autopilot/op_simcore.gen 
Execute         source T:/Xilinx/Vitis/2024.2/common/technology/generic/autopilot/interface.gen 
Execute         source D:/hlstrack/hlstrack2025-master/security/L1/tests/hmac/sha256/hmac_sha256_test.prj/solution1/.autopilot/db/global.setting.tcl 
Execute         source T:/Xilinx/Vitis/2024.2/common/technology/xilinx/common/xilinx.gen 
Execute           source T:/Xilinx/Vitis/2024.2/common/technology/xilinx/interface/plb46.gen 
Execute           source T:/Xilinx/Vitis/2024.2/common/technology/xilinx/interface/axi4.gen 
Execute           source T:/Xilinx/Vitis/2024.2/common/technology/xilinx/interface/nativeAXI4.gen 
Execute             source T:/Xilinx/Vitis/2024.2/common/technology/xilinx/interface/saxilite.gen 
Execute           source T:/Xilinx/Vitis/2024.2/common/technology/xilinx/scripts/xilinxcoregen.gen 
Execute           source T:/Xilinx/Vitis/2024.2/common/technology/xilinx/interface/XilEDKCoreGen.gen 
Execute           source T:/Xilinx/Vitis/2024.2/common/technology/xilinx/ip/dds_compiler.gen 
Execute           source T:/Xilinx/Vitis/2024.2/common/technology/xilinx/ip/util.gen 
Execute           source T:/Xilinx/Vitis/2024.2/common/technology/xilinx/ip/xfft.gen 
Execute           source T:/Xilinx/Vitis/2024.2/common/technology/xilinx/ip/xfir.gen 
Execute           source T:/Xilinx/Vitis/2024.2/common/technology/xilinx/DSP48/dsp48.gen 
Command         ap_source done; 0.118 sec.
INFO-FLOW: DBG:PUTS:   using AESL_AUTOCG::g_clock_period=15.000 (was NA)
INFO-FLOW: DBG:PROC: ::AESL_AUTOMG::generate_ip_cores gen_sim_model='1' gen_fp_models='0' gen_for_export='0' dstSCDir='' dstVhdlDir='D:/hlstrack/hlstrack2025-master/security/L1/tests/hmac/sha256/hmac_sha256_test.prj/solution1/.autopilot/db/vhdl' dstVlogDir='D:/hlstrack/hlstrack2025-master/security/L1/tests/hmac/sha256/hmac_sha256_test.prj/solution1/.autopilot/db/vlog' tclDir='D:/hlstrack/hlstrack2025-master/security/L1/tests/hmac/sha256/hmac_sha256_test.prj/solution1/.autopilot/db' modelList='test_hmac_sha256_flow_control_loop_pipe_sequential_init
test_hmac_sha256_flow_control_loop_pipe_sequential_init
test_hmac_sha256_flow_control_loop_pipe_sequential_init
test_hmac_sha256_flow_control_loop_pipe_sequential_init
test_hmac_sha256_flow_control_loop_pipe_sequential_init
test_hmac_sha256_flow_control_loop_pipe_sequential_init
test_hmac_sha256_sparsemux_33_4_32_1_1
test_hmac_sha256_flow_control_loop_pipe_sequential_init
test_hmac_sha256_flow_control_loop_pipe_sequential_init
test_hmac_sha256_sparsemux_129_6_32_1_1
test_hmac_sha256_flow_control_loop_pipe_sequential_init
test_hmac_sha256_fifo_w512_d32_D
test_hmac_sha256_fifo_w64_d32_D
test_hmac_sha256_fifo_w1_d32_D
test_hmac_sha256_fifo_w64_d32_D
test_hmac_sha256_fifo_w1_d32_D
test_hmac_sha256_fifo_w64_d32_D
test_hmac_sha256_fifo_w1_d32_D
test_hmac_sha256_fifo_w32_d32_D
test_hmac_sha256_start_for_dup_strm_U0
test_hmac_sha256_start_for_generateMsgSchedule_U0
test_hmac_sha256_start_for_sha256Digest_256_U0
test_hmac_sha256_fifo_w32_d128_B
test_hmac_sha256_fifo_w64_d4_D
test_hmac_sha256_fifo_w1_d4_D
test_hmac_sha256_start_for_hash_U0
test_hmac_sha256_flow_control_loop_pipe_sequential_init
test_hmac_sha256_flow_control_loop_pipe_sequential_init
test_hmac_sha256_fifo_w32_d4_D
test_hmac_sha256_fifo_w64_d4_D_x
test_hmac_sha256_fifo_w1_d4_D_x
test_hmac_sha256_start_for_hash_1_U0
test_hmac_sha256_fifo_w512_d4_D
test_hmac_sha256_fifo_w512_d4_D
test_hmac_sha256_fifo_w1_d4_D_x0
test_hmac_sha256_fifo_w512_d4_D
test_hmac_sha256_fifo_w256_d4_D
test_hmac_sha256_fifo_w1_d4_D_x0
test_hmac_sha256_start_for_msgHash_32_64_256_32_64_sha256_wrapper_U0
test_hmac_sha256_start_for_resHash_32_64_256_32_64_sha256_wrapper_U0
kpad_32_64_256_32_64_sha256_wrapper_Pipeline_VITIS_LOOP_120_2
kpad_32_64_256_32_64_sha256_wrapper_s
mergeKipad_32_64_256_64_Pipeline_VITIS_LOOP_162_2
mergeKipad_32_64_256_64_Pipeline_VITIS_LOOP_171_3
mergeKipad_32_64_256_64_s
preProcessing_Pipeline_LOOP_SHA256_GEN_FULL_BLKS
preProcessing_Pipeline_LOOP_SHA256_GEN_COPY_TAIL_AND_ONE
preProcessing
dup_strm_Pipeline_VITIS_LOOP_506_1
dup_strm
generateMsgSchedule_Pipeline_LOOP_SHA256_PREPARE_WT16
generateMsgSchedule_Pipeline_LOOP_SHA256_PREPARE_WT64
generateMsgSchedule
sha256Digest_256_Pipeline_LOOP_SHA256_UPDATE_64_ROUNDS
sha256Digest_256_s
sha256_top_32_256_s
hash
msgHash_32_64_256_32_64_sha256_wrapper_s
mergeKopad_32_64_256_32_64_Pipeline_VITIS_LOOP_220_2
mergeKopad_32_64_256_32_64_Pipeline_VITIS_LOOP_226_3
mergeKopad_32_64_256_32_64_s
hash_1
resHash_32_64_256_32_64_sha256_wrapper_s
hmacDataflow_32_64_256_32_64_sha256_wrapper_s
test_hmac_sha256
' expOnly='0'
Execute         source D:/hlstrack/hlstrack2025-master/security/L1/tests/hmac/sha256/hmac_sha256_test.prj/solution1/.autopilot/db/global.setting.tcl 
Execute         ap_part_info -name xc7z020-clg484-1 -data names -quiet 
Execute         ap_part_info -name xc7z020-clg484-1 -data info -quiet 
Execute         source D:/hlstrack/hlstrack2025-master/security/L1/tests/hmac/sha256/hmac_sha256_test.prj/solution1/.autopilot/db/global.setting.tcl 
Execute         source D:/hlstrack/hlstrack2025-master/security/L1/tests/hmac/sha256/hmac_sha256_test.prj/solution1/.autopilot/db/global.setting.tcl 
Execute         source D:/hlstrack/hlstrack2025-master/security/L1/tests/hmac/sha256/hmac_sha256_test.prj/solution1/.autopilot/db/kpad_32_64_256_32_64_sha256_wrapper_Pipeline_VITIS_LOOP_120_2.compgen.tcl 
Execute         source D:/hlstrack/hlstrack2025-master/security/L1/tests/hmac/sha256/hmac_sha256_test.prj/solution1/.autopilot/db/kpad_32_64_256_32_64_sha256_wrapper_s.compgen.tcl 
Execute         source D:/hlstrack/hlstrack2025-master/security/L1/tests/hmac/sha256/hmac_sha256_test.prj/solution1/.autopilot/db/mergeKipad_32_64_256_64_Pipeline_VITIS_LOOP_162_2.compgen.tcl 
Execute         source D:/hlstrack/hlstrack2025-master/security/L1/tests/hmac/sha256/hmac_sha256_test.prj/solution1/.autopilot/db/mergeKipad_32_64_256_64_Pipeline_VITIS_LOOP_171_3.compgen.tcl 
Execute         source D:/hlstrack/hlstrack2025-master/security/L1/tests/hmac/sha256/hmac_sha256_test.prj/solution1/.autopilot/db/mergeKipad_32_64_256_64_s.compgen.tcl 
Execute         source D:/hlstrack/hlstrack2025-master/security/L1/tests/hmac/sha256/hmac_sha256_test.prj/solution1/.autopilot/db/preProcessing_Pipeline_LOOP_SHA256_GEN_FULL_BLKS.compgen.tcl 
Execute         source D:/hlstrack/hlstrack2025-master/security/L1/tests/hmac/sha256/hmac_sha256_test.prj/solution1/.autopilot/db/preProcessing_Pipeline_LOOP_SHA256_GEN_COPY_TAIL_AND_ONE.compgen.tcl 
Execute         source D:/hlstrack/hlstrack2025-master/security/L1/tests/hmac/sha256/hmac_sha256_test.prj/solution1/.autopilot/db/preProcessing.compgen.tcl 
Execute         source D:/hlstrack/hlstrack2025-master/security/L1/tests/hmac/sha256/hmac_sha256_test.prj/solution1/.autopilot/db/dup_strm_Pipeline_VITIS_LOOP_506_1.compgen.tcl 
Execute         source D:/hlstrack/hlstrack2025-master/security/L1/tests/hmac/sha256/hmac_sha256_test.prj/solution1/.autopilot/db/dup_strm.compgen.tcl 
Execute         source D:/hlstrack/hlstrack2025-master/security/L1/tests/hmac/sha256/hmac_sha256_test.prj/solution1/.autopilot/db/generateMsgSchedule_Pipeline_LOOP_SHA256_PREPARE_WT16.compgen.tcl 
Execute         source D:/hlstrack/hlstrack2025-master/security/L1/tests/hmac/sha256/hmac_sha256_test.prj/solution1/.autopilot/db/generateMsgSchedule_Pipeline_LOOP_SHA256_PREPARE_WT64.compgen.tcl 
Execute         source D:/hlstrack/hlstrack2025-master/security/L1/tests/hmac/sha256/hmac_sha256_test.prj/solution1/.autopilot/db/generateMsgSchedule.compgen.tcl 
Execute         source D:/hlstrack/hlstrack2025-master/security/L1/tests/hmac/sha256/hmac_sha256_test.prj/solution1/.autopilot/db/sha256Digest_256_Pipeline_LOOP_SHA256_UPDATE_64_ROUNDS.compgen.tcl 
Execute         source D:/hlstrack/hlstrack2025-master/security/L1/tests/hmac/sha256/hmac_sha256_test.prj/solution1/.autopilot/db/sha256Digest_256_s.compgen.tcl 
Execute         source D:/hlstrack/hlstrack2025-master/security/L1/tests/hmac/sha256/hmac_sha256_test.prj/solution1/.autopilot/db/sha256_top_32_256_s.compgen.tcl 
Execute         source D:/hlstrack/hlstrack2025-master/security/L1/tests/hmac/sha256/hmac_sha256_test.prj/solution1/.autopilot/db/hash.compgen.tcl 
Execute         source D:/hlstrack/hlstrack2025-master/security/L1/tests/hmac/sha256/hmac_sha256_test.prj/solution1/.autopilot/db/msgHash_32_64_256_32_64_sha256_wrapper_s.compgen.tcl 
Execute         source D:/hlstrack/hlstrack2025-master/security/L1/tests/hmac/sha256/hmac_sha256_test.prj/solution1/.autopilot/db/mergeKopad_32_64_256_32_64_Pipeline_VITIS_LOOP_220_2.compgen.tcl 
Execute         source D:/hlstrack/hlstrack2025-master/security/L1/tests/hmac/sha256/hmac_sha256_test.prj/solution1/.autopilot/db/mergeKopad_32_64_256_32_64_Pipeline_VITIS_LOOP_226_3.compgen.tcl 
Execute         source D:/hlstrack/hlstrack2025-master/security/L1/tests/hmac/sha256/hmac_sha256_test.prj/solution1/.autopilot/db/mergeKopad_32_64_256_32_64_s.compgen.tcl 
Execute         source D:/hlstrack/hlstrack2025-master/security/L1/tests/hmac/sha256/hmac_sha256_test.prj/solution1/.autopilot/db/hash_1.compgen.tcl 
Execute         source D:/hlstrack/hlstrack2025-master/security/L1/tests/hmac/sha256/hmac_sha256_test.prj/solution1/.autopilot/db/resHash_32_64_256_32_64_sha256_wrapper_s.compgen.tcl 
Execute         source D:/hlstrack/hlstrack2025-master/security/L1/tests/hmac/sha256/hmac_sha256_test.prj/solution1/.autopilot/db/hmacDataflow_32_64_256_32_64_sha256_wrapper_s.compgen.tcl 
Execute         source D:/hlstrack/hlstrack2025-master/security/L1/tests/hmac/sha256/hmac_sha256_test.prj/solution1/.autopilot/db/test_hmac_sha256.compgen.tcl 
INFO: [HLS 200-111] Finished Generating all RTL models: CPU user time: 0 seconds. CPU system time: 0 seconds. Elapsed time: 1.176 seconds; current allocated memory: 591.957 MB.
INFO-FLOW: DBG:PROC: ::HLSREPORTS::create_csynth_xml bind_info_var='bind_info' RtlSubPrefix='test_hmac_sha256_' outfile=''
INFO-FLOW: Running: create_csynth_xml read xml data
INFO-FLOW: Done: create_csynth_xml read xml data time: 0 seconds per iteration
INFO-FLOW: Running: create_csynth_xml bind info
INFO-FLOW: No bind nodes found for module_name dup_strm_Pipeline_VITIS_LOOP_506_1
INFO-FLOW: No bind nodes found for module_name dup_strm
INFO-FLOW: No bind nodes found for module_name hash
INFO-FLOW: No bind nodes found for module_name mergeKopad_32_64_256_32_64_s
INFO-FLOW: No bind nodes found for module_name hash_1
INFO-FLOW: No bind nodes found for module_name test_hmac_sha256
INFO-FLOW: Done: create_csynth_xml bind info time: 0 seconds per iteration
INFO-FLOW: Running: create_csynth_xml config info
INFO-FLOW: Done: create_csynth_xml config info time: 0.5 seconds per iteration
INFO-FLOW: Running: create_csynth_xml write xml
INFO-FLOW: Done: create_csynth_xml write xml time: 0.1 seconds per iteration
INFO-FLOW: DBG:PUTS:      create_csynth_xml wrote csynth_xml=D:/hlstrack/hlstrack2025-master/security/L1/tests/hmac/sha256/hmac_sha256_test.prj/solution1/syn/report/csynth.xml
INFO-FLOW: DBG:PROC: ::AP::DESIGN_DATA::generate_json generate_bd_files='0' generate_xo_files='0' modelList='test_hmac_sha256_flow_control_loop_pipe_sequential_init
test_hmac_sha256_flow_control_loop_pipe_sequential_init
test_hmac_sha256_flow_control_loop_pipe_sequential_init
test_hmac_sha256_flow_control_loop_pipe_sequential_init
test_hmac_sha256_flow_control_loop_pipe_sequential_init
test_hmac_sha256_flow_control_loop_pipe_sequential_init
test_hmac_sha256_sparsemux_33_4_32_1_1
test_hmac_sha256_flow_control_loop_pipe_sequential_init
test_hmac_sha256_flow_control_loop_pipe_sequential_init
test_hmac_sha256_sparsemux_129_6_32_1_1
test_hmac_sha256_flow_control_loop_pipe_sequential_init
test_hmac_sha256_fifo_w512_d32_D
test_hmac_sha256_fifo_w64_d32_D
test_hmac_sha256_fifo_w1_d32_D
test_hmac_sha256_fifo_w64_d32_D
test_hmac_sha256_fifo_w1_d32_D
test_hmac_sha256_fifo_w64_d32_D
test_hmac_sha256_fifo_w1_d32_D
test_hmac_sha256_fifo_w32_d32_D
test_hmac_sha256_start_for_dup_strm_U0
test_hmac_sha256_start_for_generateMsgSchedule_U0
test_hmac_sha256_start_for_sha256Digest_256_U0
test_hmac_sha256_fifo_w32_d128_B
test_hmac_sha256_fifo_w64_d4_D
test_hmac_sha256_fifo_w1_d4_D
test_hmac_sha256_start_for_hash_U0
test_hmac_sha256_flow_control_loop_pipe_sequential_init
test_hmac_sha256_flow_control_loop_pipe_sequential_init
test_hmac_sha256_fifo_w32_d4_D
test_hmac_sha256_fifo_w64_d4_D_x
test_hmac_sha256_fifo_w1_d4_D_x
test_hmac_sha256_start_for_hash_1_U0
test_hmac_sha256_fifo_w512_d4_D
test_hmac_sha256_fifo_w512_d4_D
test_hmac_sha256_fifo_w1_d4_D_x0
test_hmac_sha256_fifo_w512_d4_D
test_hmac_sha256_fifo_w256_d4_D
test_hmac_sha256_fifo_w1_d4_D_x0
test_hmac_sha256_start_for_msgHash_32_64_256_32_64_sha256_wrapper_U0
test_hmac_sha256_start_for_resHash_32_64_256_32_64_sha256_wrapper_U0
kpad_32_64_256_32_64_sha256_wrapper_Pipeline_VITIS_LOOP_120_2
kpad_32_64_256_32_64_sha256_wrapper_s
mergeKipad_32_64_256_64_Pipeline_VITIS_LOOP_162_2
mergeKipad_32_64_256_64_Pipeline_VITIS_LOOP_171_3
mergeKipad_32_64_256_64_s
preProcessing_Pipeline_LOOP_SHA256_GEN_FULL_BLKS
preProcessing_Pipeline_LOOP_SHA256_GEN_COPY_TAIL_AND_ONE
preProcessing
dup_strm_Pipeline_VITIS_LOOP_506_1
dup_strm
generateMsgSchedule_Pipeline_LOOP_SHA256_PREPARE_WT16
generateMsgSchedule_Pipeline_LOOP_SHA256_PREPARE_WT64
generateMsgSchedule
sha256Digest_256_Pipeline_LOOP_SHA256_UPDATE_64_ROUNDS
sha256Digest_256_s
sha256_top_32_256_s
hash
msgHash_32_64_256_32_64_sha256_wrapper_s
mergeKopad_32_64_256_32_64_Pipeline_VITIS_LOOP_220_2
mergeKopad_32_64_256_32_64_Pipeline_VITIS_LOOP_226_3
mergeKopad_32_64_256_32_64_s
hash_1
resHash_32_64_256_32_64_sha256_wrapper_s
hmacDataflow_32_64_256_32_64_sha256_wrapper_s
test_hmac_sha256
' rtl_lang='both' bootstrap_tcl='false' outdir='' outfilename=''
Execute         source D:/hlstrack/hlstrack2025-master/security/L1/tests/hmac/sha256/hmac_sha256_test.prj/solution1/.autopilot/db/global.setting.tcl 
Execute         source D:/hlstrack/hlstrack2025-master/security/L1/tests/hmac/sha256/hmac_sha256_test.prj/solution1/.autopilot/db/global.setting.tcl 
Execute         source D:/hlstrack/hlstrack2025-master/security/L1/tests/hmac/sha256/hmac_sha256_test.prj/solution1/.autopilot/db/top-io-be.tcl 
Execute         source D:/hlstrack/hlstrack2025-master/security/L1/tests/hmac/sha256/hmac_sha256_test.prj/solution1/.autopilot/db/test_hmac_sha256.tbgen.tcl 
Execute         source D:/hlstrack/hlstrack2025-master/security/L1/tests/hmac/sha256/hmac_sha256_test.prj/solution1/.autopilot/db/test_hmac_sha256.rtl_wrap.cfg.tcl 
Execute         source D:/hlstrack/hlstrack2025-master/security/L1/tests/hmac/sha256/hmac_sha256_test.prj/solution1/.autopilot/db/test_hmac_sha256.compgen.dataonly.tcl 
Execute         source D:/hlstrack/hlstrack2025-master/security/L1/tests/hmac/sha256/hmac_sha256_test.prj/solution1/.autopilot/db/kpad_32_64_256_32_64_sha256_wrapper_Pipeline_VITIS_LOOP_120_2.tbgen.tcl 
Execute         source D:/hlstrack/hlstrack2025-master/security/L1/tests/hmac/sha256/hmac_sha256_test.prj/solution1/.autopilot/db/kpad_32_64_256_32_64_sha256_wrapper_s.tbgen.tcl 
Execute         source D:/hlstrack/hlstrack2025-master/security/L1/tests/hmac/sha256/hmac_sha256_test.prj/solution1/.autopilot/db/mergeKipad_32_64_256_64_Pipeline_VITIS_LOOP_162_2.tbgen.tcl 
Execute         source D:/hlstrack/hlstrack2025-master/security/L1/tests/hmac/sha256/hmac_sha256_test.prj/solution1/.autopilot/db/mergeKipad_32_64_256_64_Pipeline_VITIS_LOOP_171_3.tbgen.tcl 
Execute         source D:/hlstrack/hlstrack2025-master/security/L1/tests/hmac/sha256/hmac_sha256_test.prj/solution1/.autopilot/db/mergeKipad_32_64_256_64_s.tbgen.tcl 
Execute         source D:/hlstrack/hlstrack2025-master/security/L1/tests/hmac/sha256/hmac_sha256_test.prj/solution1/.autopilot/db/preProcessing_Pipeline_LOOP_SHA256_GEN_FULL_BLKS.tbgen.tcl 
Execute         source D:/hlstrack/hlstrack2025-master/security/L1/tests/hmac/sha256/hmac_sha256_test.prj/solution1/.autopilot/db/preProcessing_Pipeline_LOOP_SHA256_GEN_COPY_TAIL_AND_ONE.tbgen.tcl 
Execute         source D:/hlstrack/hlstrack2025-master/security/L1/tests/hmac/sha256/hmac_sha256_test.prj/solution1/.autopilot/db/preProcessing.tbgen.tcl 
Execute         source D:/hlstrack/hlstrack2025-master/security/L1/tests/hmac/sha256/hmac_sha256_test.prj/solution1/.autopilot/db/dup_strm_Pipeline_VITIS_LOOP_506_1.tbgen.tcl 
Execute         source D:/hlstrack/hlstrack2025-master/security/L1/tests/hmac/sha256/hmac_sha256_test.prj/solution1/.autopilot/db/dup_strm.tbgen.tcl 
Execute         source D:/hlstrack/hlstrack2025-master/security/L1/tests/hmac/sha256/hmac_sha256_test.prj/solution1/.autopilot/db/generateMsgSchedule_Pipeline_LOOP_SHA256_PREPARE_WT16.tbgen.tcl 
Execute         source D:/hlstrack/hlstrack2025-master/security/L1/tests/hmac/sha256/hmac_sha256_test.prj/solution1/.autopilot/db/generateMsgSchedule_Pipeline_LOOP_SHA256_PREPARE_WT64.tbgen.tcl 
Execute         source D:/hlstrack/hlstrack2025-master/security/L1/tests/hmac/sha256/hmac_sha256_test.prj/solution1/.autopilot/db/generateMsgSchedule.tbgen.tcl 
Execute         source D:/hlstrack/hlstrack2025-master/security/L1/tests/hmac/sha256/hmac_sha256_test.prj/solution1/.autopilot/db/sha256Digest_256_Pipeline_LOOP_SHA256_UPDATE_64_ROUNDS.tbgen.tcl 
Execute         source D:/hlstrack/hlstrack2025-master/security/L1/tests/hmac/sha256/hmac_sha256_test.prj/solution1/.autopilot/db/sha256Digest_256_s.tbgen.tcl 
Execute         source D:/hlstrack/hlstrack2025-master/security/L1/tests/hmac/sha256/hmac_sha256_test.prj/solution1/.autopilot/db/sha256_top_32_256_s.tbgen.tcl 
Execute         source D:/hlstrack/hlstrack2025-master/security/L1/tests/hmac/sha256/hmac_sha256_test.prj/solution1/.autopilot/db/hash.tbgen.tcl 
Execute         source D:/hlstrack/hlstrack2025-master/security/L1/tests/hmac/sha256/hmac_sha256_test.prj/solution1/.autopilot/db/msgHash_32_64_256_32_64_sha256_wrapper_s.tbgen.tcl 
Execute         source D:/hlstrack/hlstrack2025-master/security/L1/tests/hmac/sha256/hmac_sha256_test.prj/solution1/.autopilot/db/mergeKopad_32_64_256_32_64_Pipeline_VITIS_LOOP_220_2.tbgen.tcl 
Execute         source D:/hlstrack/hlstrack2025-master/security/L1/tests/hmac/sha256/hmac_sha256_test.prj/solution1/.autopilot/db/mergeKopad_32_64_256_32_64_Pipeline_VITIS_LOOP_226_3.tbgen.tcl 
Execute         source D:/hlstrack/hlstrack2025-master/security/L1/tests/hmac/sha256/hmac_sha256_test.prj/solution1/.autopilot/db/mergeKopad_32_64_256_32_64_s.tbgen.tcl 
Execute         source D:/hlstrack/hlstrack2025-master/security/L1/tests/hmac/sha256/hmac_sha256_test.prj/solution1/.autopilot/db/hash_1.tbgen.tcl 
Execute         source D:/hlstrack/hlstrack2025-master/security/L1/tests/hmac/sha256/hmac_sha256_test.prj/solution1/.autopilot/db/resHash_32_64_256_32_64_sha256_wrapper_s.tbgen.tcl 
Execute         source D:/hlstrack/hlstrack2025-master/security/L1/tests/hmac/sha256/hmac_sha256_test.prj/solution1/.autopilot/db/hmacDataflow_32_64_256_32_64_sha256_wrapper_s.tbgen.tcl 
Execute         source D:/hlstrack/hlstrack2025-master/security/L1/tests/hmac/sha256/hmac_sha256_test.prj/solution1/.autopilot/db/test_hmac_sha256.tbgen.tcl 
Execute         source D:/hlstrack/hlstrack2025-master/security/L1/tests/hmac/sha256/hmac_sha256_test.prj/solution1/.autopilot/db/global.setting.tcl 
Execute         ap_part_info -name xc7z020-clg484-1 -data names -quiet 
Execute         ap_part_info -name xc7z020-clg484-1 -data info -quiet 
Execute         source D:/hlstrack/hlstrack2025-master/security/L1/tests/hmac/sha256/hmac_sha256_test.prj/solution1/.autopilot/db/test_hmac_sha256.constraint.tcl 
Execute         sc_get_clocks test_hmac_sha256 
Execute         source D:/hlstrack/hlstrack2025-master/security/L1/tests/hmac/sha256/hmac_sha256_test.prj/solution1/.autopilot/db/global.setting.tcl 
INFO-FLOW: DBG:PROC: ::HLSREPORTS::add_csynth_report_sections bind_info_dict='adapter_nodes {} cache_nodes {} report_dict {TOPINST test_hmac_sha256 MODULE2INSTS {test_hmac_sha256 test_hmac_sha256 hmacDataflow_32_64_256_32_64_sha256_wrapper_s grp_hmacDataflow_32_64_256_32_64_sha256_wrapper_s_fu_38 kpad_32_64_256_32_64_sha256_wrapper_s kpad_32_64_256_32_64_sha256_wrapper_U0 kpad_32_64_256_32_64_sha256_wrapper_Pipeline_VITIS_LOOP_120_2 grp_kpad_32_64_256_32_64_sha256_wrapper_Pipeline_VITIS_LOOP_120_2_fu_215 msgHash_32_64_256_32_64_sha256_wrapper_s msgHash_32_64_256_32_64_sha256_wrapper_U0 mergeKipad_32_64_256_64_s mergeKipad_32_64_256_64_U0 mergeKipad_32_64_256_64_Pipeline_VITIS_LOOP_162_2 grp_mergeKipad_32_64_256_64_Pipeline_VITIS_LOOP_162_2_fu_126 mergeKipad_32_64_256_64_Pipeline_VITIS_LOOP_171_3 grp_mergeKipad_32_64_256_64_Pipeline_VITIS_LOOP_171_3_fu_133 hash hash_U0 sha256_top_32_256_s {grp_sha256_top_32_256_s_fu_32 grp_sha256_top_32_256_s_fu_30} preProcessing {preProcessing_U0 preProcessing_U0} preProcessing_Pipeline_LOOP_SHA256_GEN_FULL_BLKS {grp_preProcessing_Pipeline_LOOP_SHA256_GEN_FULL_BLKS_fu_270 grp_preProcessing_Pipeline_LOOP_SHA256_GEN_FULL_BLKS_fu_270} preProcessing_Pipeline_LOOP_SHA256_GEN_COPY_TAIL_AND_ONE {grp_preProcessing_Pipeline_LOOP_SHA256_GEN_COPY_TAIL_AND_ONE_fu_279 grp_preProcessing_Pipeline_LOOP_SHA256_GEN_COPY_TAIL_AND_ONE_fu_279} dup_strm {dup_strm_U0 dup_strm_U0} dup_strm_Pipeline_VITIS_LOOP_506_1 {grp_dup_strm_Pipeline_VITIS_LOOP_506_1_fu_62 grp_dup_strm_Pipeline_VITIS_LOOP_506_1_fu_62} generateMsgSchedule {generateMsgSchedule_U0 generateMsgSchedule_U0} generateMsgSchedule_Pipeline_LOOP_SHA256_PREPARE_WT16 {grp_generateMsgSchedule_Pipeline_LOOP_SHA256_PREPARE_WT16_fu_222 grp_generateMsgSchedule_Pipeline_LOOP_SHA256_PREPARE_WT16_fu_222} generateMsgSchedule_Pipeline_LOOP_SHA256_PREPARE_WT64 {grp_generateMsgSchedule_Pipeline_LOOP_SHA256_PREPARE_WT64_fu_260 grp_generateMsgSchedule_Pipeline_LOOP_SHA256_PREPARE_WT64_fu_260} sha256Digest_256_s {sha256Digest_256_U0 sha256Digest_256_U0} sha256Digest_256_Pipeline_LOOP_SHA256_UPDATE_64_ROUNDS {grp_sha256Digest_256_Pipeline_LOOP_SHA256_UPDATE_64_ROUNDS_fu_272 grp_sha256Digest_256_Pipeline_LOOP_SHA256_UPDATE_64_ROUNDS_fu_272} resHash_32_64_256_32_64_sha256_wrapper_s resHash_32_64_256_32_64_sha256_wrapper_U0 mergeKopad_32_64_256_32_64_s mergeKopad_32_64_256_32_64_U0 mergeKopad_32_64_256_32_64_Pipeline_VITIS_LOOP_220_2 grp_mergeKopad_32_64_256_32_64_Pipeline_VITIS_LOOP_220_2_fu_91 mergeKopad_32_64_256_32_64_Pipeline_VITIS_LOOP_226_3 grp_mergeKopad_32_64_256_32_64_Pipeline_VITIS_LOOP_226_3_fu_98 hash_1 hash_1_U0} INST2MODULE {test_hmac_sha256 test_hmac_sha256 grp_hmacDataflow_32_64_256_32_64_sha256_wrapper_s_fu_38 hmacDataflow_32_64_256_32_64_sha256_wrapper_s kpad_32_64_256_32_64_sha256_wrapper_U0 kpad_32_64_256_32_64_sha256_wrapper_s grp_kpad_32_64_256_32_64_sha256_wrapper_Pipeline_VITIS_LOOP_120_2_fu_215 kpad_32_64_256_32_64_sha256_wrapper_Pipeline_VITIS_LOOP_120_2 msgHash_32_64_256_32_64_sha256_wrapper_U0 msgHash_32_64_256_32_64_sha256_wrapper_s mergeKipad_32_64_256_64_U0 mergeKipad_32_64_256_64_s grp_mergeKipad_32_64_256_64_Pipeline_VITIS_LOOP_162_2_fu_126 mergeKipad_32_64_256_64_Pipeline_VITIS_LOOP_162_2 grp_mergeKipad_32_64_256_64_Pipeline_VITIS_LOOP_171_3_fu_133 mergeKipad_32_64_256_64_Pipeline_VITIS_LOOP_171_3 hash_U0 hash grp_sha256_top_32_256_s_fu_32 sha256_top_32_256_s preProcessing_U0 preProcessing grp_preProcessing_Pipeline_LOOP_SHA256_GEN_FULL_BLKS_fu_270 preProcessing_Pipeline_LOOP_SHA256_GEN_FULL_BLKS grp_preProcessing_Pipeline_LOOP_SHA256_GEN_COPY_TAIL_AND_ONE_fu_279 preProcessing_Pipeline_LOOP_SHA256_GEN_COPY_TAIL_AND_ONE dup_strm_U0 dup_strm grp_dup_strm_Pipeline_VITIS_LOOP_506_1_fu_62 dup_strm_Pipeline_VITIS_LOOP_506_1 generateMsgSchedule_U0 generateMsgSchedule grp_generateMsgSchedule_Pipeline_LOOP_SHA256_PREPARE_WT16_fu_222 generateMsgSchedule_Pipeline_LOOP_SHA256_PREPARE_WT16 grp_generateMsgSchedule_Pipeline_LOOP_SHA256_PREPARE_WT64_fu_260 generateMsgSchedule_Pipeline_LOOP_SHA256_PREPARE_WT64 sha256Digest_256_U0 sha256Digest_256_s grp_sha256Digest_256_Pipeline_LOOP_SHA256_UPDATE_64_ROUNDS_fu_272 sha256Digest_256_Pipeline_LOOP_SHA256_UPDATE_64_ROUNDS resHash_32_64_256_32_64_sha256_wrapper_U0 resHash_32_64_256_32_64_sha256_wrapper_s mergeKopad_32_64_256_32_64_U0 mergeKopad_32_64_256_32_64_s grp_mergeKopad_32_64_256_32_64_Pipeline_VITIS_LOOP_220_2_fu_91 mergeKopad_32_64_256_32_64_Pipeline_VITIS_LOOP_220_2 grp_mergeKopad_32_64_256_32_64_Pipeline_VITIS_LOOP_226_3_fu_98 mergeKopad_32_64_256_32_64_Pipeline_VITIS_LOOP_226_3 hash_1_U0 hash_1 grp_sha256_top_32_256_s_fu_30 sha256_top_32_256_s} INSTDATA {test_hmac_sha256 {DEPTH 1 CHILDREN grp_hmacDataflow_32_64_256_32_64_sha256_wrapper_s_fu_38} grp_hmacDataflow_32_64_256_32_64_sha256_wrapper_s_fu_38 {DEPTH 2 CHILDREN {kpad_32_64_256_32_64_sha256_wrapper_U0 msgHash_32_64_256_32_64_sha256_wrapper_U0 resHash_32_64_256_32_64_sha256_wrapper_U0}} kpad_32_64_256_32_64_sha256_wrapper_U0 {DEPTH 3 CHILDREN grp_kpad_32_64_256_32_64_sha256_wrapper_Pipeline_VITIS_LOOP_120_2_fu_215} grp_kpad_32_64_256_32_64_sha256_wrapper_Pipeline_VITIS_LOOP_120_2_fu_215 {DEPTH 4 CHILDREN {}} msgHash_32_64_256_32_64_sha256_wrapper_U0 {DEPTH 3 CHILDREN {mergeKipad_32_64_256_64_U0 hash_U0}} mergeKipad_32_64_256_64_U0 {DEPTH 4 CHILDREN {grp_mergeKipad_32_64_256_64_Pipeline_VITIS_LOOP_162_2_fu_126 grp_mergeKipad_32_64_256_64_Pipeline_VITIS_LOOP_171_3_fu_133}} grp_mergeKipad_32_64_256_64_Pipeline_VITIS_LOOP_162_2_fu_126 {DEPTH 5 CHILDREN {}} grp_mergeKipad_32_64_256_64_Pipeline_VITIS_LOOP_171_3_fu_133 {DEPTH 5 CHILDREN {}} hash_U0 {DEPTH 4 CHILDREN grp_sha256_top_32_256_s_fu_32} grp_sha256_top_32_256_s_fu_32 {DEPTH 5 CHILDREN {preProcessing_U0 dup_strm_U0 generateMsgSchedule_U0 sha256Digest_256_U0}} preProcessing_U0 {DEPTH 6 CHILDREN {grp_preProcessing_Pipeline_LOOP_SHA256_GEN_FULL_BLKS_fu_270 grp_preProcessing_Pipeline_LOOP_SHA256_GEN_COPY_TAIL_AND_ONE_fu_279}} grp_preProcessing_Pipeline_LOOP_SHA256_GEN_FULL_BLKS_fu_270 {DEPTH 7 CHILDREN {}} grp_preProcessing_Pipeline_LOOP_SHA256_GEN_COPY_TAIL_AND_ONE_fu_279 {DEPTH 7 CHILDREN {}} dup_strm_U0 {DEPTH 6 CHILDREN grp_dup_strm_Pipeline_VITIS_LOOP_506_1_fu_62} grp_dup_strm_Pipeline_VITIS_LOOP_506_1_fu_62 {DEPTH 7 CHILDREN {}} generateMsgSchedule_U0 {DEPTH 6 CHILDREN {grp_generateMsgSchedule_Pipeline_LOOP_SHA256_PREPARE_WT16_fu_222 grp_generateMsgSchedule_Pipeline_LOOP_SHA256_PREPARE_WT64_fu_260}} grp_generateMsgSchedule_Pipeline_LOOP_SHA256_PREPARE_WT16_fu_222 {DEPTH 7 CHILDREN {}} grp_generateMsgSchedule_Pipeline_LOOP_SHA256_PREPARE_WT64_fu_260 {DEPTH 7 CHILDREN {}} sha256Digest_256_U0 {DEPTH 6 CHILDREN grp_sha256Digest_256_Pipeline_LOOP_SHA256_UPDATE_64_ROUNDS_fu_272} grp_sha256Digest_256_Pipeline_LOOP_SHA256_UPDATE_64_ROUNDS_fu_272 {DEPTH 7 CHILDREN {}} resHash_32_64_256_32_64_sha256_wrapper_U0 {DEPTH 3 CHILDREN {mergeKopad_32_64_256_32_64_U0 hash_1_U0}} mergeKopad_32_64_256_32_64_U0 {DEPTH 4 CHILDREN {grp_mergeKopad_32_64_256_32_64_Pipeline_VITIS_LOOP_220_2_fu_91 grp_mergeKopad_32_64_256_32_64_Pipeline_VITIS_LOOP_226_3_fu_98}} grp_mergeKopad_32_64_256_32_64_Pipeline_VITIS_LOOP_220_2_fu_91 {DEPTH 5 CHILDREN {}} grp_mergeKopad_32_64_256_32_64_Pipeline_VITIS_LOOP_226_3_fu_98 {DEPTH 5 CHILDREN {}} hash_1_U0 {DEPTH 4 CHILDREN grp_sha256_top_32_256_s_fu_30} grp_sha256_top_32_256_s_fu_30 {DEPTH 5 CHILDREN {preProcessing_U0 dup_strm_U0 generateMsgSchedule_U0 sha256Digest_256_U0}}} MODULEDATA {kpad_32_64_256_32_64_sha256_wrapper_Pipeline_VITIS_LOOP_120_2 {BINDINFO {{BINDTYPE op ID {} IMPL auto LATENCY 0 OPTYPE seteq PRAGMA {} RTLNAME icmp_ln120_fu_80_p2 SOURCE {D:/hlstrack/hlstrack2025-master/security/L1/tests/hmac/sha256/../../../../L1/include\xf_security/hmac.hpp:120} VARIABLE icmp_ln120 LOOP VITIS_LOOP_120_2 BUNDLEDNAME {} DSP 0 BRAM 0 URAM 0 STORAGESUBTYPE {} DISPNAME {bind_op seteq} VISIBLE false} {BINDTYPE op ID {} IMPL fabric LATENCY 0 OPTYPE add PRAGMA {} RTLNAME i_8_fu_86_p2 SOURCE {D:/hlstrack/hlstrack2025-master/security/L1/tests/hmac/sha256/../../../../L1/include\xf_security/hmac.hpp:120} VARIABLE i_8 LOOP VITIS_LOOP_120_2 BUNDLEDNAME {} DSP 0 BRAM 0 URAM 0 STORAGESUBTYPE {} DISPNAME {bind_op add} VISIBLE true}} AREA {DSP 0 BRAM 0 URAM 0}} kpad_32_64_256_32_64_sha256_wrapper_s {BINDINFO {{BINDTYPE op ID {} IMPL auto LATENCY 0 OPTYPE xor PRAGMA {} RTLNAME xor_ln131_fu_257_p2 SOURCE {D:/hlstrack/hlstrack2025-master/security/L1/tests/hmac/sha256/../../../../L1/include\xf_security/hmac.hpp:131} VARIABLE xor_ln131 LOOP VITIS_LOOP_118_1 BUNDLEDNAME {} DSP 0 BRAM 0 URAM 0 STORAGESUBTYPE {} DISPNAME {bind_op xor} VISIBLE false} {BINDTYPE op ID {} IMPL auto LATENCY 0 OPTYPE xor PRAGMA {} RTLNAME xor_ln132_fu_263_p2 SOURCE {D:/hlstrack/hlstrack2025-master/security/L1/tests/hmac/sha256/../../../../L1/include\xf_security/hmac.hpp:132} VARIABLE xor_ln132 LOOP VITIS_LOOP_118_1 BUNDLEDNAME {} DSP 0 BRAM 0 URAM 0 STORAGESUBTYPE {} DISPNAME {bind_op xor} VISIBLE false} {BINDTYPE op ID {} IMPL auto LATENCY 0 OPTYPE xor PRAGMA {} RTLNAME xor_ln131_1_fu_277_p2 SOURCE {D:/hlstrack/hlstrack2025-master/security/L1/tests/hmac/sha256/../../../../L1/include\xf_security/hmac.hpp:131} VARIABLE xor_ln131_1 LOOP VITIS_LOOP_118_1 BUNDLEDNAME {} DSP 0 BRAM 0 URAM 0 STORAGESUBTYPE {} DISPNAME {bind_op xor} VISIBLE false} {BINDTYPE op ID {} IMPL auto LATENCY 0 OPTYPE xor PRAGMA {} RTLNAME xor_ln132_1_fu_283_p2 SOURCE {D:/hlstrack/hlstrack2025-master/security/L1/tests/hmac/sha256/../../../../L1/include\xf_security/hmac.hpp:132} VARIABLE xor_ln132_1 LOOP VITIS_LOOP_118_1 BUNDLEDNAME {} DSP 0 BRAM 0 URAM 0 STORAGESUBTYPE {} DISPNAME {bind_op xor} VISIBLE false} {BINDTYPE op ID {} IMPL auto LATENCY 0 OPTYPE xor PRAGMA {} RTLNAME xor_ln131_2_fu_297_p2 SOURCE {D:/hlstrack/hlstrack2025-master/security/L1/tests/hmac/sha256/../../../../L1/include\xf_security/hmac.hpp:131} VARIABLE xor_ln131_2 LOOP VITIS_LOOP_118_1 BUNDLEDNAME {} DSP 0 BRAM 0 URAM 0 STORAGESUBTYPE {} DISPNAME {bind_op xor} VISIBLE false} {BINDTYPE op ID {} IMPL auto LATENCY 0 OPTYPE xor PRAGMA {} RTLNAME xor_ln132_2_fu_303_p2 SOURCE {D:/hlstrack/hlstrack2025-master/security/L1/tests/hmac/sha256/../../../../L1/include\xf_security/hmac.hpp:132} VARIABLE xor_ln132_2 LOOP VITIS_LOOP_118_1 BUNDLEDNAME {} DSP 0 BRAM 0 URAM 0 STORAGESUBTYPE {} DISPNAME {bind_op xor} VISIBLE false} {BINDTYPE op ID {} IMPL auto LATENCY 0 OPTYPE xor PRAGMA {} RTLNAME xor_ln131_3_fu_317_p2 SOURCE {D:/hlstrack/hlstrack2025-master/security/L1/tests/hmac/sha256/../../../../L1/include\xf_security/hmac.hpp:131} VARIABLE xor_ln131_3 LOOP VITIS_LOOP_118_1 BUNDLEDNAME {} DSP 0 BRAM 0 URAM 0 STORAGESUBTYPE {} DISPNAME {bind_op xor} VISIBLE false} {BINDTYPE op ID {} IMPL auto LATENCY 0 OPTYPE xor PRAGMA {} RTLNAME xor_ln132_3_fu_323_p2 SOURCE {D:/hlstrack/hlstrack2025-master/security/L1/tests/hmac/sha256/../../../../L1/include\xf_security/hmac.hpp:132} VARIABLE xor_ln132_3 LOOP VITIS_LOOP_118_1 BUNDLEDNAME {} DSP 0 BRAM 0 URAM 0 STORAGESUBTYPE {} DISPNAME {bind_op xor} VISIBLE false} {BINDTYPE op ID {} IMPL auto LATENCY 0 OPTYPE xor PRAGMA {} RTLNAME xor_ln131_4_fu_337_p2 SOURCE {D:/hlstrack/hlstrack2025-master/security/L1/tests/hmac/sha256/../../../../L1/include\xf_security/hmac.hpp:131} VARIABLE xor_ln131_4 LOOP VITIS_LOOP_118_1 BUNDLEDNAME {} DSP 0 BRAM 0 URAM 0 STORAGESUBTYPE {} DISPNAME {bind_op xor} VISIBLE false} {BINDTYPE op ID {} IMPL auto LATENCY 0 OPTYPE xor PRAGMA {} RTLNAME xor_ln132_4_fu_343_p2 SOURCE {D:/hlstrack/hlstrack2025-master/security/L1/tests/hmac/sha256/../../../../L1/include\xf_security/hmac.hpp:132} VARIABLE xor_ln132_4 LOOP VITIS_LOOP_118_1 BUNDLEDNAME {} DSP 0 BRAM 0 URAM 0 STORAGESUBTYPE {} DISPNAME {bind_op xor} VISIBLE false} {BINDTYPE op ID {} IMPL auto LATENCY 0 OPTYPE xor PRAGMA {} RTLNAME xor_ln131_5_fu_357_p2 SOURCE {D:/hlstrack/hlstrack2025-master/security/L1/tests/hmac/sha256/../../../../L1/include\xf_security/hmac.hpp:131} VARIABLE xor_ln131_5 LOOP VITIS_LOOP_118_1 BUNDLEDNAME {} DSP 0 BRAM 0 URAM 0 STORAGESUBTYPE {} DISPNAME {bind_op xor} VISIBLE false} {BINDTYPE op ID {} IMPL auto LATENCY 0 OPTYPE xor PRAGMA {} RTLNAME xor_ln132_5_fu_363_p2 SOURCE {D:/hlstrack/hlstrack2025-master/security/L1/tests/hmac/sha256/../../../../L1/include\xf_security/hmac.hpp:132} VARIABLE xor_ln132_5 LOOP VITIS_LOOP_118_1 BUNDLEDNAME {} DSP 0 BRAM 0 URAM 0 STORAGESUBTYPE {} DISPNAME {bind_op xor} VISIBLE false} {BINDTYPE op ID {} IMPL auto LATENCY 0 OPTYPE xor PRAGMA {} RTLNAME xor_ln131_6_fu_377_p2 SOURCE {D:/hlstrack/hlstrack2025-master/security/L1/tests/hmac/sha256/../../../../L1/include\xf_security/hmac.hpp:131} VARIABLE xor_ln131_6 LOOP VITIS_LOOP_118_1 BUNDLEDNAME {} DSP 0 BRAM 0 URAM 0 STORAGESUBTYPE {} DISPNAME {bind_op xor} VISIBLE false} {BINDTYPE op ID {} IMPL auto LATENCY 0 OPTYPE xor PRAGMA {} RTLNAME xor_ln132_6_fu_383_p2 SOURCE {D:/hlstrack/hlstrack2025-master/security/L1/tests/hmac/sha256/../../../../L1/include\xf_security/hmac.hpp:132} VARIABLE xor_ln132_6 LOOP VITIS_LOOP_118_1 BUNDLEDNAME {} DSP 0 BRAM 0 URAM 0 STORAGESUBTYPE {} DISPNAME {bind_op xor} VISIBLE false} {BINDTYPE op ID {} IMPL auto LATENCY 0 OPTYPE xor PRAGMA {} RTLNAME xor_ln131_7_fu_397_p2 SOURCE {D:/hlstrack/hlstrack2025-master/security/L1/tests/hmac/sha256/../../../../L1/include\xf_security/hmac.hpp:131} VARIABLE xor_ln131_7 LOOP VITIS_LOOP_118_1 BUNDLEDNAME {} DSP 0 BRAM 0 URAM 0 STORAGESUBTYPE {} DISPNAME {bind_op xor} VISIBLE false} {BINDTYPE op ID {} IMPL auto LATENCY 0 OPTYPE xor PRAGMA {} RTLNAME xor_ln132_7_fu_403_p2 SOURCE {D:/hlstrack/hlstrack2025-master/security/L1/tests/hmac/sha256/../../../../L1/include\xf_security/hmac.hpp:132} VARIABLE xor_ln132_7 LOOP VITIS_LOOP_118_1 BUNDLEDNAME {} DSP 0 BRAM 0 URAM 0 STORAGESUBTYPE {} DISPNAME {bind_op xor} VISIBLE false} {BINDTYPE op ID {} IMPL auto LATENCY 0 OPTYPE xor PRAGMA {} RTLNAME xor_ln131_8_fu_417_p2 SOURCE {D:/hlstrack/hlstrack2025-master/security/L1/tests/hmac/sha256/../../../../L1/include\xf_security/hmac.hpp:131} VARIABLE xor_ln131_8 LOOP VITIS_LOOP_118_1 BUNDLEDNAME {} DSP 0 BRAM 0 URAM 0 STORAGESUBTYPE {} DISPNAME {bind_op xor} VISIBLE false} {BINDTYPE op ID {} IMPL auto LATENCY 0 OPTYPE xor PRAGMA {} RTLNAME xor_ln132_8_fu_423_p2 SOURCE {D:/hlstrack/hlstrack2025-master/security/L1/tests/hmac/sha256/../../../../L1/include\xf_security/hmac.hpp:132} VARIABLE xor_ln132_8 LOOP VITIS_LOOP_118_1 BUNDLEDNAME {} DSP 0 BRAM 0 URAM 0 STORAGESUBTYPE {} DISPNAME {bind_op xor} VISIBLE false} {BINDTYPE op ID {} IMPL auto LATENCY 0 OPTYPE xor PRAGMA {} RTLNAME xor_ln131_9_fu_437_p2 SOURCE {D:/hlstrack/hlstrack2025-master/security/L1/tests/hmac/sha256/../../../../L1/include\xf_security/hmac.hpp:131} VARIABLE xor_ln131_9 LOOP VITIS_LOOP_118_1 BUNDLEDNAME {} DSP 0 BRAM 0 URAM 0 STORAGESUBTYPE {} DISPNAME {bind_op xor} VISIBLE false} {BINDTYPE op ID {} IMPL auto LATENCY 0 OPTYPE xor PRAGMA {} RTLNAME xor_ln132_9_fu_443_p2 SOURCE {D:/hlstrack/hlstrack2025-master/security/L1/tests/hmac/sha256/../../../../L1/include\xf_security/hmac.hpp:132} VARIABLE xor_ln132_9 LOOP VITIS_LOOP_118_1 BUNDLEDNAME {} DSP 0 BRAM 0 URAM 0 STORAGESUBTYPE {} DISPNAME {bind_op xor} VISIBLE false} {BINDTYPE op ID {} IMPL auto LATENCY 0 OPTYPE xor PRAGMA {} RTLNAME xor_ln131_10_fu_457_p2 SOURCE {D:/hlstrack/hlstrack2025-master/security/L1/tests/hmac/sha256/../../../../L1/include\xf_security/hmac.hpp:131} VARIABLE xor_ln131_10 LOOP VITIS_LOOP_118_1 BUNDLEDNAME {} DSP 0 BRAM 0 URAM 0 STORAGESUBTYPE {} DISPNAME {bind_op xor} VISIBLE false} {BINDTYPE op ID {} IMPL auto LATENCY 0 OPTYPE xor PRAGMA {} RTLNAME xor_ln132_10_fu_463_p2 SOURCE {D:/hlstrack/hlstrack2025-master/security/L1/tests/hmac/sha256/../../../../L1/include\xf_security/hmac.hpp:132} VARIABLE xor_ln132_10 LOOP VITIS_LOOP_118_1 BUNDLEDNAME {} DSP 0 BRAM 0 URAM 0 STORAGESUBTYPE {} DISPNAME {bind_op xor} VISIBLE false} {BINDTYPE op ID {} IMPL auto LATENCY 0 OPTYPE xor PRAGMA {} RTLNAME xor_ln131_11_fu_477_p2 SOURCE {D:/hlstrack/hlstrack2025-master/security/L1/tests/hmac/sha256/../../../../L1/include\xf_security/hmac.hpp:131} VARIABLE xor_ln131_11 LOOP VITIS_LOOP_118_1 BUNDLEDNAME {} DSP 0 BRAM 0 URAM 0 STORAGESUBTYPE {} DISPNAME {bind_op xor} VISIBLE false} {BINDTYPE op ID {} IMPL auto LATENCY 0 OPTYPE xor PRAGMA {} RTLNAME xor_ln132_11_fu_483_p2 SOURCE {D:/hlstrack/hlstrack2025-master/security/L1/tests/hmac/sha256/../../../../L1/include\xf_security/hmac.hpp:132} VARIABLE xor_ln132_11 LOOP VITIS_LOOP_118_1 BUNDLEDNAME {} DSP 0 BRAM 0 URAM 0 STORAGESUBTYPE {} DISPNAME {bind_op xor} VISIBLE false} {BINDTYPE op ID {} IMPL auto LATENCY 0 OPTYPE xor PRAGMA {} RTLNAME xor_ln131_12_fu_497_p2 SOURCE {D:/hlstrack/hlstrack2025-master/security/L1/tests/hmac/sha256/../../../../L1/include\xf_security/hmac.hpp:131} VARIABLE xor_ln131_12 LOOP VITIS_LOOP_118_1 BUNDLEDNAME {} DSP 0 BRAM 0 URAM 0 STORAGESUBTYPE {} DISPNAME {bind_op xor} VISIBLE false} {BINDTYPE op ID {} IMPL auto LATENCY 0 OPTYPE xor PRAGMA {} RTLNAME xor_ln132_12_fu_503_p2 SOURCE {D:/hlstrack/hlstrack2025-master/security/L1/tests/hmac/sha256/../../../../L1/include\xf_security/hmac.hpp:132} VARIABLE xor_ln132_12 LOOP VITIS_LOOP_118_1 BUNDLEDNAME {} DSP 0 BRAM 0 URAM 0 STORAGESUBTYPE {} DISPNAME {bind_op xor} VISIBLE false} {BINDTYPE op ID {} IMPL auto LATENCY 0 OPTYPE xor PRAGMA {} RTLNAME xor_ln131_13_fu_517_p2 SOURCE {D:/hlstrack/hlstrack2025-master/security/L1/tests/hmac/sha256/../../../../L1/include\xf_security/hmac.hpp:131} VARIABLE xor_ln131_13 LOOP VITIS_LOOP_118_1 BUNDLEDNAME {} DSP 0 BRAM 0 URAM 0 STORAGESUBTYPE {} DISPNAME {bind_op xor} VISIBLE false} {BINDTYPE op ID {} IMPL auto LATENCY 0 OPTYPE xor PRAGMA {} RTLNAME xor_ln132_13_fu_523_p2 SOURCE {D:/hlstrack/hlstrack2025-master/security/L1/tests/hmac/sha256/../../../../L1/include\xf_security/hmac.hpp:132} VARIABLE xor_ln132_13 LOOP VITIS_LOOP_118_1 BUNDLEDNAME {} DSP 0 BRAM 0 URAM 0 STORAGESUBTYPE {} DISPNAME {bind_op xor} VISIBLE false} {BINDTYPE op ID {} IMPL auto LATENCY 0 OPTYPE xor PRAGMA {} RTLNAME xor_ln131_14_fu_537_p2 SOURCE {D:/hlstrack/hlstrack2025-master/security/L1/tests/hmac/sha256/../../../../L1/include\xf_security/hmac.hpp:131} VARIABLE xor_ln131_14 LOOP VITIS_LOOP_118_1 BUNDLEDNAME {} DSP 0 BRAM 0 URAM 0 STORAGESUBTYPE {} DISPNAME {bind_op xor} VISIBLE false} {BINDTYPE op ID {} IMPL auto LATENCY 0 OPTYPE xor PRAGMA {} RTLNAME xor_ln132_14_fu_543_p2 SOURCE {D:/hlstrack/hlstrack2025-master/security/L1/tests/hmac/sha256/../../../../L1/include\xf_security/hmac.hpp:132} VARIABLE xor_ln132_14 LOOP VITIS_LOOP_118_1 BUNDLEDNAME {} DSP 0 BRAM 0 URAM 0 STORAGESUBTYPE {} DISPNAME {bind_op xor} VISIBLE false} {BINDTYPE op ID {} IMPL auto LATENCY 0 OPTYPE xor PRAGMA {} RTLNAME xor_ln131_15_fu_557_p2 SOURCE {D:/hlstrack/hlstrack2025-master/security/L1/tests/hmac/sha256/../../../../L1/include\xf_security/hmac.hpp:131} VARIABLE xor_ln131_15 LOOP VITIS_LOOP_118_1 BUNDLEDNAME {} DSP 0 BRAM 0 URAM 0 STORAGESUBTYPE {} DISPNAME {bind_op xor} VISIBLE false} {BINDTYPE op ID {} IMPL auto LATENCY 0 OPTYPE xor PRAGMA {} RTLNAME xor_ln132_15_fu_563_p2 SOURCE {D:/hlstrack/hlstrack2025-master/security/L1/tests/hmac/sha256/../../../../L1/include\xf_security/hmac.hpp:132} VARIABLE xor_ln132_15 LOOP VITIS_LOOP_118_1 BUNDLEDNAME {} DSP 0 BRAM 0 URAM 0 STORAGESUBTYPE {} DISPNAME {bind_op xor} VISIBLE false} {BINDTYPE op ID {} IMPL auto LATENCY 0 OPTYPE xor PRAGMA {} RTLNAME xor_ln131_16_fu_577_p2 SOURCE {D:/hlstrack/hlstrack2025-master/security/L1/tests/hmac/sha256/../../../../L1/include\xf_security/hmac.hpp:131} VARIABLE xor_ln131_16 LOOP VITIS_LOOP_118_1 BUNDLEDNAME {} DSP 0 BRAM 0 URAM 0 STORAGESUBTYPE {} DISPNAME {bind_op xor} VISIBLE false} {BINDTYPE op ID {} IMPL auto LATENCY 0 OPTYPE xor PRAGMA {} RTLNAME xor_ln132_16_fu_583_p2 SOURCE {D:/hlstrack/hlstrack2025-master/security/L1/tests/hmac/sha256/../../../../L1/include\xf_security/hmac.hpp:132} VARIABLE xor_ln132_16 LOOP VITIS_LOOP_118_1 BUNDLEDNAME {} DSP 0 BRAM 0 URAM 0 STORAGESUBTYPE {} DISPNAME {bind_op xor} VISIBLE false} {BINDTYPE op ID {} IMPL auto LATENCY 0 OPTYPE xor PRAGMA {} RTLNAME xor_ln131_17_fu_597_p2 SOURCE {D:/hlstrack/hlstrack2025-master/security/L1/tests/hmac/sha256/../../../../L1/include\xf_security/hmac.hpp:131} VARIABLE xor_ln131_17 LOOP VITIS_LOOP_118_1 BUNDLEDNAME {} DSP 0 BRAM 0 URAM 0 STORAGESUBTYPE {} DISPNAME {bind_op xor} VISIBLE false} {BINDTYPE op ID {} IMPL auto LATENCY 0 OPTYPE xor PRAGMA {} RTLNAME xor_ln132_17_fu_603_p2 SOURCE {D:/hlstrack/hlstrack2025-master/security/L1/tests/hmac/sha256/../../../../L1/include\xf_security/hmac.hpp:132} VARIABLE xor_ln132_17 LOOP VITIS_LOOP_118_1 BUNDLEDNAME {} DSP 0 BRAM 0 URAM 0 STORAGESUBTYPE {} DISPNAME {bind_op xor} VISIBLE false} {BINDTYPE op ID {} IMPL auto LATENCY 0 OPTYPE xor PRAGMA {} RTLNAME xor_ln131_18_fu_617_p2 SOURCE {D:/hlstrack/hlstrack2025-master/security/L1/tests/hmac/sha256/../../../../L1/include\xf_security/hmac.hpp:131} VARIABLE xor_ln131_18 LOOP VITIS_LOOP_118_1 BUNDLEDNAME {} DSP 0 BRAM 0 URAM 0 STORAGESUBTYPE {} DISPNAME {bind_op xor} VISIBLE false} {BINDTYPE op ID {} IMPL auto LATENCY 0 OPTYPE xor PRAGMA {} RTLNAME xor_ln132_18_fu_623_p2 SOURCE {D:/hlstrack/hlstrack2025-master/security/L1/tests/hmac/sha256/../../../../L1/include\xf_security/hmac.hpp:132} VARIABLE xor_ln132_18 LOOP VITIS_LOOP_118_1 BUNDLEDNAME {} DSP 0 BRAM 0 URAM 0 STORAGESUBTYPE {} DISPNAME {bind_op xor} VISIBLE false} {BINDTYPE op ID {} IMPL auto LATENCY 0 OPTYPE xor PRAGMA {} RTLNAME xor_ln131_19_fu_637_p2 SOURCE {D:/hlstrack/hlstrack2025-master/security/L1/tests/hmac/sha256/../../../../L1/include\xf_security/hmac.hpp:131} VARIABLE xor_ln131_19 LOOP VITIS_LOOP_118_1 BUNDLEDNAME {} DSP 0 BRAM 0 URAM 0 STORAGESUBTYPE {} DISPNAME {bind_op xor} VISIBLE false} {BINDTYPE op ID {} IMPL auto LATENCY 0 OPTYPE xor PRAGMA {} RTLNAME xor_ln132_19_fu_643_p2 SOURCE {D:/hlstrack/hlstrack2025-master/security/L1/tests/hmac/sha256/../../../../L1/include\xf_security/hmac.hpp:132} VARIABLE xor_ln132_19 LOOP VITIS_LOOP_118_1 BUNDLEDNAME {} DSP 0 BRAM 0 URAM 0 STORAGESUBTYPE {} DISPNAME {bind_op xor} VISIBLE false} {BINDTYPE op ID {} IMPL auto LATENCY 0 OPTYPE xor PRAGMA {} RTLNAME xor_ln131_20_fu_657_p2 SOURCE {D:/hlstrack/hlstrack2025-master/security/L1/tests/hmac/sha256/../../../../L1/include\xf_security/hmac.hpp:131} VARIABLE xor_ln131_20 LOOP VITIS_LOOP_118_1 BUNDLEDNAME {} DSP 0 BRAM 0 URAM 0 STORAGESUBTYPE {} DISPNAME {bind_op xor} VISIBLE false} {BINDTYPE op ID {} IMPL auto LATENCY 0 OPTYPE xor PRAGMA {} RTLNAME xor_ln132_20_fu_663_p2 SOURCE {D:/hlstrack/hlstrack2025-master/security/L1/tests/hmac/sha256/../../../../L1/include\xf_security/hmac.hpp:132} VARIABLE xor_ln132_20 LOOP VITIS_LOOP_118_1 BUNDLEDNAME {} DSP 0 BRAM 0 URAM 0 STORAGESUBTYPE {} DISPNAME {bind_op xor} VISIBLE false} {BINDTYPE op ID {} IMPL auto LATENCY 0 OPTYPE xor PRAGMA {} RTLNAME xor_ln131_21_fu_677_p2 SOURCE {D:/hlstrack/hlstrack2025-master/security/L1/tests/hmac/sha256/../../../../L1/include\xf_security/hmac.hpp:131} VARIABLE xor_ln131_21 LOOP VITIS_LOOP_118_1 BUNDLEDNAME {} DSP 0 BRAM 0 URAM 0 STORAGESUBTYPE {} DISPNAME {bind_op xor} VISIBLE false} {BINDTYPE op ID {} IMPL auto LATENCY 0 OPTYPE xor PRAGMA {} RTLNAME xor_ln132_21_fu_683_p2 SOURCE {D:/hlstrack/hlstrack2025-master/security/L1/tests/hmac/sha256/../../../../L1/include\xf_security/hmac.hpp:132} VARIABLE xor_ln132_21 LOOP VITIS_LOOP_118_1 BUNDLEDNAME {} DSP 0 BRAM 0 URAM 0 STORAGESUBTYPE {} DISPNAME {bind_op xor} VISIBLE false} {BINDTYPE op ID {} IMPL auto LATENCY 0 OPTYPE xor PRAGMA {} RTLNAME xor_ln131_22_fu_697_p2 SOURCE {D:/hlstrack/hlstrack2025-master/security/L1/tests/hmac/sha256/../../../../L1/include\xf_security/hmac.hpp:131} VARIABLE xor_ln131_22 LOOP VITIS_LOOP_118_1 BUNDLEDNAME {} DSP 0 BRAM 0 URAM 0 STORAGESUBTYPE {} DISPNAME {bind_op xor} VISIBLE false} {BINDTYPE op ID {} IMPL auto LATENCY 0 OPTYPE xor PRAGMA {} RTLNAME xor_ln132_22_fu_703_p2 SOURCE {D:/hlstrack/hlstrack2025-master/security/L1/tests/hmac/sha256/../../../../L1/include\xf_security/hmac.hpp:132} VARIABLE xor_ln132_22 LOOP VITIS_LOOP_118_1 BUNDLEDNAME {} DSP 0 BRAM 0 URAM 0 STORAGESUBTYPE {} DISPNAME {bind_op xor} VISIBLE false} {BINDTYPE op ID {} IMPL auto LATENCY 0 OPTYPE xor PRAGMA {} RTLNAME xor_ln131_23_fu_717_p2 SOURCE {D:/hlstrack/hlstrack2025-master/security/L1/tests/hmac/sha256/../../../../L1/include\xf_security/hmac.hpp:131} VARIABLE xor_ln131_23 LOOP VITIS_LOOP_118_1 BUNDLEDNAME {} DSP 0 BRAM 0 URAM 0 STORAGESUBTYPE {} DISPNAME {bind_op xor} VISIBLE false} {BINDTYPE op ID {} IMPL auto LATENCY 0 OPTYPE xor PRAGMA {} RTLNAME xor_ln132_23_fu_723_p2 SOURCE {D:/hlstrack/hlstrack2025-master/security/L1/tests/hmac/sha256/../../../../L1/include\xf_security/hmac.hpp:132} VARIABLE xor_ln132_23 LOOP VITIS_LOOP_118_1 BUNDLEDNAME {} DSP 0 BRAM 0 URAM 0 STORAGESUBTYPE {} DISPNAME {bind_op xor} VISIBLE false} {BINDTYPE op ID {} IMPL auto LATENCY 0 OPTYPE xor PRAGMA {} RTLNAME xor_ln131_24_fu_737_p2 SOURCE {D:/hlstrack/hlstrack2025-master/security/L1/tests/hmac/sha256/../../../../L1/include\xf_security/hmac.hpp:131} VARIABLE xor_ln131_24 LOOP VITIS_LOOP_118_1 BUNDLEDNAME {} DSP 0 BRAM 0 URAM 0 STORAGESUBTYPE {} DISPNAME {bind_op xor} VISIBLE false} {BINDTYPE op ID {} IMPL auto LATENCY 0 OPTYPE xor PRAGMA {} RTLNAME xor_ln132_24_fu_743_p2 SOURCE {D:/hlstrack/hlstrack2025-master/security/L1/tests/hmac/sha256/../../../../L1/include\xf_security/hmac.hpp:132} VARIABLE xor_ln132_24 LOOP VITIS_LOOP_118_1 BUNDLEDNAME {} DSP 0 BRAM 0 URAM 0 STORAGESUBTYPE {} DISPNAME {bind_op xor} VISIBLE false} {BINDTYPE op ID {} IMPL auto LATENCY 0 OPTYPE xor PRAGMA {} RTLNAME xor_ln131_25_fu_757_p2 SOURCE {D:/hlstrack/hlstrack2025-master/security/L1/tests/hmac/sha256/../../../../L1/include\xf_security/hmac.hpp:131} VARIABLE xor_ln131_25 LOOP VITIS_LOOP_118_1 BUNDLEDNAME {} DSP 0 BRAM 0 URAM 0 STORAGESUBTYPE {} DISPNAME {bind_op xor} VISIBLE false} {BINDTYPE op ID {} IMPL auto LATENCY 0 OPTYPE xor PRAGMA {} RTLNAME xor_ln132_25_fu_763_p2 SOURCE {D:/hlstrack/hlstrack2025-master/security/L1/tests/hmac/sha256/../../../../L1/include\xf_security/hmac.hpp:132} VARIABLE xor_ln132_25 LOOP VITIS_LOOP_118_1 BUNDLEDNAME {} DSP 0 BRAM 0 URAM 0 STORAGESUBTYPE {} DISPNAME {bind_op xor} VISIBLE false} {BINDTYPE op ID {} IMPL auto LATENCY 0 OPTYPE xor PRAGMA {} RTLNAME xor_ln131_26_fu_777_p2 SOURCE {D:/hlstrack/hlstrack2025-master/security/L1/tests/hmac/sha256/../../../../L1/include\xf_security/hmac.hpp:131} VARIABLE xor_ln131_26 LOOP VITIS_LOOP_118_1 BUNDLEDNAME {} DSP 0 BRAM 0 URAM 0 STORAGESUBTYPE {} DISPNAME {bind_op xor} VISIBLE false} {BINDTYPE op ID {} IMPL auto LATENCY 0 OPTYPE xor PRAGMA {} RTLNAME xor_ln132_26_fu_783_p2 SOURCE {D:/hlstrack/hlstrack2025-master/security/L1/tests/hmac/sha256/../../../../L1/include\xf_security/hmac.hpp:132} VARIABLE xor_ln132_26 LOOP VITIS_LOOP_118_1 BUNDLEDNAME {} DSP 0 BRAM 0 URAM 0 STORAGESUBTYPE {} DISPNAME {bind_op xor} VISIBLE false} {BINDTYPE op ID {} IMPL auto LATENCY 0 OPTYPE xor PRAGMA {} RTLNAME xor_ln131_27_fu_797_p2 SOURCE {D:/hlstrack/hlstrack2025-master/security/L1/tests/hmac/sha256/../../../../L1/include\xf_security/hmac.hpp:131} VARIABLE xor_ln131_27 LOOP VITIS_LOOP_118_1 BUNDLEDNAME {} DSP 0 BRAM 0 URAM 0 STORAGESUBTYPE {} DISPNAME {bind_op xor} VISIBLE false} {BINDTYPE op ID {} IMPL auto LATENCY 0 OPTYPE xor PRAGMA {} RTLNAME xor_ln132_27_fu_803_p2 SOURCE {D:/hlstrack/hlstrack2025-master/security/L1/tests/hmac/sha256/../../../../L1/include\xf_security/hmac.hpp:132} VARIABLE xor_ln132_27 LOOP VITIS_LOOP_118_1 BUNDLEDNAME {} DSP 0 BRAM 0 URAM 0 STORAGESUBTYPE {} DISPNAME {bind_op xor} VISIBLE false} {BINDTYPE op ID {} IMPL auto LATENCY 0 OPTYPE xor PRAGMA {} RTLNAME xor_ln131_28_fu_817_p2 SOURCE {D:/hlstrack/hlstrack2025-master/security/L1/tests/hmac/sha256/../../../../L1/include\xf_security/hmac.hpp:131} VARIABLE xor_ln131_28 LOOP VITIS_LOOP_118_1 BUNDLEDNAME {} DSP 0 BRAM 0 URAM 0 STORAGESUBTYPE {} DISPNAME {bind_op xor} VISIBLE false} {BINDTYPE op ID {} IMPL auto LATENCY 0 OPTYPE xor PRAGMA {} RTLNAME xor_ln132_28_fu_823_p2 SOURCE {D:/hlstrack/hlstrack2025-master/security/L1/tests/hmac/sha256/../../../../L1/include\xf_security/hmac.hpp:132} VARIABLE xor_ln132_28 LOOP VITIS_LOOP_118_1 BUNDLEDNAME {} DSP 0 BRAM 0 URAM 0 STORAGESUBTYPE {} DISPNAME {bind_op xor} VISIBLE false} {BINDTYPE op ID {} IMPL auto LATENCY 0 OPTYPE xor PRAGMA {} RTLNAME xor_ln131_29_fu_837_p2 SOURCE {D:/hlstrack/hlstrack2025-master/security/L1/tests/hmac/sha256/../../../../L1/include\xf_security/hmac.hpp:131} VARIABLE xor_ln131_29 LOOP VITIS_LOOP_118_1 BUNDLEDNAME {} DSP 0 BRAM 0 URAM 0 STORAGESUBTYPE {} DISPNAME {bind_op xor} VISIBLE false} {BINDTYPE op ID {} IMPL auto LATENCY 0 OPTYPE xor PRAGMA {} RTLNAME xor_ln132_29_fu_843_p2 SOURCE {D:/hlstrack/hlstrack2025-master/security/L1/tests/hmac/sha256/../../../../L1/include\xf_security/hmac.hpp:132} VARIABLE xor_ln132_29 LOOP VITIS_LOOP_118_1 BUNDLEDNAME {} DSP 0 BRAM 0 URAM 0 STORAGESUBTYPE {} DISPNAME {bind_op xor} VISIBLE false} {BINDTYPE op ID {} IMPL auto LATENCY 0 OPTYPE xor PRAGMA {} RTLNAME xor_ln131_30_fu_857_p2 SOURCE {D:/hlstrack/hlstrack2025-master/security/L1/tests/hmac/sha256/../../../../L1/include\xf_security/hmac.hpp:131} VARIABLE xor_ln131_30 LOOP VITIS_LOOP_118_1 BUNDLEDNAME {} DSP 0 BRAM 0 URAM 0 STORAGESUBTYPE {} DISPNAME {bind_op xor} VISIBLE false} {BINDTYPE op ID {} IMPL auto LATENCY 0 OPTYPE xor PRAGMA {} RTLNAME xor_ln132_30_fu_863_p2 SOURCE {D:/hlstrack/hlstrack2025-master/security/L1/tests/hmac/sha256/../../../../L1/include\xf_security/hmac.hpp:132} VARIABLE xor_ln132_30 LOOP VITIS_LOOP_118_1 BUNDLEDNAME {} DSP 0 BRAM 0 URAM 0 STORAGESUBTYPE {} DISPNAME {bind_op xor} VISIBLE false} {BINDTYPE op ID {} IMPL auto LATENCY 0 OPTYPE xor PRAGMA {} RTLNAME xor_ln131_31_fu_877_p2 SOURCE {D:/hlstrack/hlstrack2025-master/security/L1/tests/hmac/sha256/../../../../L1/include\xf_security/hmac.hpp:131} VARIABLE xor_ln131_31 LOOP VITIS_LOOP_118_1 BUNDLEDNAME {} DSP 0 BRAM 0 URAM 0 STORAGESUBTYPE {} DISPNAME {bind_op xor} VISIBLE false} {BINDTYPE op ID {} IMPL auto LATENCY 0 OPTYPE xor PRAGMA {} RTLNAME xor_ln132_31_fu_883_p2 SOURCE {D:/hlstrack/hlstrack2025-master/security/L1/tests/hmac/sha256/../../../../L1/include\xf_security/hmac.hpp:132} VARIABLE xor_ln132_31 LOOP VITIS_LOOP_118_1 BUNDLEDNAME {} DSP 0 BRAM 0 URAM 0 STORAGESUBTYPE {} DISPNAME {bind_op xor} VISIBLE false} {BINDTYPE op ID {} IMPL auto LATENCY 0 OPTYPE xor PRAGMA {} RTLNAME xor_ln131_32_fu_897_p2 SOURCE {D:/hlstrack/hlstrack2025-master/security/L1/tests/hmac/sha256/../../../../L1/include\xf_security/hmac.hpp:131} VARIABLE xor_ln131_32 LOOP VITIS_LOOP_118_1 BUNDLEDNAME {} DSP 0 BRAM 0 URAM 0 STORAGESUBTYPE {} DISPNAME {bind_op xor} VISIBLE false} {BINDTYPE op ID {} IMPL auto LATENCY 0 OPTYPE xor PRAGMA {} RTLNAME xor_ln132_32_fu_903_p2 SOURCE {D:/hlstrack/hlstrack2025-master/security/L1/tests/hmac/sha256/../../../../L1/include\xf_security/hmac.hpp:132} VARIABLE xor_ln132_32 LOOP VITIS_LOOP_118_1 BUNDLEDNAME {} DSP 0 BRAM 0 URAM 0 STORAGESUBTYPE {} DISPNAME {bind_op xor} VISIBLE false} {BINDTYPE op ID {} IMPL auto LATENCY 0 OPTYPE xor PRAGMA {} RTLNAME xor_ln131_33_fu_917_p2 SOURCE {D:/hlstrack/hlstrack2025-master/security/L1/tests/hmac/sha256/../../../../L1/include\xf_security/hmac.hpp:131} VARIABLE xor_ln131_33 LOOP VITIS_LOOP_118_1 BUNDLEDNAME {} DSP 0 BRAM 0 URAM 0 STORAGESUBTYPE {} DISPNAME {bind_op xor} VISIBLE false} {BINDTYPE op ID {} IMPL auto LATENCY 0 OPTYPE xor PRAGMA {} RTLNAME xor_ln132_33_fu_923_p2 SOURCE {D:/hlstrack/hlstrack2025-master/security/L1/tests/hmac/sha256/../../../../L1/include\xf_security/hmac.hpp:132} VARIABLE xor_ln132_33 LOOP VITIS_LOOP_118_1 BUNDLEDNAME {} DSP 0 BRAM 0 URAM 0 STORAGESUBTYPE {} DISPNAME {bind_op xor} VISIBLE false} {BINDTYPE op ID {} IMPL auto LATENCY 0 OPTYPE xor PRAGMA {} RTLNAME xor_ln131_34_fu_937_p2 SOURCE {D:/hlstrack/hlstrack2025-master/security/L1/tests/hmac/sha256/../../../../L1/include\xf_security/hmac.hpp:131} VARIABLE xor_ln131_34 LOOP VITIS_LOOP_118_1 BUNDLEDNAME {} DSP 0 BRAM 0 URAM 0 STORAGESUBTYPE {} DISPNAME {bind_op xor} VISIBLE false} {BINDTYPE op ID {} IMPL auto LATENCY 0 OPTYPE xor PRAGMA {} RTLNAME xor_ln132_34_fu_943_p2 SOURCE {D:/hlstrack/hlstrack2025-master/security/L1/tests/hmac/sha256/../../../../L1/include\xf_security/hmac.hpp:132} VARIABLE xor_ln132_34 LOOP VITIS_LOOP_118_1 BUNDLEDNAME {} DSP 0 BRAM 0 URAM 0 STORAGESUBTYPE {} DISPNAME {bind_op xor} VISIBLE false} {BINDTYPE op ID {} IMPL auto LATENCY 0 OPTYPE xor PRAGMA {} RTLNAME xor_ln131_35_fu_957_p2 SOURCE {D:/hlstrack/hlstrack2025-master/security/L1/tests/hmac/sha256/../../../../L1/include\xf_security/hmac.hpp:131} VARIABLE xor_ln131_35 LOOP VITIS_LOOP_118_1 BUNDLEDNAME {} DSP 0 BRAM 0 URAM 0 STORAGESUBTYPE {} DISPNAME {bind_op xor} VISIBLE false} {BINDTYPE op ID {} IMPL auto LATENCY 0 OPTYPE xor PRAGMA {} RTLNAME xor_ln132_35_fu_963_p2 SOURCE {D:/hlstrack/hlstrack2025-master/security/L1/tests/hmac/sha256/../../../../L1/include\xf_security/hmac.hpp:132} VARIABLE xor_ln132_35 LOOP VITIS_LOOP_118_1 BUNDLEDNAME {} DSP 0 BRAM 0 URAM 0 STORAGESUBTYPE {} DISPNAME {bind_op xor} VISIBLE false} {BINDTYPE op ID {} IMPL auto LATENCY 0 OPTYPE xor PRAGMA {} RTLNAME xor_ln131_36_fu_977_p2 SOURCE {D:/hlstrack/hlstrack2025-master/security/L1/tests/hmac/sha256/../../../../L1/include\xf_security/hmac.hpp:131} VARIABLE xor_ln131_36 LOOP VITIS_LOOP_118_1 BUNDLEDNAME {} DSP 0 BRAM 0 URAM 0 STORAGESUBTYPE {} DISPNAME {bind_op xor} VISIBLE false} {BINDTYPE op ID {} IMPL auto LATENCY 0 OPTYPE xor PRAGMA {} RTLNAME xor_ln132_36_fu_983_p2 SOURCE {D:/hlstrack/hlstrack2025-master/security/L1/tests/hmac/sha256/../../../../L1/include\xf_security/hmac.hpp:132} VARIABLE xor_ln132_36 LOOP VITIS_LOOP_118_1 BUNDLEDNAME {} DSP 0 BRAM 0 URAM 0 STORAGESUBTYPE {} DISPNAME {bind_op xor} VISIBLE false} {BINDTYPE op ID {} IMPL auto LATENCY 0 OPTYPE xor PRAGMA {} RTLNAME xor_ln131_37_fu_997_p2 SOURCE {D:/hlstrack/hlstrack2025-master/security/L1/tests/hmac/sha256/../../../../L1/include\xf_security/hmac.hpp:131} VARIABLE xor_ln131_37 LOOP VITIS_LOOP_118_1 BUNDLEDNAME {} DSP 0 BRAM 0 URAM 0 STORAGESUBTYPE {} DISPNAME {bind_op xor} VISIBLE false} {BINDTYPE op ID {} IMPL auto LATENCY 0 OPTYPE xor PRAGMA {} RTLNAME xor_ln132_37_fu_1003_p2 SOURCE {D:/hlstrack/hlstrack2025-master/security/L1/tests/hmac/sha256/../../../../L1/include\xf_security/hmac.hpp:132} VARIABLE xor_ln132_37 LOOP VITIS_LOOP_118_1 BUNDLEDNAME {} DSP 0 BRAM 0 URAM 0 STORAGESUBTYPE {} DISPNAME {bind_op xor} VISIBLE false} {BINDTYPE op ID {} IMPL auto LATENCY 0 OPTYPE xor PRAGMA {} RTLNAME xor_ln131_38_fu_1017_p2 SOURCE {D:/hlstrack/hlstrack2025-master/security/L1/tests/hmac/sha256/../../../../L1/include\xf_security/hmac.hpp:131} VARIABLE xor_ln131_38 LOOP VITIS_LOOP_118_1 BUNDLEDNAME {} DSP 0 BRAM 0 URAM 0 STORAGESUBTYPE {} DISPNAME {bind_op xor} VISIBLE false} {BINDTYPE op ID {} IMPL auto LATENCY 0 OPTYPE xor PRAGMA {} RTLNAME xor_ln132_38_fu_1023_p2 SOURCE {D:/hlstrack/hlstrack2025-master/security/L1/tests/hmac/sha256/../../../../L1/include\xf_security/hmac.hpp:132} VARIABLE xor_ln132_38 LOOP VITIS_LOOP_118_1 BUNDLEDNAME {} DSP 0 BRAM 0 URAM 0 STORAGESUBTYPE {} DISPNAME {bind_op xor} VISIBLE false} {BINDTYPE op ID {} IMPL auto LATENCY 0 OPTYPE xor PRAGMA {} RTLNAME xor_ln131_39_fu_1037_p2 SOURCE {D:/hlstrack/hlstrack2025-master/security/L1/tests/hmac/sha256/../../../../L1/include\xf_security/hmac.hpp:131} VARIABLE xor_ln131_39 LOOP VITIS_LOOP_118_1 BUNDLEDNAME {} DSP 0 BRAM 0 URAM 0 STORAGESUBTYPE {} DISPNAME {bind_op xor} VISIBLE false} {BINDTYPE op ID {} IMPL auto LATENCY 0 OPTYPE xor PRAGMA {} RTLNAME xor_ln132_39_fu_1043_p2 SOURCE {D:/hlstrack/hlstrack2025-master/security/L1/tests/hmac/sha256/../../../../L1/include\xf_security/hmac.hpp:132} VARIABLE xor_ln132_39 LOOP VITIS_LOOP_118_1 BUNDLEDNAME {} DSP 0 BRAM 0 URAM 0 STORAGESUBTYPE {} DISPNAME {bind_op xor} VISIBLE false} {BINDTYPE op ID {} IMPL auto LATENCY 0 OPTYPE xor PRAGMA {} RTLNAME xor_ln131_40_fu_1057_p2 SOURCE {D:/hlstrack/hlstrack2025-master/security/L1/tests/hmac/sha256/../../../../L1/include\xf_security/hmac.hpp:131} VARIABLE xor_ln131_40 LOOP VITIS_LOOP_118_1 BUNDLEDNAME {} DSP 0 BRAM 0 URAM 0 STORAGESUBTYPE {} DISPNAME {bind_op xor} VISIBLE false} {BINDTYPE op ID {} IMPL auto LATENCY 0 OPTYPE xor PRAGMA {} RTLNAME xor_ln132_40_fu_1063_p2 SOURCE {D:/hlstrack/hlstrack2025-master/security/L1/tests/hmac/sha256/../../../../L1/include\xf_security/hmac.hpp:132} VARIABLE xor_ln132_40 LOOP VITIS_LOOP_118_1 BUNDLEDNAME {} DSP 0 BRAM 0 URAM 0 STORAGESUBTYPE {} DISPNAME {bind_op xor} VISIBLE false} {BINDTYPE op ID {} IMPL auto LATENCY 0 OPTYPE xor PRAGMA {} RTLNAME xor_ln131_41_fu_1077_p2 SOURCE {D:/hlstrack/hlstrack2025-master/security/L1/tests/hmac/sha256/../../../../L1/include\xf_security/hmac.hpp:131} VARIABLE xor_ln131_41 LOOP VITIS_LOOP_118_1 BUNDLEDNAME {} DSP 0 BRAM 0 URAM 0 STORAGESUBTYPE {} DISPNAME {bind_op xor} VISIBLE false} {BINDTYPE op ID {} IMPL auto LATENCY 0 OPTYPE xor PRAGMA {} RTLNAME xor_ln132_41_fu_1083_p2 SOURCE {D:/hlstrack/hlstrack2025-master/security/L1/tests/hmac/sha256/../../../../L1/include\xf_security/hmac.hpp:132} VARIABLE xor_ln132_41 LOOP VITIS_LOOP_118_1 BUNDLEDNAME {} DSP 0 BRAM 0 URAM 0 STORAGESUBTYPE {} DISPNAME {bind_op xor} VISIBLE false} {BINDTYPE op ID {} IMPL auto LATENCY 0 OPTYPE xor PRAGMA {} RTLNAME xor_ln131_42_fu_1097_p2 SOURCE {D:/hlstrack/hlstrack2025-master/security/L1/tests/hmac/sha256/../../../../L1/include\xf_security/hmac.hpp:131} VARIABLE xor_ln131_42 LOOP VITIS_LOOP_118_1 BUNDLEDNAME {} DSP 0 BRAM 0 URAM 0 STORAGESUBTYPE {} DISPNAME {bind_op xor} VISIBLE false} {BINDTYPE op ID {} IMPL auto LATENCY 0 OPTYPE xor PRAGMA {} RTLNAME xor_ln132_42_fu_1103_p2 SOURCE {D:/hlstrack/hlstrack2025-master/security/L1/tests/hmac/sha256/../../../../L1/include\xf_security/hmac.hpp:132} VARIABLE xor_ln132_42 LOOP VITIS_LOOP_118_1 BUNDLEDNAME {} DSP 0 BRAM 0 URAM 0 STORAGESUBTYPE {} DISPNAME {bind_op xor} VISIBLE false} {BINDTYPE op ID {} IMPL auto LATENCY 0 OPTYPE xor PRAGMA {} RTLNAME xor_ln131_43_fu_1117_p2 SOURCE {D:/hlstrack/hlstrack2025-master/security/L1/tests/hmac/sha256/../../../../L1/include\xf_security/hmac.hpp:131} VARIABLE xor_ln131_43 LOOP VITIS_LOOP_118_1 BUNDLEDNAME {} DSP 0 BRAM 0 URAM 0 STORAGESUBTYPE {} DISPNAME {bind_op xor} VISIBLE false} {BINDTYPE op ID {} IMPL auto LATENCY 0 OPTYPE xor PRAGMA {} RTLNAME xor_ln132_43_fu_1123_p2 SOURCE {D:/hlstrack/hlstrack2025-master/security/L1/tests/hmac/sha256/../../../../L1/include\xf_security/hmac.hpp:132} VARIABLE xor_ln132_43 LOOP VITIS_LOOP_118_1 BUNDLEDNAME {} DSP 0 BRAM 0 URAM 0 STORAGESUBTYPE {} DISPNAME {bind_op xor} VISIBLE false} {BINDTYPE op ID {} IMPL auto LATENCY 0 OPTYPE xor PRAGMA {} RTLNAME xor_ln131_44_fu_1137_p2 SOURCE {D:/hlstrack/hlstrack2025-master/security/L1/tests/hmac/sha256/../../../../L1/include\xf_security/hmac.hpp:131} VARIABLE xor_ln131_44 LOOP VITIS_LOOP_118_1 BUNDLEDNAME {} DSP 0 BRAM 0 URAM 0 STORAGESUBTYPE {} DISPNAME {bind_op xor} VISIBLE false} {BINDTYPE op ID {} IMPL auto LATENCY 0 OPTYPE xor PRAGMA {} RTLNAME xor_ln132_44_fu_1143_p2 SOURCE {D:/hlstrack/hlstrack2025-master/security/L1/tests/hmac/sha256/../../../../L1/include\xf_security/hmac.hpp:132} VARIABLE xor_ln132_44 LOOP VITIS_LOOP_118_1 BUNDLEDNAME {} DSP 0 BRAM 0 URAM 0 STORAGESUBTYPE {} DISPNAME {bind_op xor} VISIBLE false} {BINDTYPE op ID {} IMPL auto LATENCY 0 OPTYPE xor PRAGMA {} RTLNAME xor_ln131_45_fu_1157_p2 SOURCE {D:/hlstrack/hlstrack2025-master/security/L1/tests/hmac/sha256/../../../../L1/include\xf_security/hmac.hpp:131} VARIABLE xor_ln131_45 LOOP VITIS_LOOP_118_1 BUNDLEDNAME {} DSP 0 BRAM 0 URAM 0 STORAGESUBTYPE {} DISPNAME {bind_op xor} VISIBLE false} {BINDTYPE op ID {} IMPL auto LATENCY 0 OPTYPE xor PRAGMA {} RTLNAME xor_ln132_45_fu_1163_p2 SOURCE {D:/hlstrack/hlstrack2025-master/security/L1/tests/hmac/sha256/../../../../L1/include\xf_security/hmac.hpp:132} VARIABLE xor_ln132_45 LOOP VITIS_LOOP_118_1 BUNDLEDNAME {} DSP 0 BRAM 0 URAM 0 STORAGESUBTYPE {} DISPNAME {bind_op xor} VISIBLE false} {BINDTYPE op ID {} IMPL auto LATENCY 0 OPTYPE xor PRAGMA {} RTLNAME xor_ln131_46_fu_1177_p2 SOURCE {D:/hlstrack/hlstrack2025-master/security/L1/tests/hmac/sha256/../../../../L1/include\xf_security/hmac.hpp:131} VARIABLE xor_ln131_46 LOOP VITIS_LOOP_118_1 BUNDLEDNAME {} DSP 0 BRAM 0 URAM 0 STORAGESUBTYPE {} DISPNAME {bind_op xor} VISIBLE false} {BINDTYPE op ID {} IMPL auto LATENCY 0 OPTYPE xor PRAGMA {} RTLNAME xor_ln132_46_fu_1183_p2 SOURCE {D:/hlstrack/hlstrack2025-master/security/L1/tests/hmac/sha256/../../../../L1/include\xf_security/hmac.hpp:132} VARIABLE xor_ln132_46 LOOP VITIS_LOOP_118_1 BUNDLEDNAME {} DSP 0 BRAM 0 URAM 0 STORAGESUBTYPE {} DISPNAME {bind_op xor} VISIBLE false} {BINDTYPE op ID {} IMPL auto LATENCY 0 OPTYPE xor PRAGMA {} RTLNAME xor_ln131_47_fu_1197_p2 SOURCE {D:/hlstrack/hlstrack2025-master/security/L1/tests/hmac/sha256/../../../../L1/include\xf_security/hmac.hpp:131} VARIABLE xor_ln131_47 LOOP VITIS_LOOP_118_1 BUNDLEDNAME {} DSP 0 BRAM 0 URAM 0 STORAGESUBTYPE {} DISPNAME {bind_op xor} VISIBLE false} {BINDTYPE op ID {} IMPL auto LATENCY 0 OPTYPE xor PRAGMA {} RTLNAME xor_ln132_47_fu_1203_p2 SOURCE {D:/hlstrack/hlstrack2025-master/security/L1/tests/hmac/sha256/../../../../L1/include\xf_security/hmac.hpp:132} VARIABLE xor_ln132_47 LOOP VITIS_LOOP_118_1 BUNDLEDNAME {} DSP 0 BRAM 0 URAM 0 STORAGESUBTYPE {} DISPNAME {bind_op xor} VISIBLE false} {BINDTYPE op ID {} IMPL auto LATENCY 0 OPTYPE xor PRAGMA {} RTLNAME xor_ln131_48_fu_1217_p2 SOURCE {D:/hlstrack/hlstrack2025-master/security/L1/tests/hmac/sha256/../../../../L1/include\xf_security/hmac.hpp:131} VARIABLE xor_ln131_48 LOOP VITIS_LOOP_118_1 BUNDLEDNAME {} DSP 0 BRAM 0 URAM 0 STORAGESUBTYPE {} DISPNAME {bind_op xor} VISIBLE false} {BINDTYPE op ID {} IMPL auto LATENCY 0 OPTYPE xor PRAGMA {} RTLNAME xor_ln132_48_fu_1223_p2 SOURCE {D:/hlstrack/hlstrack2025-master/security/L1/tests/hmac/sha256/../../../../L1/include\xf_security/hmac.hpp:132} VARIABLE xor_ln132_48 LOOP VITIS_LOOP_118_1 BUNDLEDNAME {} DSP 0 BRAM 0 URAM 0 STORAGESUBTYPE {} DISPNAME {bind_op xor} VISIBLE false} {BINDTYPE op ID {} IMPL auto LATENCY 0 OPTYPE xor PRAGMA {} RTLNAME xor_ln131_49_fu_1237_p2 SOURCE {D:/hlstrack/hlstrack2025-master/security/L1/tests/hmac/sha256/../../../../L1/include\xf_security/hmac.hpp:131} VARIABLE xor_ln131_49 LOOP VITIS_LOOP_118_1 BUNDLEDNAME {} DSP 0 BRAM 0 URAM 0 STORAGESUBTYPE {} DISPNAME {bind_op xor} VISIBLE false} {BINDTYPE op ID {} IMPL auto LATENCY 0 OPTYPE xor PRAGMA {} RTLNAME xor_ln132_49_fu_1243_p2 SOURCE {D:/hlstrack/hlstrack2025-master/security/L1/tests/hmac/sha256/../../../../L1/include\xf_security/hmac.hpp:132} VARIABLE xor_ln132_49 LOOP VITIS_LOOP_118_1 BUNDLEDNAME {} DSP 0 BRAM 0 URAM 0 STORAGESUBTYPE {} DISPNAME {bind_op xor} VISIBLE false} {BINDTYPE op ID {} IMPL auto LATENCY 0 OPTYPE xor PRAGMA {} RTLNAME xor_ln131_50_fu_1257_p2 SOURCE {D:/hlstrack/hlstrack2025-master/security/L1/tests/hmac/sha256/../../../../L1/include\xf_security/hmac.hpp:131} VARIABLE xor_ln131_50 LOOP VITIS_LOOP_118_1 BUNDLEDNAME {} DSP 0 BRAM 0 URAM 0 STORAGESUBTYPE {} DISPNAME {bind_op xor} VISIBLE false} {BINDTYPE op ID {} IMPL auto LATENCY 0 OPTYPE xor PRAGMA {} RTLNAME xor_ln132_50_fu_1263_p2 SOURCE {D:/hlstrack/hlstrack2025-master/security/L1/tests/hmac/sha256/../../../../L1/include\xf_security/hmac.hpp:132} VARIABLE xor_ln132_50 LOOP VITIS_LOOP_118_1 BUNDLEDNAME {} DSP 0 BRAM 0 URAM 0 STORAGESUBTYPE {} DISPNAME {bind_op xor} VISIBLE false} {BINDTYPE op ID {} IMPL auto LATENCY 0 OPTYPE xor PRAGMA {} RTLNAME xor_ln131_51_fu_1277_p2 SOURCE {D:/hlstrack/hlstrack2025-master/security/L1/tests/hmac/sha256/../../../../L1/include\xf_security/hmac.hpp:131} VARIABLE xor_ln131_51 LOOP VITIS_LOOP_118_1 BUNDLEDNAME {} DSP 0 BRAM 0 URAM 0 STORAGESUBTYPE {} DISPNAME {bind_op xor} VISIBLE false} {BINDTYPE op ID {} IMPL auto LATENCY 0 OPTYPE xor PRAGMA {} RTLNAME xor_ln132_51_fu_1283_p2 SOURCE {D:/hlstrack/hlstrack2025-master/security/L1/tests/hmac/sha256/../../../../L1/include\xf_security/hmac.hpp:132} VARIABLE xor_ln132_51 LOOP VITIS_LOOP_118_1 BUNDLEDNAME {} DSP 0 BRAM 0 URAM 0 STORAGESUBTYPE {} DISPNAME {bind_op xor} VISIBLE false} {BINDTYPE op ID {} IMPL auto LATENCY 0 OPTYPE xor PRAGMA {} RTLNAME xor_ln131_52_fu_1297_p2 SOURCE {D:/hlstrack/hlstrack2025-master/security/L1/tests/hmac/sha256/../../../../L1/include\xf_security/hmac.hpp:131} VARIABLE xor_ln131_52 LOOP VITIS_LOOP_118_1 BUNDLEDNAME {} DSP 0 BRAM 0 URAM 0 STORAGESUBTYPE {} DISPNAME {bind_op xor} VISIBLE false} {BINDTYPE op ID {} IMPL auto LATENCY 0 OPTYPE xor PRAGMA {} RTLNAME xor_ln132_52_fu_1303_p2 SOURCE {D:/hlstrack/hlstrack2025-master/security/L1/tests/hmac/sha256/../../../../L1/include\xf_security/hmac.hpp:132} VARIABLE xor_ln132_52 LOOP VITIS_LOOP_118_1 BUNDLEDNAME {} DSP 0 BRAM 0 URAM 0 STORAGESUBTYPE {} DISPNAME {bind_op xor} VISIBLE false} {BINDTYPE op ID {} IMPL auto LATENCY 0 OPTYPE xor PRAGMA {} RTLNAME xor_ln131_53_fu_1317_p2 SOURCE {D:/hlstrack/hlstrack2025-master/security/L1/tests/hmac/sha256/../../../../L1/include\xf_security/hmac.hpp:131} VARIABLE xor_ln131_53 LOOP VITIS_LOOP_118_1 BUNDLEDNAME {} DSP 0 BRAM 0 URAM 0 STORAGESUBTYPE {} DISPNAME {bind_op xor} VISIBLE false} {BINDTYPE op ID {} IMPL auto LATENCY 0 OPTYPE xor PRAGMA {} RTLNAME xor_ln132_53_fu_1323_p2 SOURCE {D:/hlstrack/hlstrack2025-master/security/L1/tests/hmac/sha256/../../../../L1/include\xf_security/hmac.hpp:132} VARIABLE xor_ln132_53 LOOP VITIS_LOOP_118_1 BUNDLEDNAME {} DSP 0 BRAM 0 URAM 0 STORAGESUBTYPE {} DISPNAME {bind_op xor} VISIBLE false} {BINDTYPE op ID {} IMPL auto LATENCY 0 OPTYPE xor PRAGMA {} RTLNAME xor_ln131_54_fu_1337_p2 SOURCE {D:/hlstrack/hlstrack2025-master/security/L1/tests/hmac/sha256/../../../../L1/include\xf_security/hmac.hpp:131} VARIABLE xor_ln131_54 LOOP VITIS_LOOP_118_1 BUNDLEDNAME {} DSP 0 BRAM 0 URAM 0 STORAGESUBTYPE {} DISPNAME {bind_op xor} VISIBLE false} {BINDTYPE op ID {} IMPL auto LATENCY 0 OPTYPE xor PRAGMA {} RTLNAME xor_ln132_54_fu_1343_p2 SOURCE {D:/hlstrack/hlstrack2025-master/security/L1/tests/hmac/sha256/../../../../L1/include\xf_security/hmac.hpp:132} VARIABLE xor_ln132_54 LOOP VITIS_LOOP_118_1 BUNDLEDNAME {} DSP 0 BRAM 0 URAM 0 STORAGESUBTYPE {} DISPNAME {bind_op xor} VISIBLE false} {BINDTYPE op ID {} IMPL auto LATENCY 0 OPTYPE xor PRAGMA {} RTLNAME xor_ln131_55_fu_1357_p2 SOURCE {D:/hlstrack/hlstrack2025-master/security/L1/tests/hmac/sha256/../../../../L1/include\xf_security/hmac.hpp:131} VARIABLE xor_ln131_55 LOOP VITIS_LOOP_118_1 BUNDLEDNAME {} DSP 0 BRAM 0 URAM 0 STORAGESUBTYPE {} DISPNAME {bind_op xor} VISIBLE false} {BINDTYPE op ID {} IMPL auto LATENCY 0 OPTYPE xor PRAGMA {} RTLNAME xor_ln132_55_fu_1363_p2 SOURCE {D:/hlstrack/hlstrack2025-master/security/L1/tests/hmac/sha256/../../../../L1/include\xf_security/hmac.hpp:132} VARIABLE xor_ln132_55 LOOP VITIS_LOOP_118_1 BUNDLEDNAME {} DSP 0 BRAM 0 URAM 0 STORAGESUBTYPE {} DISPNAME {bind_op xor} VISIBLE false} {BINDTYPE op ID {} IMPL auto LATENCY 0 OPTYPE xor PRAGMA {} RTLNAME xor_ln131_56_fu_1377_p2 SOURCE {D:/hlstrack/hlstrack2025-master/security/L1/tests/hmac/sha256/../../../../L1/include\xf_security/hmac.hpp:131} VARIABLE xor_ln131_56 LOOP VITIS_LOOP_118_1 BUNDLEDNAME {} DSP 0 BRAM 0 URAM 0 STORAGESUBTYPE {} DISPNAME {bind_op xor} VISIBLE false} {BINDTYPE op ID {} IMPL auto LATENCY 0 OPTYPE xor PRAGMA {} RTLNAME xor_ln132_56_fu_1383_p2 SOURCE {D:/hlstrack/hlstrack2025-master/security/L1/tests/hmac/sha256/../../../../L1/include\xf_security/hmac.hpp:132} VARIABLE xor_ln132_56 LOOP VITIS_LOOP_118_1 BUNDLEDNAME {} DSP 0 BRAM 0 URAM 0 STORAGESUBTYPE {} DISPNAME {bind_op xor} VISIBLE false} {BINDTYPE op ID {} IMPL auto LATENCY 0 OPTYPE xor PRAGMA {} RTLNAME xor_ln131_57_fu_1397_p2 SOURCE {D:/hlstrack/hlstrack2025-master/security/L1/tests/hmac/sha256/../../../../L1/include\xf_security/hmac.hpp:131} VARIABLE xor_ln131_57 LOOP VITIS_LOOP_118_1 BUNDLEDNAME {} DSP 0 BRAM 0 URAM 0 STORAGESUBTYPE {} DISPNAME {bind_op xor} VISIBLE false} {BINDTYPE op ID {} IMPL auto LATENCY 0 OPTYPE xor PRAGMA {} RTLNAME xor_ln132_57_fu_1403_p2 SOURCE {D:/hlstrack/hlstrack2025-master/security/L1/tests/hmac/sha256/../../../../L1/include\xf_security/hmac.hpp:132} VARIABLE xor_ln132_57 LOOP VITIS_LOOP_118_1 BUNDLEDNAME {} DSP 0 BRAM 0 URAM 0 STORAGESUBTYPE {} DISPNAME {bind_op xor} VISIBLE false} {BINDTYPE op ID {} IMPL auto LATENCY 0 OPTYPE xor PRAGMA {} RTLNAME xor_ln131_58_fu_1417_p2 SOURCE {D:/hlstrack/hlstrack2025-master/security/L1/tests/hmac/sha256/../../../../L1/include\xf_security/hmac.hpp:131} VARIABLE xor_ln131_58 LOOP VITIS_LOOP_118_1 BUNDLEDNAME {} DSP 0 BRAM 0 URAM 0 STORAGESUBTYPE {} DISPNAME {bind_op xor} VISIBLE false} {BINDTYPE op ID {} IMPL auto LATENCY 0 OPTYPE xor PRAGMA {} RTLNAME xor_ln132_58_fu_1423_p2 SOURCE {D:/hlstrack/hlstrack2025-master/security/L1/tests/hmac/sha256/../../../../L1/include\xf_security/hmac.hpp:132} VARIABLE xor_ln132_58 LOOP VITIS_LOOP_118_1 BUNDLEDNAME {} DSP 0 BRAM 0 URAM 0 STORAGESUBTYPE {} DISPNAME {bind_op xor} VISIBLE false} {BINDTYPE op ID {} IMPL auto LATENCY 0 OPTYPE xor PRAGMA {} RTLNAME xor_ln131_59_fu_1437_p2 SOURCE {D:/hlstrack/hlstrack2025-master/security/L1/tests/hmac/sha256/../../../../L1/include\xf_security/hmac.hpp:131} VARIABLE xor_ln131_59 LOOP VITIS_LOOP_118_1 BUNDLEDNAME {} DSP 0 BRAM 0 URAM 0 STORAGESUBTYPE {} DISPNAME {bind_op xor} VISIBLE false} {BINDTYPE op ID {} IMPL auto LATENCY 0 OPTYPE xor PRAGMA {} RTLNAME xor_ln132_59_fu_1443_p2 SOURCE {D:/hlstrack/hlstrack2025-master/security/L1/tests/hmac/sha256/../../../../L1/include\xf_security/hmac.hpp:132} VARIABLE xor_ln132_59 LOOP VITIS_LOOP_118_1 BUNDLEDNAME {} DSP 0 BRAM 0 URAM 0 STORAGESUBTYPE {} DISPNAME {bind_op xor} VISIBLE false} {BINDTYPE op ID {} IMPL auto LATENCY 0 OPTYPE xor PRAGMA {} RTLNAME xor_ln131_60_fu_1457_p2 SOURCE {D:/hlstrack/hlstrack2025-master/security/L1/tests/hmac/sha256/../../../../L1/include\xf_security/hmac.hpp:131} VARIABLE xor_ln131_60 LOOP VITIS_LOOP_118_1 BUNDLEDNAME {} DSP 0 BRAM 0 URAM 0 STORAGESUBTYPE {} DISPNAME {bind_op xor} VISIBLE false} {BINDTYPE op ID {} IMPL auto LATENCY 0 OPTYPE xor PRAGMA {} RTLNAME xor_ln132_60_fu_1463_p2 SOURCE {D:/hlstrack/hlstrack2025-master/security/L1/tests/hmac/sha256/../../../../L1/include\xf_security/hmac.hpp:132} VARIABLE xor_ln132_60 LOOP VITIS_LOOP_118_1 BUNDLEDNAME {} DSP 0 BRAM 0 URAM 0 STORAGESUBTYPE {} DISPNAME {bind_op xor} VISIBLE false} {BINDTYPE op ID {} IMPL auto LATENCY 0 OPTYPE xor PRAGMA {} RTLNAME xor_ln131_61_fu_1477_p2 SOURCE {D:/hlstrack/hlstrack2025-master/security/L1/tests/hmac/sha256/../../../../L1/include\xf_security/hmac.hpp:131} VARIABLE xor_ln131_61 LOOP VITIS_LOOP_118_1 BUNDLEDNAME {} DSP 0 BRAM 0 URAM 0 STORAGESUBTYPE {} DISPNAME {bind_op xor} VISIBLE false} {BINDTYPE op ID {} IMPL auto LATENCY 0 OPTYPE xor PRAGMA {} RTLNAME xor_ln132_61_fu_1483_p2 SOURCE {D:/hlstrack/hlstrack2025-master/security/L1/tests/hmac/sha256/../../../../L1/include\xf_security/hmac.hpp:132} VARIABLE xor_ln132_61 LOOP VITIS_LOOP_118_1 BUNDLEDNAME {} DSP 0 BRAM 0 URAM 0 STORAGESUBTYPE {} DISPNAME {bind_op xor} VISIBLE false} {BINDTYPE op ID {} IMPL auto LATENCY 0 OPTYPE xor PRAGMA {} RTLNAME xor_ln131_62_fu_1497_p2 SOURCE {D:/hlstrack/hlstrack2025-master/security/L1/tests/hmac/sha256/../../../../L1/include\xf_security/hmac.hpp:131} VARIABLE xor_ln131_62 LOOP VITIS_LOOP_118_1 BUNDLEDNAME {} DSP 0 BRAM 0 URAM 0 STORAGESUBTYPE {} DISPNAME {bind_op xor} VISIBLE false} {BINDTYPE op ID {} IMPL auto LATENCY 0 OPTYPE xor PRAGMA {} RTLNAME xor_ln132_62_fu_1636_p2 SOURCE {D:/hlstrack/hlstrack2025-master/security/L1/tests/hmac/sha256/../../../../L1/include\xf_security/hmac.hpp:132} VARIABLE xor_ln132_62 LOOP VITIS_LOOP_118_1 BUNDLEDNAME {} DSP 0 BRAM 0 URAM 0 STORAGESUBTYPE {} DISPNAME {bind_op xor} VISIBLE false}} AREA {DSP 0 BRAM 0 URAM 0}} mergeKipad_32_64_256_64_Pipeline_VITIS_LOOP_162_2 {BINDINFO {{BINDTYPE op ID {} IMPL auto LATENCY 0 OPTYPE seteq PRAGMA {} RTLNAME icmp_ln162_fu_84_p2 SOURCE {D:/hlstrack/hlstrack2025-master/security/L1/tests/hmac/sha256/../../../../L1/include\xf_security/hmac.hpp:162} VARIABLE icmp_ln162 LOOP VITIS_LOOP_162_2 BUNDLEDNAME {} DSP 0 BRAM 0 URAM 0 STORAGESUBTYPE {} DISPNAME {bind_op seteq} VISIBLE false} {BINDTYPE op ID {} IMPL fabric LATENCY 0 OPTYPE add PRAGMA {} RTLNAME i_7_fu_90_p2 SOURCE {D:/hlstrack/hlstrack2025-master/security/L1/tests/hmac/sha256/../../../../L1/include\xf_security/hmac.hpp:162} VARIABLE i_7 LOOP VITIS_LOOP_162_2 BUNDLEDNAME {} DSP 0 BRAM 0 URAM 0 STORAGESUBTYPE {} DISPNAME {bind_op add} VISIBLE true}} AREA {DSP 0 BRAM 0 URAM 0}} mergeKipad_32_64_256_64_Pipeline_VITIS_LOOP_171_3 {BINDINFO {{BINDTYPE op ID {} IMPL auto LATENCY 0 OPTYPE seteq PRAGMA {} RTLNAME icmp_ln171_fu_74_p2 SOURCE {D:/hlstrack/hlstrack2025-master/security/L1/tests/hmac/sha256/../../../../L1/include\xf_security/hmac.hpp:171} VARIABLE icmp_ln171 LOOP VITIS_LOOP_171_3 BUNDLEDNAME {} DSP 0 BRAM 0 URAM 0 STORAGESUBTYPE {} DISPNAME {bind_op seteq} VISIBLE false} {BINDTYPE op ID {} IMPL fabric LATENCY 0 OPTYPE add PRAGMA {} RTLNAME add_ln171_fu_79_p2 SOURCE {D:/hlstrack/hlstrack2025-master/security/L1/tests/hmac/sha256/../../../../L1/include\xf_security/hmac.hpp:171} VARIABLE add_ln171 LOOP VITIS_LOOP_171_3 BUNDLEDNAME {} DSP 0 BRAM 0 URAM 0 STORAGESUBTYPE {} DISPNAME {bind_op add} VISIBLE true}} AREA {DSP 0 BRAM 0 URAM 0}} mergeKipad_32_64_256_64_s {BINDINFO {{BINDTYPE op ID {} IMPL fabric LATENCY 0 OPTYPE add PRAGMA {} RTLNAME mergeKipadLenStrm_din SOURCE {D:/hlstrack/hlstrack2025-master/security/L1/tests/hmac/sha256/../../../../L1/include\xf_security/hmac.hpp:156} VARIABLE mergeKipadLen LOOP VITIS_LOOP_152_1 BUNDLEDNAME {} DSP 0 BRAM 0 URAM 0 STORAGESUBTYPE {} DISPNAME {bind_op add} VISIBLE true} {BINDTYPE op ID {} IMPL fabric LATENCY 0 OPTYPE add PRAGMA {} RTLNAME add_ln171_fu_161_p2 SOURCE {D:/hlstrack/hlstrack2025-master/security/L1/tests/hmac/sha256/../../../../L1/include\xf_security/hmac.hpp:171} VARIABLE add_ln171 LOOP VITIS_LOOP_152_1 BUNDLEDNAME {} DSP 0 BRAM 0 URAM 0 STORAGESUBTYPE {} DISPNAME {bind_op add} VISIBLE true}} AREA {DSP 0 BRAM 0 URAM 0}} preProcessing_Pipeline_LOOP_SHA256_GEN_FULL_BLKS {BINDINFO {{BINDTYPE op ID {} IMPL auto LATENCY 0 OPTYPE seteq PRAGMA {} RTLNAME icmp_ln101_fu_125_p2 SOURCE {D:/hlstrack/hlstrack2025-master/security/L1/tests/hmac/sha256/../../../../L1/include\xf_security/sha224_256.hpp:101} VARIABLE icmp_ln101 LOOP LOOP_SHA256_GEN_FULL_BLKS BUNDLEDNAME {} DSP 0 BRAM 0 URAM 0 STORAGESUBTYPE {} DISPNAME {bind_op seteq} VISIBLE false} {BINDTYPE op ID {} IMPL fabric LATENCY 0 OPTYPE add PRAGMA {} RTLNAME j_2_fu_130_p2 SOURCE {D:/hlstrack/hlstrack2025-master/security/L1/tests/hmac/sha256/../../../../L1/include\xf_security/sha224_256.hpp:101} VARIABLE j_2 LOOP LOOP_SHA256_GEN_FULL_BLKS BUNDLEDNAME {} DSP 0 BRAM 0 URAM 0 STORAGESUBTYPE {} DISPNAME {bind_op add} VISIBLE true}} AREA {DSP 0 BRAM 0 URAM 0}} preProcessing_Pipeline_LOOP_SHA256_GEN_COPY_TAIL_AND_ONE {BINDINFO {{BINDTYPE op ID {} IMPL auto LATENCY 0 OPTYPE seteq PRAGMA {} RTLNAME icmp_ln160_fu_338_p2 SOURCE {D:/hlstrack/hlstrack2025-master/security/L1/tests/hmac/sha256/../../../../L1/include\xf_security/sha224_256.hpp:160} VARIABLE icmp_ln160 LOOP LOOP_SHA256_GEN_COPY_TAIL_AND_ONE BUNDLEDNAME {} DSP 0 BRAM 0 URAM 0 STORAGESUBTYPE {} DISPNAME {bind_op seteq} VISIBLE false} {BINDTYPE op ID {} IMPL fabric LATENCY 0 OPTYPE add PRAGMA {} RTLNAME add_ln160_fu_344_p2 SOURCE {D:/hlstrack/hlstrack2025-master/security/L1/tests/hmac/sha256/../../../../L1/include\xf_security/sha224_256.hpp:160} VARIABLE add_ln160 LOOP LOOP_SHA256_GEN_COPY_TAIL_AND_ONE BUNDLEDNAME {} DSP 0 BRAM 0 URAM 0 STORAGESUBTYPE {} DISPNAME {bind_op add} VISIBLE true} {BINDTYPE op ID {} IMPL auto LATENCY 0 OPTYPE setlt PRAGMA {} RTLNAME icmp_ln162_fu_350_p2 SOURCE {D:/hlstrack/hlstrack2025-master/security/L1/tests/hmac/sha256/../../../../L1/include\xf_security/sha224_256.hpp:162} VARIABLE icmp_ln162 LOOP LOOP_SHA256_GEN_COPY_TAIL_AND_ONE BUNDLEDNAME {} DSP 0 BRAM 0 URAM 0 STORAGESUBTYPE {} DISPNAME {bind_op setlt} VISIBLE false} {BINDTYPE op ID {} IMPL auto LATENCY 0 OPTYPE setgt PRAGMA {} RTLNAME icmp_ln170_fu_356_p2 SOURCE {D:/hlstrack/hlstrack2025-master/security/L1/tests/hmac/sha256/../../../../L1/include\xf_security/sha224_256.hpp:170} VARIABLE icmp_ln170 LOOP LOOP_SHA256_GEN_COPY_TAIL_AND_ONE BUNDLEDNAME {} DSP 0 BRAM 0 URAM 0 STORAGESUBTYPE {} DISPNAME {bind_op setgt} VISIBLE false}} AREA {DSP 0 BRAM 0 URAM 0}} preProcessing {BINDINFO {{BINDTYPE op ID {} IMPL auto LATENCY 0 OPTYPE setgt PRAGMA {} RTLNAME icmp_ln95_fu_366_p2 SOURCE {D:/hlstrack/hlstrack2025-master/security/L1/tests/hmac/sha256/../../../../L1/include\xf_security/sha224_256.hpp:95} VARIABLE icmp_ln95 LOOP LOOP_SHA256_GENENERATE_MAIN BUNDLEDNAME {} DSP 0 BRAM 0 URAM 0 STORAGESUBTYPE {} DISPNAME {bind_op setgt} VISIBLE false} {BINDTYPE op ID {} IMPL auto_sel LATENCY 0 OPTYPE select PRAGMA {} RTLNAME select_ln95_fu_372_p3 SOURCE {D:/hlstrack/hlstrack2025-master/security/L1/tests/hmac/sha256/../../../../L1/include\xf_security/sha224_256.hpp:95} VARIABLE select_ln95 LOOP LOOP_SHA256_GENENERATE_MAIN BUNDLEDNAME {} DSP 0 BRAM 0 URAM 0 STORAGESUBTYPE {} DISPNAME {bind_op select} VISIBLE false} {BINDTYPE op ID {} IMPL fabric LATENCY 0 OPTYPE add PRAGMA {} RTLNAME blk_num_fu_380_p2 SOURCE {D:/hlstrack/hlstrack2025-master/security/L1/tests/hmac/sha256/../../../../L1/include\xf_security/sha224_256.hpp:95} VARIABLE blk_num LOOP LOOP_SHA256_GENENERATE_MAIN BUNDLEDNAME {} DSP 0 BRAM 0 URAM 0 STORAGESUBTYPE {} DISPNAME {bind_op add} VISIBLE true} {BINDTYPE op ID {} IMPL auto LATENCY 0 OPTYPE seteq PRAGMA {} RTLNAME icmp_ln129_fu_423_p2 SOURCE {D:/hlstrack/hlstrack2025-master/security/L1/tests/hmac/sha256/../../../../L1/include\xf_security/sha224_256.hpp:129} VARIABLE icmp_ln129 LOOP LOOP_SHA256_GENENERATE_MAIN BUNDLEDNAME {} DSP 0 BRAM 0 URAM 0 STORAGESUBTYPE {} DISPNAME {bind_op seteq} VISIBLE false} {BINDTYPE op ID {} IMPL auto LATENCY 0 OPTYPE setlt PRAGMA {} RTLNAME icmp_ln152_fu_428_p2 SOURCE {D:/hlstrack/hlstrack2025-master/security/L1/tests/hmac/sha256/../../../../L1/include\xf_security/sha224_256.hpp:152} VARIABLE icmp_ln152 LOOP LOOP_SHA256_GENENERATE_MAIN BUNDLEDNAME {} DSP 0 BRAM 0 URAM 0 STORAGESUBTYPE {} DISPNAME {bind_op setlt} VISIBLE false} {BINDTYPE op ID {} IMPL auto LATENCY 0 OPTYPE seteq PRAGMA {} RTLNAME cmp275_fu_529_p2 SOURCE {D:/hlstrack/hlstrack2025-master/security/L1/tests/hmac/sha256/../../../../L1/include\xf_security/sha224_256.hpp:91} VARIABLE cmp275 LOOP LOOP_SHA256_GENENERATE_MAIN BUNDLEDNAME {} DSP 0 BRAM 0 URAM 0 STORAGESUBTYPE {} DISPNAME {bind_op seteq} VISIBLE false} {BINDTYPE op ID {} IMPL auto LATENCY 0 OPTYPE seteq PRAGMA {} RTLNAME cmp281_fu_534_p2 SOURCE {D:/hlstrack/hlstrack2025-master/security/L1/tests/hmac/sha256/../../../../L1/include\xf_security/sha224_256.hpp:91} VARIABLE cmp281 LOOP LOOP_SHA256_GENENERATE_MAIN BUNDLEDNAME {} DSP 0 BRAM 0 URAM 0 STORAGESUBTYPE {} DISPNAME {bind_op seteq} VISIBLE false} {BINDTYPE op ID {} IMPL auto LATENCY 0 OPTYPE seteq PRAGMA {} RTLNAME cmp298_fu_539_p2 SOURCE {D:/hlstrack/hlstrack2025-master/security/L1/tests/hmac/sha256/../../../../L1/include\xf_security/sha224_256.hpp:91} VARIABLE cmp298 LOOP LOOP_SHA256_GENENERATE_MAIN BUNDLEDNAME {} DSP 0 BRAM 0 URAM 0 STORAGESUBTYPE {} DISPNAME {bind_op seteq} VISIBLE false} {BINDTYPE op ID {} IMPL auto LATENCY 0 OPTYPE seteq PRAGMA {} RTLNAME icmp_ln215_fu_544_p2 SOURCE {D:/hlstrack/hlstrack2025-master/security/L1/tests/hmac/sha256/../../../../L1/include\xf_security/sha224_256.hpp:215} VARIABLE icmp_ln215 LOOP LOOP_SHA256_GENENERATE_MAIN BUNDLEDNAME {} DSP 0 BRAM 0 URAM 0 STORAGESUBTYPE {} DISPNAME {bind_op seteq} VISIBLE false} {BINDTYPE op ID {} IMPL auto LATENCY 0 OPTYPE setne PRAGMA {} RTLNAME icmp_ln223_fu_607_p2 SOURCE {D:/hlstrack/hlstrack2025-master/security/L1/tests/hmac/sha256/../../../../L1/include\xf_security/sha224_256.hpp:223} VARIABLE icmp_ln223 LOOP LOOP_SHA256_GENENERATE_MAIN BUNDLEDNAME {} DSP 0 BRAM 0 URAM 0 STORAGESUBTYPE {} DISPNAME {bind_op setne} VISIBLE false} {BINDTYPE op ID {} IMPL auto LATENCY 0 OPTYPE or PRAGMA {} RTLNAME or_ln223_fu_612_p2 SOURCE {D:/hlstrack/hlstrack2025-master/security/L1/tests/hmac/sha256/../../../../L1/include\xf_security/sha224_256.hpp:223} VARIABLE or_ln223 LOOP LOOP_SHA256_GENENERATE_MAIN BUNDLEDNAME {} DSP 0 BRAM 0 URAM 0 STORAGESUBTYPE {} DISPNAME {bind_op or} VISIBLE false} {BINDTYPE op ID {} IMPL auto_sel LATENCY 0 OPTYPE select PRAGMA {} RTLNAME select_ln223_fu_618_p3 SOURCE {D:/hlstrack/hlstrack2025-master/security/L1/tests/hmac/sha256/../../../../L1/include\xf_security/sha224_256.hpp:223} VARIABLE select_ln223 LOOP LOOP_SHA256_GENENERATE_MAIN BUNDLEDNAME {} DSP 0 BRAM 0 URAM 0 STORAGESUBTYPE {} DISPNAME {bind_op select} VISIBLE false}} AREA {DSP 0 BRAM 0 URAM 0}} generateMsgSchedule_Pipeline_LOOP_SHA256_PREPARE_WT16 {BINDINFO {{BINDTYPE op ID {} IMPL auto LATENCY 0 OPTYPE seteq PRAGMA {} RTLNAME icmp_ln541_fu_435_p2 SOURCE {D:/hlstrack/hlstrack2025-master/security/L1/tests/hmac/sha256/../../../../L1/include\xf_security/sha224_256.hpp:541} VARIABLE icmp_ln541 LOOP LOOP_SHA256_PREPARE_WT16 BUNDLEDNAME {} DSP 0 BRAM 0 URAM 0 STORAGESUBTYPE {} DISPNAME {bind_op seteq} VISIBLE false} {BINDTYPE op ID {} IMPL fabric LATENCY 0 OPTYPE add PRAGMA {} RTLNAME add_ln541_fu_441_p2 SOURCE {D:/hlstrack/hlstrack2025-master/security/L1/tests/hmac/sha256/../../../../L1/include\xf_security/sha224_256.hpp:541} VARIABLE add_ln541 LOOP LOOP_SHA256_PREPARE_WT16 BUNDLEDNAME {} DSP 0 BRAM 0 URAM 0 STORAGESUBTYPE {} DISPNAME {bind_op add} VISIBLE true} {BINDTYPE op ID {} IMPL compactencoding_dontcare LATENCY 0 OPTYPE sparsemux PRAGMA {} RTLNAME sparsemux_33_4_32_1_1_U61 SOURCE {D:/hlstrack/hlstrack2025-master/security/L1/tests/hmac/sha256/../../../../L1/include\xf_security/sha224_256.hpp:543} VARIABLE Wt LOOP LOOP_SHA256_PREPARE_WT16 BUNDLEDNAME {} DSP 0 BRAM 0 URAM 0 STORAGESUBTYPE {} DISPNAME {bind_op sparsemux} VISIBLE false}} AREA {DSP 0 BRAM 0 URAM 0}} generateMsgSchedule_Pipeline_LOOP_SHA256_PREPARE_WT64 {BINDINFO {{BINDTYPE op ID {} IMPL auto LATENCY 0 OPTYPE seteq PRAGMA {} RTLNAME icmp_ln549_fu_406_p2 SOURCE {D:/hlstrack/hlstrack2025-master/security/L1/tests/hmac/sha256/../../../../L1/include\xf_security/sha224_256.hpp:549} VARIABLE icmp_ln549 LOOP LOOP_SHA256_PREPARE_WT64 BUNDLEDNAME {} DSP 0 BRAM 0 URAM 0 STORAGESUBTYPE {} DISPNAME {bind_op seteq} VISIBLE false} {BINDTYPE op ID {} IMPL auto LATENCY 0 OPTYPE xor PRAGMA {} RTLNAME xor_ln553_fu_537_p2 SOURCE {D:/hlstrack/hlstrack2025-master/security/L1/tests/hmac/sha256/../../../../L1/include\xf_security/sha224_256.hpp:553} VARIABLE xor_ln553 LOOP LOOP_SHA256_PREPARE_WT64 BUNDLEDNAME {} DSP 0 BRAM 0 URAM 0 STORAGESUBTYPE {} DISPNAME {bind_op xor} VISIBLE false} {BINDTYPE op ID {} IMPL auto LATENCY 0 OPTYPE xor PRAGMA {} RTLNAME xor_ln553_1_fu_543_p2 SOURCE {D:/hlstrack/hlstrack2025-master/security/L1/tests/hmac/sha256/../../../../L1/include\xf_security/sha224_256.hpp:553} VARIABLE xor_ln553_1 LOOP LOOP_SHA256_PREPARE_WT64 BUNDLEDNAME {} DSP 0 BRAM 0 URAM 0 STORAGESUBTYPE {} DISPNAME {bind_op xor} VISIBLE false} {BINDTYPE op ID {} IMPL auto LATENCY 0 OPTYPE xor PRAGMA {} RTLNAME xor_ln553_2_fu_549_p2 SOURCE {D:/hlstrack/hlstrack2025-master/security/L1/tests/hmac/sha256/../../../../L1/include\xf_security/sha224_256.hpp:553} VARIABLE xor_ln553_2 LOOP LOOP_SHA256_PREPARE_WT64 BUNDLEDNAME {} DSP 0 BRAM 0 URAM 0 STORAGESUBTYPE {} DISPNAME {bind_op xor} VISIBLE false} {BINDTYPE op ID {} IMPL auto LATENCY 0 OPTYPE xor PRAGMA {} RTLNAME xor_ln553_3_fu_555_p2 SOURCE {D:/hlstrack/hlstrack2025-master/security/L1/tests/hmac/sha256/../../../../L1/include\xf_security/sha224_256.hpp:553} VARIABLE xor_ln553_3 LOOP LOOP_SHA256_PREPARE_WT64 BUNDLEDNAME {} DSP 0 BRAM 0 URAM 0 STORAGESUBTYPE {} DISPNAME {bind_op xor} VISIBLE false} {BINDTYPE op ID {} IMPL fabric LATENCY 0 OPTYPE add PRAGMA {} RTLNAME add_ln553_1_fu_567_p2 SOURCE {D:/hlstrack/hlstrack2025-master/security/L1/tests/hmac/sha256/../../../../L1/include\xf_security/sha224_256.hpp:553} VARIABLE add_ln553_1 LOOP LOOP_SHA256_PREPARE_WT64 BUNDLEDNAME {} DSP 0 BRAM 0 URAM 0 STORAGESUBTYPE {} DISPNAME {bind_op add} VISIBLE true} {BINDTYPE op ID {} IMPL fabric LATENCY 0 OPTYPE add PRAGMA {} RTLNAME t_3_fu_579_p2 SOURCE {D:/hlstrack/hlstrack2025-master/security/L1/tests/hmac/sha256/../../../../L1/include\xf_security/sha224_256.hpp:549} VARIABLE t_3 LOOP LOOP_SHA256_PREPARE_WT64 BUNDLEDNAME {} DSP 0 BRAM 0 URAM 0 STORAGESUBTYPE {} DISPNAME {bind_op add} VISIBLE true}} AREA {DSP 0 BRAM 0 URAM 0}} generateMsgSchedule {BINDINFO {{BINDTYPE op ID {} IMPL auto LATENCY 0 OPTYPE seteq PRAGMA {} RTLNAME icmp_ln530_fu_282_p2 SOURCE {D:/hlstrack/hlstrack2025-master/security/L1/tests/hmac/sha256/../../../../L1/include\xf_security/sha224_256.hpp:530} VARIABLE icmp_ln530 LOOP VITIS_LOOP_530_2 BUNDLEDNAME {} DSP 0 BRAM 0 URAM 0 STORAGESUBTYPE {} DISPNAME {bind_op seteq} VISIBLE false} {BINDTYPE op ID {} IMPL fabric LATENCY 0 OPTYPE add PRAGMA {} RTLNAME i_fu_287_p2 SOURCE {D:/hlstrack/hlstrack2025-master/security/L1/tests/hmac/sha256/../../../../L1/include\xf_security/sha224_256.hpp:530} VARIABLE i LOOP VITIS_LOOP_530_2 BUNDLEDNAME {} DSP 0 BRAM 0 URAM 0 STORAGESUBTYPE {} DISPNAME {bind_op add} VISIBLE true}} AREA {DSP 0 BRAM 0 URAM 0}} sha256Digest_256_Pipeline_LOOP_SHA256_UPDATE_64_ROUNDS {BINDINFO {{BINDTYPE op ID {} IMPL auto LATENCY 0 OPTYPE seteq PRAGMA {} RTLNAME icmp_ln682_fu_609_p2 SOURCE {D:/hlstrack/hlstrack2025-master/security/L1/tests/hmac/sha256/../../../../L1/include\xf_security/sha224_256.hpp:682} VARIABLE icmp_ln682 LOOP LOOP_SHA256_UPDATE_64_ROUNDS BUNDLEDNAME {} DSP 0 BRAM 0 URAM 0 STORAGESUBTYPE {} DISPNAME {bind_op seteq} VISIBLE false} {BINDTYPE op ID {} IMPL fabric LATENCY 0 OPTYPE add PRAGMA {} RTLNAME t_2_fu_615_p2 SOURCE {D:/hlstrack/hlstrack2025-master/security/L1/tests/hmac/sha256/../../../../L1/include\xf_security/sha224_256.hpp:600} VARIABLE t_2 LOOP LOOP_SHA256_UPDATE_64_ROUNDS BUNDLEDNAME {} DSP 0 BRAM 0 URAM 0 STORAGESUBTYPE {} DISPNAME {bind_op add} VISIBLE true} {BINDTYPE op ID {} IMPL auto LATENCY 0 OPTYPE xor PRAGMA {} RTLNAME xor_ln580_fu_699_p2 SOURCE {D:/hlstrack/hlstrack2025-master/security/L1/tests/hmac/sha256/../../../../L1/include\xf_security/sha224_256.hpp:580} VARIABLE xor_ln580 LOOP LOOP_SHA256_UPDATE_64_ROUNDS BUNDLEDNAME {} DSP 0 BRAM 0 URAM 0 STORAGESUBTYPE {} DISPNAME {bind_op xor} VISIBLE false} {BINDTYPE op ID {} IMPL auto LATENCY 0 OPTYPE and PRAGMA {} RTLNAME and_ln580_fu_721_p2 SOURCE {D:/hlstrack/hlstrack2025-master/security/L1/tests/hmac/sha256/../../../../L1/include\xf_security/sha224_256.hpp:580} VARIABLE and_ln580 LOOP LOOP_SHA256_UPDATE_64_ROUNDS BUNDLEDNAME {} DSP 0 BRAM 0 URAM 0 STORAGESUBTYPE {} DISPNAME {bind_op and} VISIBLE false} {BINDTYPE op ID {} IMPL auto LATENCY 0 OPTYPE and PRAGMA {} RTLNAME and_ln580_1_fu_727_p2 SOURCE {D:/hlstrack/hlstrack2025-master/security/L1/tests/hmac/sha256/../../../../L1/include\xf_security/sha224_256.hpp:580} VARIABLE and_ln580_1 LOOP LOOP_SHA256_UPDATE_64_ROUNDS BUNDLEDNAME {} DSP 0 BRAM 0 URAM 0 STORAGESUBTYPE {} DISPNAME {bind_op and} VISIBLE false} {BINDTYPE op ID {} IMPL auto LATENCY 0 OPTYPE xor PRAGMA {} RTLNAME xor_ln580_1_fu_741_p2 SOURCE {D:/hlstrack/hlstrack2025-master/security/L1/tests/hmac/sha256/../../../../L1/include\xf_security/sha224_256.hpp:580} VARIABLE xor_ln580_1 LOOP LOOP_SHA256_UPDATE_64_ROUNDS BUNDLEDNAME {} DSP 0 BRAM 0 URAM 0 STORAGESUBTYPE {} DISPNAME {bind_op xor} VISIBLE false} {BINDTYPE op ID {} IMPL auto LATENCY 0 OPTYPE xor PRAGMA {} RTLNAME xor_ln580_2_fu_747_p2 SOURCE {D:/hlstrack/hlstrack2025-master/security/L1/tests/hmac/sha256/../../../../L1/include\xf_security/sha224_256.hpp:580} VARIABLE xor_ln580_2 LOOP LOOP_SHA256_UPDATE_64_ROUNDS BUNDLEDNAME {} DSP 0 BRAM 0 URAM 0 STORAGESUBTYPE {} DISPNAME {bind_op xor} VISIBLE false} {BINDTYPE op ID {} IMPL auto LATENCY 0 OPTYPE xor PRAGMA {} RTLNAME xor_ln580_3_fu_753_p2 SOURCE {D:/hlstrack/hlstrack2025-master/security/L1/tests/hmac/sha256/../../../../L1/include\xf_security/sha224_256.hpp:580} VARIABLE xor_ln580_3 LOOP LOOP_SHA256_UPDATE_64_ROUNDS BUNDLEDNAME {} DSP 0 BRAM 0 URAM 0 STORAGESUBTYPE {} DISPNAME {bind_op xor} VISIBLE false} {BINDTYPE op ID {} IMPL fabric LATENCY 0 OPTYPE add PRAGMA {} RTLNAME add_ln580_1_fu_759_p2 SOURCE {D:/hlstrack/hlstrack2025-master/security/L1/tests/hmac/sha256/../../../../L1/include\xf_security/sha224_256.hpp:580} VARIABLE add_ln580_1 LOOP LOOP_SHA256_UPDATE_64_ROUNDS BUNDLEDNAME {} DSP 0 BRAM 0 URAM 0 STORAGESUBTYPE {} DISPNAME {bind_op add} VISIBLE true} {BINDTYPE op ID {} IMPL fabric LATENCY 0 OPTYPE add PRAGMA {} RTLNAME add_ln580_fu_771_p2 SOURCE {D:/hlstrack/hlstrack2025-master/security/L1/tests/hmac/sha256/../../../../L1/include\xf_security/sha224_256.hpp:580} VARIABLE add_ln580 LOOP LOOP_SHA256_UPDATE_64_ROUNDS BUNDLEDNAME {} DSP 0 BRAM 0 URAM 0 STORAGESUBTYPE {} DISPNAME {bind_op add} VISIBLE true} {BINDTYPE op ID {} IMPL fabric LATENCY 0 OPTYPE add PRAGMA {} RTLNAME e_2_fu_824_p2 SOURCE {D:/hlstrack/hlstrack2025-master/security/L1/tests/hmac/sha256/../../../../L1/include\xf_security/sha224_256.hpp:587} VARIABLE e_2 LOOP LOOP_SHA256_UPDATE_64_ROUNDS BUNDLEDNAME {} DSP 0 BRAM 0 URAM 0 STORAGESUBTYPE {} DISPNAME {bind_op add} VISIBLE true} {BINDTYPE op ID {} IMPL auto LATENCY 0 OPTYPE xor PRAGMA {} RTLNAME xor_ln591_fu_830_p2 SOURCE {D:/hlstrack/hlstrack2025-master/security/L1/tests/hmac/sha256/../../../../L1/include\xf_security/sha224_256.hpp:591} VARIABLE xor_ln591 LOOP LOOP_SHA256_UPDATE_64_ROUNDS BUNDLEDNAME {} DSP 0 BRAM 0 URAM 0 STORAGESUBTYPE {} DISPNAME {bind_op xor} VISIBLE false} {BINDTYPE op ID {} IMPL auto LATENCY 0 OPTYPE and PRAGMA {} RTLNAME and_ln591_fu_836_p2 SOURCE {D:/hlstrack/hlstrack2025-master/security/L1/tests/hmac/sha256/../../../../L1/include\xf_security/sha224_256.hpp:591} VARIABLE and_ln591 LOOP LOOP_SHA256_UPDATE_64_ROUNDS BUNDLEDNAME {} DSP 0 BRAM 0 URAM 0 STORAGESUBTYPE {} DISPNAME {bind_op and} VISIBLE false} {BINDTYPE op ID {} IMPL auto LATENCY 0 OPTYPE and PRAGMA {} RTLNAME and_ln591_1_fu_842_p2 SOURCE {D:/hlstrack/hlstrack2025-master/security/L1/tests/hmac/sha256/../../../../L1/include\xf_security/sha224_256.hpp:591} VARIABLE and_ln591_1 LOOP LOOP_SHA256_UPDATE_64_ROUNDS BUNDLEDNAME {} DSP 0 BRAM 0 URAM 0 STORAGESUBTYPE {} DISPNAME {bind_op and} VISIBLE false} {BINDTYPE op ID {} IMPL auto LATENCY 0 OPTYPE xor PRAGMA {} RTLNAME xor_ln591_1_fu_864_p2 SOURCE {D:/hlstrack/hlstrack2025-master/security/L1/tests/hmac/sha256/../../../../L1/include\xf_security/sha224_256.hpp:591} VARIABLE xor_ln591_1 LOOP LOOP_SHA256_UPDATE_64_ROUNDS BUNDLEDNAME {} DSP 0 BRAM 0 URAM 0 STORAGESUBTYPE {} DISPNAME {bind_op xor} VISIBLE false} {BINDTYPE op ID {} IMPL auto LATENCY 0 OPTYPE xor PRAGMA {} RTLNAME xor_ln591_2_fu_878_p2 SOURCE {D:/hlstrack/hlstrack2025-master/security/L1/tests/hmac/sha256/../../../../L1/include\xf_security/sha224_256.hpp:591} VARIABLE xor_ln591_2 LOOP LOOP_SHA256_UPDATE_64_ROUNDS BUNDLEDNAME {} DSP 0 BRAM 0 URAM 0 STORAGESUBTYPE {} DISPNAME {bind_op xor} VISIBLE false} {BINDTYPE op ID {} IMPL auto LATENCY 0 OPTYPE xor PRAGMA {} RTLNAME xor_ln591_3_fu_884_p2 SOURCE {D:/hlstrack/hlstrack2025-master/security/L1/tests/hmac/sha256/../../../../L1/include\xf_security/sha224_256.hpp:591} VARIABLE xor_ln591_3 LOOP LOOP_SHA256_UPDATE_64_ROUNDS BUNDLEDNAME {} DSP 0 BRAM 0 URAM 0 STORAGESUBTYPE {} DISPNAME {bind_op xor} VISIBLE false} {BINDTYPE op ID {} IMPL compactencoding_dontcare LATENCY 0 OPTYPE sparsemux PRAGMA {} RTLNAME sparsemux_129_6_32_1_1_U117 SOURCE {D:/hlstrack/hlstrack2025-master/security/L1/tests/hmac/sha256/../../../../L1/include\xf_security/sha224_256.hpp:600} VARIABLE Kt_1 LOOP LOOP_SHA256_UPDATE_64_ROUNDS BUNDLEDNAME {} DSP 0 BRAM 0 URAM 0 STORAGESUBTYPE {} DISPNAME {bind_op sparsemux} VISIBLE false} {BINDTYPE op ID {} IMPL fabric LATENCY 0 OPTYPE add PRAGMA {} RTLNAME add_ln688_fu_1280_p2 SOURCE {D:/hlstrack/hlstrack2025-master/security/L1/tests/hmac/sha256/../../../../L1/include\xf_security/sha224_256.hpp:688} VARIABLE add_ln688 LOOP LOOP_SHA256_UPDATE_64_ROUNDS BUNDLEDNAME {} DSP 0 BRAM 0 URAM 0 STORAGESUBTYPE {} DISPNAME {bind_op add} VISIBLE true} {BINDTYPE op ID {} IMPL fabric LATENCY 0 OPTYPE add PRAGMA {} RTLNAME add_ln689_fu_1165_p2 SOURCE {D:/hlstrack/hlstrack2025-master/security/L1/tests/hmac/sha256/../../../../L1/include\xf_security/sha224_256.hpp:689} VARIABLE add_ln689 LOOP LOOP_SHA256_UPDATE_64_ROUNDS BUNDLEDNAME {} DSP 0 BRAM 0 URAM 0 STORAGESUBTYPE {} DISPNAME {bind_op add} VISIBLE true} {BINDTYPE op ID {} IMPL fabric LATENCY 0 OPTYPE add PRAGMA {} RTLNAME add_ln690_fu_1170_p2 SOURCE {D:/hlstrack/hlstrack2025-master/security/L1/tests/hmac/sha256/../../../../L1/include\xf_security/sha224_256.hpp:690} VARIABLE add_ln690 LOOP LOOP_SHA256_UPDATE_64_ROUNDS BUNDLEDNAME {} DSP 0 BRAM 0 URAM 0 STORAGESUBTYPE {} DISPNAME {bind_op add} VISIBLE true} {BINDTYPE op ID {} IMPL fabric LATENCY 0 OPTYPE add PRAGMA {} RTLNAME add_ln691_fu_1175_p2 SOURCE {D:/hlstrack/hlstrack2025-master/security/L1/tests/hmac/sha256/../../../../L1/include\xf_security/sha224_256.hpp:691} VARIABLE add_ln691 LOOP LOOP_SHA256_UPDATE_64_ROUNDS BUNDLEDNAME {} DSP 0 BRAM 0 URAM 0 STORAGESUBTYPE {} DISPNAME {bind_op add} VISIBLE true} {BINDTYPE op ID {} IMPL fabric LATENCY 0 OPTYPE add PRAGMA {} RTLNAME add_ln692_fu_1180_p2 SOURCE {D:/hlstrack/hlstrack2025-master/security/L1/tests/hmac/sha256/../../../../L1/include\xf_security/sha224_256.hpp:692} VARIABLE add_ln692 LOOP LOOP_SHA256_UPDATE_64_ROUNDS BUNDLEDNAME {} DSP 0 BRAM 0 URAM 0 STORAGESUBTYPE {} DISPNAME {bind_op add} VISIBLE true} {BINDTYPE op ID {} IMPL fabric LATENCY 0 OPTYPE add PRAGMA {} RTLNAME add_ln693_fu_1185_p2 SOURCE {D:/hlstrack/hlstrack2025-master/security/L1/tests/hmac/sha256/../../../../L1/include\xf_security/sha224_256.hpp:693} VARIABLE add_ln693 LOOP LOOP_SHA256_UPDATE_64_ROUNDS BUNDLEDNAME {} DSP 0 BRAM 0 URAM 0 STORAGESUBTYPE {} DISPNAME {bind_op add} VISIBLE true} {BINDTYPE op ID {} IMPL fabric LATENCY 0 OPTYPE add PRAGMA {} RTLNAME add_ln694_fu_1190_p2 SOURCE {D:/hlstrack/hlstrack2025-master/security/L1/tests/hmac/sha256/../../../../L1/include\xf_security/sha224_256.hpp:694} VARIABLE add_ln694 LOOP LOOP_SHA256_UPDATE_64_ROUNDS BUNDLEDNAME {} DSP 0 BRAM 0 URAM 0 STORAGESUBTYPE {} DISPNAME {bind_op add} VISIBLE true} {BINDTYPE op ID {} IMPL fabric LATENCY 0 OPTYPE add PRAGMA {} RTLNAME add_ln695_fu_1195_p2 SOURCE {D:/hlstrack/hlstrack2025-master/security/L1/tests/hmac/sha256/../../../../L1/include\xf_security/sha224_256.hpp:695} VARIABLE add_ln695 LOOP LOOP_SHA256_UPDATE_64_ROUNDS BUNDLEDNAME {} DSP 0 BRAM 0 URAM 0 STORAGESUBTYPE {} DISPNAME {bind_op add} VISIBLE true}} AREA {DSP 0 BRAM 0 URAM 0}} sha256Digest_256_s {BINDINFO {{BINDTYPE op ID {} IMPL auto LATENCY 0 OPTYPE seteq PRAGMA {} RTLNAME icmp_ln663_fu_302_p2 SOURCE {D:/hlstrack/hlstrack2025-master/security/L1/tests/hmac/sha256/../../../../L1/include\xf_security/sha224_256.hpp:663} VARIABLE icmp_ln663 LOOP LOOP_SHA256_DIGEST_NBLK BUNDLEDNAME {} DSP 0 BRAM 0 URAM 0 STORAGESUBTYPE {} DISPNAME {bind_op seteq} VISIBLE false} {BINDTYPE op ID {} IMPL fabric LATENCY 0 OPTYPE add PRAGMA {} RTLNAME n_1_fu_307_p2 SOURCE {D:/hlstrack/hlstrack2025-master/security/L1/tests/hmac/sha256/../../../../L1/include\xf_security/sha224_256.hpp:663} VARIABLE n_1 LOOP LOOP_SHA256_DIGEST_NBLK BUNDLEDNAME {} DSP 0 BRAM 0 URAM 0 STORAGESUBTYPE {} DISPNAME {bind_op add} VISIBLE true}} AREA {DSP 0 BRAM 0 URAM 0}} sha256_top_32_256_s {BINDINFO {{BINDTYPE storage ID {} IMPL lutram LATENCY 0 OPTYPE fifo PRAGMA {} RTLNAME blk_strm_U SOURCE :0 VARIABLE blk_strm LOOP {} BUNDLEDNAME {} DSP 0 BRAM 0 URAM 0 STORAGESUBTYPE stream STORAGESIZE {512 32 1} STORAGEUSAGE {fifo channel} DISPNAME {bind_storage fifo} VISIBLE true} {BINDTYPE storage ID {} IMPL lutram LATENCY 0 OPTYPE fifo PRAGMA {} RTLNAME nblk_strm_U SOURCE {D:/hlstrack/hlstrack2025-master/security/L1/tests/hmac/sha256/../../../../L1/include\xf_security/sha224_256.hpp:759} VARIABLE nblk_strm LOOP {} BUNDLEDNAME {} DSP 0 BRAM 0 URAM 0 STORAGESUBTYPE stream STORAGESIZE {64 32 1} STORAGEUSAGE {fifo channel} DISPNAME {bind_storage fifo} VISIBLE true} {BINDTYPE storage ID {} IMPL lutram LATENCY 0 OPTYPE fifo PRAGMA {} RTLNAME end_nblk_strm_U SOURCE {D:/hlstrack/hlstrack2025-master/security/L1/tests/hmac/sha256/../../../../L1/include\xf_security/sha224_256.hpp:770} VARIABLE end_nblk_strm LOOP {} BUNDLEDNAME {} DSP 0 BRAM 0 URAM 0 STORAGESUBTYPE stream STORAGESIZE {1 32 1} STORAGEUSAGE {fifo channel} DISPNAME {bind_storage fifo} VISIBLE true} {BINDTYPE storage ID {} IMPL lutram LATENCY 0 OPTYPE fifo PRAGMA {} RTLNAME nblk_strm1_U SOURCE {D:/hlstrack/hlstrack2025-master/security/L1/tests/hmac/sha256/../../../../L1/include\xf_security/sha224_256.hpp:762} VARIABLE nblk_strm1 LOOP {} BUNDLEDNAME {} DSP 0 BRAM 0 URAM 0 STORAGESUBTYPE stream STORAGESIZE {64 32 1} STORAGEUSAGE {fifo channel} DISPNAME {bind_storage fifo} VISIBLE true} {BINDTYPE storage ID {} IMPL lutram LATENCY 0 OPTYPE fifo PRAGMA {} RTLNAME end_nblk_strm1_U SOURCE {D:/hlstrack/hlstrack2025-master/security/L1/tests/hmac/sha256/../../../../L1/include\xf_security/sha224_256.hpp:773} VARIABLE end_nblk_strm1 LOOP {} BUNDLEDNAME {} DSP 0 BRAM 0 URAM 0 STORAGESUBTYPE stream STORAGESIZE {1 32 1} STORAGEUSAGE {fifo channel} DISPNAME {bind_storage fifo} VISIBLE true} {BINDTYPE storage ID {} IMPL lutram LATENCY 0 OPTYPE fifo PRAGMA {} RTLNAME nblk_strm2_U SOURCE {D:/hlstrack/hlstrack2025-master/security/L1/tests/hmac/sha256/../../../../L1/include\xf_security/sha224_256.hpp:765} VARIABLE nblk_strm2 LOOP {} BUNDLEDNAME {} DSP 0 BRAM 0 URAM 0 STORAGESUBTYPE stream STORAGESIZE {64 32 1} STORAGEUSAGE {fifo channel} DISPNAME {bind_storage fifo} VISIBLE true} {BINDTYPE storage ID {} IMPL lutram LATENCY 0 OPTYPE fifo PRAGMA {} RTLNAME end_nblk_strm2_U SOURCE {D:/hlstrack/hlstrack2025-master/security/L1/tests/hmac/sha256/../../../../L1/include\xf_security/sha224_256.hpp:776} VARIABLE end_nblk_strm2 LOOP {} BUNDLEDNAME {} DSP 0 BRAM 0 URAM 0 STORAGESUBTYPE stream STORAGESIZE {1 32 1} STORAGEUSAGE {fifo channel} DISPNAME {bind_storage fifo} VISIBLE true} {BINDTYPE storage ID {} IMPL lutram LATENCY 0 OPTYPE fifo PRAGMA {} RTLNAME w_strm_U SOURCE {D:/hlstrack/hlstrack2025-master/security/L1/tests/hmac/sha256/../../../../L1/include\xf_security/sha224_256.hpp:781} VARIABLE w_strm LOOP {} BUNDLEDNAME {} DSP 0 BRAM 0 URAM 0 STORAGESUBTYPE stream STORAGESIZE {32 32 1} STORAGEUSAGE {fifo channel} DISPNAME {bind_storage fifo} VISIBLE true}} AREA {DSP 0 BRAM 0 URAM 0}} msgHash_32_64_256_32_64_sha256_wrapper_s {BINDINFO {{BINDTYPE storage ID {} IMPL bram LATENCY 0 OPTYPE fifo PRAGMA {} RTLNAME mergeKipadStrm_U SOURCE {D:/hlstrack/hlstrack2025-master/security/L1/tests/hmac/sha256/../../../../L1/include\xf_security/hmac.hpp:190} VARIABLE mergeKipadStrm LOOP {} BUNDLEDNAME {} DSP 0 BRAM 2 URAM 0 STORAGESUBTYPE stream STORAGESIZE {32 128 1} STORAGEUSAGE {fifo channel} DISPNAME {bind_storage fifo} VISIBLE true} {BINDTYPE storage ID {} IMPL lutram LATENCY 0 OPTYPE fifo PRAGMA {} RTLNAME mergeKipadLenStrm_U SOURCE {D:/hlstrack/hlstrack2025-master/security/L1/tests/hmac/sha256/../../../../L1/include\xf_security/hmac.hpp:193} VARIABLE mergeKipadLenStrm LOOP {} BUNDLEDNAME {} DSP 0 BRAM 0 URAM 0 STORAGESUBTYPE stream STORAGESIZE {64 4 1} STORAGEUSAGE {fifo channel} DISPNAME {bind_storage fifo} VISIBLE true} {BINDTYPE storage ID {} IMPL lutram LATENCY 0 OPTYPE fifo PRAGMA {} RTLNAME eMergeKipadLenStrm_U SOURCE {D:/hlstrack/hlstrack2025-master/security/L1/tests/hmac/sha256/../../../../L1/include\xf_security/hmac.hpp:196} VARIABLE eMergeKipadLenStrm LOOP {} BUNDLEDNAME {} DSP 0 BRAM 0 URAM 0 STORAGESUBTYPE stream STORAGESIZE {1 4 1} STORAGEUSAGE {fifo channel} DISPNAME {bind_storage fifo} VISIBLE true}} AREA {DSP 0 BRAM 2 URAM 0}} mergeKopad_32_64_256_32_64_Pipeline_VITIS_LOOP_220_2 {BINDINFO {{BINDTYPE op ID {} IMPL auto LATENCY 0 OPTYPE seteq PRAGMA {} RTLNAME icmp_ln220_fu_84_p2 SOURCE {D:/hlstrack/hlstrack2025-master/security/L1/tests/hmac/sha256/../../../../L1/include\xf_security/hmac.hpp:220} VARIABLE icmp_ln220 LOOP VITIS_LOOP_220_2 BUNDLEDNAME {} DSP 0 BRAM 0 URAM 0 STORAGESUBTYPE {} DISPNAME {bind_op seteq} VISIBLE false} {BINDTYPE op ID {} IMPL fabric LATENCY 0 OPTYPE add PRAGMA {} RTLNAME i_5_fu_90_p2 SOURCE {D:/hlstrack/hlstrack2025-master/security/L1/tests/hmac/sha256/../../../../L1/include\xf_security/hmac.hpp:220} VARIABLE i_5 LOOP VITIS_LOOP_220_2 BUNDLEDNAME {} DSP 0 BRAM 0 URAM 0 STORAGESUBTYPE {} DISPNAME {bind_op add} VISIBLE true}} AREA {DSP 0 BRAM 0 URAM 0}} mergeKopad_32_64_256_32_64_Pipeline_VITIS_LOOP_226_3 {BINDINFO {{BINDTYPE op ID {} IMPL auto LATENCY 0 OPTYPE seteq PRAGMA {} RTLNAME icmp_ln226_fu_84_p2 SOURCE {D:/hlstrack/hlstrack2025-master/security/L1/tests/hmac/sha256/../../../../L1/include\xf_security/hmac.hpp:226} VARIABLE icmp_ln226 LOOP VITIS_LOOP_226_3 BUNDLEDNAME {} DSP 0 BRAM 0 URAM 0 STORAGESUBTYPE {} DISPNAME {bind_op seteq} VISIBLE false} {BINDTYPE op ID {} IMPL fabric LATENCY 0 OPTYPE add PRAGMA {} RTLNAME i_3_fu_90_p2 SOURCE {D:/hlstrack/hlstrack2025-master/security/L1/tests/hmac/sha256/../../../../L1/include\xf_security/hmac.hpp:226} VARIABLE i_3 LOOP VITIS_LOOP_226_3 BUNDLEDNAME {} DSP 0 BRAM 0 URAM 0 STORAGESUBTYPE {} DISPNAME {bind_op add} VISIBLE true}} AREA {DSP 0 BRAM 0 URAM 0}} resHash_32_64_256_32_64_sha256_wrapper_s {BINDINFO {{BINDTYPE storage ID {} IMPL lutram LATENCY 0 OPTYPE fifo PRAGMA {} RTLNAME mergeKopadStrm_U SOURCE {D:/hlstrack/hlstrack2025-master/security/L1/tests/hmac/sha256/../../../../L1/include\xf_security/hmac.hpp:243} VARIABLE mergeKopadStrm LOOP {} BUNDLEDNAME {} DSP 0 BRAM 0 URAM 0 STORAGESUBTYPE stream STORAGESIZE {32 4 1} STORAGEUSAGE {fifo channel} DISPNAME {bind_storage fifo} VISIBLE true} {BINDTYPE storage ID {} IMPL lutram LATENCY 0 OPTYPE fifo PRAGMA {} RTLNAME mergeKopadLenStrm_U SOURCE {D:/hlstrack/hlstrack2025-master/security/L1/tests/hmac/sha256/../../../../L1/include\xf_security/hmac.hpp:246} VARIABLE mergeKopadLenStrm LOOP {} BUNDLEDNAME {} DSP 0 BRAM 0 URAM 0 STORAGESUBTYPE stream STORAGESIZE {64 4 1} STORAGEUSAGE {fifo channel} DISPNAME {bind_storage fifo} VISIBLE true} {BINDTYPE storage ID {} IMPL lutram LATENCY 0 OPTYPE fifo PRAGMA {} RTLNAME eMergeKopadLenStrm_U SOURCE {D:/hlstrack/hlstrack2025-master/security/L1/tests/hmac/sha256/../../../../L1/include\xf_security/hmac.hpp:249} VARIABLE eMergeKopadLenStrm LOOP {} BUNDLEDNAME {} DSP 0 BRAM 0 URAM 0 STORAGESUBTYPE stream STORAGESIZE {1 4 1} STORAGEUSAGE {fifo channel} DISPNAME {bind_storage fifo} VISIBLE true}} AREA {DSP 0 BRAM 0 URAM 0}} hmacDataflow_32_64_256_32_64_sha256_wrapper_s {BINDINFO {{BINDTYPE storage ID {} IMPL lutram LATENCY 0 OPTYPE fifo PRAGMA {} RTLNAME kipadStrm_U SOURCE {D:/hlstrack/hlstrack2025-master/security/L1/tests/hmac/sha256/../../../../L1/include\xf_security/hmac.hpp:271} VARIABLE kipadStrm LOOP {} BUNDLEDNAME {} DSP 0 BRAM 0 URAM 0 STORAGESUBTYPE stream STORAGESIZE {512 4 1} STORAGEUSAGE {fifo channel} DISPNAME {bind_storage fifo} VISIBLE true} {BINDTYPE storage ID {} IMPL lutram LATENCY 0 OPTYPE fifo PRAGMA {} RTLNAME kopadStrm_U SOURCE {D:/hlstrack/hlstrack2025-master/security/L1/tests/hmac/sha256/../../../../L1/include\xf_security/hmac.hpp:274} VARIABLE kopadStrm LOOP {} BUNDLEDNAME {} DSP 0 BRAM 0 URAM 0 STORAGESUBTYPE stream STORAGESIZE {512 4 1} STORAGEUSAGE {fifo channel} DISPNAME {bind_storage fifo} VISIBLE true} {BINDTYPE storage ID {} IMPL lutram LATENCY 0 OPTYPE fifo PRAGMA {} RTLNAME eKipadStrm_U SOURCE {D:/hlstrack/hlstrack2025-master/security/L1/tests/hmac/sha256/../../../../L1/include\xf_security/hmac.hpp:267} VARIABLE eKipadStrm LOOP {} BUNDLEDNAME {} DSP 0 BRAM 0 URAM 0 STORAGESUBTYPE stream STORAGESIZE {1 4 1} STORAGEUSAGE {fifo channel} DISPNAME {bind_storage fifo} VISIBLE true} {BINDTYPE storage ID {} IMPL lutram LATENCY 0 OPTYPE fifo PRAGMA {} RTLNAME kopad2Strm_U SOURCE {D:/hlstrack/hlstrack2025-master/security/L1/tests/hmac/sha256/../../../../L1/include\xf_security/hmac.hpp:277} VARIABLE kopad2Strm LOOP {} BUNDLEDNAME {} DSP 0 BRAM 0 URAM 0 STORAGESUBTYPE stream STORAGESIZE {512 4 1} STORAGEUSAGE {fifo channel} DISPNAME {bind_storage fifo} VISIBLE true} {BINDTYPE storage ID {} IMPL lutram LATENCY 0 OPTYPE fifo PRAGMA {} RTLNAME msgHashStrm_U SOURCE {D:/hlstrack/hlstrack2025-master/security/L1/tests/hmac/sha256/../../../../L1/include\xf_security/hmac.hpp:281} VARIABLE msgHashStrm LOOP {} BUNDLEDNAME {} DSP 0 BRAM 0 URAM 0 STORAGESUBTYPE stream STORAGESIZE {256 4 1} STORAGEUSAGE {fifo channel} DISPNAME {bind_storage fifo} VISIBLE true} {BINDTYPE storage ID {} IMPL lutram LATENCY 0 OPTYPE fifo PRAGMA {} RTLNAME eMsgHashStrm_U SOURCE {D:/hlstrack/hlstrack2025-master/security/L1/tests/hmac/sha256/../../../../L1/include\xf_security/hmac.hpp:284} VARIABLE eMsgHashStrm LOOP {} BUNDLEDNAME {} DSP 0 BRAM 0 URAM 0 STORAGESUBTYPE stream STORAGESIZE {1 4 1} STORAGEUSAGE {fifo channel} DISPNAME {bind_storage fifo} VISIBLE true}} AREA {DSP 0 BRAM 2 URAM 0}} dup_strm_Pipeline_VITIS_LOOP_506_1 {AREA {DSP 0 BRAM 0 URAM 0}} dup_strm {AREA {DSP 0 BRAM 0 URAM 0}} hash {AREA {DSP 0 BRAM 0 URAM 0}} mergeKopad_32_64_256_32_64_s {AREA {DSP 0 BRAM 0 URAM 0}} hash_1 {AREA {DSP 0 BRAM 0 URAM 0}} test_hmac_sha256 {AREA {DSP 0 BRAM 2 URAM 0}}}}'
INFO-FLOW: DBG:PUTS:      update_csynth_reports json2rpt_hw_sw_interfaces
INFO-FLOW: Running: gen_csynth_sec_pragma
INFO-FLOW: Done: gen_csynth_sec_pragma time: 0.1 seconds per iteration
INFO-FLOW: DBG:PUTS:      update_csynth_reports wrote xml
INFO-FLOW: DBG:PUTS:      update_csynth_reports appended to csynth rpt file
INFO: [HLS 200-111] Finished Updating report files: CPU user time: 1 seconds. CPU system time: 1 seconds. Elapsed time: 1.916 seconds; current allocated memory: 600.836 MB.
INFO: [VHDL 208-304] Generating VHDL RTL for test_hmac_sha256.
INFO: [VLOG 209-307] Generating Verilog RTL for test_hmac_sha256.
Execute         syn_report -model test_hmac_sha256 -printsummary 
INFO: [HLS 200-789] **** Estimated Fmax: 77.63 MHz
Command       autosyn done; 19.249 sec.
Command     csynth_design done; 48.769 sec.
INFO: [HLS 200-2161] Finished Command csynth_design Elapsed time: 00:00:48; Allocated memory: 341.344 MB.
Execute     cosim_design 
INFO: [HLS 200-1510] Running: cosim_design 
Execute       ::AP::init_summary_file cosim 
Execute       source D:/hlstrack/hlstrack2025-master/security/L1/tests/hmac/sha256/hmac_sha256_test.prj/solution1/.autopilot/db/global.setting.tcl 
Execute       source D:/hlstrack/hlstrack2025-master/security/L1/tests/hmac/sha256/hmac_sha256_test.prj/solution1/.autopilot/db/global.setting.tcl 
Execute       source D:/hlstrack/hlstrack2025-master/security/L1/tests/hmac/sha256/hmac_sha256_test.prj/solution1/.autopilot/db/global.setting.tcl 
INFO-FLOW: DBG:PUTS: read_platform_lib D:/hlstrack/hlstrack2025-master/security/L1/tests/hmac/sha256/hmac_sha256_test.prj/solution1/.autopilot/db/global.setting.tcl
Execute       source T:/Xilinx/Vitis/2024.2/common/technology/generic/autopilot/common.gen 
Execute         source T:/Xilinx/Vitis/2024.2/common/technology/generic/autopilot/APCoreGen.gen 
Execute       source T:/Xilinx/Vitis/2024.2/common/technology/generic/autopilot/op.gen 
Execute       source T:/Xilinx/Vitis/2024.2/common/technology/generic/autopilot/op_simcore.gen 
Execute       source T:/Xilinx/Vitis/2024.2/common/technology/generic/autopilot/interface.gen 
Execute       source D:/hlstrack/hlstrack2025-master/security/L1/tests/hmac/sha256/hmac_sha256_test.prj/solution1/.autopilot/db/global.setting.tcl 
Execute       source T:/Xilinx/Vitis/2024.2/common/technology/xilinx/common/xilinx.gen 
Execute         source T:/Xilinx/Vitis/2024.2/common/technology/xilinx/interface/plb46.gen 
Execute         source T:/Xilinx/Vitis/2024.2/common/technology/xilinx/interface/axi4.gen 
Execute         source T:/Xilinx/Vitis/2024.2/common/technology/xilinx/interface/nativeAXI4.gen 
Execute           source T:/Xilinx/Vitis/2024.2/common/technology/xilinx/interface/saxilite.gen 
Execute         source T:/Xilinx/Vitis/2024.2/common/technology/xilinx/scripts/xilinxcoregen.gen 
Execute         source T:/Xilinx/Vitis/2024.2/common/technology/xilinx/interface/XilEDKCoreGen.gen 
Execute         source T:/Xilinx/Vitis/2024.2/common/technology/xilinx/ip/dds_compiler.gen 
Execute         source T:/Xilinx/Vitis/2024.2/common/technology/xilinx/ip/util.gen 
Execute         source T:/Xilinx/Vitis/2024.2/common/technology/xilinx/ip/xfft.gen 
Execute         source T:/Xilinx/Vitis/2024.2/common/technology/xilinx/ip/xfir.gen 
Execute         source T:/Xilinx/Vitis/2024.2/common/technology/xilinx/DSP48/dsp48.gen 
Command       ap_source done; 0.123 sec.
Execute       ap_part_info -name xc7z020-clg484-1 -data names -quiet 
Execute       ap_part_info -name xc7z020-clg484-1 -data info -quiet 
Execute       source D:/hlstrack/hlstrack2025-master/security/L1/tests/hmac/sha256/hmac_sha256_test.prj/solution1/.autopilot/db/global.setting.tcl 
Execute       source D:/hlstrack/hlstrack2025-master/security/L1/tests/hmac/sha256/hmac_sha256_test.prj/solution1/.autopilot/db/test_hmac_sha256.rtl_wrap.cfg.tcl 
Execute       source D:/hlstrack/hlstrack2025-master/security/L1/tests/hmac/sha256/hmac_sha256_test.prj/solution1/.autopilot/db/test_hmac_sha256.tbgen.tcl 
Execute       source D:/hlstrack/hlstrack2025-master/security/L1/tests/hmac/sha256/hmac_sha256_test.prj/solution1/.autopilot/db/test_hmac_sha256.tbgen.tcl 
Execute       source D:/hlstrack/hlstrack2025-master/security/L1/tests/hmac/sha256/hmac_sha256_test.prj/solution1/.autopilot/db/test_hmac_sha256.tbgen.tcl 
Execute       source D:/hlstrack/hlstrack2025-master/security/L1/tests/hmac/sha256/hmac_sha256_test.prj/solution1/.autopilot/db/test_hmac_sha256.tbgen.tcl 
INFO: [COSIM 212-47] Using XSIM for RTL simulation.
INFO: [COSIM 212-14] Instrumenting C test bench ...
Execute       ap_part_info -name xc7z020-clg484-1 -data info 
INFO-FLOW: run_clang exec: T:/Xilinx/Vitis/2024.2/vcxx/libexec/clang -fno-builtin-isinf -fno-builtin-isnan -E -ID:/hlstrack/hlstrack2025-master/security/L1/tests/hmac/sha256/../../../../L1/include -Wno-unknown-pragmas -Wno-unknown-pragmas -DGCC_COMPATIBLE_APINT -DAESL_TB -D__HLS_COSIM__ -D__VITIS_HLS__ -D__USE_XOPEN2K8 -I T:/Xilinx/Vitis/2024.2/include -I include D:/hlstrack/hlstrack2025-master/security/L1/tests/hmac/sha256/test.cpp -o D:/hlstrack/hlstrack2025-master/security/L1/tests/hmac/sha256/hmac_sha256_test.prj/solution1/./sim/autowrap/testbench/test.cpp_pre.cpp -std=gnu++14 -D__DSP48E1__ --sysroot=T:/Xilinx/Vitis/2024.2/tps/mingw/10.0.0/win64.o/nt > D:/hlstrack/hlstrack2025-master/security/L1/tests/hmac/sha256/hmac_sha256_test.prj/solution1/.autopilot/db/test.cpp.clang.autosim-tb.out.log 2> D:/hlstrack/hlstrack2025-master/security/L1/tests/hmac/sha256/hmac_sha256_test.prj/solution1/.autopilot/db/test.cpp.clang.autosim-tb.err.log
INFO-FLOW: TB processing: D:/hlstrack/hlstrack2025-master/security/L1/tests/hmac/sha256/test.cpp D:/hlstrack/hlstrack2025-master/security/L1/tests/hmac/sha256/hmac_sha256_test.prj/solution1/./sim/autowrap/testbench/test.cpp_pre.cpp
Execute       clang_tidy xilinx-tb-process -desc tb-process D:/hlstrack/hlstrack2025-master/security/L1/tests/hmac/sha256/hmac_sha256_test.prj/solution1/./sim/autowrap/testbench/test.cpp_pre.cpp.tb.cpp std=gnu++14 
INFO-FLOW: exec T:/Xilinx/Vitis/2024.2/win64/tools/clang-3.9-csynth/bin/clang-tidy -header-filter=.* --checks=-*,xilinx-tb-process -fix-errors D:/hlstrack/hlstrack2025-master/security/L1/tests/hmac/sha256/hmac_sha256_test.prj/solution1/./sim/autowrap/testbench/test.cpp_pre.cpp.tb.cpp -- -std=gnu++14 -fhls -ferror-limit=0
Command       clang_tidy done; 3.777 sec.
Execute       source D:/hlstrack/hlstrack2025-master/security/L1/tests/hmac/sha256/hmac_sha256_test.prj/solution1/.autopilot/db/global.setting.tcl 
Execute       source D:/hlstrack/hlstrack2025-master/security/L1/tests/hmac/sha256/hmac_sha256_test.prj/solution1/.autopilot/db/test_hmac_sha256.rtl_wrap.cfg.tcl 
Execute       source D:/hlstrack/hlstrack2025-master/security/L1/tests/hmac/sha256/hmac_sha256_test.prj/solution1/.autopilot/db/test_hmac_sha256.rtl_wrap.cfg.tcl 
Execute       source D:/hlstrack/hlstrack2025-master/security/L1/tests/hmac/sha256/hmac_sha256_test.prj/solution1/.autopilot/db/test_hmac_sha256.rtl_wrap.cfg.tcl 
Execute       source D:/hlstrack/hlstrack2025-master/security/L1/tests/hmac/sha256/hmac_sha256_test.prj/solution1/.autopilot/db/test_hmac_sha256.tbgen.tcl 
Execute       source D:/hlstrack/hlstrack2025-master/security/L1/tests/hmac/sha256/hmac_sha256_test.prj/solution1/.autopilot/db/test_hmac_sha256.tbgen.tcl 
Execute       source D:/hlstrack/hlstrack2025-master/security/L1/tests/hmac/sha256/hmac_sha256_test.prj/solution1/.autopilot/db/test_hmac_sha256.tbgen.tcl 
Execute       ap_part_info -name xc7z020-clg484-1 -data info 
Execute       source .run_sim.tcl 
INFO: [COSIM 212-302] Starting C TB testing ... 
Command       ap_source done; 1.69 sec.
INFO: [COSIM 212-333] Generating C post check test bench ...
INFO: [COSIM 212-12] Generating RTL test bench ...
Execute       source ../tv/cdatafile/ref.tcl 
Execute       source D:/hlstrack/hlstrack2025-master/security/L1/tests/hmac/sha256/hmac_sha256_test.prj/solution1/.autopilot/db/test_hmac_sha256.tbgen.tcl 
Execute       source D:/hlstrack/hlstrack2025-master/security/L1/tests/hmac/sha256/hmac_sha256_test.prj/solution1/.autopilot/db/test_hmac_sha256.tbgen.tcl 
Execute       source D:/hlstrack/hlstrack2025-master/security/L1/tests/hmac/sha256/hmac_sha256_test.prj/solution1/.autopilot/db/test_hmac_sha256.tbgen.tcl 
Execute       source D:/hlstrack/hlstrack2025-master/security/L1/tests/hmac/sha256/hmac_sha256_test.prj/solution1/.autopilot/db/test_hmac_sha256.tbgen.tcl 
Execute       source ../tv/cdatafile/ref.tcl 
Execute       source D:/hlstrack/hlstrack2025-master/security/L1/tests/hmac/sha256/hmac_sha256_test.prj/solution1/.autopilot/db/test_hmac_sha256.tbgen.tcl 
Execute       source D:/hlstrack/hlstrack2025-master/security/L1/tests/hmac/sha256/hmac_sha256_test.prj/solution1/.autopilot/db/test_hmac_sha256.tbgen.tcl 
Execute       source D:/hlstrack/hlstrack2025-master/security/L1/tests/hmac/sha256/hmac_sha256_test.prj/solution1/.autopilot/db/test_hmac_sha256.tbgen.tcl 
Execute       source D:/hlstrack/hlstrack2025-master/security/L1/tests/hmac/sha256/hmac_sha256_test.prj/solution1/.autopilot/db/test_hmac_sha256.tbgen.tcl 
Execute       source D:/hlstrack/hlstrack2025-master/security/L1/tests/hmac/sha256/hmac_sha256_test.prj/solution1/.autopilot/db/test_hmac_sha256.tbgen.tcl 
Execute       source D:/hlstrack/hlstrack2025-master/security/L1/tests/hmac/sha256/hmac_sha256_test.prj/solution1/.autopilot/db/test_hmac_sha256.tbgen.tcl 
Execute       source D:/hlstrack/hlstrack2025-master/security/L1/tests/hmac/sha256/hmac_sha256_test.prj/solution1/.autopilot/db/test_hmac_sha256.tbgen.tcl 
Execute       source D:/hlstrack/hlstrack2025-master/security/L1/tests/hmac/sha256/hmac_sha256_test.prj/solution1/.autopilot/db/test_hmac_sha256.tbgen.tcl 
Execute       source D:/hlstrack/hlstrack2025-master/security/L1/tests/hmac/sha256/hmac_sha256_test.prj/solution1/.autopilot/db/test_hmac_sha256.tbgen.tcl 
Execute       source D:/hlstrack/hlstrack2025-master/security/L1/tests/hmac/sha256/hmac_sha256_test.prj/solution1/.autopilot/db/test_hmac_sha256.tbgen.tcl 
Execute       source D:/hlstrack/hlstrack2025-master/security/L1/tests/hmac/sha256/hmac_sha256_test.prj/solution1/.autopilot/db/test_hmac_sha256.tbgen.tcl 
Execute       source D:/hlstrack/hlstrack2025-master/security/L1/tests/hmac/sha256/hmac_sha256_test.prj/solution1/.autopilot/db/test_hmac_sha256.DependenceCheck.tcl 
Execute       source D:/hlstrack/hlstrack2025-master/security/L1/tests/hmac/sha256/hmac_sha256_test.prj/solution1/.autopilot/db/test_hmac_sha256.tbgen.tcl 
INFO: [COSIM 212-1] *** C/RTL co-simulation file generation completed. ***
Execute       source .run_sim.tcl 
Execute         source check_sim.tcl 
Execute         source dataflow_monitor_API.tcl 
Execute         source .sim.status.tcl 
INFO: [COSIM 212-323] Starting verilog simulation. 
INFO: [COSIM 212-15] Starting XSIM ...
INFO: [COSIM 212-316] Starting C post checking ...
Command       ap_source done; 49.872 sec.
INFO: [COSIM 212-1000] *** C/RTL co-simulation finished: PASS ***
INFO: [COSIM 212-211] II is measurable only when transaction number is greater than 1 in RTL simulation. Otherwise, they will be marked as all NA. If user wants to calculate them, please make sure there are at least 2 transactions in RTL simulation.
Command     cosim_design done; 86.52 sec.
INFO: [HLS 200-2161] Finished Command cosim_design Elapsed time: 00:01:26; Allocated memory: 10.770 MB.
Execute     export_design -flow syn -rtl verilog 
INFO: [HLS 200-1510] Running: export_design -flow syn -rtl verilog 
Execute       config_export -flow=syn -rtl=verilog 
Execute       ::AP::init_summary_file vivado-syn 
INFO-FLOW: DBG:PUTS: export_design_wrap: -flow syn -format ip_catalog -rtl verilog
Execute       source D:/hlstrack/hlstrack2025-master/security/L1/tests/hmac/sha256/hmac_sha256_test.prj/solution1/.autopilot/db/global.setting.tcl 
INFO-FLOW: DBG:PUTS:   auto_impl: pack: -export -rtl verilog
INFO-FLOW: DBG:PROC: ::AESL_AUTOIMPL::auto_impl args='-export -rtl verilog'
Execute       source D:/hlstrack/hlstrack2025-master/security/L1/tests/hmac/sha256/hmac_sha256_test.prj/solution1/.autopilot/db/global.setting.tcl 
INFO: [IMPL 213-8] Exporting RTL as a Vivado IP.
INFO-FLOW: DBG:PUTS: automg_wrap -export -pcore_version 1.00.a -rtl vlog -tool Vivado -impltomg_flag
INFO-FLOW: DBG:PROC: ::AESL_AUTOMG::auto_generate args='-export -pcore_version 1.00.a -rtl vlog -tool Vivado -impltomg_flag'
INFO-FLOW: DBG:PUTS:     auto_generate -export -pcore_version 1.00.a -rtl vlog -tool Vivado -impltomg_flag
Execute       source D:/hlstrack/hlstrack2025-master/security/L1/tests/hmac/sha256/hmac_sha256_test.prj/solution1/.autopilot/db/global.setting.tcl 
INFO-FLOW: DBG:PUTS: read_platform_lib D:/hlstrack/hlstrack2025-master/security/L1/tests/hmac/sha256/hmac_sha256_test.prj/solution1/.autopilot/db/global.setting.tcl
Execute       source T:/Xilinx/Vitis/2024.2/common/technology/generic/autopilot/common.gen 
Execute         source T:/Xilinx/Vitis/2024.2/common/technology/generic/autopilot/APCoreGen.gen 
Execute       source T:/Xilinx/Vitis/2024.2/common/technology/generic/autopilot/op.gen 
Execute       source T:/Xilinx/Vitis/2024.2/common/technology/generic/autopilot/op_simcore.gen 
Execute       source T:/Xilinx/Vitis/2024.2/common/technology/generic/autopilot/interface.gen 
Execute       source D:/hlstrack/hlstrack2025-master/security/L1/tests/hmac/sha256/hmac_sha256_test.prj/solution1/.autopilot/db/global.setting.tcl 
Execute       source T:/Xilinx/Vitis/2024.2/common/technology/xilinx/common/xilinx.gen 
Execute         source T:/Xilinx/Vitis/2024.2/common/technology/xilinx/interface/plb46.gen 
Execute         source T:/Xilinx/Vitis/2024.2/common/technology/xilinx/interface/axi4.gen 
Execute         source T:/Xilinx/Vitis/2024.2/common/technology/xilinx/interface/nativeAXI4.gen 
Execute           source T:/Xilinx/Vitis/2024.2/common/technology/xilinx/interface/saxilite.gen 
Execute         source T:/Xilinx/Vitis/2024.2/common/technology/xilinx/scripts/xilinxcoregen.gen 
Execute         source T:/Xilinx/Vitis/2024.2/common/technology/xilinx/interface/XilEDKCoreGen.gen 
Execute         source T:/Xilinx/Vitis/2024.2/common/technology/xilinx/ip/dds_compiler.gen 
Execute         source T:/Xilinx/Vitis/2024.2/common/technology/xilinx/ip/util.gen 
Execute         source T:/Xilinx/Vitis/2024.2/common/technology/xilinx/ip/xfft.gen 
Execute         source T:/Xilinx/Vitis/2024.2/common/technology/xilinx/ip/xfir.gen 
Execute         source T:/Xilinx/Vitis/2024.2/common/technology/xilinx/DSP48/dsp48.gen 
Command       ap_source done; 0.125 sec.
INFO-FLOW: DBG:PUTS:       initCTypeInfo top_module=test_hmac_sha256 xml_exists=0
Execute       source D:/hlstrack/hlstrack2025-master/security/L1/tests/hmac/sha256/hmac_sha256_test.prj/solution1/.autopilot/db/test_hmac_sha256.rtl_wrap.cfg.tcl 
Execute       source D:/hlstrack/hlstrack2025-master/security/L1/tests/hmac/sha256/hmac_sha256_test.prj/solution1/.autopilot/db/test_hmac_sha256.rtl_wrap.cfg.tcl 
Execute       source D:/hlstrack/hlstrack2025-master/security/L1/tests/hmac/sha256/hmac_sha256_test.prj/solution1/.autopilot/db/test_hmac_sha256.rtl_wrap.cfg.tcl 
Execute       source D:/hlstrack/hlstrack2025-master/security/L1/tests/hmac/sha256/hmac_sha256_test.prj/solution1/.autopilot/db/test_hmac_sha256.tbgen.tcl 
Execute       source D:/hlstrack/hlstrack2025-master/security/L1/tests/hmac/sha256/hmac_sha256_test.prj/solution1/.autopilot/db/test_hmac_sha256.tbgen.tcl 
Execute       source D:/hlstrack/hlstrack2025-master/security/L1/tests/hmac/sha256/hmac_sha256_test.prj/solution1/.autopilot/db/test_hmac_sha256.tbgen.tcl 
Execute       source D:/hlstrack/hlstrack2025-master/security/L1/tests/hmac/sha256/hmac_sha256_test.prj/solution1/.autopilot/db/global.setting.tcl 
Execute       source D:/hlstrack/hlstrack2025-master/security/L1/tests/hmac/sha256/hmac_sha256_test.prj/solution1/.autopilot/db/test_hmac_sha256.tbgen.tcl 
INFO-FLOW: DBG:PUTS:       cosim_export_main adding deadlock detection to test_hmac_sha256
INFO-FLOW: DBG:PUTS:       generate_datafile_ip_script ip_types={vitis sysgen} #gSsdmPorts=0
INFO-FLOW: DBG:PUTS: Skipping loadAnalyze_DB, #g_database=6
INFO-FLOW: DBG:PUTS:       generate_json generate_bd_files=0 generate_xo_files=false #modelList=65 #gSsdmPorts=0
INFO-FLOW: DBG:PROC: ::AP::DESIGN_DATA::generate_json generate_bd_files='0' generate_xo_files='false' modelList='test_hmac_sha256_flow_control_loop_pipe_sequential_init
test_hmac_sha256_flow_control_loop_pipe_sequential_init
test_hmac_sha256_flow_control_loop_pipe_sequential_init
test_hmac_sha256_flow_control_loop_pipe_sequential_init
test_hmac_sha256_flow_control_loop_pipe_sequential_init
test_hmac_sha256_flow_control_loop_pipe_sequential_init
test_hmac_sha256_sparsemux_33_4_32_1_1
test_hmac_sha256_flow_control_loop_pipe_sequential_init
test_hmac_sha256_flow_control_loop_pipe_sequential_init
test_hmac_sha256_sparsemux_129_6_32_1_1
test_hmac_sha256_flow_control_loop_pipe_sequential_init
test_hmac_sha256_fifo_w512_d32_D
test_hmac_sha256_fifo_w64_d32_D
test_hmac_sha256_fifo_w1_d32_D
test_hmac_sha256_fifo_w64_d32_D
test_hmac_sha256_fifo_w1_d32_D
test_hmac_sha256_fifo_w64_d32_D
test_hmac_sha256_fifo_w1_d32_D
test_hmac_sha256_fifo_w32_d32_D
test_hmac_sha256_start_for_dup_strm_U0
test_hmac_sha256_start_for_generateMsgSchedule_U0
test_hmac_sha256_start_for_sha256Digest_256_U0
test_hmac_sha256_fifo_w32_d128_B
test_hmac_sha256_fifo_w64_d4_D
test_hmac_sha256_fifo_w1_d4_D
test_hmac_sha256_start_for_hash_U0
test_hmac_sha256_flow_control_loop_pipe_sequential_init
test_hmac_sha256_flow_control_loop_pipe_sequential_init
test_hmac_sha256_fifo_w32_d4_D
test_hmac_sha256_fifo_w64_d4_D_x
test_hmac_sha256_fifo_w1_d4_D_x
test_hmac_sha256_start_for_hash_1_U0
test_hmac_sha256_fifo_w512_d4_D
test_hmac_sha256_fifo_w512_d4_D
test_hmac_sha256_fifo_w1_d4_D_x0
test_hmac_sha256_fifo_w512_d4_D
test_hmac_sha256_fifo_w256_d4_D
test_hmac_sha256_fifo_w1_d4_D_x0
test_hmac_sha256_start_for_msgHash_32_64_256_32_64_sha256_wrapper_U0
test_hmac_sha256_start_for_resHash_32_64_256_32_64_sha256_wrapper_U0
kpad_32_64_256_32_64_sha256_wrapper_Pipeline_VITIS_LOOP_120_2
kpad_32_64_256_32_64_sha256_wrapper_s
mergeKipad_32_64_256_64_Pipeline_VITIS_LOOP_162_2
mergeKipad_32_64_256_64_Pipeline_VITIS_LOOP_171_3
mergeKipad_32_64_256_64_s
preProcessing_Pipeline_LOOP_SHA256_GEN_FULL_BLKS
preProcessing_Pipeline_LOOP_SHA256_GEN_COPY_TAIL_AND_ONE
preProcessing
dup_strm_Pipeline_VITIS_LOOP_506_1
dup_strm
generateMsgSchedule_Pipeline_LOOP_SHA256_PREPARE_WT16
generateMsgSchedule_Pipeline_LOOP_SHA256_PREPARE_WT64
generateMsgSchedule
sha256Digest_256_Pipeline_LOOP_SHA256_UPDATE_64_ROUNDS
sha256Digest_256_s
sha256_top_32_256_s
hash
msgHash_32_64_256_32_64_sha256_wrapper_s
mergeKopad_32_64_256_32_64_Pipeline_VITIS_LOOP_220_2
mergeKopad_32_64_256_32_64_Pipeline_VITIS_LOOP_226_3
mergeKopad_32_64_256_32_64_s
hash_1
resHash_32_64_256_32_64_sha256_wrapper_s
hmacDataflow_32_64_256_32_64_sha256_wrapper_s
test_hmac_sha256
' rtl_lang='vlog' bootstrap_tcl='false' outdir='' outfilename=''
Execute       source D:/hlstrack/hlstrack2025-master/security/L1/tests/hmac/sha256/hmac_sha256_test.prj/solution1/.autopilot/db/global.setting.tcl 
Execute       source D:/hlstrack/hlstrack2025-master/security/L1/tests/hmac/sha256/hmac_sha256_test.prj/solution1/.autopilot/db/global.setting.tcl 
Execute       source D:/hlstrack/hlstrack2025-master/security/L1/tests/hmac/sha256/hmac_sha256_test.prj/solution1/.autopilot/db/top-io-be.tcl 
Execute       source D:/hlstrack/hlstrack2025-master/security/L1/tests/hmac/sha256/hmac_sha256_test.prj/solution1/.autopilot/db/test_hmac_sha256.tbgen.tcl 
Execute       source D:/hlstrack/hlstrack2025-master/security/L1/tests/hmac/sha256/hmac_sha256_test.prj/solution1/.autopilot/db/test_hmac_sha256.rtl_wrap.cfg.tcl 
Execute       source D:/hlstrack/hlstrack2025-master/security/L1/tests/hmac/sha256/hmac_sha256_test.prj/solution1/.autopilot/db/test_hmac_sha256.compgen.dataonly.tcl 
Execute       source D:/hlstrack/hlstrack2025-master/security/L1/tests/hmac/sha256/hmac_sha256_test.prj/solution1/.autopilot/db/kpad_32_64_256_32_64_sha256_wrapper_Pipeline_VITIS_LOOP_120_2.tbgen.tcl 
Execute       source D:/hlstrack/hlstrack2025-master/security/L1/tests/hmac/sha256/hmac_sha256_test.prj/solution1/.autopilot/db/kpad_32_64_256_32_64_sha256_wrapper_s.tbgen.tcl 
Execute       source D:/hlstrack/hlstrack2025-master/security/L1/tests/hmac/sha256/hmac_sha256_test.prj/solution1/.autopilot/db/mergeKipad_32_64_256_64_Pipeline_VITIS_LOOP_162_2.tbgen.tcl 
Execute       source D:/hlstrack/hlstrack2025-master/security/L1/tests/hmac/sha256/hmac_sha256_test.prj/solution1/.autopilot/db/mergeKipad_32_64_256_64_Pipeline_VITIS_LOOP_171_3.tbgen.tcl 
Execute       source D:/hlstrack/hlstrack2025-master/security/L1/tests/hmac/sha256/hmac_sha256_test.prj/solution1/.autopilot/db/mergeKipad_32_64_256_64_s.tbgen.tcl 
Execute       source D:/hlstrack/hlstrack2025-master/security/L1/tests/hmac/sha256/hmac_sha256_test.prj/solution1/.autopilot/db/preProcessing_Pipeline_LOOP_SHA256_GEN_FULL_BLKS.tbgen.tcl 
Execute       source D:/hlstrack/hlstrack2025-master/security/L1/tests/hmac/sha256/hmac_sha256_test.prj/solution1/.autopilot/db/preProcessing_Pipeline_LOOP_SHA256_GEN_COPY_TAIL_AND_ONE.tbgen.tcl 
Execute       source D:/hlstrack/hlstrack2025-master/security/L1/tests/hmac/sha256/hmac_sha256_test.prj/solution1/.autopilot/db/preProcessing.tbgen.tcl 
Execute       source D:/hlstrack/hlstrack2025-master/security/L1/tests/hmac/sha256/hmac_sha256_test.prj/solution1/.autopilot/db/dup_strm_Pipeline_VITIS_LOOP_506_1.tbgen.tcl 
Execute       source D:/hlstrack/hlstrack2025-master/security/L1/tests/hmac/sha256/hmac_sha256_test.prj/solution1/.autopilot/db/dup_strm.tbgen.tcl 
Execute       source D:/hlstrack/hlstrack2025-master/security/L1/tests/hmac/sha256/hmac_sha256_test.prj/solution1/.autopilot/db/generateMsgSchedule_Pipeline_LOOP_SHA256_PREPARE_WT16.tbgen.tcl 
Execute       source D:/hlstrack/hlstrack2025-master/security/L1/tests/hmac/sha256/hmac_sha256_test.prj/solution1/.autopilot/db/generateMsgSchedule_Pipeline_LOOP_SHA256_PREPARE_WT64.tbgen.tcl 
Execute       source D:/hlstrack/hlstrack2025-master/security/L1/tests/hmac/sha256/hmac_sha256_test.prj/solution1/.autopilot/db/generateMsgSchedule.tbgen.tcl 
Execute       source D:/hlstrack/hlstrack2025-master/security/L1/tests/hmac/sha256/hmac_sha256_test.prj/solution1/.autopilot/db/sha256Digest_256_Pipeline_LOOP_SHA256_UPDATE_64_ROUNDS.tbgen.tcl 
Execute       source D:/hlstrack/hlstrack2025-master/security/L1/tests/hmac/sha256/hmac_sha256_test.prj/solution1/.autopilot/db/sha256Digest_256_s.tbgen.tcl 
Execute       source D:/hlstrack/hlstrack2025-master/security/L1/tests/hmac/sha256/hmac_sha256_test.prj/solution1/.autopilot/db/sha256_top_32_256_s.tbgen.tcl 
Execute       source D:/hlstrack/hlstrack2025-master/security/L1/tests/hmac/sha256/hmac_sha256_test.prj/solution1/.autopilot/db/hash.tbgen.tcl 
Execute       source D:/hlstrack/hlstrack2025-master/security/L1/tests/hmac/sha256/hmac_sha256_test.prj/solution1/.autopilot/db/msgHash_32_64_256_32_64_sha256_wrapper_s.tbgen.tcl 
Execute       source D:/hlstrack/hlstrack2025-master/security/L1/tests/hmac/sha256/hmac_sha256_test.prj/solution1/.autopilot/db/mergeKopad_32_64_256_32_64_Pipeline_VITIS_LOOP_220_2.tbgen.tcl 
Execute       source D:/hlstrack/hlstrack2025-master/security/L1/tests/hmac/sha256/hmac_sha256_test.prj/solution1/.autopilot/db/mergeKopad_32_64_256_32_64_Pipeline_VITIS_LOOP_226_3.tbgen.tcl 
Execute       source D:/hlstrack/hlstrack2025-master/security/L1/tests/hmac/sha256/hmac_sha256_test.prj/solution1/.autopilot/db/mergeKopad_32_64_256_32_64_s.tbgen.tcl 
Execute       source D:/hlstrack/hlstrack2025-master/security/L1/tests/hmac/sha256/hmac_sha256_test.prj/solution1/.autopilot/db/hash_1.tbgen.tcl 
Execute       source D:/hlstrack/hlstrack2025-master/security/L1/tests/hmac/sha256/hmac_sha256_test.prj/solution1/.autopilot/db/resHash_32_64_256_32_64_sha256_wrapper_s.tbgen.tcl 
Execute       source D:/hlstrack/hlstrack2025-master/security/L1/tests/hmac/sha256/hmac_sha256_test.prj/solution1/.autopilot/db/hmacDataflow_32_64_256_32_64_sha256_wrapper_s.tbgen.tcl 
Execute       source D:/hlstrack/hlstrack2025-master/security/L1/tests/hmac/sha256/hmac_sha256_test.prj/solution1/.autopilot/db/test_hmac_sha256.tbgen.tcl 
Execute       source D:/hlstrack/hlstrack2025-master/security/L1/tests/hmac/sha256/hmac_sha256_test.prj/solution1/.autopilot/db/global.setting.tcl 
Execute       ap_part_info -name xc7z020-clg484-1 -data names -quiet 
Execute       ap_part_info -name xc7z020-clg484-1 -data info -quiet 
Execute       source D:/hlstrack/hlstrack2025-master/security/L1/tests/hmac/sha256/hmac_sha256_test.prj/solution1/.autopilot/db/test_hmac_sha256.constraint.tcl 
Execute       sc_get_clocks test_hmac_sha256 
Execute       source D:/hlstrack/hlstrack2025-master/security/L1/tests/hmac/sha256/hmac_sha256_test.prj/solution1/.autopilot/db/global.setting.tcl 
INFO-FLOW: DBG:PUTS:       generate_syn_sh
Execute       ap_part_info -name xc7z020-clg484-1 -data names -quiet 
Execute       ap_part_info -name xc7z020-clg484-1 -data info -quiet 
Execute       source D:/hlstrack/hlstrack2025-master/security/L1/tests/hmac/sha256/hmac_sha256_test.prj/solution1/.autopilot/db/global.setting.tcl 
INFO-FLOW: DBG:PUTS:       generate_imp_constraints
Execute       ap_part_info -name xc7z020-clg484-1 -data names -quiet 
Execute       ap_part_info -name xc7z020-clg484-1 -data info -quiet 
Execute       source D:/hlstrack/hlstrack2025-master/security/L1/tests/hmac/sha256/hmac_sha256_test.prj/solution1/.autopilot/db/test_hmac_sha256.constraint.tcl 
Execute       source D:/hlstrack/hlstrack2025-master/security/L1/tests/hmac/sha256/hmac_sha256_test.prj/solution1/.autopilot/db/test_hmac_sha256.tbgen.tcl 
INFO-FLOW: DBG:PUTS:       delete-temp-dirs (skipped for debug)
Execute       ap_part_info -name xc7z020-clg484-1 -data names -quiet 
Execute       ap_part_info -name xc7z020-clg484-1 -data info -quiet 
INFO-FLOW: DBG:PUTS: read_platform_lib D:/hlstrack/hlstrack2025-master/security/L1/tests/hmac/sha256/hmac_sha256_test.prj/solution1/.autopilot/db/global.setting.tcl
Execute       source T:/Xilinx/Vitis/2024.2/common/technology/generic/autopilot/common.gen 
Execute         source T:/Xilinx/Vitis/2024.2/common/technology/generic/autopilot/APCoreGen.gen 
Execute       source T:/Xilinx/Vitis/2024.2/common/technology/generic/autopilot/op.gen 
Execute       source T:/Xilinx/Vitis/2024.2/common/technology/generic/autopilot/op_simcore.gen 
Execute       source T:/Xilinx/Vitis/2024.2/common/technology/generic/autopilot/interface.gen 
Execute       source D:/hlstrack/hlstrack2025-master/security/L1/tests/hmac/sha256/hmac_sha256_test.prj/solution1/.autopilot/db/global.setting.tcl 
Execute       source T:/Xilinx/Vitis/2024.2/common/technology/xilinx/common/xilinx.gen 
Execute         source T:/Xilinx/Vitis/2024.2/common/technology/xilinx/interface/plb46.gen 
Execute         source T:/Xilinx/Vitis/2024.2/common/technology/xilinx/interface/axi4.gen 
Execute         source T:/Xilinx/Vitis/2024.2/common/technology/xilinx/interface/nativeAXI4.gen 
Execute           source T:/Xilinx/Vitis/2024.2/common/technology/xilinx/interface/saxilite.gen 
Execute         source T:/Xilinx/Vitis/2024.2/common/technology/xilinx/scripts/xilinxcoregen.gen 
Execute         source T:/Xilinx/Vitis/2024.2/common/technology/xilinx/interface/XilEDKCoreGen.gen 
Execute         source T:/Xilinx/Vitis/2024.2/common/technology/xilinx/ip/dds_compiler.gen 
Execute         source T:/Xilinx/Vitis/2024.2/common/technology/xilinx/ip/util.gen 
Execute         source T:/Xilinx/Vitis/2024.2/common/technology/xilinx/ip/xfft.gen 
Execute         source T:/Xilinx/Vitis/2024.2/common/technology/xilinx/ip/xfir.gen 
Execute         source T:/Xilinx/Vitis/2024.2/common/technology/xilinx/DSP48/dsp48.gen 
Command       ap_source done; 0.117 sec.
INFO-FLOW: DBG:PUTS:     IP package: exec D:/hlstrack/hlstrack2025-master/security/L1/tests/hmac/sha256/hmac_sha256_test.prj/solution1/impl/ip/pack.bat
INFO-FLOW: DBG:PUTS:     IP package: success D:/hlstrack/hlstrack2025-master/security/L1/tests/hmac/sha256/hmac_sha256_test.prj/solution1/impl/ip/pack.bat
INFO-FLOW: DBG:PUTS:   auto_impl: eval: -flow syn -rtl verilog
INFO-FLOW: DBG:PROC: ::AESL_AUTOIMPL::auto_impl args='-flow syn -rtl verilog'
Execute       source D:/hlstrack/hlstrack2025-master/security/L1/tests/hmac/sha256/hmac_sha256_test.prj/solution1/.autopilot/db/global.setting.tcl 
INFO: [IMPL 213-8] Starting RTL evaluation using Vivado ...
INFO-FLOW: DBG:PUTS: automg_wrap -rtl vlog -tool Vivado -impltomg_flag
INFO-FLOW: DBG:PROC: ::AESL_AUTOMG::auto_generate args='-rtl vlog -tool Vivado -impltomg_flag'
INFO-FLOW: DBG:PUTS:     auto_generate -rtl vlog -tool Vivado -impltomg_flag
Execute       source D:/hlstrack/hlstrack2025-master/security/L1/tests/hmac/sha256/hmac_sha256_test.prj/solution1/.autopilot/db/global.setting.tcl 
INFO-FLOW: DBG:PUTS: read_platform_lib D:/hlstrack/hlstrack2025-master/security/L1/tests/hmac/sha256/hmac_sha256_test.prj/solution1/.autopilot/db/global.setting.tcl
Execute       source T:/Xilinx/Vitis/2024.2/common/technology/generic/autopilot/common.gen 
Execute         source T:/Xilinx/Vitis/2024.2/common/technology/generic/autopilot/APCoreGen.gen 
Execute       source T:/Xilinx/Vitis/2024.2/common/technology/generic/autopilot/op.gen 
Execute       source T:/Xilinx/Vitis/2024.2/common/technology/generic/autopilot/op_simcore.gen 
Execute       source T:/Xilinx/Vitis/2024.2/common/technology/generic/autopilot/interface.gen 
Execute       source D:/hlstrack/hlstrack2025-master/security/L1/tests/hmac/sha256/hmac_sha256_test.prj/solution1/.autopilot/db/global.setting.tcl 
Execute       source T:/Xilinx/Vitis/2024.2/common/technology/xilinx/common/xilinx.gen 
Execute         source T:/Xilinx/Vitis/2024.2/common/technology/xilinx/interface/plb46.gen 
Execute         source T:/Xilinx/Vitis/2024.2/common/technology/xilinx/interface/axi4.gen 
Execute         source T:/Xilinx/Vitis/2024.2/common/technology/xilinx/interface/nativeAXI4.gen 
Execute           source T:/Xilinx/Vitis/2024.2/common/technology/xilinx/interface/saxilite.gen 
Execute         source T:/Xilinx/Vitis/2024.2/common/technology/xilinx/scripts/xilinxcoregen.gen 
Execute         source T:/Xilinx/Vitis/2024.2/common/technology/xilinx/interface/XilEDKCoreGen.gen 
Execute         source T:/Xilinx/Vitis/2024.2/common/technology/xilinx/ip/dds_compiler.gen 
Execute         source T:/Xilinx/Vitis/2024.2/common/technology/xilinx/ip/util.gen 
Execute         source T:/Xilinx/Vitis/2024.2/common/technology/xilinx/ip/xfft.gen 
Execute         source T:/Xilinx/Vitis/2024.2/common/technology/xilinx/ip/xfir.gen 
Execute         source T:/Xilinx/Vitis/2024.2/common/technology/xilinx/DSP48/dsp48.gen 
Command       ap_source done; 0.142 sec.
INFO-FLOW: DBG:PUTS:       generate_syn_sh
Execute       ap_part_info -name xc7z020-clg484-1 -data names -quiet 
Execute       ap_part_info -name xc7z020-clg484-1 -data info -quiet 
Execute       source D:/hlstrack/hlstrack2025-master/security/L1/tests/hmac/sha256/hmac_sha256_test.prj/solution1/.autopilot/db/global.setting.tcl 
INFO-FLOW: DBG:PUTS:       generate_imp_constraints
Execute       ap_part_info -name xc7z020-clg484-1 -data names -quiet 
Execute       ap_part_info -name xc7z020-clg484-1 -data info -quiet 
Execute       source D:/hlstrack/hlstrack2025-master/security/L1/tests/hmac/sha256/hmac_sha256_test.prj/solution1/.autopilot/db/test_hmac_sha256.constraint.tcl 
Execute       source D:/hlstrack/hlstrack2025-master/security/L1/tests/hmac/sha256/hmac_sha256_test.prj/solution1/.autopilot/db/test_hmac_sha256.tbgen.tcl 
INFO-FLOW: DBG:PUTS:       delete-temp-dirs (skipped for debug)
Execute       ap_part_info -name xc7z020-clg484-1 -data names -quiet 
Execute       ap_part_info -name xc7z020-clg484-1 -data info -quiet 
INFO-FLOW: DBG:PUTS: read_platform_lib D:/hlstrack/hlstrack2025-master/security/L1/tests/hmac/sha256/hmac_sha256_test.prj/solution1/.autopilot/db/global.setting.tcl
Execute       source T:/Xilinx/Vitis/2024.2/common/technology/generic/autopilot/common.gen 
Execute         source T:/Xilinx/Vitis/2024.2/common/technology/generic/autopilot/APCoreGen.gen 
Execute       source T:/Xilinx/Vitis/2024.2/common/technology/generic/autopilot/op.gen 
Execute       source T:/Xilinx/Vitis/2024.2/common/technology/generic/autopilot/op_simcore.gen 
Execute       source T:/Xilinx/Vitis/2024.2/common/technology/generic/autopilot/interface.gen 
Execute       source D:/hlstrack/hlstrack2025-master/security/L1/tests/hmac/sha256/hmac_sha256_test.prj/solution1/.autopilot/db/global.setting.tcl 
Execute       source T:/Xilinx/Vitis/2024.2/common/technology/xilinx/common/xilinx.gen 
Execute         source T:/Xilinx/Vitis/2024.2/common/technology/xilinx/interface/plb46.gen 
Execute         source T:/Xilinx/Vitis/2024.2/common/technology/xilinx/interface/axi4.gen 
Execute         source T:/Xilinx/Vitis/2024.2/common/technology/xilinx/interface/nativeAXI4.gen 
Execute           source T:/Xilinx/Vitis/2024.2/common/technology/xilinx/interface/saxilite.gen 
Execute         source T:/Xilinx/Vitis/2024.2/common/technology/xilinx/scripts/xilinxcoregen.gen 
Execute         source T:/Xilinx/Vitis/2024.2/common/technology/xilinx/interface/XilEDKCoreGen.gen 
Execute         source T:/Xilinx/Vitis/2024.2/common/technology/xilinx/ip/dds_compiler.gen 
Execute         source T:/Xilinx/Vitis/2024.2/common/technology/xilinx/ip/util.gen 
Execute         source T:/Xilinx/Vitis/2024.2/common/technology/xilinx/ip/xfft.gen 
Command         ap_source done; 0.106 sec.
Execute         source T:/Xilinx/Vitis/2024.2/common/technology/xilinx/ip/xfir.gen 
Execute         source T:/Xilinx/Vitis/2024.2/common/technology/xilinx/DSP48/dsp48.gen 
Command       ap_source done; 0.144 sec.
Execute       source D:/hlstrack/hlstrack2025-master/security/L1/tests/hmac/sha256/hmac_sha256_test.prj/solution1/.autopilot/db/autopilot.rtl.models.tcl 
Execute       source D:/hlstrack/hlstrack2025-master/security/L1/tests/hmac/sha256/hmac_sha256_test.prj/solution1/.autopilot/db/global.setting.tcl 
Execute       ap_part_info -name xc7z020-clg484-1 -data names -quiet 
Execute       ap_part_info -name xc7z020-clg484-1 -data info -quiet 
INFO-FLOW: DBG:PUTS: debug_in_auto_impl: vlog syn exec D:/hlstrack/hlstrack2025-master/security/L1/tests/hmac/sha256/hmac_sha256_test.prj/solution1/impl/verilog/implsyn.bat
INFO-FLOW: DBG:PROC: ::HLSREPORTS::auto_impl_report topinfo_dict='RtlTopPrefix {} RtlSubPrefix test_hmac_sha256_ TopModuleNoPrefix test_hmac_sha256 TopModuleWithPrefix test_hmac_sha256' export_design_flow='syn' impl_dir='D:/hlstrack/hlstrack2025-master/security/L1/tests/hmac/sha256/hmac_sha256_test.prj/solution1/impl' lang='verilog' out_dir=''
INFO-FLOW: DBG:PUTS:     auto_impl_report: syn processing xml
Execute       ap_part_info -quiet -data family -name xc7z020-clg484-1 
INFO-FLOW: DBG:PUTS:     writing export xml file: D:/hlstrack/hlstrack2025-master/security/L1/tests/hmac/sha256/hmac_sha256_test.prj/solution1/impl/report/verilog/export_syn.xml
INFO-FLOW: DBG:PROC: ::HLSREPORTS::auto_impl_report_txt xml_root='domNode000001D574D126CC' export_design_flow='syn' export_rpt='D:/hlstrack/hlstrack2025-master/security/L1/tests/hmac/sha256/hmac_sha256_test.prj/solution1/impl/report/verilog/export_syn.rpt' rpt_txt_var=''
INFO-FLOW: DBG:PUTS:     wrote export rpt file: export_syn.rpt
Execute       send_msg_by_id INFO @200-802@%s hmac_sha256_test.prj/solution1/impl/export.zip 
INFO: [HLS 200-802] Generated output file hmac_sha256_test.prj/solution1/impl/export.zip
Command     export_design done; 338.735 sec.
INFO: [HLS 200-2161] Finished Command export_design Elapsed time: 00:05:38; Allocated memory: 5.629 MB.
Execute     cleanup_all 
Command     cleanup_all done; 0.133 sec.
