

================================================================
== Vitis HLS Report for 'generateMsgSchedule_Pipeline_LOOP_SHA256_PREPARE_WT64'
================================================================
* Date:           Sat Oct 18 18:24:23 2025

* Version:        2024.2 (Build 5238294 on Nov  8 2024)
* Project:        hmac_sha256_test.prj
* Solution:       solution1 (Vivado IP Flow Target)
* Product family: zynq
* Target device:  xc7z020-clg484-1


================================================================
== Performance Estimates
================================================================
+ Timing: 
    * Summary: 
    +--------+---------+----------+------------+
    |  Clock |  Target | Estimated| Uncertainty|
    +--------+---------+----------+------------+
    |ap_clk  |  3.33 ns|  7.847 ns|     1.05 ns|
    +--------+---------+----------+------------+

+ Latency: 
    * Summary: 
    +---------+---------+----------+----------+-----+-----+------------------------------------------------+
    |  Latency (cycles) |  Latency (absolute) |  Interval |                    Pipeline                    |
    |   min   |   max   |    min   |    max   | min | max |                      Type                      |
    +---------+---------+----------+----------+-----+-----+------------------------------------------------+
    |       51|       51|  0.400 us|  0.400 us|   49|   49|  loop auto-rewind stp (delay=0 clock cycles(s))|
    +---------+---------+----------+----------+-----+-----+------------------------------------------------+

    + Detail: 
        * Instance: 
        N/A

        * Loop: 
        +----------------------------+---------+---------+----------+-----------+-----------+------+----------+
        |                            |  Latency (cycles) | Iteration|  Initiation Interval  | Trip |          |
        |          Loop Name         |   min   |   max   |  Latency |  achieved |   target  | Count| Pipelined|
        +----------------------------+---------+---------+----------+-----------+-----------+------+----------+
        |- LOOP_SHA256_PREPARE_WT64  |       49|       49|         2|          1|          1|    48|       yes|
        +----------------------------+---------+---------+----------+-----------+-----------+------+----------+

============================================================
+ Verbose Summary: Synthesis Manager
============================================================
InlineROM: 1
ExposeGlobal: 0
============================================================
+ Verbose Summary: CDFG Model
============================================================
IsTopModel: 0
ResetActiveHigh: 1
IsCombinational: 0
IsDatapathOnly: 0
HasWiredReturn: 1
HasMFsm: 2
HasVarLatency: 1
IsPipeline: 0
IsRtlPipelined: 0
IsInstanceOverlapped: 0
IsDontTouch: 0
HasImplIP: 0
IsGatedGlobalClock: 0

+ Individual pipeline summary: 
  * Pipeline-0: initiation interval (II) = 1, depth = 3


============================================================
+ Verbose Summary: Schedule
============================================================
* Number of FSM states : 3
* Pipeline : 1
  Pipeline-0 : II = 1, D = 3, States = { 1 2 3 }
* Dataflow Pipeline: 0

* FSM state transitions: 
1 --> 2 
2 --> 3 
3 --> 

* FSM state operations: 

State 1 <SV = 0> <Delay = 1.58>
ST_1 : Operation 5 [1/1] (0.00ns)   --->   "%t_2 = alloca i32 1" [D:/hlstrack/hlstrack2025-master/security/L1/tests/hmac/sha256/../../../../L1/include\xf_security/sha224_256.hpp:549]   --->   Operation 5 'alloca' 't_2' <Predicate = true> <Delay = 0.00>
ST_1 : Operation 6 [1/1] (0.00ns)   --->   "%empty = alloca i32 1"   --->   Operation 6 'alloca' 'empty' <Predicate = true> <Delay = 0.00>
ST_1 : Operation 7 [1/1] (0.00ns)   --->   "%empty_86 = alloca i32 1"   --->   Operation 7 'alloca' 'empty_86' <Predicate = true> <Delay = 0.00>
ST_1 : Operation 8 [1/1] (0.00ns)   --->   "%empty_87 = alloca i32 1"   --->   Operation 8 'alloca' 'empty_87' <Predicate = true> <Delay = 0.00>
ST_1 : Operation 9 [1/1] (0.00ns)   --->   "%empty_88 = alloca i32 1"   --->   Operation 9 'alloca' 'empty_88' <Predicate = true> <Delay = 0.00>
ST_1 : Operation 10 [1/1] (0.00ns)   --->   "%empty_89 = alloca i32 1"   --->   Operation 10 'alloca' 'empty_89' <Predicate = true> <Delay = 0.00>
ST_1 : Operation 11 [1/1] (0.00ns)   --->   "%empty_90 = alloca i32 1"   --->   Operation 11 'alloca' 'empty_90' <Predicate = true> <Delay = 0.00>
ST_1 : Operation 12 [1/1] (0.00ns)   --->   "%empty_91 = alloca i32 1"   --->   Operation 12 'alloca' 'empty_91' <Predicate = true> <Delay = 0.00>
ST_1 : Operation 13 [1/1] (0.00ns)   --->   "%empty_92 = alloca i32 1"   --->   Operation 13 'alloca' 'empty_92' <Predicate = true> <Delay = 0.00>
ST_1 : Operation 14 [1/1] (0.00ns)   --->   "%empty_93 = alloca i32 1"   --->   Operation 14 'alloca' 'empty_93' <Predicate = true> <Delay = 0.00>
ST_1 : Operation 15 [1/1] (0.00ns)   --->   "%empty_94 = alloca i32 1"   --->   Operation 15 'alloca' 'empty_94' <Predicate = true> <Delay = 0.00>
ST_1 : Operation 16 [1/1] (0.00ns)   --->   "%empty_95 = alloca i32 1"   --->   Operation 16 'alloca' 'empty_95' <Predicate = true> <Delay = 0.00>
ST_1 : Operation 17 [1/1] (0.00ns)   --->   "%empty_96 = alloca i32 1"   --->   Operation 17 'alloca' 'empty_96' <Predicate = true> <Delay = 0.00>
ST_1 : Operation 18 [1/1] (0.00ns)   --->   "%empty_97 = alloca i32 1"   --->   Operation 18 'alloca' 'empty_97' <Predicate = true> <Delay = 0.00>
ST_1 : Operation 19 [1/1] (0.00ns)   --->   "%empty_98 = alloca i32 1"   --->   Operation 19 'alloca' 'empty_98' <Predicate = true> <Delay = 0.00>
ST_1 : Operation 20 [1/1] (0.00ns)   --->   "%empty_99 = alloca i32 1"   --->   Operation 20 'alloca' 'empty_99' <Predicate = true> <Delay = 0.00>
ST_1 : Operation 21 [1/1] (0.00ns)   --->   "%empty_100 = alloca i32 1"   --->   Operation 21 'alloca' 'empty_100' <Predicate = true> <Delay = 0.00>
ST_1 : Operation 22 [1/1] (0.00ns)   --->   "%specmemcore_ln0 = specmemcore void @_ssdm_op_SpecMemCore, i32 %w_strm, i64 666, i64 9, i64 18446744073709551615"   --->   Operation 22 'specmemcore' 'specmemcore_ln0' <Predicate = true> <Delay = 0.00>
ST_1 : Operation 23 [1/1] (0.00ns)   --->   "%specinterface_ln0 = specinterface void @_ssdm_op_SpecInterface, i32 %w_strm, void @empty_3, i32 0, i32 0, void @empty_1, i32 0, i32 0, void @empty_1, void @empty_1, void @empty_1, i32 0, i32 0, i32 0, i32 0, void @empty_1, void @empty_1, i32 4294967295, i32 0, i32 0"   --->   Operation 23 'specinterface' 'specinterface_ln0' <Predicate = true> <Delay = 0.00>
ST_1 : Operation 24 [1/1] (0.00ns)   --->   "%W_1_reload_read = read i32 @_ssdm_op_Read.ap_auto.i32, i32 %W_1_reload" [D:/hlstrack/hlstrack2025-master/security/L1/tests/hmac/sha256/../../../../L1/include\xf_security/sha224_256.hpp:524]   --->   Operation 24 'read' 'W_1_reload_read' <Predicate = true> <Delay = 0.00>
ST_1 : Operation 25 [1/1] (0.00ns)   --->   "%W_6_reload_read = read i32 @_ssdm_op_Read.ap_auto.i32, i32 %W_6_reload" [D:/hlstrack/hlstrack2025-master/security/L1/tests/hmac/sha256/../../../../L1/include\xf_security/sha224_256.hpp:524]   --->   Operation 25 'read' 'W_6_reload_read' <Predicate = true> <Delay = 0.00>
ST_1 : Operation 26 [1/1] (0.00ns)   --->   "%W_14_reload_read = read i32 @_ssdm_op_Read.ap_auto.i32, i32 %W_14_reload" [D:/hlstrack/hlstrack2025-master/security/L1/tests/hmac/sha256/../../../../L1/include\xf_security/sha224_256.hpp:524]   --->   Operation 26 'read' 'W_14_reload_read' <Predicate = true> <Delay = 0.00>
ST_1 : Operation 27 [1/1] (0.00ns)   --->   "%W_15_reload_read = read i32 @_ssdm_op_Read.ap_auto.i32, i32 %W_15_reload" [D:/hlstrack/hlstrack2025-master/security/L1/tests/hmac/sha256/../../../../L1/include\xf_security/sha224_256.hpp:524]   --->   Operation 27 'read' 'W_15_reload_read' <Predicate = true> <Delay = 0.00>
ST_1 : Operation 28 [1/1] (0.00ns)   --->   "%W_13_reload_read = read i32 @_ssdm_op_Read.ap_auto.i32, i32 %W_13_reload" [D:/hlstrack/hlstrack2025-master/security/L1/tests/hmac/sha256/../../../../L1/include\xf_security/sha224_256.hpp:524]   --->   Operation 28 'read' 'W_13_reload_read' <Predicate = true> <Delay = 0.00>
ST_1 : Operation 29 [1/1] (0.00ns)   --->   "%W_12_reload_read = read i32 @_ssdm_op_Read.ap_auto.i32, i32 %W_12_reload" [D:/hlstrack/hlstrack2025-master/security/L1/tests/hmac/sha256/../../../../L1/include\xf_security/sha224_256.hpp:524]   --->   Operation 29 'read' 'W_12_reload_read' <Predicate = true> <Delay = 0.00>
ST_1 : Operation 30 [1/1] (0.00ns)   --->   "%W_11_reload_read = read i32 @_ssdm_op_Read.ap_auto.i32, i32 %W_11_reload" [D:/hlstrack/hlstrack2025-master/security/L1/tests/hmac/sha256/../../../../L1/include\xf_security/sha224_256.hpp:524]   --->   Operation 30 'read' 'W_11_reload_read' <Predicate = true> <Delay = 0.00>
ST_1 : Operation 31 [1/1] (0.00ns)   --->   "%W_10_reload_read = read i32 @_ssdm_op_Read.ap_auto.i32, i32 %W_10_reload" [D:/hlstrack/hlstrack2025-master/security/L1/tests/hmac/sha256/../../../../L1/include\xf_security/sha224_256.hpp:524]   --->   Operation 31 'read' 'W_10_reload_read' <Predicate = true> <Delay = 0.00>
ST_1 : Operation 32 [1/1] (0.00ns)   --->   "%W_9_reload_read = read i32 @_ssdm_op_Read.ap_auto.i32, i32 %W_9_reload" [D:/hlstrack/hlstrack2025-master/security/L1/tests/hmac/sha256/../../../../L1/include\xf_security/sha224_256.hpp:524]   --->   Operation 32 'read' 'W_9_reload_read' <Predicate = true> <Delay = 0.00>
ST_1 : Operation 33 [1/1] (0.00ns)   --->   "%W_8_reload_read = read i32 @_ssdm_op_Read.ap_auto.i32, i32 %W_8_reload" [D:/hlstrack/hlstrack2025-master/security/L1/tests/hmac/sha256/../../../../L1/include\xf_security/sha224_256.hpp:524]   --->   Operation 33 'read' 'W_8_reload_read' <Predicate = true> <Delay = 0.00>
ST_1 : Operation 34 [1/1] (0.00ns)   --->   "%W_7_reload_read = read i32 @_ssdm_op_Read.ap_auto.i32, i32 %W_7_reload" [D:/hlstrack/hlstrack2025-master/security/L1/tests/hmac/sha256/../../../../L1/include\xf_security/sha224_256.hpp:524]   --->   Operation 34 'read' 'W_7_reload_read' <Predicate = true> <Delay = 0.00>
ST_1 : Operation 35 [1/1] (0.00ns)   --->   "%W_5_reload_read = read i32 @_ssdm_op_Read.ap_auto.i32, i32 %W_5_reload" [D:/hlstrack/hlstrack2025-master/security/L1/tests/hmac/sha256/../../../../L1/include\xf_security/sha224_256.hpp:524]   --->   Operation 35 'read' 'W_5_reload_read' <Predicate = true> <Delay = 0.00>
ST_1 : Operation 36 [1/1] (0.00ns)   --->   "%W_4_reload_read = read i32 @_ssdm_op_Read.ap_auto.i32, i32 %W_4_reload" [D:/hlstrack/hlstrack2025-master/security/L1/tests/hmac/sha256/../../../../L1/include\xf_security/sha224_256.hpp:524]   --->   Operation 36 'read' 'W_4_reload_read' <Predicate = true> <Delay = 0.00>
ST_1 : Operation 37 [1/1] (0.00ns)   --->   "%W_3_reload_read = read i32 @_ssdm_op_Read.ap_auto.i32, i32 %W_3_reload" [D:/hlstrack/hlstrack2025-master/security/L1/tests/hmac/sha256/../../../../L1/include\xf_security/sha224_256.hpp:524]   --->   Operation 37 'read' 'W_3_reload_read' <Predicate = true> <Delay = 0.00>
ST_1 : Operation 38 [1/1] (0.00ns)   --->   "%W_2_reload_read = read i32 @_ssdm_op_Read.ap_auto.i32, i32 %W_2_reload" [D:/hlstrack/hlstrack2025-master/security/L1/tests/hmac/sha256/../../../../L1/include\xf_security/sha224_256.hpp:524]   --->   Operation 38 'read' 'W_2_reload_read' <Predicate = true> <Delay = 0.00>
ST_1 : Operation 39 [1/1] (0.00ns)   --->   "%W_reload_read = read i32 @_ssdm_op_Read.ap_auto.i32, i32 %W_reload" [D:/hlstrack/hlstrack2025-master/security/L1/tests/hmac/sha256/../../../../L1/include\xf_security/sha224_256.hpp:524]   --->   Operation 39 'read' 'W_reload_read' <Predicate = true> <Delay = 0.00>
ST_1 : Operation 40 [1/1] (1.58ns)   --->   "%store_ln524 = store i32 %W_reload_read, i32 %empty_100" [D:/hlstrack/hlstrack2025-master/security/L1/tests/hmac/sha256/../../../../L1/include\xf_security/sha224_256.hpp:524]   --->   Operation 40 'store' 'store_ln524' <Predicate = true> <Delay = 1.58>
ST_1 : Operation 41 [1/1] (1.58ns)   --->   "%store_ln524 = store i32 %W_2_reload_read, i32 %empty_99" [D:/hlstrack/hlstrack2025-master/security/L1/tests/hmac/sha256/../../../../L1/include\xf_security/sha224_256.hpp:524]   --->   Operation 41 'store' 'store_ln524' <Predicate = true> <Delay = 1.58>
ST_1 : Operation 42 [1/1] (1.58ns)   --->   "%store_ln524 = store i32 %W_3_reload_read, i32 %empty_98" [D:/hlstrack/hlstrack2025-master/security/L1/tests/hmac/sha256/../../../../L1/include\xf_security/sha224_256.hpp:524]   --->   Operation 42 'store' 'store_ln524' <Predicate = true> <Delay = 1.58>
ST_1 : Operation 43 [1/1] (1.58ns)   --->   "%store_ln524 = store i32 %W_4_reload_read, i32 %empty_97" [D:/hlstrack/hlstrack2025-master/security/L1/tests/hmac/sha256/../../../../L1/include\xf_security/sha224_256.hpp:524]   --->   Operation 43 'store' 'store_ln524' <Predicate = true> <Delay = 1.58>
ST_1 : Operation 44 [1/1] (1.58ns)   --->   "%store_ln524 = store i32 %W_5_reload_read, i32 %empty_96" [D:/hlstrack/hlstrack2025-master/security/L1/tests/hmac/sha256/../../../../L1/include\xf_security/sha224_256.hpp:524]   --->   Operation 44 'store' 'store_ln524' <Predicate = true> <Delay = 1.58>
ST_1 : Operation 45 [1/1] (1.58ns)   --->   "%store_ln524 = store i32 %W_7_reload_read, i32 %empty_95" [D:/hlstrack/hlstrack2025-master/security/L1/tests/hmac/sha256/../../../../L1/include\xf_security/sha224_256.hpp:524]   --->   Operation 45 'store' 'store_ln524' <Predicate = true> <Delay = 1.58>
ST_1 : Operation 46 [1/1] (1.58ns)   --->   "%store_ln524 = store i32 %W_8_reload_read, i32 %empty_94" [D:/hlstrack/hlstrack2025-master/security/L1/tests/hmac/sha256/../../../../L1/include\xf_security/sha224_256.hpp:524]   --->   Operation 46 'store' 'store_ln524' <Predicate = true> <Delay = 1.58>
ST_1 : Operation 47 [1/1] (1.58ns)   --->   "%store_ln524 = store i32 %W_9_reload_read, i32 %empty_93" [D:/hlstrack/hlstrack2025-master/security/L1/tests/hmac/sha256/../../../../L1/include\xf_security/sha224_256.hpp:524]   --->   Operation 47 'store' 'store_ln524' <Predicate = true> <Delay = 1.58>
ST_1 : Operation 48 [1/1] (1.58ns)   --->   "%store_ln524 = store i32 %W_10_reload_read, i32 %empty_92" [D:/hlstrack/hlstrack2025-master/security/L1/tests/hmac/sha256/../../../../L1/include\xf_security/sha224_256.hpp:524]   --->   Operation 48 'store' 'store_ln524' <Predicate = true> <Delay = 1.58>
ST_1 : Operation 49 [1/1] (1.58ns)   --->   "%store_ln524 = store i32 %W_11_reload_read, i32 %empty_91" [D:/hlstrack/hlstrack2025-master/security/L1/tests/hmac/sha256/../../../../L1/include\xf_security/sha224_256.hpp:524]   --->   Operation 49 'store' 'store_ln524' <Predicate = true> <Delay = 1.58>
ST_1 : Operation 50 [1/1] (1.58ns)   --->   "%store_ln524 = store i32 %W_12_reload_read, i32 %empty_90" [D:/hlstrack/hlstrack2025-master/security/L1/tests/hmac/sha256/../../../../L1/include\xf_security/sha224_256.hpp:524]   --->   Operation 50 'store' 'store_ln524' <Predicate = true> <Delay = 1.58>
ST_1 : Operation 51 [1/1] (1.58ns)   --->   "%store_ln524 = store i32 %W_13_reload_read, i32 %empty_89" [D:/hlstrack/hlstrack2025-master/security/L1/tests/hmac/sha256/../../../../L1/include\xf_security/sha224_256.hpp:524]   --->   Operation 51 'store' 'store_ln524' <Predicate = true> <Delay = 1.58>
ST_1 : Operation 52 [1/1] (1.58ns)   --->   "%store_ln524 = store i32 %W_14_reload_read, i32 %empty_88" [D:/hlstrack/hlstrack2025-master/security/L1/tests/hmac/sha256/../../../../L1/include\xf_security/sha224_256.hpp:524]   --->   Operation 52 'store' 'store_ln524' <Predicate = true> <Delay = 1.58>
ST_1 : Operation 53 [1/1] (1.58ns)   --->   "%store_ln524 = store i32 %W_15_reload_read, i32 %empty_87" [D:/hlstrack/hlstrack2025-master/security/L1/tests/hmac/sha256/../../../../L1/include\xf_security/sha224_256.hpp:524]   --->   Operation 53 'store' 'store_ln524' <Predicate = true> <Delay = 1.58>
ST_1 : Operation 54 [1/1] (1.58ns)   --->   "%store_ln524 = store i32 %W_6_reload_read, i32 %empty_86" [D:/hlstrack/hlstrack2025-master/security/L1/tests/hmac/sha256/../../../../L1/include\xf_security/sha224_256.hpp:524]   --->   Operation 54 'store' 'store_ln524' <Predicate = true> <Delay = 1.58>
ST_1 : Operation 55 [1/1] (1.58ns)   --->   "%store_ln524 = store i32 %W_1_reload_read, i32 %empty" [D:/hlstrack/hlstrack2025-master/security/L1/tests/hmac/sha256/../../../../L1/include\xf_security/sha224_256.hpp:524]   --->   Operation 55 'store' 'store_ln524' <Predicate = true> <Delay = 1.58>
ST_1 : Operation 56 [1/1] (1.58ns)   --->   "%store_ln549 = store i7 16, i7 %t_2" [D:/hlstrack/hlstrack2025-master/security/L1/tests/hmac/sha256/../../../../L1/include\xf_security/sha224_256.hpp:549]   --->   Operation 56 'store' 'store_ln549' <Predicate = true> <Delay = 1.58>
ST_1 : Operation 57 [1/1] (0.00ns)   --->   "%br_ln0 = br void %VITIS_LOOP_554_3"   --->   Operation 57 'br' 'br_ln0' <Predicate = true> <Delay = 0.00>

State 2 <SV = 1> <Delay = 3.45>
ST_2 : Operation 58 [1/1] (0.00ns)   --->   "%t = load i7 %t_2" [D:/hlstrack/hlstrack2025-master/security/L1/tests/hmac/sha256/../../../../L1/include\xf_security/sha224_256.hpp:549]   --->   Operation 58 'load' 't' <Predicate = true> <Delay = 0.00>
ST_2 : Operation 59 [1/1] (0.00ns)   --->   "%p_load35 = load i32 %empty_88" [D:/hlstrack/hlstrack2025-master/security/L1/tests/hmac/sha256/../../../../L1/include\xf_security/sha224_256.hpp:553]   --->   Operation 59 'load' 'p_load35' <Predicate = true> <Delay = 0.00>
ST_2 : Operation 60 [1/1] (0.00ns)   --->   "%p_load34 = load i32 %empty_89"   --->   Operation 60 'load' 'p_load34' <Predicate = true> <Delay = 0.00>
ST_2 : Operation 61 [1/1] (0.00ns)   --->   "%p_load33 = load i32 %empty_90"   --->   Operation 61 'load' 'p_load33' <Predicate = true> <Delay = 0.00>
ST_2 : Operation 62 [1/1] (0.00ns)   --->   "%p_load32 = load i32 %empty_91"   --->   Operation 62 'load' 'p_load32' <Predicate = true> <Delay = 0.00>
ST_2 : Operation 63 [1/1] (0.00ns)   --->   "%p_load31 = load i32 %empty_92"   --->   Operation 63 'load' 'p_load31' <Predicate = true> <Delay = 0.00>
ST_2 : Operation 64 [1/1] (0.00ns)   --->   "%p_load30 = load i32 %empty_93"   --->   Operation 64 'load' 'p_load30' <Predicate = true> <Delay = 0.00>
ST_2 : Operation 65 [1/1] (0.00ns)   --->   "%p_load29 = load i32 %empty_94"   --->   Operation 65 'load' 'p_load29' <Predicate = true> <Delay = 0.00>
ST_2 : Operation 66 [1/1] (0.00ns)   --->   "%p_load28 = load i32 %empty_95"   --->   Operation 66 'load' 'p_load28' <Predicate = true> <Delay = 0.00>
ST_2 : Operation 67 [1/1] (0.00ns)   --->   "%p_load27 = load i32 %empty_96"   --->   Operation 67 'load' 'p_load27' <Predicate = true> <Delay = 0.00>
ST_2 : Operation 68 [1/1] (0.00ns)   --->   "%p_load26 = load i32 %empty_97"   --->   Operation 68 'load' 'p_load26' <Predicate = true> <Delay = 0.00>
ST_2 : Operation 69 [1/1] (0.00ns)   --->   "%p_load25 = load i32 %empty_98"   --->   Operation 69 'load' 'p_load25' <Predicate = true> <Delay = 0.00>
ST_2 : Operation 70 [1/1] (0.00ns)   --->   "%p_load24 = load i32 %empty_99"   --->   Operation 70 'load' 'p_load24' <Predicate = true> <Delay = 0.00>
ST_2 : Operation 71 [1/1] (1.87ns)   --->   "%icmp_ln549 = icmp_eq  i7 %t, i7 64" [D:/hlstrack/hlstrack2025-master/security/L1/tests/hmac/sha256/../../../../L1/include\xf_security/sha224_256.hpp:549]   --->   Operation 71 'icmp' 'icmp_ln549' <Predicate = true> <Delay = 1.87> <CoreInst = "Cmp">   --->   Core 9 'Cmp' <Latency = 0> <II = 1> <Delay = 1.87> <FuncUnit> <Opcode : 'seteq' 'setne' 'setle' 'setge' 'setlt' 'setgt'> <InPorts = 2> <OutPorts = 1>
ST_2 : Operation 72 [1/1] (0.00ns)   --->   "%br_ln549 = br i1 %icmp_ln549, void %VITIS_LOOP_554_3.split, void %xcl_latency.LOOP_SHA256_PREPARE_WT16.0_end.exitStub" [D:/hlstrack/hlstrack2025-master/security/L1/tests/hmac/sha256/../../../../L1/include\xf_security/sha224_256.hpp:549]   --->   Operation 72 'br' 'br_ln549' <Predicate = true> <Delay = 0.00>
ST_2 : Operation 73 [1/1] (0.00ns)   --->   "%p_load38 = load i32 %empty"   --->   Operation 73 'load' 'p_load38' <Predicate = (!icmp_ln549)> <Delay = 0.00>
ST_2 : Operation 74 [1/1] (0.00ns)   --->   "%p_load37 = load i32 %empty_86"   --->   Operation 74 'load' 'p_load37' <Predicate = (!icmp_ln549)> <Delay = 0.00>
ST_2 : Operation 75 [1/1] (0.00ns)   --->   "%p_load36 = load i32 %empty_87" [D:/hlstrack/hlstrack2025-master/security/L1/tests/hmac/sha256/../../../../L1/include\xf_security/sha224_256.hpp:553]   --->   Operation 75 'load' 'p_load36' <Predicate = (!icmp_ln549)> <Delay = 0.00>
ST_2 : Operation 76 [1/1] (0.00ns) (grouped into LUT with out node xor_ln553_1)   --->   "%lshr_ln = partselect i15 @_ssdm_op_PartSelect.i15.i32.i32.i32, i32 %p_load38, i32 17, i32 31" [D:/hlstrack/hlstrack2025-master/security/L1/tests/hmac/sha256/../../../../L1/include\xf_security/sha224_256.hpp:553]   --->   Operation 76 'partselect' 'lshr_ln' <Predicate = (!icmp_ln549)> <Delay = 0.00>
ST_2 : Operation 77 [1/1] (0.00ns) (grouped into LUT with out node xor_ln553_1)   --->   "%trunc_ln553 = trunc i32 %p_load38" [D:/hlstrack/hlstrack2025-master/security/L1/tests/hmac/sha256/../../../../L1/include\xf_security/sha224_256.hpp:553]   --->   Operation 77 'trunc' 'trunc_ln553' <Predicate = (!icmp_ln549)> <Delay = 0.00>
ST_2 : Operation 78 [1/1] (0.00ns) (grouped into LUT with out node xor_ln553_1)   --->   "%lshr_ln553_1 = partselect i13 @_ssdm_op_PartSelect.i13.i32.i32.i32, i32 %p_load38, i32 19, i32 31" [D:/hlstrack/hlstrack2025-master/security/L1/tests/hmac/sha256/../../../../L1/include\xf_security/sha224_256.hpp:553]   --->   Operation 78 'partselect' 'lshr_ln553_1' <Predicate = (!icmp_ln549)> <Delay = 0.00>
ST_2 : Operation 79 [1/1] (0.00ns) (grouped into LUT with out node xor_ln553_1)   --->   "%trunc_ln553_1 = trunc i32 %p_load38" [D:/hlstrack/hlstrack2025-master/security/L1/tests/hmac/sha256/../../../../L1/include\xf_security/sha224_256.hpp:553]   --->   Operation 79 'trunc' 'trunc_ln553_1' <Predicate = (!icmp_ln549)> <Delay = 0.00>
ST_2 : Operation 80 [1/1] (0.00ns) (grouped into LUT with out node xor_ln553_1)   --->   "%lshr_ln553_2 = partselect i22 @_ssdm_op_PartSelect.i22.i32.i32.i32, i32 %p_load38, i32 10, i32 31" [D:/hlstrack/hlstrack2025-master/security/L1/tests/hmac/sha256/../../../../L1/include\xf_security/sha224_256.hpp:553]   --->   Operation 80 'partselect' 'lshr_ln553_2' <Predicate = (!icmp_ln549)> <Delay = 0.00>
ST_2 : Operation 81 [1/1] (0.00ns) (grouped into LUT with out node xor_ln553_1)   --->   "%zext_ln553 = zext i22 %lshr_ln553_2" [D:/hlstrack/hlstrack2025-master/security/L1/tests/hmac/sha256/../../../../L1/include\xf_security/sha224_256.hpp:553]   --->   Operation 81 'zext' 'zext_ln553' <Predicate = (!icmp_ln549)> <Delay = 0.00>
ST_2 : Operation 82 [1/1] (0.00ns) (grouped into LUT with out node xor_ln553_3)   --->   "%lshr_ln553_3 = partselect i25 @_ssdm_op_PartSelect.i25.i32.i32.i32, i32 %p_load35, i32 7, i32 31" [D:/hlstrack/hlstrack2025-master/security/L1/tests/hmac/sha256/../../../../L1/include\xf_security/sha224_256.hpp:553]   --->   Operation 82 'partselect' 'lshr_ln553_3' <Predicate = (!icmp_ln549)> <Delay = 0.00>
ST_2 : Operation 83 [1/1] (0.00ns) (grouped into LUT with out node xor_ln553_3)   --->   "%trunc_ln553_2 = trunc i32 %p_load35" [D:/hlstrack/hlstrack2025-master/security/L1/tests/hmac/sha256/../../../../L1/include\xf_security/sha224_256.hpp:553]   --->   Operation 83 'trunc' 'trunc_ln553_2' <Predicate = (!icmp_ln549)> <Delay = 0.00>
ST_2 : Operation 84 [1/1] (0.00ns) (grouped into LUT with out node xor_ln553_3)   --->   "%lshr_ln553_4 = partselect i14 @_ssdm_op_PartSelect.i14.i32.i32.i32, i32 %p_load35, i32 18, i32 31" [D:/hlstrack/hlstrack2025-master/security/L1/tests/hmac/sha256/../../../../L1/include\xf_security/sha224_256.hpp:553]   --->   Operation 84 'partselect' 'lshr_ln553_4' <Predicate = (!icmp_ln549)> <Delay = 0.00>
ST_2 : Operation 85 [1/1] (0.00ns) (grouped into LUT with out node xor_ln553_3)   --->   "%trunc_ln553_3 = trunc i32 %p_load35" [D:/hlstrack/hlstrack2025-master/security/L1/tests/hmac/sha256/../../../../L1/include\xf_security/sha224_256.hpp:553]   --->   Operation 85 'trunc' 'trunc_ln553_3' <Predicate = (!icmp_ln549)> <Delay = 0.00>
ST_2 : Operation 86 [1/1] (0.00ns) (grouped into LUT with out node xor_ln553_3)   --->   "%lshr_ln553_5 = partselect i29 @_ssdm_op_PartSelect.i29.i32.i32.i32, i32 %p_load35, i32 3, i32 31" [D:/hlstrack/hlstrack2025-master/security/L1/tests/hmac/sha256/../../../../L1/include\xf_security/sha224_256.hpp:553]   --->   Operation 86 'partselect' 'lshr_ln553_5' <Predicate = (!icmp_ln549)> <Delay = 0.00>
ST_2 : Operation 87 [1/1] (0.00ns) (grouped into LUT with out node xor_ln553_3)   --->   "%zext_ln553_1 = zext i29 %lshr_ln553_5" [D:/hlstrack/hlstrack2025-master/security/L1/tests/hmac/sha256/../../../../L1/include\xf_security/sha224_256.hpp:553]   --->   Operation 87 'zext' 'zext_ln553_1' <Predicate = (!icmp_ln549)> <Delay = 0.00>
ST_2 : Operation 88 [1/1] (0.00ns) (grouped into LUT with out node xor_ln553_1)   --->   "%or_ln = bitconcatenate i32 @_ssdm_op_BitConcatenate.i32.i17.i15, i17 %trunc_ln553, i15 %lshr_ln" [D:/hlstrack/hlstrack2025-master/security/L1/tests/hmac/sha256/../../../../L1/include\xf_security/sha224_256.hpp:553]   --->   Operation 88 'bitconcatenate' 'or_ln' <Predicate = (!icmp_ln549)> <Delay = 0.00>
ST_2 : Operation 89 [1/1] (0.00ns) (grouped into LUT with out node xor_ln553_1)   --->   "%or_ln553_1 = bitconcatenate i32 @_ssdm_op_BitConcatenate.i32.i19.i13, i19 %trunc_ln553_1, i13 %lshr_ln553_1" [D:/hlstrack/hlstrack2025-master/security/L1/tests/hmac/sha256/../../../../L1/include\xf_security/sha224_256.hpp:553]   --->   Operation 89 'bitconcatenate' 'or_ln553_1' <Predicate = (!icmp_ln549)> <Delay = 0.00>
ST_2 : Operation 90 [1/1] (0.00ns) (grouped into LUT with out node xor_ln553_3)   --->   "%or_ln553_2 = bitconcatenate i32 @_ssdm_op_BitConcatenate.i32.i7.i25, i7 %trunc_ln553_2, i25 %lshr_ln553_3" [D:/hlstrack/hlstrack2025-master/security/L1/tests/hmac/sha256/../../../../L1/include\xf_security/sha224_256.hpp:553]   --->   Operation 90 'bitconcatenate' 'or_ln553_2' <Predicate = (!icmp_ln549)> <Delay = 0.00>
ST_2 : Operation 91 [1/1] (0.00ns) (grouped into LUT with out node xor_ln553_3)   --->   "%or_ln553_3 = bitconcatenate i32 @_ssdm_op_BitConcatenate.i32.i18.i14, i18 %trunc_ln553_3, i14 %lshr_ln553_4" [D:/hlstrack/hlstrack2025-master/security/L1/tests/hmac/sha256/../../../../L1/include\xf_security/sha224_256.hpp:553]   --->   Operation 91 'bitconcatenate' 'or_ln553_3' <Predicate = (!icmp_ln549)> <Delay = 0.00>
ST_2 : Operation 92 [1/1] (0.00ns) (grouped into LUT with out node xor_ln553_1)   --->   "%xor_ln553 = xor i32 %or_ln, i32 %zext_ln553" [D:/hlstrack/hlstrack2025-master/security/L1/tests/hmac/sha256/../../../../L1/include\xf_security/sha224_256.hpp:553]   --->   Operation 92 'xor' 'xor_ln553' <Predicate = (!icmp_ln549)> <Delay = 0.00> <CoreInst = "LogicGate">   --->   Core 74 'LogicGate' <Latency = 0> <II = 1> <Delay = 0.99> <FuncUnit> <Opcode : 'and' 'or' 'xor'> <InPorts = 2> <OutPorts = 1>
ST_2 : Operation 93 [1/1] (0.99ns) (out node of the LUT)   --->   "%xor_ln553_1 = xor i32 %xor_ln553, i32 %or_ln553_1" [D:/hlstrack/hlstrack2025-master/security/L1/tests/hmac/sha256/../../../../L1/include\xf_security/sha224_256.hpp:553]   --->   Operation 93 'xor' 'xor_ln553_1' <Predicate = (!icmp_ln549)> <Delay = 0.99> <CoreInst = "LogicGate">   --->   Core 74 'LogicGate' <Latency = 0> <II = 1> <Delay = 0.99> <FuncUnit> <Opcode : 'and' 'or' 'xor'> <InPorts = 2> <OutPorts = 1>
ST_2 : Operation 94 [1/1] (0.00ns) (grouped into LUT with out node xor_ln553_3)   --->   "%xor_ln553_2 = xor i32 %zext_ln553_1, i32 %or_ln553_2" [D:/hlstrack/hlstrack2025-master/security/L1/tests/hmac/sha256/../../../../L1/include\xf_security/sha224_256.hpp:553]   --->   Operation 94 'xor' 'xor_ln553_2' <Predicate = (!icmp_ln549)> <Delay = 0.00> <CoreInst = "LogicGate">   --->   Core 74 'LogicGate' <Latency = 0> <II = 1> <Delay = 0.99> <FuncUnit> <Opcode : 'and' 'or' 'xor'> <InPorts = 2> <OutPorts = 1>
ST_2 : Operation 95 [1/1] (0.99ns) (out node of the LUT)   --->   "%xor_ln553_3 = xor i32 %xor_ln553_2, i32 %or_ln553_3" [D:/hlstrack/hlstrack2025-master/security/L1/tests/hmac/sha256/../../../../L1/include\xf_security/sha224_256.hpp:553]   --->   Operation 95 'xor' 'xor_ln553_3' <Predicate = (!icmp_ln549)> <Delay = 0.99> <CoreInst = "LogicGate">   --->   Core 74 'LogicGate' <Latency = 0> <II = 1> <Delay = 0.99> <FuncUnit> <Opcode : 'and' 'or' 'xor'> <InPorts = 2> <OutPorts = 1>
ST_2 : Operation 96 [2/2] (2.23ns)   --->   "%add_ln553 = add i32 %p_load36, i32 %xor_ln553_3" [D:/hlstrack/hlstrack2025-master/security/L1/tests/hmac/sha256/../../../../L1/include\xf_security/sha224_256.hpp:553]   --->   Operation 96 'add' 'add_ln553' <Predicate = (!icmp_ln549)> <Delay = 2.23> <CoreInst = "Adder">   --->   Core 1 'Adder' <Latency = 1> <II = 1> <Delay = 2.23> <FuncUnit> <Opcode : 'add' 'sub'> <InPorts = 2> <OutPorts = 1>
ST_2 : Operation 97 [2/2] (2.23ns)   --->   "%add_ln553_1 = add i32 %xor_ln553_1, i32 %p_load37" [D:/hlstrack/hlstrack2025-master/security/L1/tests/hmac/sha256/../../../../L1/include\xf_security/sha224_256.hpp:553]   --->   Operation 97 'add' 'add_ln553_1' <Predicate = (!icmp_ln549)> <Delay = 2.23> <CoreInst = "Adder">   --->   Core 1 'Adder' <Latency = 1> <II = 1> <Delay = 2.23> <FuncUnit> <Opcode : 'add' 'sub'> <InPorts = 2> <OutPorts = 1>
ST_2 : Operation 98 [1/1] (1.87ns)   --->   "%t_3 = add i7 %t, i7 1" [D:/hlstrack/hlstrack2025-master/security/L1/tests/hmac/sha256/../../../../L1/include\xf_security/sha224_256.hpp:549]   --->   Operation 98 'add' 't_3' <Predicate = (!icmp_ln549)> <Delay = 1.87> <CoreInst = "Adder">   --->   Core 1 'Adder' <Latency = 0> <II = 1> <Delay = 1.87> <FuncUnit> <Opcode : 'add' 'sub'> <InPorts = 2> <OutPorts = 1>
ST_2 : Operation 99 [1/1] (1.58ns)   --->   "%store_ln0 = store i32 %p_load38, i32 %empty_99"   --->   Operation 99 'store' 'store_ln0' <Predicate = (!icmp_ln549)> <Delay = 1.58>
ST_2 : Operation 100 [1/1] (1.58ns)   --->   "%store_ln0 = store i32 %p_load24, i32 %empty_98"   --->   Operation 100 'store' 'store_ln0' <Predicate = (!icmp_ln549)> <Delay = 1.58>
ST_2 : Operation 101 [1/1] (1.58ns)   --->   "%store_ln0 = store i32 %p_load25, i32 %empty_97"   --->   Operation 101 'store' 'store_ln0' <Predicate = (!icmp_ln549)> <Delay = 1.58>
ST_2 : Operation 102 [1/1] (1.58ns)   --->   "%store_ln0 = store i32 %p_load26, i32 %empty_96"   --->   Operation 102 'store' 'store_ln0' <Predicate = (!icmp_ln549)> <Delay = 1.58>
ST_2 : Operation 103 [1/1] (1.58ns)   --->   "%store_ln0 = store i32 %p_load37, i32 %empty_95"   --->   Operation 103 'store' 'store_ln0' <Predicate = (!icmp_ln549)> <Delay = 1.58>
ST_2 : Operation 104 [1/1] (1.58ns)   --->   "%store_ln0 = store i32 %p_load28, i32 %empty_94"   --->   Operation 104 'store' 'store_ln0' <Predicate = (!icmp_ln549)> <Delay = 1.58>
ST_2 : Operation 105 [1/1] (1.58ns)   --->   "%store_ln0 = store i32 %p_load29, i32 %empty_93"   --->   Operation 105 'store' 'store_ln0' <Predicate = (!icmp_ln549)> <Delay = 1.58>
ST_2 : Operation 106 [1/1] (1.58ns)   --->   "%store_ln0 = store i32 %p_load30, i32 %empty_92"   --->   Operation 106 'store' 'store_ln0' <Predicate = (!icmp_ln549)> <Delay = 1.58>
ST_2 : Operation 107 [1/1] (1.58ns)   --->   "%store_ln0 = store i32 %p_load31, i32 %empty_91"   --->   Operation 107 'store' 'store_ln0' <Predicate = (!icmp_ln549)> <Delay = 1.58>
ST_2 : Operation 108 [1/1] (1.58ns)   --->   "%store_ln0 = store i32 %p_load32, i32 %empty_90"   --->   Operation 108 'store' 'store_ln0' <Predicate = (!icmp_ln549)> <Delay = 1.58>
ST_2 : Operation 109 [1/1] (1.58ns)   --->   "%store_ln0 = store i32 %p_load33, i32 %empty_89"   --->   Operation 109 'store' 'store_ln0' <Predicate = (!icmp_ln549)> <Delay = 1.58>
ST_2 : Operation 110 [1/1] (1.58ns)   --->   "%store_ln0 = store i32 %p_load34, i32 %empty_88"   --->   Operation 110 'store' 'store_ln0' <Predicate = (!icmp_ln549)> <Delay = 1.58>
ST_2 : Operation 111 [1/1] (1.58ns)   --->   "%store_ln553 = store i32 %p_load35, i32 %empty_87" [D:/hlstrack/hlstrack2025-master/security/L1/tests/hmac/sha256/../../../../L1/include\xf_security/sha224_256.hpp:553]   --->   Operation 111 'store' 'store_ln553' <Predicate = (!icmp_ln549)> <Delay = 1.58>
ST_2 : Operation 112 [1/1] (1.58ns)   --->   "%store_ln0 = store i32 %p_load27, i32 %empty_86"   --->   Operation 112 'store' 'store_ln0' <Predicate = (!icmp_ln549)> <Delay = 1.58>
ST_2 : Operation 113 [1/1] (1.58ns)   --->   "%store_ln549 = store i7 %t_3, i7 %t_2" [D:/hlstrack/hlstrack2025-master/security/L1/tests/hmac/sha256/../../../../L1/include\xf_security/sha224_256.hpp:549]   --->   Operation 113 'store' 'store_ln549' <Predicate = (!icmp_ln549)> <Delay = 1.58>

State 3 <SV = 2> <Delay = 7.84>
ST_3 : Operation 114 [1/1] (0.00ns)   --->   "%p_load = load i32 %empty_100"   --->   Operation 114 'load' 'p_load' <Predicate = true> <Delay = 0.00>
ST_3 : Operation 115 [1/1] (0.00ns)   --->   "%specpipeline_ln550 = specpipeline void @_ssdm_op_SpecPipeline, i32 1, i32 0, i32 0, i32 0, void @empty_1" [D:/hlstrack/hlstrack2025-master/security/L1/tests/hmac/sha256/../../../../L1/include\xf_security/sha224_256.hpp:550]   --->   Operation 115 'specpipeline' 'specpipeline_ln550' <Predicate = (!icmp_ln549)> <Delay = 0.00>
ST_3 : Operation 116 [1/1] (0.00ns)   --->   "%speclooptripcount_ln549 = speclooptripcount void @_ssdm_op_SpecLoopTripCount, i64 48, i64 48, i64 48" [D:/hlstrack/hlstrack2025-master/security/L1/tests/hmac/sha256/../../../../L1/include\xf_security/sha224_256.hpp:549]   --->   Operation 116 'speclooptripcount' 'speclooptripcount_ln549' <Predicate = (!icmp_ln549)> <Delay = 0.00>
ST_3 : Operation 117 [1/1] (0.00ns)   --->   "%specloopname_ln549 = specloopname void @_ssdm_op_SpecLoopName, void @empty_12" [D:/hlstrack/hlstrack2025-master/security/L1/tests/hmac/sha256/../../../../L1/include\xf_security/sha224_256.hpp:549]   --->   Operation 117 'specloopname' 'specloopname_ln549' <Predicate = (!icmp_ln549)> <Delay = 0.00>
ST_3 : Operation 118 [1/2] (2.23ns)   --->   "%add_ln553 = add i32 %p_load36, i32 %xor_ln553_3" [D:/hlstrack/hlstrack2025-master/security/L1/tests/hmac/sha256/../../../../L1/include\xf_security/sha224_256.hpp:553]   --->   Operation 118 'add' 'add_ln553' <Predicate = (!icmp_ln549)> <Delay = 2.23> <CoreInst = "Adder">   --->   Core 1 'Adder' <Latency = 1> <II = 1> <Delay = 2.23> <FuncUnit> <Opcode : 'add' 'sub'> <InPorts = 2> <OutPorts = 1>
ST_3 : Operation 119 [1/2] (2.23ns)   --->   "%add_ln553_1 = add i32 %xor_ln553_1, i32 %p_load37" [D:/hlstrack/hlstrack2025-master/security/L1/tests/hmac/sha256/../../../../L1/include\xf_security/sha224_256.hpp:553]   --->   Operation 119 'add' 'add_ln553_1' <Predicate = (!icmp_ln549)> <Delay = 2.23> <CoreInst = "Adder">   --->   Core 1 'Adder' <Latency = 1> <II = 1> <Delay = 2.23> <FuncUnit> <Opcode : 'add' 'sub'> <InPorts = 2> <OutPorts = 1>
ST_3 : Operation 120 [1/1] (4.02ns)   --->   "%Wt = add i32 %add_ln553_1, i32 %add_ln553" [D:/hlstrack/hlstrack2025-master/security/L1/tests/hmac/sha256/../../../../L1/include\xf_security/sha224_256.hpp:553]   --->   Operation 120 'add' 'Wt' <Predicate = (!icmp_ln549)> <Delay = 4.02> <CoreInst = "AddSub_DSP">   --->   Core 2 'AddSub_DSP' <Latency = 0> <II = 1> <Delay = 4.02> <FuncUnit> <Opcode : 'add' 'sub'> <InPorts = 2> <OutPorts = 1>
ST_3 : Operation 121 [1/1] ( I:1.14ns O:1.14ns )   --->   "%write_ln558 = write void @_ssdm_op_Write.ap_fifo.volatile.i32P0A, i32 %w_strm, i32 %Wt" [D:/hlstrack/hlstrack2025-master/security/L1/tests/hmac/sha256/../../../../L1/include\xf_security/sha224_256.hpp:558]   --->   Operation 121 'write' 'write_ln558' <Predicate = (!icmp_ln549)> <Delay = 1.14> <CoreInst = "FIFO_LUTRAM">   --->   Core 79 'FIFO_LUTRAM' <Latency = 0> <II = 1> <Delay = 3.72> <Storage> <Opcode : 'read' 'write' 'nbread' 'nbwrite'> <Ports = 0> <Width = 32> <Depth = 32> <FIFO>
ST_3 : Operation 122 [1/1] (1.58ns)   --->   "%store_ln553 = store i32 %Wt, i32 %empty_100" [D:/hlstrack/hlstrack2025-master/security/L1/tests/hmac/sha256/../../../../L1/include\xf_security/sha224_256.hpp:553]   --->   Operation 122 'store' 'store_ln553' <Predicate = (!icmp_ln549)> <Delay = 1.58>
ST_3 : Operation 123 [1/1] (1.58ns)   --->   "%store_ln0 = store i32 %p_load, i32 %empty"   --->   Operation 123 'store' 'store_ln0' <Predicate = (!icmp_ln549)> <Delay = 1.58>
ST_3 : Operation 124 [1/1] (0.00ns)   --->   "%br_ln549 = br void %VITIS_LOOP_554_3" [D:/hlstrack/hlstrack2025-master/security/L1/tests/hmac/sha256/../../../../L1/include\xf_security/sha224_256.hpp:549]   --->   Operation 124 'br' 'br_ln549' <Predicate = (!icmp_ln549)> <Delay = 0.00>
ST_3 : Operation 125 [1/1] (1.58ns)   --->   "%ret_ln0 = ret"   --->   Operation 125 'ret' 'ret_ln0' <Predicate = (icmp_ln549)> <Delay = 1.58>


============================================================
+ Verbose Summary: Binding
============================================================
STG Binding: 
---------------- STG Properties BEGIN ----------------
- Is combinational: 0
- Is one-state seq: 0
- Is datapath-only: 0
- Is pipelined: 0
- Is top level: 0
Port [ Return ] is wired: 1; IO mode=ap_ctrl_hs:ce=0
Port [ W_reload]:  wired=1; compound=0; hidden=0; nouse=0; global=0; static=0; extern=0; dir=0; type=0; pingpong=0; private_global=0; IO mode=ap_none:ce=0
Port [ W_2_reload]:  wired=1; compound=0; hidden=0; nouse=0; global=0; static=0; extern=0; dir=0; type=0; pingpong=0; private_global=0; IO mode=ap_none:ce=0
Port [ W_3_reload]:  wired=1; compound=0; hidden=0; nouse=0; global=0; static=0; extern=0; dir=0; type=0; pingpong=0; private_global=0; IO mode=ap_none:ce=0
Port [ W_4_reload]:  wired=1; compound=0; hidden=0; nouse=0; global=0; static=0; extern=0; dir=0; type=0; pingpong=0; private_global=0; IO mode=ap_none:ce=0
Port [ W_5_reload]:  wired=1; compound=0; hidden=0; nouse=0; global=0; static=0; extern=0; dir=0; type=0; pingpong=0; private_global=0; IO mode=ap_none:ce=0
Port [ W_7_reload]:  wired=1; compound=0; hidden=0; nouse=0; global=0; static=0; extern=0; dir=0; type=0; pingpong=0; private_global=0; IO mode=ap_none:ce=0
Port [ W_8_reload]:  wired=1; compound=0; hidden=0; nouse=0; global=0; static=0; extern=0; dir=0; type=0; pingpong=0; private_global=0; IO mode=ap_none:ce=0
Port [ W_9_reload]:  wired=1; compound=0; hidden=0; nouse=0; global=0; static=0; extern=0; dir=0; type=0; pingpong=0; private_global=0; IO mode=ap_none:ce=0
Port [ W_10_reload]:  wired=1; compound=0; hidden=0; nouse=0; global=0; static=0; extern=0; dir=0; type=0; pingpong=0; private_global=0; IO mode=ap_none:ce=0
Port [ W_11_reload]:  wired=1; compound=0; hidden=0; nouse=0; global=0; static=0; extern=0; dir=0; type=0; pingpong=0; private_global=0; IO mode=ap_none:ce=0
Port [ W_12_reload]:  wired=1; compound=0; hidden=0; nouse=0; global=0; static=0; extern=0; dir=0; type=0; pingpong=0; private_global=0; IO mode=ap_none:ce=0
Port [ W_13_reload]:  wired=1; compound=0; hidden=0; nouse=0; global=0; static=0; extern=0; dir=0; type=0; pingpong=0; private_global=0; IO mode=ap_none:ce=0
Port [ W_15_reload]:  wired=1; compound=0; hidden=0; nouse=0; global=0; static=0; extern=0; dir=0; type=0; pingpong=0; private_global=0; IO mode=ap_none:ce=0
Port [ W_14_reload]:  wired=1; compound=0; hidden=0; nouse=0; global=0; static=0; extern=0; dir=0; type=0; pingpong=0; private_global=0; IO mode=ap_none:ce=0
Port [ W_6_reload]:  wired=1; compound=0; hidden=0; nouse=0; global=0; static=0; extern=0; dir=0; type=0; pingpong=0; private_global=0; IO mode=ap_none:ce=0
Port [ W_1_reload]:  wired=1; compound=0; hidden=0; nouse=0; global=0; static=0; extern=0; dir=0; type=0; pingpong=0; private_global=0; IO mode=ap_none:ce=0
Port [ w_strm]:  wired=1; compound=1; hidden=0; nouse=0; global=0; static=0; extern=0; dir=1; type=3; pingpong=0; private_global=0; IO mode=ap_fifo:ce=0
---------------- STG Properties END ------------------

---------------- Datapath Model BEGIN ----------------

<LifeTime>
<method=bitvector/>
t_2                     (alloca           ) [ 0110]
empty                   (alloca           ) [ 0111]
empty_86                (alloca           ) [ 0110]
empty_87                (alloca           ) [ 0110]
empty_88                (alloca           ) [ 0110]
empty_89                (alloca           ) [ 0110]
empty_90                (alloca           ) [ 0110]
empty_91                (alloca           ) [ 0110]
empty_92                (alloca           ) [ 0110]
empty_93                (alloca           ) [ 0110]
empty_94                (alloca           ) [ 0110]
empty_95                (alloca           ) [ 0110]
empty_96                (alloca           ) [ 0110]
empty_97                (alloca           ) [ 0110]
empty_98                (alloca           ) [ 0110]
empty_99                (alloca           ) [ 0110]
empty_100               (alloca           ) [ 0111]
specmemcore_ln0         (specmemcore      ) [ 0000]
specinterface_ln0       (specinterface    ) [ 0000]
W_1_reload_read         (read             ) [ 0000]
W_6_reload_read         (read             ) [ 0000]
W_14_reload_read        (read             ) [ 0000]
W_15_reload_read        (read             ) [ 0000]
W_13_reload_read        (read             ) [ 0000]
W_12_reload_read        (read             ) [ 0000]
W_11_reload_read        (read             ) [ 0000]
W_10_reload_read        (read             ) [ 0000]
W_9_reload_read         (read             ) [ 0000]
W_8_reload_read         (read             ) [ 0000]
W_7_reload_read         (read             ) [ 0000]
W_5_reload_read         (read             ) [ 0000]
W_4_reload_read         (read             ) [ 0000]
W_3_reload_read         (read             ) [ 0000]
W_2_reload_read         (read             ) [ 0000]
W_reload_read           (read             ) [ 0000]
store_ln524             (store            ) [ 0000]
store_ln524             (store            ) [ 0000]
store_ln524             (store            ) [ 0000]
store_ln524             (store            ) [ 0000]
store_ln524             (store            ) [ 0000]
store_ln524             (store            ) [ 0000]
store_ln524             (store            ) [ 0000]
store_ln524             (store            ) [ 0000]
store_ln524             (store            ) [ 0000]
store_ln524             (store            ) [ 0000]
store_ln524             (store            ) [ 0000]
store_ln524             (store            ) [ 0000]
store_ln524             (store            ) [ 0000]
store_ln524             (store            ) [ 0000]
store_ln524             (store            ) [ 0000]
store_ln524             (store            ) [ 0000]
store_ln549             (store            ) [ 0000]
br_ln0                  (br               ) [ 0000]
t                       (load             ) [ 0000]
p_load35                (load             ) [ 0000]
p_load34                (load             ) [ 0000]
p_load33                (load             ) [ 0000]
p_load32                (load             ) [ 0000]
p_load31                (load             ) [ 0000]
p_load30                (load             ) [ 0000]
p_load29                (load             ) [ 0000]
p_load28                (load             ) [ 0000]
p_load27                (load             ) [ 0000]
p_load26                (load             ) [ 0000]
p_load25                (load             ) [ 0000]
p_load24                (load             ) [ 0000]
icmp_ln549              (icmp             ) [ 0111]
br_ln549                (br               ) [ 0000]
p_load38                (load             ) [ 0000]
p_load37                (load             ) [ 0101]
p_load36                (load             ) [ 0101]
lshr_ln                 (partselect       ) [ 0000]
trunc_ln553             (trunc            ) [ 0000]
lshr_ln553_1            (partselect       ) [ 0000]
trunc_ln553_1           (trunc            ) [ 0000]
lshr_ln553_2            (partselect       ) [ 0000]
zext_ln553              (zext             ) [ 0000]
lshr_ln553_3            (partselect       ) [ 0000]
trunc_ln553_2           (trunc            ) [ 0000]
lshr_ln553_4            (partselect       ) [ 0000]
trunc_ln553_3           (trunc            ) [ 0000]
lshr_ln553_5            (partselect       ) [ 0000]
zext_ln553_1            (zext             ) [ 0000]
or_ln                   (bitconcatenate   ) [ 0000]
or_ln553_1              (bitconcatenate   ) [ 0000]
or_ln553_2              (bitconcatenate   ) [ 0000]
or_ln553_3              (bitconcatenate   ) [ 0000]
xor_ln553               (xor              ) [ 0000]
xor_ln553_1             (xor              ) [ 0101]
xor_ln553_2             (xor              ) [ 0000]
xor_ln553_3             (xor              ) [ 0101]
t_3                     (add              ) [ 0000]
store_ln0               (store            ) [ 0000]
store_ln0               (store            ) [ 0000]
store_ln0               (store            ) [ 0000]
store_ln0               (store            ) [ 0000]
store_ln0               (store            ) [ 0000]
store_ln0               (store            ) [ 0000]
store_ln0               (store            ) [ 0000]
store_ln0               (store            ) [ 0000]
store_ln0               (store            ) [ 0000]
store_ln0               (store            ) [ 0000]
store_ln0               (store            ) [ 0000]
store_ln0               (store            ) [ 0000]
store_ln553             (store            ) [ 0000]
store_ln0               (store            ) [ 0000]
store_ln549             (store            ) [ 0000]
p_load                  (load             ) [ 0000]
specpipeline_ln550      (specpipeline     ) [ 0000]
speclooptripcount_ln549 (speclooptripcount) [ 0000]
specloopname_ln549      (specloopname     ) [ 0000]
add_ln553               (add              ) [ 0000]
add_ln553_1             (add              ) [ 0000]
Wt                      (add              ) [ 0000]
write_ln558             (write            ) [ 0000]
store_ln553             (store            ) [ 0000]
store_ln0               (store            ) [ 0000]
br_ln549                (br               ) [ 0000]
ret_ln0                 (ret              ) [ 0000]
</LifeTime>

<model>

<comp_list>
<comp id="0" class="1000" name="W_reload">
<pin_list>
<pin id="1" dir="1" index="0" bw="1" slack="0"/>
</pin_list>
<bind>
<StgValue><ssdm name="W_reload"/></StgValue>
</bind>
</comp>

<comp id="2" class="1000" name="W_2_reload">
<pin_list>
<pin id="3" dir="1" index="0" bw="1" slack="0"/>
</pin_list>
<bind>
<StgValue><ssdm name="W_2_reload"/></StgValue>
</bind>
</comp>

<comp id="4" class="1000" name="W_3_reload">
<pin_list>
<pin id="5" dir="1" index="0" bw="1" slack="0"/>
</pin_list>
<bind>
<StgValue><ssdm name="W_3_reload"/></StgValue>
</bind>
</comp>

<comp id="6" class="1000" name="W_4_reload">
<pin_list>
<pin id="7" dir="1" index="0" bw="1" slack="0"/>
</pin_list>
<bind>
<StgValue><ssdm name="W_4_reload"/></StgValue>
</bind>
</comp>

<comp id="8" class="1000" name="W_5_reload">
<pin_list>
<pin id="9" dir="1" index="0" bw="1" slack="0"/>
</pin_list>
<bind>
<StgValue><ssdm name="W_5_reload"/></StgValue>
</bind>
</comp>

<comp id="10" class="1000" name="W_7_reload">
<pin_list>
<pin id="11" dir="1" index="0" bw="1" slack="0"/>
</pin_list>
<bind>
<StgValue><ssdm name="W_7_reload"/></StgValue>
</bind>
</comp>

<comp id="12" class="1000" name="W_8_reload">
<pin_list>
<pin id="13" dir="1" index="0" bw="1" slack="0"/>
</pin_list>
<bind>
<StgValue><ssdm name="W_8_reload"/></StgValue>
</bind>
</comp>

<comp id="14" class="1000" name="W_9_reload">
<pin_list>
<pin id="15" dir="1" index="0" bw="1" slack="0"/>
</pin_list>
<bind>
<StgValue><ssdm name="W_9_reload"/></StgValue>
</bind>
</comp>

<comp id="16" class="1000" name="W_10_reload">
<pin_list>
<pin id="17" dir="1" index="0" bw="1" slack="0"/>
</pin_list>
<bind>
<StgValue><ssdm name="W_10_reload"/></StgValue>
</bind>
</comp>

<comp id="18" class="1000" name="W_11_reload">
<pin_list>
<pin id="19" dir="1" index="0" bw="1" slack="0"/>
</pin_list>
<bind>
<StgValue><ssdm name="W_11_reload"/></StgValue>
</bind>
</comp>

<comp id="20" class="1000" name="W_12_reload">
<pin_list>
<pin id="21" dir="1" index="0" bw="1" slack="0"/>
</pin_list>
<bind>
<StgValue><ssdm name="W_12_reload"/></StgValue>
</bind>
</comp>

<comp id="22" class="1000" name="W_13_reload">
<pin_list>
<pin id="23" dir="1" index="0" bw="1" slack="0"/>
</pin_list>
<bind>
<StgValue><ssdm name="W_13_reload"/></StgValue>
</bind>
</comp>

<comp id="24" class="1000" name="W_15_reload">
<pin_list>
<pin id="25" dir="1" index="0" bw="1" slack="0"/>
</pin_list>
<bind>
<StgValue><ssdm name="W_15_reload"/></StgValue>
</bind>
</comp>

<comp id="26" class="1000" name="W_14_reload">
<pin_list>
<pin id="27" dir="1" index="0" bw="1" slack="0"/>
</pin_list>
<bind>
<StgValue><ssdm name="W_14_reload"/></StgValue>
</bind>
</comp>

<comp id="28" class="1000" name="W_6_reload">
<pin_list>
<pin id="29" dir="1" index="0" bw="1" slack="0"/>
</pin_list>
<bind>
<StgValue><ssdm name="W_6_reload"/></StgValue>
</bind>
</comp>

<comp id="30" class="1000" name="W_1_reload">
<pin_list>
<pin id="31" dir="1" index="0" bw="1" slack="0"/>
</pin_list>
<bind>
<StgValue><ssdm name="W_1_reload"/></StgValue>
</bind>
</comp>

<comp id="32" class="1000" name="w_strm">
<pin_list>
<pin id="33" dir="1" index="0" bw="1" slack="0"/>
</pin_list>
<bind>
<StgValue><ssdm name="w_strm"/></StgValue>
</bind>
</comp>

<comp id="34" class="1001" name="const_34">
<pin_list>
<pin id="35" dir="1" index="0" bw="1" slack="0"/>
</pin_list>
<bind>
<StgValue><ssdm name=""/></StgValue>
</bind>
</comp>

<comp id="36" class="1001" name="const_36">
<pin_list>
<pin id="37" dir="1" index="0" bw="1" slack="2147483647"/>
</pin_list>
<bind>
<StgValue><ssdm name="_ssdm_op_SpecMemCore"/></StgValue>
</bind>
</comp>

<comp id="38" class="1001" name="const_38">
<pin_list>
<pin id="39" dir="1" index="0" bw="1" slack="2147483647"/>
</pin_list>
<bind>
<StgValue><ssdm name=""/></StgValue>
</bind>
</comp>

<comp id="40" class="1001" name="const_40">
<pin_list>
<pin id="41" dir="1" index="0" bw="1" slack="2147483647"/>
</pin_list>
<bind>
<StgValue><ssdm name=""/></StgValue>
</bind>
</comp>

<comp id="42" class="1001" name="const_42">
<pin_list>
<pin id="43" dir="1" index="0" bw="1" slack="2147483647"/>
</pin_list>
<bind>
<StgValue><ssdm name=""/></StgValue>
</bind>
</comp>

<comp id="44" class="1001" name="const_44">
<pin_list>
<pin id="45" dir="1" index="0" bw="1" slack="2147483647"/>
</pin_list>
<bind>
<StgValue><ssdm name="_ssdm_op_SpecInterface"/></StgValue>
</bind>
</comp>

<comp id="46" class="1001" name="const_46">
<pin_list>
<pin id="47" dir="1" index="0" bw="1" slack="2147483647"/>
</pin_list>
<bind>
<StgValue><ssdm name="empty_3"/></StgValue>
</bind>
</comp>

<comp id="48" class="1001" name="const_48">
<pin_list>
<pin id="49" dir="1" index="0" bw="1" slack="2147483647"/>
</pin_list>
<bind>
<StgValue><ssdm name=""/></StgValue>
</bind>
</comp>

<comp id="50" class="1001" name="const_50">
<pin_list>
<pin id="51" dir="1" index="0" bw="1" slack="2147483647"/>
</pin_list>
<bind>
<StgValue><ssdm name="empty_1"/></StgValue>
</bind>
</comp>

<comp id="52" class="1001" name="const_52">
<pin_list>
<pin id="53" dir="1" index="0" bw="1" slack="2147483647"/>
</pin_list>
<bind>
<StgValue><ssdm name=""/></StgValue>
</bind>
</comp>

<comp id="54" class="1001" name="const_54">
<pin_list>
<pin id="55" dir="1" index="0" bw="1" slack="0"/>
</pin_list>
<bind>
<StgValue><ssdm name="_ssdm_op_Read.ap_auto.i32"/></StgValue>
</bind>
</comp>

<comp id="56" class="1001" name="const_56">
<pin_list>
<pin id="57" dir="1" index="0" bw="1" slack="0"/>
</pin_list>
<bind>
<StgValue><ssdm name=""/></StgValue>
</bind>
</comp>

<comp id="58" class="1001" name="const_58">
<pin_list>
<pin id="59" dir="1" index="0" bw="1" slack="0"/>
</pin_list>
<bind>
<StgValue><ssdm name=""/></StgValue>
</bind>
</comp>

<comp id="60" class="1001" name="const_60">
<pin_list>
<pin id="61" dir="1" index="0" bw="1" slack="0"/>
</pin_list>
<bind>
<StgValue><ssdm name="_ssdm_op_PartSelect.i15.i32.i32.i32"/></StgValue>
</bind>
</comp>

<comp id="62" class="1001" name="const_62">
<pin_list>
<pin id="63" dir="1" index="0" bw="1" slack="0"/>
</pin_list>
<bind>
<StgValue><ssdm name=""/></StgValue>
</bind>
</comp>

<comp id="64" class="1001" name="const_64">
<pin_list>
<pin id="65" dir="1" index="0" bw="1" slack="0"/>
</pin_list>
<bind>
<StgValue><ssdm name=""/></StgValue>
</bind>
</comp>

<comp id="66" class="1001" name="const_66">
<pin_list>
<pin id="67" dir="1" index="0" bw="1" slack="0"/>
</pin_list>
<bind>
<StgValue><ssdm name="_ssdm_op_PartSelect.i13.i32.i32.i32"/></StgValue>
</bind>
</comp>

<comp id="68" class="1001" name="const_68">
<pin_list>
<pin id="69" dir="1" index="0" bw="1" slack="0"/>
</pin_list>
<bind>
<StgValue><ssdm name=""/></StgValue>
</bind>
</comp>

<comp id="70" class="1001" name="const_70">
<pin_list>
<pin id="71" dir="1" index="0" bw="1" slack="0"/>
</pin_list>
<bind>
<StgValue><ssdm name="_ssdm_op_PartSelect.i22.i32.i32.i32"/></StgValue>
</bind>
</comp>

<comp id="72" class="1001" name="const_72">
<pin_list>
<pin id="73" dir="1" index="0" bw="1" slack="0"/>
</pin_list>
<bind>
<StgValue><ssdm name=""/></StgValue>
</bind>
</comp>

<comp id="74" class="1001" name="const_74">
<pin_list>
<pin id="75" dir="1" index="0" bw="1" slack="0"/>
</pin_list>
<bind>
<StgValue><ssdm name="_ssdm_op_PartSelect.i25.i32.i32.i32"/></StgValue>
</bind>
</comp>

<comp id="76" class="1001" name="const_76">
<pin_list>
<pin id="77" dir="1" index="0" bw="1" slack="0"/>
</pin_list>
<bind>
<StgValue><ssdm name=""/></StgValue>
</bind>
</comp>

<comp id="78" class="1001" name="const_78">
<pin_list>
<pin id="79" dir="1" index="0" bw="1" slack="0"/>
</pin_list>
<bind>
<StgValue><ssdm name="_ssdm_op_PartSelect.i14.i32.i32.i32"/></StgValue>
</bind>
</comp>

<comp id="80" class="1001" name="const_80">
<pin_list>
<pin id="81" dir="1" index="0" bw="1" slack="0"/>
</pin_list>
<bind>
<StgValue><ssdm name=""/></StgValue>
</bind>
</comp>

<comp id="82" class="1001" name="const_82">
<pin_list>
<pin id="83" dir="1" index="0" bw="1" slack="0"/>
</pin_list>
<bind>
<StgValue><ssdm name="_ssdm_op_PartSelect.i29.i32.i32.i32"/></StgValue>
</bind>
</comp>

<comp id="84" class="1001" name="const_84">
<pin_list>
<pin id="85" dir="1" index="0" bw="1" slack="0"/>
</pin_list>
<bind>
<StgValue><ssdm name=""/></StgValue>
</bind>
</comp>

<comp id="86" class="1001" name="const_86">
<pin_list>
<pin id="87" dir="1" index="0" bw="1" slack="0"/>
</pin_list>
<bind>
<StgValue><ssdm name="_ssdm_op_BitConcatenate.i32.i17.i15"/></StgValue>
</bind>
</comp>

<comp id="88" class="1001" name="const_88">
<pin_list>
<pin id="89" dir="1" index="0" bw="1" slack="0"/>
</pin_list>
<bind>
<StgValue><ssdm name="_ssdm_op_BitConcatenate.i32.i19.i13"/></StgValue>
</bind>
</comp>

<comp id="90" class="1001" name="const_90">
<pin_list>
<pin id="91" dir="1" index="0" bw="1" slack="0"/>
</pin_list>
<bind>
<StgValue><ssdm name="_ssdm_op_BitConcatenate.i32.i7.i25"/></StgValue>
</bind>
</comp>

<comp id="92" class="1001" name="const_92">
<pin_list>
<pin id="93" dir="1" index="0" bw="1" slack="0"/>
</pin_list>
<bind>
<StgValue><ssdm name="_ssdm_op_BitConcatenate.i32.i18.i14"/></StgValue>
</bind>
</comp>

<comp id="94" class="1001" name="const_94">
<pin_list>
<pin id="95" dir="1" index="0" bw="1" slack="0"/>
</pin_list>
<bind>
<StgValue><ssdm name=""/></StgValue>
</bind>
</comp>

<comp id="96" class="1001" name="const_96">
<pin_list>
<pin id="97" dir="1" index="0" bw="1" slack="2147483647"/>
</pin_list>
<bind>
<StgValue><ssdm name="_ssdm_op_SpecPipeline"/></StgValue>
</bind>
</comp>

<comp id="98" class="1001" name="const_98">
<pin_list>
<pin id="99" dir="1" index="0" bw="1" slack="2147483647"/>
</pin_list>
<bind>
<StgValue><ssdm name="_ssdm_op_SpecLoopTripCount"/></StgValue>
</bind>
</comp>

<comp id="100" class="1001" name="const_100">
<pin_list>
<pin id="101" dir="1" index="0" bw="1" slack="2147483647"/>
</pin_list>
<bind>
<StgValue><ssdm name=""/></StgValue>
</bind>
</comp>

<comp id="102" class="1001" name="const_102">
<pin_list>
<pin id="103" dir="1" index="0" bw="1" slack="2147483647"/>
</pin_list>
<bind>
<StgValue><ssdm name="_ssdm_op_SpecLoopName"/></StgValue>
</bind>
</comp>

<comp id="104" class="1001" name="const_104">
<pin_list>
<pin id="105" dir="1" index="0" bw="1" slack="2147483647"/>
</pin_list>
<bind>
<StgValue><ssdm name="empty_12"/></StgValue>
</bind>
</comp>

<comp id="106" class="1001" name="const_106">
<pin_list>
<pin id="107" dir="1" index="0" bw="1" slack="0"/>
</pin_list>
<bind>
<StgValue><ssdm name="_ssdm_op_Write.ap_fifo.volatile.i32P0A"/></StgValue>
</bind>
</comp>

<comp id="108" class="1004" name="t_2_fu_108">
<pin_list>
<pin id="109" dir="0" index="0" bw="1" slack="0"/>
<pin id="110" dir="1" index="1" bw="7" slack="0"/>
</pin_list>
<bind>
<opcode="alloca(26) " fcode="alloca"/>
<opset="t_2/1 "/>
</bind>
</comp>

<comp id="112" class="1004" name="empty_fu_112">
<pin_list>
<pin id="113" dir="0" index="0" bw="1" slack="0"/>
<pin id="114" dir="1" index="1" bw="32" slack="0"/>
</pin_list>
<bind>
<opcode="alloca(26) " fcode="alloca"/>
<opset="empty/1 "/>
</bind>
</comp>

<comp id="116" class="1004" name="empty_86_fu_116">
<pin_list>
<pin id="117" dir="0" index="0" bw="1" slack="0"/>
<pin id="118" dir="1" index="1" bw="32" slack="0"/>
</pin_list>
<bind>
<opcode="alloca(26) " fcode="alloca"/>
<opset="empty_86/1 "/>
</bind>
</comp>

<comp id="120" class="1004" name="empty_87_fu_120">
<pin_list>
<pin id="121" dir="0" index="0" bw="1" slack="0"/>
<pin id="122" dir="1" index="1" bw="32" slack="0"/>
</pin_list>
<bind>
<opcode="alloca(26) " fcode="alloca"/>
<opset="empty_87/1 "/>
</bind>
</comp>

<comp id="124" class="1004" name="empty_88_fu_124">
<pin_list>
<pin id="125" dir="0" index="0" bw="1" slack="0"/>
<pin id="126" dir="1" index="1" bw="32" slack="0"/>
</pin_list>
<bind>
<opcode="alloca(26) " fcode="alloca"/>
<opset="empty_88/1 "/>
</bind>
</comp>

<comp id="128" class="1004" name="empty_89_fu_128">
<pin_list>
<pin id="129" dir="0" index="0" bw="1" slack="0"/>
<pin id="130" dir="1" index="1" bw="32" slack="0"/>
</pin_list>
<bind>
<opcode="alloca(26) " fcode="alloca"/>
<opset="empty_89/1 "/>
</bind>
</comp>

<comp id="132" class="1004" name="empty_90_fu_132">
<pin_list>
<pin id="133" dir="0" index="0" bw="1" slack="0"/>
<pin id="134" dir="1" index="1" bw="32" slack="0"/>
</pin_list>
<bind>
<opcode="alloca(26) " fcode="alloca"/>
<opset="empty_90/1 "/>
</bind>
</comp>

<comp id="136" class="1004" name="empty_91_fu_136">
<pin_list>
<pin id="137" dir="0" index="0" bw="1" slack="0"/>
<pin id="138" dir="1" index="1" bw="32" slack="0"/>
</pin_list>
<bind>
<opcode="alloca(26) " fcode="alloca"/>
<opset="empty_91/1 "/>
</bind>
</comp>

<comp id="140" class="1004" name="empty_92_fu_140">
<pin_list>
<pin id="141" dir="0" index="0" bw="1" slack="0"/>
<pin id="142" dir="1" index="1" bw="32" slack="0"/>
</pin_list>
<bind>
<opcode="alloca(26) " fcode="alloca"/>
<opset="empty_92/1 "/>
</bind>
</comp>

<comp id="144" class="1004" name="empty_93_fu_144">
<pin_list>
<pin id="145" dir="0" index="0" bw="1" slack="0"/>
<pin id="146" dir="1" index="1" bw="32" slack="0"/>
</pin_list>
<bind>
<opcode="alloca(26) " fcode="alloca"/>
<opset="empty_93/1 "/>
</bind>
</comp>

<comp id="148" class="1004" name="empty_94_fu_148">
<pin_list>
<pin id="149" dir="0" index="0" bw="1" slack="0"/>
<pin id="150" dir="1" index="1" bw="32" slack="0"/>
</pin_list>
<bind>
<opcode="alloca(26) " fcode="alloca"/>
<opset="empty_94/1 "/>
</bind>
</comp>

<comp id="152" class="1004" name="empty_95_fu_152">
<pin_list>
<pin id="153" dir="0" index="0" bw="1" slack="0"/>
<pin id="154" dir="1" index="1" bw="32" slack="0"/>
</pin_list>
<bind>
<opcode="alloca(26) " fcode="alloca"/>
<opset="empty_95/1 "/>
</bind>
</comp>

<comp id="156" class="1004" name="empty_96_fu_156">
<pin_list>
<pin id="157" dir="0" index="0" bw="1" slack="0"/>
<pin id="158" dir="1" index="1" bw="32" slack="0"/>
</pin_list>
<bind>
<opcode="alloca(26) " fcode="alloca"/>
<opset="empty_96/1 "/>
</bind>
</comp>

<comp id="160" class="1004" name="empty_97_fu_160">
<pin_list>
<pin id="161" dir="0" index="0" bw="1" slack="0"/>
<pin id="162" dir="1" index="1" bw="32" slack="0"/>
</pin_list>
<bind>
<opcode="alloca(26) " fcode="alloca"/>
<opset="empty_97/1 "/>
</bind>
</comp>

<comp id="164" class="1004" name="empty_98_fu_164">
<pin_list>
<pin id="165" dir="0" index="0" bw="1" slack="0"/>
<pin id="166" dir="1" index="1" bw="32" slack="0"/>
</pin_list>
<bind>
<opcode="alloca(26) " fcode="alloca"/>
<opset="empty_98/1 "/>
</bind>
</comp>

<comp id="168" class="1004" name="empty_99_fu_168">
<pin_list>
<pin id="169" dir="0" index="0" bw="1" slack="0"/>
<pin id="170" dir="1" index="1" bw="32" slack="0"/>
</pin_list>
<bind>
<opcode="alloca(26) " fcode="alloca"/>
<opset="empty_99/1 "/>
</bind>
</comp>

<comp id="172" class="1004" name="empty_100_fu_172">
<pin_list>
<pin id="173" dir="0" index="0" bw="1" slack="0"/>
<pin id="174" dir="1" index="1" bw="32" slack="0"/>
</pin_list>
<bind>
<opcode="alloca(26) " fcode="alloca"/>
<opset="empty_100/1 "/>
</bind>
</comp>

<comp id="176" class="1004" name="W_1_reload_read_read_fu_176">
<pin_list>
<pin id="177" dir="0" index="0" bw="32" slack="0"/>
<pin id="178" dir="0" index="1" bw="32" slack="0"/>
<pin id="179" dir="1" index="2" bw="32" slack="0"/>
</pin_list>
<bind>
<opcode="read(1150) " fcode="read"/>
<opset="W_1_reload_read/1 "/>
</bind>
</comp>

<comp id="182" class="1004" name="W_6_reload_read_read_fu_182">
<pin_list>
<pin id="183" dir="0" index="0" bw="32" slack="0"/>
<pin id="184" dir="0" index="1" bw="32" slack="0"/>
<pin id="185" dir="1" index="2" bw="32" slack="0"/>
</pin_list>
<bind>
<opcode="read(1150) " fcode="read"/>
<opset="W_6_reload_read/1 "/>
</bind>
</comp>

<comp id="188" class="1004" name="W_14_reload_read_read_fu_188">
<pin_list>
<pin id="189" dir="0" index="0" bw="32" slack="0"/>
<pin id="190" dir="0" index="1" bw="32" slack="0"/>
<pin id="191" dir="1" index="2" bw="32" slack="0"/>
</pin_list>
<bind>
<opcode="read(1150) " fcode="read"/>
<opset="W_14_reload_read/1 "/>
</bind>
</comp>

<comp id="194" class="1004" name="W_15_reload_read_read_fu_194">
<pin_list>
<pin id="195" dir="0" index="0" bw="32" slack="0"/>
<pin id="196" dir="0" index="1" bw="32" slack="0"/>
<pin id="197" dir="1" index="2" bw="32" slack="0"/>
</pin_list>
<bind>
<opcode="read(1150) " fcode="read"/>
<opset="W_15_reload_read/1 "/>
</bind>
</comp>

<comp id="200" class="1004" name="W_13_reload_read_read_fu_200">
<pin_list>
<pin id="201" dir="0" index="0" bw="32" slack="0"/>
<pin id="202" dir="0" index="1" bw="32" slack="0"/>
<pin id="203" dir="1" index="2" bw="32" slack="0"/>
</pin_list>
<bind>
<opcode="read(1150) " fcode="read"/>
<opset="W_13_reload_read/1 "/>
</bind>
</comp>

<comp id="206" class="1004" name="W_12_reload_read_read_fu_206">
<pin_list>
<pin id="207" dir="0" index="0" bw="32" slack="0"/>
<pin id="208" dir="0" index="1" bw="32" slack="0"/>
<pin id="209" dir="1" index="2" bw="32" slack="0"/>
</pin_list>
<bind>
<opcode="read(1150) " fcode="read"/>
<opset="W_12_reload_read/1 "/>
</bind>
</comp>

<comp id="212" class="1004" name="W_11_reload_read_read_fu_212">
<pin_list>
<pin id="213" dir="0" index="0" bw="32" slack="0"/>
<pin id="214" dir="0" index="1" bw="32" slack="0"/>
<pin id="215" dir="1" index="2" bw="32" slack="0"/>
</pin_list>
<bind>
<opcode="read(1150) " fcode="read"/>
<opset="W_11_reload_read/1 "/>
</bind>
</comp>

<comp id="218" class="1004" name="W_10_reload_read_read_fu_218">
<pin_list>
<pin id="219" dir="0" index="0" bw="32" slack="0"/>
<pin id="220" dir="0" index="1" bw="32" slack="0"/>
<pin id="221" dir="1" index="2" bw="32" slack="0"/>
</pin_list>
<bind>
<opcode="read(1150) " fcode="read"/>
<opset="W_10_reload_read/1 "/>
</bind>
</comp>

<comp id="224" class="1004" name="W_9_reload_read_read_fu_224">
<pin_list>
<pin id="225" dir="0" index="0" bw="32" slack="0"/>
<pin id="226" dir="0" index="1" bw="32" slack="0"/>
<pin id="227" dir="1" index="2" bw="32" slack="0"/>
</pin_list>
<bind>
<opcode="read(1150) " fcode="read"/>
<opset="W_9_reload_read/1 "/>
</bind>
</comp>

<comp id="230" class="1004" name="W_8_reload_read_read_fu_230">
<pin_list>
<pin id="231" dir="0" index="0" bw="32" slack="0"/>
<pin id="232" dir="0" index="1" bw="32" slack="0"/>
<pin id="233" dir="1" index="2" bw="32" slack="0"/>
</pin_list>
<bind>
<opcode="read(1150) " fcode="read"/>
<opset="W_8_reload_read/1 "/>
</bind>
</comp>

<comp id="236" class="1004" name="W_7_reload_read_read_fu_236">
<pin_list>
<pin id="237" dir="0" index="0" bw="32" slack="0"/>
<pin id="238" dir="0" index="1" bw="32" slack="0"/>
<pin id="239" dir="1" index="2" bw="32" slack="0"/>
</pin_list>
<bind>
<opcode="read(1150) " fcode="read"/>
<opset="W_7_reload_read/1 "/>
</bind>
</comp>

<comp id="242" class="1004" name="W_5_reload_read_read_fu_242">
<pin_list>
<pin id="243" dir="0" index="0" bw="32" slack="0"/>
<pin id="244" dir="0" index="1" bw="32" slack="0"/>
<pin id="245" dir="1" index="2" bw="32" slack="0"/>
</pin_list>
<bind>
<opcode="read(1150) " fcode="read"/>
<opset="W_5_reload_read/1 "/>
</bind>
</comp>

<comp id="248" class="1004" name="W_4_reload_read_read_fu_248">
<pin_list>
<pin id="249" dir="0" index="0" bw="32" slack="0"/>
<pin id="250" dir="0" index="1" bw="32" slack="0"/>
<pin id="251" dir="1" index="2" bw="32" slack="0"/>
</pin_list>
<bind>
<opcode="read(1150) " fcode="read"/>
<opset="W_4_reload_read/1 "/>
</bind>
</comp>

<comp id="254" class="1004" name="W_3_reload_read_read_fu_254">
<pin_list>
<pin id="255" dir="0" index="0" bw="32" slack="0"/>
<pin id="256" dir="0" index="1" bw="32" slack="0"/>
<pin id="257" dir="1" index="2" bw="32" slack="0"/>
</pin_list>
<bind>
<opcode="read(1150) " fcode="read"/>
<opset="W_3_reload_read/1 "/>
</bind>
</comp>

<comp id="260" class="1004" name="W_2_reload_read_read_fu_260">
<pin_list>
<pin id="261" dir="0" index="0" bw="32" slack="0"/>
<pin id="262" dir="0" index="1" bw="32" slack="0"/>
<pin id="263" dir="1" index="2" bw="32" slack="0"/>
</pin_list>
<bind>
<opcode="read(1150) " fcode="read"/>
<opset="W_2_reload_read/1 "/>
</bind>
</comp>

<comp id="266" class="1004" name="W_reload_read_read_fu_266">
<pin_list>
<pin id="267" dir="0" index="0" bw="32" slack="0"/>
<pin id="268" dir="0" index="1" bw="32" slack="0"/>
<pin id="269" dir="1" index="2" bw="32" slack="0"/>
</pin_list>
<bind>
<opcode="read(1150) " fcode="read"/>
<opset="W_reload_read/1 "/>
</bind>
</comp>

<comp id="272" class="1004" name="write_ln558_write_fu_272">
<pin_list>
<pin id="273" dir="0" index="0" bw="0" slack="0"/>
<pin id="274" dir="0" index="1" bw="32" slack="0"/>
<pin id="275" dir="0" index="2" bw="32" slack="0"/>
<pin id="276" dir="1" index="3" bw="0" slack="2147483647"/>
</pin_list>
<bind>
<opcode="write(1151) " fcode="write"/>
<opset="write_ln558/3 "/>
</bind>
</comp>

<comp id="279" class="1004" name="store_ln524_store_fu_279">
<pin_list>
<pin id="280" dir="0" index="0" bw="32" slack="0"/>
<pin id="281" dir="0" index="1" bw="32" slack="0"/>
<pin id="282" dir="1" index="2" bw="0" slack="2147483647"/>
</pin_list>
<bind>
<opcode="store(28) " fcode="store"/>
<opset="store_ln524/1 "/>
</bind>
</comp>

<comp id="284" class="1004" name="store_ln524_store_fu_284">
<pin_list>
<pin id="285" dir="0" index="0" bw="32" slack="0"/>
<pin id="286" dir="0" index="1" bw="32" slack="0"/>
<pin id="287" dir="1" index="2" bw="0" slack="2147483647"/>
</pin_list>
<bind>
<opcode="store(28) " fcode="store"/>
<opset="store_ln524/1 "/>
</bind>
</comp>

<comp id="289" class="1004" name="store_ln524_store_fu_289">
<pin_list>
<pin id="290" dir="0" index="0" bw="32" slack="0"/>
<pin id="291" dir="0" index="1" bw="32" slack="0"/>
<pin id="292" dir="1" index="2" bw="0" slack="2147483647"/>
</pin_list>
<bind>
<opcode="store(28) " fcode="store"/>
<opset="store_ln524/1 "/>
</bind>
</comp>

<comp id="294" class="1004" name="store_ln524_store_fu_294">
<pin_list>
<pin id="295" dir="0" index="0" bw="32" slack="0"/>
<pin id="296" dir="0" index="1" bw="32" slack="0"/>
<pin id="297" dir="1" index="2" bw="0" slack="2147483647"/>
</pin_list>
<bind>
<opcode="store(28) " fcode="store"/>
<opset="store_ln524/1 "/>
</bind>
</comp>

<comp id="299" class="1004" name="store_ln524_store_fu_299">
<pin_list>
<pin id="300" dir="0" index="0" bw="32" slack="0"/>
<pin id="301" dir="0" index="1" bw="32" slack="0"/>
<pin id="302" dir="1" index="2" bw="0" slack="2147483647"/>
</pin_list>
<bind>
<opcode="store(28) " fcode="store"/>
<opset="store_ln524/1 "/>
</bind>
</comp>

<comp id="304" class="1004" name="store_ln524_store_fu_304">
<pin_list>
<pin id="305" dir="0" index="0" bw="32" slack="0"/>
<pin id="306" dir="0" index="1" bw="32" slack="0"/>
<pin id="307" dir="1" index="2" bw="0" slack="2147483647"/>
</pin_list>
<bind>
<opcode="store(28) " fcode="store"/>
<opset="store_ln524/1 "/>
</bind>
</comp>

<comp id="309" class="1004" name="store_ln524_store_fu_309">
<pin_list>
<pin id="310" dir="0" index="0" bw="32" slack="0"/>
<pin id="311" dir="0" index="1" bw="32" slack="0"/>
<pin id="312" dir="1" index="2" bw="0" slack="2147483647"/>
</pin_list>
<bind>
<opcode="store(28) " fcode="store"/>
<opset="store_ln524/1 "/>
</bind>
</comp>

<comp id="314" class="1004" name="store_ln524_store_fu_314">
<pin_list>
<pin id="315" dir="0" index="0" bw="32" slack="0"/>
<pin id="316" dir="0" index="1" bw="32" slack="0"/>
<pin id="317" dir="1" index="2" bw="0" slack="2147483647"/>
</pin_list>
<bind>
<opcode="store(28) " fcode="store"/>
<opset="store_ln524/1 "/>
</bind>
</comp>

<comp id="319" class="1004" name="store_ln524_store_fu_319">
<pin_list>
<pin id="320" dir="0" index="0" bw="32" slack="0"/>
<pin id="321" dir="0" index="1" bw="32" slack="0"/>
<pin id="322" dir="1" index="2" bw="0" slack="2147483647"/>
</pin_list>
<bind>
<opcode="store(28) " fcode="store"/>
<opset="store_ln524/1 "/>
</bind>
</comp>

<comp id="324" class="1004" name="store_ln524_store_fu_324">
<pin_list>
<pin id="325" dir="0" index="0" bw="32" slack="0"/>
<pin id="326" dir="0" index="1" bw="32" slack="0"/>
<pin id="327" dir="1" index="2" bw="0" slack="2147483647"/>
</pin_list>
<bind>
<opcode="store(28) " fcode="store"/>
<opset="store_ln524/1 "/>
</bind>
</comp>

<comp id="329" class="1004" name="store_ln524_store_fu_329">
<pin_list>
<pin id="330" dir="0" index="0" bw="32" slack="0"/>
<pin id="331" dir="0" index="1" bw="32" slack="0"/>
<pin id="332" dir="1" index="2" bw="0" slack="2147483647"/>
</pin_list>
<bind>
<opcode="store(28) " fcode="store"/>
<opset="store_ln524/1 "/>
</bind>
</comp>

<comp id="334" class="1004" name="store_ln524_store_fu_334">
<pin_list>
<pin id="335" dir="0" index="0" bw="32" slack="0"/>
<pin id="336" dir="0" index="1" bw="32" slack="0"/>
<pin id="337" dir="1" index="2" bw="0" slack="2147483647"/>
</pin_list>
<bind>
<opcode="store(28) " fcode="store"/>
<opset="store_ln524/1 "/>
</bind>
</comp>

<comp id="339" class="1004" name="store_ln524_store_fu_339">
<pin_list>
<pin id="340" dir="0" index="0" bw="32" slack="0"/>
<pin id="341" dir="0" index="1" bw="32" slack="0"/>
<pin id="342" dir="1" index="2" bw="0" slack="2147483647"/>
</pin_list>
<bind>
<opcode="store(28) " fcode="store"/>
<opset="store_ln524/1 "/>
</bind>
</comp>

<comp id="344" class="1004" name="store_ln524_store_fu_344">
<pin_list>
<pin id="345" dir="0" index="0" bw="32" slack="0"/>
<pin id="346" dir="0" index="1" bw="32" slack="0"/>
<pin id="347" dir="1" index="2" bw="0" slack="2147483647"/>
</pin_list>
<bind>
<opcode="store(28) " fcode="store"/>
<opset="store_ln524/1 "/>
</bind>
</comp>

<comp id="349" class="1004" name="store_ln524_store_fu_349">
<pin_list>
<pin id="350" dir="0" index="0" bw="32" slack="0"/>
<pin id="351" dir="0" index="1" bw="32" slack="0"/>
<pin id="352" dir="1" index="2" bw="0" slack="2147483647"/>
</pin_list>
<bind>
<opcode="store(28) " fcode="store"/>
<opset="store_ln524/1 "/>
</bind>
</comp>

<comp id="354" class="1004" name="store_ln524_store_fu_354">
<pin_list>
<pin id="355" dir="0" index="0" bw="32" slack="0"/>
<pin id="356" dir="0" index="1" bw="32" slack="0"/>
<pin id="357" dir="1" index="2" bw="0" slack="2147483647"/>
</pin_list>
<bind>
<opcode="store(28) " fcode="store"/>
<opset="store_ln524/1 "/>
</bind>
</comp>

<comp id="359" class="1004" name="store_ln549_store_fu_359">
<pin_list>
<pin id="360" dir="0" index="0" bw="6" slack="0"/>
<pin id="361" dir="0" index="1" bw="7" slack="0"/>
<pin id="362" dir="1" index="2" bw="0" slack="2147483647"/>
</pin_list>
<bind>
<opcode="store(28) " fcode="store"/>
<opset="store_ln549/1 "/>
</bind>
</comp>

<comp id="364" class="1004" name="t_load_fu_364">
<pin_list>
<pin id="365" dir="0" index="0" bw="7" slack="1"/>
<pin id="366" dir="1" index="1" bw="7" slack="0"/>
</pin_list>
<bind>
<opcode="load(27) " fcode="load"/>
<opset="t/2 "/>
</bind>
</comp>

<comp id="367" class="1004" name="p_load35_load_fu_367">
<pin_list>
<pin id="368" dir="0" index="0" bw="32" slack="1"/>
<pin id="369" dir="1" index="1" bw="32" slack="0"/>
</pin_list>
<bind>
<opcode="load(27) " fcode="load"/>
<opset="p_load35/2 "/>
</bind>
</comp>

<comp id="370" class="1004" name="p_load34_load_fu_370">
<pin_list>
<pin id="371" dir="0" index="0" bw="32" slack="1"/>
<pin id="372" dir="1" index="1" bw="32" slack="0"/>
</pin_list>
<bind>
<opcode="load(27) " fcode="load"/>
<opset="p_load34/2 "/>
</bind>
</comp>

<comp id="373" class="1004" name="p_load33_load_fu_373">
<pin_list>
<pin id="374" dir="0" index="0" bw="32" slack="1"/>
<pin id="375" dir="1" index="1" bw="32" slack="0"/>
</pin_list>
<bind>
<opcode="load(27) " fcode="load"/>
<opset="p_load33/2 "/>
</bind>
</comp>

<comp id="376" class="1004" name="p_load32_load_fu_376">
<pin_list>
<pin id="377" dir="0" index="0" bw="32" slack="1"/>
<pin id="378" dir="1" index="1" bw="32" slack="0"/>
</pin_list>
<bind>
<opcode="load(27) " fcode="load"/>
<opset="p_load32/2 "/>
</bind>
</comp>

<comp id="379" class="1004" name="p_load31_load_fu_379">
<pin_list>
<pin id="380" dir="0" index="0" bw="32" slack="1"/>
<pin id="381" dir="1" index="1" bw="32" slack="0"/>
</pin_list>
<bind>
<opcode="load(27) " fcode="load"/>
<opset="p_load31/2 "/>
</bind>
</comp>

<comp id="382" class="1004" name="p_load30_load_fu_382">
<pin_list>
<pin id="383" dir="0" index="0" bw="32" slack="1"/>
<pin id="384" dir="1" index="1" bw="32" slack="0"/>
</pin_list>
<bind>
<opcode="load(27) " fcode="load"/>
<opset="p_load30/2 "/>
</bind>
</comp>

<comp id="385" class="1004" name="p_load29_load_fu_385">
<pin_list>
<pin id="386" dir="0" index="0" bw="32" slack="1"/>
<pin id="387" dir="1" index="1" bw="32" slack="0"/>
</pin_list>
<bind>
<opcode="load(27) " fcode="load"/>
<opset="p_load29/2 "/>
</bind>
</comp>

<comp id="388" class="1004" name="p_load28_load_fu_388">
<pin_list>
<pin id="389" dir="0" index="0" bw="32" slack="1"/>
<pin id="390" dir="1" index="1" bw="32" slack="0"/>
</pin_list>
<bind>
<opcode="load(27) " fcode="load"/>
<opset="p_load28/2 "/>
</bind>
</comp>

<comp id="391" class="1004" name="p_load27_load_fu_391">
<pin_list>
<pin id="392" dir="0" index="0" bw="32" slack="1"/>
<pin id="393" dir="1" index="1" bw="32" slack="0"/>
</pin_list>
<bind>
<opcode="load(27) " fcode="load"/>
<opset="p_load27/2 "/>
</bind>
</comp>

<comp id="394" class="1004" name="p_load26_load_fu_394">
<pin_list>
<pin id="395" dir="0" index="0" bw="32" slack="1"/>
<pin id="396" dir="1" index="1" bw="32" slack="0"/>
</pin_list>
<bind>
<opcode="load(27) " fcode="load"/>
<opset="p_load26/2 "/>
</bind>
</comp>

<comp id="397" class="1004" name="p_load25_load_fu_397">
<pin_list>
<pin id="398" dir="0" index="0" bw="32" slack="1"/>
<pin id="399" dir="1" index="1" bw="32" slack="0"/>
</pin_list>
<bind>
<opcode="load(27) " fcode="load"/>
<opset="p_load25/2 "/>
</bind>
</comp>

<comp id="400" class="1004" name="p_load24_load_fu_400">
<pin_list>
<pin id="401" dir="0" index="0" bw="32" slack="1"/>
<pin id="402" dir="1" index="1" bw="32" slack="0"/>
</pin_list>
<bind>
<opcode="load(27) " fcode="load"/>
<opset="p_load24/2 "/>
</bind>
</comp>

<comp id="403" class="1004" name="icmp_ln549_fu_403">
<pin_list>
<pin id="404" dir="0" index="0" bw="7" slack="0"/>
<pin id="405" dir="0" index="1" bw="7" slack="0"/>
<pin id="406" dir="1" index="2" bw="1" slack="1"/>
</pin_list>
<bind>
<opcode="icmp(45) " fcode="icmp"/>
<opset="icmp_ln549/2 "/>
</bind>
</comp>

<comp id="409" class="1004" name="p_load38_load_fu_409">
<pin_list>
<pin id="410" dir="0" index="0" bw="32" slack="1"/>
<pin id="411" dir="1" index="1" bw="32" slack="0"/>
</pin_list>
<bind>
<opcode="load(27) " fcode="load"/>
<opset="p_load38/2 "/>
</bind>
</comp>

<comp id="412" class="1004" name="p_load37_load_fu_412">
<pin_list>
<pin id="413" dir="0" index="0" bw="32" slack="1"/>
<pin id="414" dir="1" index="1" bw="32" slack="0"/>
</pin_list>
<bind>
<opcode="load(27) " fcode="load"/>
<opset="p_load37/2 "/>
</bind>
</comp>

<comp id="415" class="1004" name="p_load36_load_fu_415">
<pin_list>
<pin id="416" dir="0" index="0" bw="32" slack="1"/>
<pin id="417" dir="1" index="1" bw="32" slack="0"/>
</pin_list>
<bind>
<opcode="load(27) " fcode="load"/>
<opset="p_load36/2 "/>
</bind>
</comp>

<comp id="418" class="1004" name="lshr_ln_fu_418">
<pin_list>
<pin id="419" dir="0" index="0" bw="15" slack="0"/>
<pin id="420" dir="0" index="1" bw="32" slack="0"/>
<pin id="421" dir="0" index="2" bw="6" slack="0"/>
<pin id="422" dir="0" index="3" bw="6" slack="0"/>
<pin id="423" dir="1" index="4" bw="15" slack="0"/>
</pin_list>
<bind>
<opcode="partselect(1002) " fcode="partselect"/>
<opset="lshr_ln/2 "/>
</bind>
</comp>

<comp id="428" class="1004" name="trunc_ln553_fu_428">
<pin_list>
<pin id="429" dir="0" index="0" bw="32" slack="0"/>
<pin id="430" dir="1" index="1" bw="17" slack="0"/>
</pin_list>
<bind>
<opcode="trunc(33) " fcode="trunc"/>
<opset="trunc_ln553/2 "/>
</bind>
</comp>

<comp id="432" class="1004" name="lshr_ln553_1_fu_432">
<pin_list>
<pin id="433" dir="0" index="0" bw="13" slack="0"/>
<pin id="434" dir="0" index="1" bw="32" slack="0"/>
<pin id="435" dir="0" index="2" bw="6" slack="0"/>
<pin id="436" dir="0" index="3" bw="6" slack="0"/>
<pin id="437" dir="1" index="4" bw="13" slack="0"/>
</pin_list>
<bind>
<opcode="partselect(1002) " fcode="partselect"/>
<opset="lshr_ln553_1/2 "/>
</bind>
</comp>

<comp id="442" class="1004" name="trunc_ln553_1_fu_442">
<pin_list>
<pin id="443" dir="0" index="0" bw="32" slack="0"/>
<pin id="444" dir="1" index="1" bw="19" slack="0"/>
</pin_list>
<bind>
<opcode="trunc(33) " fcode="trunc"/>
<opset="trunc_ln553_1/2 "/>
</bind>
</comp>

<comp id="446" class="1004" name="lshr_ln553_2_fu_446">
<pin_list>
<pin id="447" dir="0" index="0" bw="22" slack="0"/>
<pin id="448" dir="0" index="1" bw="32" slack="0"/>
<pin id="449" dir="0" index="2" bw="5" slack="0"/>
<pin id="450" dir="0" index="3" bw="6" slack="0"/>
<pin id="451" dir="1" index="4" bw="22" slack="0"/>
</pin_list>
<bind>
<opcode="partselect(1002) " fcode="partselect"/>
<opset="lshr_ln553_2/2 "/>
</bind>
</comp>

<comp id="456" class="1004" name="zext_ln553_fu_456">
<pin_list>
<pin id="457" dir="0" index="0" bw="22" slack="0"/>
<pin id="458" dir="1" index="1" bw="32" slack="0"/>
</pin_list>
<bind>
<opcode="zext(34) " fcode="zext"/>
<opset="zext_ln553/2 "/>
</bind>
</comp>

<comp id="460" class="1004" name="lshr_ln553_3_fu_460">
<pin_list>
<pin id="461" dir="0" index="0" bw="25" slack="0"/>
<pin id="462" dir="0" index="1" bw="32" slack="0"/>
<pin id="463" dir="0" index="2" bw="4" slack="0"/>
<pin id="464" dir="0" index="3" bw="6" slack="0"/>
<pin id="465" dir="1" index="4" bw="25" slack="0"/>
</pin_list>
<bind>
<opcode="partselect(1002) " fcode="partselect"/>
<opset="lshr_ln553_3/2 "/>
</bind>
</comp>

<comp id="470" class="1004" name="trunc_ln553_2_fu_470">
<pin_list>
<pin id="471" dir="0" index="0" bw="32" slack="0"/>
<pin id="472" dir="1" index="1" bw="7" slack="0"/>
</pin_list>
<bind>
<opcode="trunc(33) " fcode="trunc"/>
<opset="trunc_ln553_2/2 "/>
</bind>
</comp>

<comp id="474" class="1004" name="lshr_ln553_4_fu_474">
<pin_list>
<pin id="475" dir="0" index="0" bw="14" slack="0"/>
<pin id="476" dir="0" index="1" bw="32" slack="0"/>
<pin id="477" dir="0" index="2" bw="6" slack="0"/>
<pin id="478" dir="0" index="3" bw="6" slack="0"/>
<pin id="479" dir="1" index="4" bw="14" slack="0"/>
</pin_list>
<bind>
<opcode="partselect(1002) " fcode="partselect"/>
<opset="lshr_ln553_4/2 "/>
</bind>
</comp>

<comp id="484" class="1004" name="trunc_ln553_3_fu_484">
<pin_list>
<pin id="485" dir="0" index="0" bw="32" slack="0"/>
<pin id="486" dir="1" index="1" bw="18" slack="0"/>
</pin_list>
<bind>
<opcode="trunc(33) " fcode="trunc"/>
<opset="trunc_ln553_3/2 "/>
</bind>
</comp>

<comp id="488" class="1004" name="lshr_ln553_5_fu_488">
<pin_list>
<pin id="489" dir="0" index="0" bw="29" slack="0"/>
<pin id="490" dir="0" index="1" bw="32" slack="0"/>
<pin id="491" dir="0" index="2" bw="3" slack="0"/>
<pin id="492" dir="0" index="3" bw="6" slack="0"/>
<pin id="493" dir="1" index="4" bw="29" slack="0"/>
</pin_list>
<bind>
<opcode="partselect(1002) " fcode="partselect"/>
<opset="lshr_ln553_5/2 "/>
</bind>
</comp>

<comp id="498" class="1004" name="zext_ln553_1_fu_498">
<pin_list>
<pin id="499" dir="0" index="0" bw="29" slack="0"/>
<pin id="500" dir="1" index="1" bw="32" slack="0"/>
</pin_list>
<bind>
<opcode="zext(34) " fcode="zext"/>
<opset="zext_ln553_1/2 "/>
</bind>
</comp>

<comp id="502" class="1004" name="or_ln_fu_502">
<pin_list>
<pin id="503" dir="0" index="0" bw="32" slack="0"/>
<pin id="504" dir="0" index="1" bw="17" slack="0"/>
<pin id="505" dir="0" index="2" bw="15" slack="0"/>
<pin id="506" dir="1" index="3" bw="32" slack="0"/>
</pin_list>
<bind>
<opcode="bitconcatenate(1004) " fcode="bitconcatenate"/>
<opset="or_ln/2 "/>
</bind>
</comp>

<comp id="510" class="1004" name="or_ln553_1_fu_510">
<pin_list>
<pin id="511" dir="0" index="0" bw="32" slack="0"/>
<pin id="512" dir="0" index="1" bw="19" slack="0"/>
<pin id="513" dir="0" index="2" bw="13" slack="0"/>
<pin id="514" dir="1" index="3" bw="32" slack="0"/>
</pin_list>
<bind>
<opcode="bitconcatenate(1004) " fcode="bitconcatenate"/>
<opset="or_ln553_1/2 "/>
</bind>
</comp>

<comp id="518" class="1004" name="or_ln553_2_fu_518">
<pin_list>
<pin id="519" dir="0" index="0" bw="32" slack="0"/>
<pin id="520" dir="0" index="1" bw="7" slack="0"/>
<pin id="521" dir="0" index="2" bw="25" slack="0"/>
<pin id="522" dir="1" index="3" bw="32" slack="0"/>
</pin_list>
<bind>
<opcode="bitconcatenate(1004) " fcode="bitconcatenate"/>
<opset="or_ln553_2/2 "/>
</bind>
</comp>

<comp id="526" class="1004" name="or_ln553_3_fu_526">
<pin_list>
<pin id="527" dir="0" index="0" bw="32" slack="0"/>
<pin id="528" dir="0" index="1" bw="18" slack="0"/>
<pin id="529" dir="0" index="2" bw="14" slack="0"/>
<pin id="530" dir="1" index="3" bw="32" slack="0"/>
</pin_list>
<bind>
<opcode="bitconcatenate(1004) " fcode="bitconcatenate"/>
<opset="or_ln553_3/2 "/>
</bind>
</comp>

<comp id="534" class="1004" name="xor_ln553_fu_534">
<pin_list>
<pin id="535" dir="0" index="0" bw="32" slack="0"/>
<pin id="536" dir="0" index="1" bw="22" slack="0"/>
<pin id="537" dir="1" index="2" bw="32" slack="0"/>
</pin_list>
<bind>
<opcode="xor(25) " fcode="xor"/>
<opset="xor_ln553/2 "/>
</bind>
</comp>

<comp id="540" class="1004" name="xor_ln553_1_fu_540">
<pin_list>
<pin id="541" dir="0" index="0" bw="32" slack="0"/>
<pin id="542" dir="0" index="1" bw="32" slack="0"/>
<pin id="543" dir="1" index="2" bw="32" slack="0"/>
</pin_list>
<bind>
<opcode="xor(25) " fcode="xor"/>
<opset="xor_ln553_1/2 "/>
</bind>
</comp>

<comp id="546" class="1004" name="xor_ln553_2_fu_546">
<pin_list>
<pin id="547" dir="0" index="0" bw="29" slack="0"/>
<pin id="548" dir="0" index="1" bw="32" slack="0"/>
<pin id="549" dir="1" index="2" bw="32" slack="0"/>
</pin_list>
<bind>
<opcode="xor(25) " fcode="xor"/>
<opset="xor_ln553_2/2 "/>
</bind>
</comp>

<comp id="552" class="1004" name="xor_ln553_3_fu_552">
<pin_list>
<pin id="553" dir="0" index="0" bw="32" slack="0"/>
<pin id="554" dir="0" index="1" bw="32" slack="0"/>
<pin id="555" dir="1" index="2" bw="32" slack="0"/>
</pin_list>
<bind>
<opcode="xor(25) " fcode="xor"/>
<opset="xor_ln553_3/2 "/>
</bind>
</comp>

<comp id="558" class="1004" name="grp_fu_558">
<pin_list>
<pin id="559" dir="0" index="0" bw="32" slack="0"/>
<pin id="560" dir="0" index="1" bw="32" slack="0"/>
<pin id="561" dir="1" index="2" bw="32" slack="0"/>
</pin_list>
<bind>
<opcode="add(8) " fcode="add"/>
<opset="add_ln553/2 "/>
</bind>
</comp>

<comp id="564" class="1004" name="grp_fu_564">
<pin_list>
<pin id="565" dir="0" index="0" bw="32" slack="0"/>
<pin id="566" dir="0" index="1" bw="32" slack="0"/>
<pin id="567" dir="1" index="2" bw="32" slack="0"/>
</pin_list>
<bind>
<opcode="add(8) " fcode="add"/>
<opset="add_ln553_1/2 "/>
</bind>
</comp>

<comp id="570" class="1004" name="t_3_fu_570">
<pin_list>
<pin id="571" dir="0" index="0" bw="7" slack="0"/>
<pin id="572" dir="0" index="1" bw="1" slack="0"/>
<pin id="573" dir="1" index="2" bw="7" slack="0"/>
</pin_list>
<bind>
<opcode="add(8) " fcode="add"/>
<opset="t_3/2 "/>
</bind>
</comp>

<comp id="576" class="1004" name="store_ln0_store_fu_576">
<pin_list>
<pin id="577" dir="0" index="0" bw="32" slack="0"/>
<pin id="578" dir="0" index="1" bw="32" slack="1"/>
<pin id="579" dir="1" index="2" bw="0" slack="2147483647"/>
</pin_list>
<bind>
<opcode="store(28) " fcode="store"/>
<opset="store_ln0/2 "/>
</bind>
</comp>

<comp id="581" class="1004" name="store_ln0_store_fu_581">
<pin_list>
<pin id="582" dir="0" index="0" bw="32" slack="0"/>
<pin id="583" dir="0" index="1" bw="32" slack="1"/>
<pin id="584" dir="1" index="2" bw="0" slack="2147483647"/>
</pin_list>
<bind>
<opcode="store(28) " fcode="store"/>
<opset="store_ln0/2 "/>
</bind>
</comp>

<comp id="586" class="1004" name="store_ln0_store_fu_586">
<pin_list>
<pin id="587" dir="0" index="0" bw="32" slack="0"/>
<pin id="588" dir="0" index="1" bw="32" slack="1"/>
<pin id="589" dir="1" index="2" bw="0" slack="2147483647"/>
</pin_list>
<bind>
<opcode="store(28) " fcode="store"/>
<opset="store_ln0/2 "/>
</bind>
</comp>

<comp id="591" class="1004" name="store_ln0_store_fu_591">
<pin_list>
<pin id="592" dir="0" index="0" bw="32" slack="0"/>
<pin id="593" dir="0" index="1" bw="32" slack="1"/>
<pin id="594" dir="1" index="2" bw="0" slack="2147483647"/>
</pin_list>
<bind>
<opcode="store(28) " fcode="store"/>
<opset="store_ln0/2 "/>
</bind>
</comp>

<comp id="596" class="1004" name="store_ln0_store_fu_596">
<pin_list>
<pin id="597" dir="0" index="0" bw="32" slack="0"/>
<pin id="598" dir="0" index="1" bw="32" slack="1"/>
<pin id="599" dir="1" index="2" bw="0" slack="2147483647"/>
</pin_list>
<bind>
<opcode="store(28) " fcode="store"/>
<opset="store_ln0/2 "/>
</bind>
</comp>

<comp id="601" class="1004" name="store_ln0_store_fu_601">
<pin_list>
<pin id="602" dir="0" index="0" bw="32" slack="0"/>
<pin id="603" dir="0" index="1" bw="32" slack="1"/>
<pin id="604" dir="1" index="2" bw="0" slack="2147483647"/>
</pin_list>
<bind>
<opcode="store(28) " fcode="store"/>
<opset="store_ln0/2 "/>
</bind>
</comp>

<comp id="606" class="1004" name="store_ln0_store_fu_606">
<pin_list>
<pin id="607" dir="0" index="0" bw="32" slack="0"/>
<pin id="608" dir="0" index="1" bw="32" slack="1"/>
<pin id="609" dir="1" index="2" bw="0" slack="2147483647"/>
</pin_list>
<bind>
<opcode="store(28) " fcode="store"/>
<opset="store_ln0/2 "/>
</bind>
</comp>

<comp id="611" class="1004" name="store_ln0_store_fu_611">
<pin_list>
<pin id="612" dir="0" index="0" bw="32" slack="0"/>
<pin id="613" dir="0" index="1" bw="32" slack="1"/>
<pin id="614" dir="1" index="2" bw="0" slack="2147483647"/>
</pin_list>
<bind>
<opcode="store(28) " fcode="store"/>
<opset="store_ln0/2 "/>
</bind>
</comp>

<comp id="616" class="1004" name="store_ln0_store_fu_616">
<pin_list>
<pin id="617" dir="0" index="0" bw="32" slack="0"/>
<pin id="618" dir="0" index="1" bw="32" slack="1"/>
<pin id="619" dir="1" index="2" bw="0" slack="2147483647"/>
</pin_list>
<bind>
<opcode="store(28) " fcode="store"/>
<opset="store_ln0/2 "/>
</bind>
</comp>

<comp id="621" class="1004" name="store_ln0_store_fu_621">
<pin_list>
<pin id="622" dir="0" index="0" bw="32" slack="0"/>
<pin id="623" dir="0" index="1" bw="32" slack="1"/>
<pin id="624" dir="1" index="2" bw="0" slack="2147483647"/>
</pin_list>
<bind>
<opcode="store(28) " fcode="store"/>
<opset="store_ln0/2 "/>
</bind>
</comp>

<comp id="626" class="1004" name="store_ln0_store_fu_626">
<pin_list>
<pin id="627" dir="0" index="0" bw="32" slack="0"/>
<pin id="628" dir="0" index="1" bw="32" slack="1"/>
<pin id="629" dir="1" index="2" bw="0" slack="2147483647"/>
</pin_list>
<bind>
<opcode="store(28) " fcode="store"/>
<opset="store_ln0/2 "/>
</bind>
</comp>

<comp id="631" class="1004" name="store_ln0_store_fu_631">
<pin_list>
<pin id="632" dir="0" index="0" bw="32" slack="0"/>
<pin id="633" dir="0" index="1" bw="32" slack="1"/>
<pin id="634" dir="1" index="2" bw="0" slack="2147483647"/>
</pin_list>
<bind>
<opcode="store(28) " fcode="store"/>
<opset="store_ln0/2 "/>
</bind>
</comp>

<comp id="636" class="1004" name="store_ln553_store_fu_636">
<pin_list>
<pin id="637" dir="0" index="0" bw="32" slack="0"/>
<pin id="638" dir="0" index="1" bw="32" slack="1"/>
<pin id="639" dir="1" index="2" bw="0" slack="2147483647"/>
</pin_list>
<bind>
<opcode="store(28) " fcode="store"/>
<opset="store_ln553/2 "/>
</bind>
</comp>

<comp id="641" class="1004" name="store_ln0_store_fu_641">
<pin_list>
<pin id="642" dir="0" index="0" bw="32" slack="0"/>
<pin id="643" dir="0" index="1" bw="32" slack="1"/>
<pin id="644" dir="1" index="2" bw="0" slack="2147483647"/>
</pin_list>
<bind>
<opcode="store(28) " fcode="store"/>
<opset="store_ln0/2 "/>
</bind>
</comp>

<comp id="646" class="1004" name="store_ln549_store_fu_646">
<pin_list>
<pin id="647" dir="0" index="0" bw="7" slack="0"/>
<pin id="648" dir="0" index="1" bw="7" slack="1"/>
<pin id="649" dir="1" index="2" bw="0" slack="2147483647"/>
</pin_list>
<bind>
<opcode="store(28) " fcode="store"/>
<opset="store_ln549/2 "/>
</bind>
</comp>

<comp id="651" class="1004" name="p_load_load_fu_651">
<pin_list>
<pin id="652" dir="0" index="0" bw="32" slack="2"/>
<pin id="653" dir="1" index="1" bw="32" slack="0"/>
</pin_list>
<bind>
<opcode="load(27) " fcode="load"/>
<opset="p_load/3 "/>
</bind>
</comp>

<comp id="654" class="1004" name="Wt_fu_654">
<pin_list>
<pin id="655" dir="0" index="0" bw="32" slack="0"/>
<pin id="656" dir="0" index="1" bw="32" slack="0"/>
<pin id="657" dir="1" index="2" bw="32" slack="0"/>
</pin_list>
<bind>
<opcode="add(8) " fcode="add"/>
<opset="Wt/3 "/>
</bind>
</comp>

<comp id="661" class="1004" name="store_ln553_store_fu_661">
<pin_list>
<pin id="662" dir="0" index="0" bw="32" slack="0"/>
<pin id="663" dir="0" index="1" bw="32" slack="2"/>
<pin id="664" dir="1" index="2" bw="0" slack="2147483647"/>
</pin_list>
<bind>
<opcode="store(28) " fcode="store"/>
<opset="store_ln553/3 "/>
</bind>
</comp>

<comp id="666" class="1004" name="store_ln0_store_fu_666">
<pin_list>
<pin id="667" dir="0" index="0" bw="32" slack="0"/>
<pin id="668" dir="0" index="1" bw="32" slack="2"/>
<pin id="669" dir="1" index="2" bw="0" slack="2147483647"/>
</pin_list>
<bind>
<opcode="store(28) " fcode="store"/>
<opset="store_ln0/3 "/>
</bind>
</comp>

<comp id="671" class="1005" name="t_2_reg_671">
<pin_list>
<pin id="672" dir="0" index="0" bw="7" slack="0"/>
<pin id="673" dir="1" index="1" bw="7" slack="0"/>
</pin_list>
<bind>
<opset="t_2 "/>
</bind>
</comp>

<comp id="678" class="1005" name="empty_reg_678">
<pin_list>
<pin id="679" dir="0" index="0" bw="32" slack="0"/>
<pin id="680" dir="1" index="1" bw="32" slack="0"/>
</pin_list>
<bind>
<opset="empty "/>
</bind>
</comp>

<comp id="685" class="1005" name="empty_86_reg_685">
<pin_list>
<pin id="686" dir="0" index="0" bw="32" slack="0"/>
<pin id="687" dir="1" index="1" bw="32" slack="0"/>
</pin_list>
<bind>
<opset="empty_86 "/>
</bind>
</comp>

<comp id="692" class="1005" name="empty_87_reg_692">
<pin_list>
<pin id="693" dir="0" index="0" bw="32" slack="0"/>
<pin id="694" dir="1" index="1" bw="32" slack="0"/>
</pin_list>
<bind>
<opset="empty_87 "/>
</bind>
</comp>

<comp id="699" class="1005" name="empty_88_reg_699">
<pin_list>
<pin id="700" dir="0" index="0" bw="32" slack="0"/>
<pin id="701" dir="1" index="1" bw="32" slack="0"/>
</pin_list>
<bind>
<opset="empty_88 "/>
</bind>
</comp>

<comp id="706" class="1005" name="empty_89_reg_706">
<pin_list>
<pin id="707" dir="0" index="0" bw="32" slack="0"/>
<pin id="708" dir="1" index="1" bw="32" slack="0"/>
</pin_list>
<bind>
<opset="empty_89 "/>
</bind>
</comp>

<comp id="713" class="1005" name="empty_90_reg_713">
<pin_list>
<pin id="714" dir="0" index="0" bw="32" slack="0"/>
<pin id="715" dir="1" index="1" bw="32" slack="0"/>
</pin_list>
<bind>
<opset="empty_90 "/>
</bind>
</comp>

<comp id="720" class="1005" name="empty_91_reg_720">
<pin_list>
<pin id="721" dir="0" index="0" bw="32" slack="0"/>
<pin id="722" dir="1" index="1" bw="32" slack="0"/>
</pin_list>
<bind>
<opset="empty_91 "/>
</bind>
</comp>

<comp id="727" class="1005" name="empty_92_reg_727">
<pin_list>
<pin id="728" dir="0" index="0" bw="32" slack="0"/>
<pin id="729" dir="1" index="1" bw="32" slack="0"/>
</pin_list>
<bind>
<opset="empty_92 "/>
</bind>
</comp>

<comp id="734" class="1005" name="empty_93_reg_734">
<pin_list>
<pin id="735" dir="0" index="0" bw="32" slack="0"/>
<pin id="736" dir="1" index="1" bw="32" slack="0"/>
</pin_list>
<bind>
<opset="empty_93 "/>
</bind>
</comp>

<comp id="741" class="1005" name="empty_94_reg_741">
<pin_list>
<pin id="742" dir="0" index="0" bw="32" slack="0"/>
<pin id="743" dir="1" index="1" bw="32" slack="0"/>
</pin_list>
<bind>
<opset="empty_94 "/>
</bind>
</comp>

<comp id="748" class="1005" name="empty_95_reg_748">
<pin_list>
<pin id="749" dir="0" index="0" bw="32" slack="0"/>
<pin id="750" dir="1" index="1" bw="32" slack="0"/>
</pin_list>
<bind>
<opset="empty_95 "/>
</bind>
</comp>

<comp id="755" class="1005" name="empty_96_reg_755">
<pin_list>
<pin id="756" dir="0" index="0" bw="32" slack="0"/>
<pin id="757" dir="1" index="1" bw="32" slack="0"/>
</pin_list>
<bind>
<opset="empty_96 "/>
</bind>
</comp>

<comp id="762" class="1005" name="empty_97_reg_762">
<pin_list>
<pin id="763" dir="0" index="0" bw="32" slack="0"/>
<pin id="764" dir="1" index="1" bw="32" slack="0"/>
</pin_list>
<bind>
<opset="empty_97 "/>
</bind>
</comp>

<comp id="769" class="1005" name="empty_98_reg_769">
<pin_list>
<pin id="770" dir="0" index="0" bw="32" slack="0"/>
<pin id="771" dir="1" index="1" bw="32" slack="0"/>
</pin_list>
<bind>
<opset="empty_98 "/>
</bind>
</comp>

<comp id="776" class="1005" name="empty_99_reg_776">
<pin_list>
<pin id="777" dir="0" index="0" bw="32" slack="0"/>
<pin id="778" dir="1" index="1" bw="32" slack="0"/>
</pin_list>
<bind>
<opset="empty_99 "/>
</bind>
</comp>

<comp id="783" class="1005" name="empty_100_reg_783">
<pin_list>
<pin id="784" dir="0" index="0" bw="32" slack="0"/>
<pin id="785" dir="1" index="1" bw="32" slack="0"/>
</pin_list>
<bind>
<opset="empty_100 "/>
</bind>
</comp>

<comp id="790" class="1005" name="icmp_ln549_reg_790">
<pin_list>
<pin id="791" dir="0" index="0" bw="1" slack="1"/>
<pin id="792" dir="1" index="1" bw="1" slack="2147483647"/>
</pin_list>
<bind>
<opset="icmp_ln549 "/>
</bind>
</comp>

<comp id="794" class="1005" name="p_load37_reg_794">
<pin_list>
<pin id="795" dir="0" index="0" bw="32" slack="1"/>
<pin id="796" dir="1" index="1" bw="32" slack="1"/>
</pin_list>
<bind>
<opset="p_load37 "/>
</bind>
</comp>

<comp id="799" class="1005" name="p_load36_reg_799">
<pin_list>
<pin id="800" dir="0" index="0" bw="32" slack="1"/>
<pin id="801" dir="1" index="1" bw="32" slack="1"/>
</pin_list>
<bind>
<opset="p_load36 "/>
</bind>
</comp>

<comp id="804" class="1005" name="xor_ln553_1_reg_804">
<pin_list>
<pin id="805" dir="0" index="0" bw="32" slack="1"/>
<pin id="806" dir="1" index="1" bw="32" slack="1"/>
</pin_list>
<bind>
<opset="xor_ln553_1 "/>
</bind>
</comp>

<comp id="809" class="1005" name="xor_ln553_3_reg_809">
<pin_list>
<pin id="810" dir="0" index="0" bw="32" slack="1"/>
<pin id="811" dir="1" index="1" bw="32" slack="1"/>
</pin_list>
<bind>
<opset="xor_ln553_3 "/>
</bind>
</comp>

</comp_list>

<net_list>
<net id="111"><net_src comp="34" pin="0"/><net_sink comp="108" pin=0"/></net>

<net id="115"><net_src comp="34" pin="0"/><net_sink comp="112" pin=0"/></net>

<net id="119"><net_src comp="34" pin="0"/><net_sink comp="116" pin=0"/></net>

<net id="123"><net_src comp="34" pin="0"/><net_sink comp="120" pin=0"/></net>

<net id="127"><net_src comp="34" pin="0"/><net_sink comp="124" pin=0"/></net>

<net id="131"><net_src comp="34" pin="0"/><net_sink comp="128" pin=0"/></net>

<net id="135"><net_src comp="34" pin="0"/><net_sink comp="132" pin=0"/></net>

<net id="139"><net_src comp="34" pin="0"/><net_sink comp="136" pin=0"/></net>

<net id="143"><net_src comp="34" pin="0"/><net_sink comp="140" pin=0"/></net>

<net id="147"><net_src comp="34" pin="0"/><net_sink comp="144" pin=0"/></net>

<net id="151"><net_src comp="34" pin="0"/><net_sink comp="148" pin=0"/></net>

<net id="155"><net_src comp="34" pin="0"/><net_sink comp="152" pin=0"/></net>

<net id="159"><net_src comp="34" pin="0"/><net_sink comp="156" pin=0"/></net>

<net id="163"><net_src comp="34" pin="0"/><net_sink comp="160" pin=0"/></net>

<net id="167"><net_src comp="34" pin="0"/><net_sink comp="164" pin=0"/></net>

<net id="171"><net_src comp="34" pin="0"/><net_sink comp="168" pin=0"/></net>

<net id="175"><net_src comp="34" pin="0"/><net_sink comp="172" pin=0"/></net>

<net id="180"><net_src comp="54" pin="0"/><net_sink comp="176" pin=0"/></net>

<net id="181"><net_src comp="30" pin="0"/><net_sink comp="176" pin=1"/></net>

<net id="186"><net_src comp="54" pin="0"/><net_sink comp="182" pin=0"/></net>

<net id="187"><net_src comp="28" pin="0"/><net_sink comp="182" pin=1"/></net>

<net id="192"><net_src comp="54" pin="0"/><net_sink comp="188" pin=0"/></net>

<net id="193"><net_src comp="26" pin="0"/><net_sink comp="188" pin=1"/></net>

<net id="198"><net_src comp="54" pin="0"/><net_sink comp="194" pin=0"/></net>

<net id="199"><net_src comp="24" pin="0"/><net_sink comp="194" pin=1"/></net>

<net id="204"><net_src comp="54" pin="0"/><net_sink comp="200" pin=0"/></net>

<net id="205"><net_src comp="22" pin="0"/><net_sink comp="200" pin=1"/></net>

<net id="210"><net_src comp="54" pin="0"/><net_sink comp="206" pin=0"/></net>

<net id="211"><net_src comp="20" pin="0"/><net_sink comp="206" pin=1"/></net>

<net id="216"><net_src comp="54" pin="0"/><net_sink comp="212" pin=0"/></net>

<net id="217"><net_src comp="18" pin="0"/><net_sink comp="212" pin=1"/></net>

<net id="222"><net_src comp="54" pin="0"/><net_sink comp="218" pin=0"/></net>

<net id="223"><net_src comp="16" pin="0"/><net_sink comp="218" pin=1"/></net>

<net id="228"><net_src comp="54" pin="0"/><net_sink comp="224" pin=0"/></net>

<net id="229"><net_src comp="14" pin="0"/><net_sink comp="224" pin=1"/></net>

<net id="234"><net_src comp="54" pin="0"/><net_sink comp="230" pin=0"/></net>

<net id="235"><net_src comp="12" pin="0"/><net_sink comp="230" pin=1"/></net>

<net id="240"><net_src comp="54" pin="0"/><net_sink comp="236" pin=0"/></net>

<net id="241"><net_src comp="10" pin="0"/><net_sink comp="236" pin=1"/></net>

<net id="246"><net_src comp="54" pin="0"/><net_sink comp="242" pin=0"/></net>

<net id="247"><net_src comp="8" pin="0"/><net_sink comp="242" pin=1"/></net>

<net id="252"><net_src comp="54" pin="0"/><net_sink comp="248" pin=0"/></net>

<net id="253"><net_src comp="6" pin="0"/><net_sink comp="248" pin=1"/></net>

<net id="258"><net_src comp="54" pin="0"/><net_sink comp="254" pin=0"/></net>

<net id="259"><net_src comp="4" pin="0"/><net_sink comp="254" pin=1"/></net>

<net id="264"><net_src comp="54" pin="0"/><net_sink comp="260" pin=0"/></net>

<net id="265"><net_src comp="2" pin="0"/><net_sink comp="260" pin=1"/></net>

<net id="270"><net_src comp="54" pin="0"/><net_sink comp="266" pin=0"/></net>

<net id="271"><net_src comp="0" pin="0"/><net_sink comp="266" pin=1"/></net>

<net id="277"><net_src comp="106" pin="0"/><net_sink comp="272" pin=0"/></net>

<net id="278"><net_src comp="32" pin="0"/><net_sink comp="272" pin=1"/></net>

<net id="283"><net_src comp="266" pin="2"/><net_sink comp="279" pin=0"/></net>

<net id="288"><net_src comp="260" pin="2"/><net_sink comp="284" pin=0"/></net>

<net id="293"><net_src comp="254" pin="2"/><net_sink comp="289" pin=0"/></net>

<net id="298"><net_src comp="248" pin="2"/><net_sink comp="294" pin=0"/></net>

<net id="303"><net_src comp="242" pin="2"/><net_sink comp="299" pin=0"/></net>

<net id="308"><net_src comp="236" pin="2"/><net_sink comp="304" pin=0"/></net>

<net id="313"><net_src comp="230" pin="2"/><net_sink comp="309" pin=0"/></net>

<net id="318"><net_src comp="224" pin="2"/><net_sink comp="314" pin=0"/></net>

<net id="323"><net_src comp="218" pin="2"/><net_sink comp="319" pin=0"/></net>

<net id="328"><net_src comp="212" pin="2"/><net_sink comp="324" pin=0"/></net>

<net id="333"><net_src comp="206" pin="2"/><net_sink comp="329" pin=0"/></net>

<net id="338"><net_src comp="200" pin="2"/><net_sink comp="334" pin=0"/></net>

<net id="343"><net_src comp="188" pin="2"/><net_sink comp="339" pin=0"/></net>

<net id="348"><net_src comp="194" pin="2"/><net_sink comp="344" pin=0"/></net>

<net id="353"><net_src comp="182" pin="2"/><net_sink comp="349" pin=0"/></net>

<net id="358"><net_src comp="176" pin="2"/><net_sink comp="354" pin=0"/></net>

<net id="363"><net_src comp="56" pin="0"/><net_sink comp="359" pin=0"/></net>

<net id="407"><net_src comp="364" pin="1"/><net_sink comp="403" pin=0"/></net>

<net id="408"><net_src comp="58" pin="0"/><net_sink comp="403" pin=1"/></net>

<net id="424"><net_src comp="60" pin="0"/><net_sink comp="418" pin=0"/></net>

<net id="425"><net_src comp="409" pin="1"/><net_sink comp="418" pin=1"/></net>

<net id="426"><net_src comp="62" pin="0"/><net_sink comp="418" pin=2"/></net>

<net id="427"><net_src comp="64" pin="0"/><net_sink comp="418" pin=3"/></net>

<net id="431"><net_src comp="409" pin="1"/><net_sink comp="428" pin=0"/></net>

<net id="438"><net_src comp="66" pin="0"/><net_sink comp="432" pin=0"/></net>

<net id="439"><net_src comp="409" pin="1"/><net_sink comp="432" pin=1"/></net>

<net id="440"><net_src comp="68" pin="0"/><net_sink comp="432" pin=2"/></net>

<net id="441"><net_src comp="64" pin="0"/><net_sink comp="432" pin=3"/></net>

<net id="445"><net_src comp="409" pin="1"/><net_sink comp="442" pin=0"/></net>

<net id="452"><net_src comp="70" pin="0"/><net_sink comp="446" pin=0"/></net>

<net id="453"><net_src comp="409" pin="1"/><net_sink comp="446" pin=1"/></net>

<net id="454"><net_src comp="72" pin="0"/><net_sink comp="446" pin=2"/></net>

<net id="455"><net_src comp="64" pin="0"/><net_sink comp="446" pin=3"/></net>

<net id="459"><net_src comp="446" pin="4"/><net_sink comp="456" pin=0"/></net>

<net id="466"><net_src comp="74" pin="0"/><net_sink comp="460" pin=0"/></net>

<net id="467"><net_src comp="367" pin="1"/><net_sink comp="460" pin=1"/></net>

<net id="468"><net_src comp="76" pin="0"/><net_sink comp="460" pin=2"/></net>

<net id="469"><net_src comp="64" pin="0"/><net_sink comp="460" pin=3"/></net>

<net id="473"><net_src comp="367" pin="1"/><net_sink comp="470" pin=0"/></net>

<net id="480"><net_src comp="78" pin="0"/><net_sink comp="474" pin=0"/></net>

<net id="481"><net_src comp="367" pin="1"/><net_sink comp="474" pin=1"/></net>

<net id="482"><net_src comp="80" pin="0"/><net_sink comp="474" pin=2"/></net>

<net id="483"><net_src comp="64" pin="0"/><net_sink comp="474" pin=3"/></net>

<net id="487"><net_src comp="367" pin="1"/><net_sink comp="484" pin=0"/></net>

<net id="494"><net_src comp="82" pin="0"/><net_sink comp="488" pin=0"/></net>

<net id="495"><net_src comp="367" pin="1"/><net_sink comp="488" pin=1"/></net>

<net id="496"><net_src comp="84" pin="0"/><net_sink comp="488" pin=2"/></net>

<net id="497"><net_src comp="64" pin="0"/><net_sink comp="488" pin=3"/></net>

<net id="501"><net_src comp="488" pin="4"/><net_sink comp="498" pin=0"/></net>

<net id="507"><net_src comp="86" pin="0"/><net_sink comp="502" pin=0"/></net>

<net id="508"><net_src comp="428" pin="1"/><net_sink comp="502" pin=1"/></net>

<net id="509"><net_src comp="418" pin="4"/><net_sink comp="502" pin=2"/></net>

<net id="515"><net_src comp="88" pin="0"/><net_sink comp="510" pin=0"/></net>

<net id="516"><net_src comp="442" pin="1"/><net_sink comp="510" pin=1"/></net>

<net id="517"><net_src comp="432" pin="4"/><net_sink comp="510" pin=2"/></net>

<net id="523"><net_src comp="90" pin="0"/><net_sink comp="518" pin=0"/></net>

<net id="524"><net_src comp="470" pin="1"/><net_sink comp="518" pin=1"/></net>

<net id="525"><net_src comp="460" pin="4"/><net_sink comp="518" pin=2"/></net>

<net id="531"><net_src comp="92" pin="0"/><net_sink comp="526" pin=0"/></net>

<net id="532"><net_src comp="484" pin="1"/><net_sink comp="526" pin=1"/></net>

<net id="533"><net_src comp="474" pin="4"/><net_sink comp="526" pin=2"/></net>

<net id="538"><net_src comp="502" pin="3"/><net_sink comp="534" pin=0"/></net>

<net id="539"><net_src comp="456" pin="1"/><net_sink comp="534" pin=1"/></net>

<net id="544"><net_src comp="534" pin="2"/><net_sink comp="540" pin=0"/></net>

<net id="545"><net_src comp="510" pin="3"/><net_sink comp="540" pin=1"/></net>

<net id="550"><net_src comp="498" pin="1"/><net_sink comp="546" pin=0"/></net>

<net id="551"><net_src comp="518" pin="3"/><net_sink comp="546" pin=1"/></net>

<net id="556"><net_src comp="546" pin="2"/><net_sink comp="552" pin=0"/></net>

<net id="557"><net_src comp="526" pin="3"/><net_sink comp="552" pin=1"/></net>

<net id="562"><net_src comp="415" pin="1"/><net_sink comp="558" pin=0"/></net>

<net id="563"><net_src comp="552" pin="2"/><net_sink comp="558" pin=1"/></net>

<net id="568"><net_src comp="540" pin="2"/><net_sink comp="564" pin=0"/></net>

<net id="569"><net_src comp="412" pin="1"/><net_sink comp="564" pin=1"/></net>

<net id="574"><net_src comp="364" pin="1"/><net_sink comp="570" pin=0"/></net>

<net id="575"><net_src comp="94" pin="0"/><net_sink comp="570" pin=1"/></net>

<net id="580"><net_src comp="409" pin="1"/><net_sink comp="576" pin=0"/></net>

<net id="585"><net_src comp="400" pin="1"/><net_sink comp="581" pin=0"/></net>

<net id="590"><net_src comp="397" pin="1"/><net_sink comp="586" pin=0"/></net>

<net id="595"><net_src comp="394" pin="1"/><net_sink comp="591" pin=0"/></net>

<net id="600"><net_src comp="412" pin="1"/><net_sink comp="596" pin=0"/></net>

<net id="605"><net_src comp="388" pin="1"/><net_sink comp="601" pin=0"/></net>

<net id="610"><net_src comp="385" pin="1"/><net_sink comp="606" pin=0"/></net>

<net id="615"><net_src comp="382" pin="1"/><net_sink comp="611" pin=0"/></net>

<net id="620"><net_src comp="379" pin="1"/><net_sink comp="616" pin=0"/></net>

<net id="625"><net_src comp="376" pin="1"/><net_sink comp="621" pin=0"/></net>

<net id="630"><net_src comp="373" pin="1"/><net_sink comp="626" pin=0"/></net>

<net id="635"><net_src comp="370" pin="1"/><net_sink comp="631" pin=0"/></net>

<net id="640"><net_src comp="367" pin="1"/><net_sink comp="636" pin=0"/></net>

<net id="645"><net_src comp="391" pin="1"/><net_sink comp="641" pin=0"/></net>

<net id="650"><net_src comp="570" pin="2"/><net_sink comp="646" pin=0"/></net>

<net id="658"><net_src comp="564" pin="2"/><net_sink comp="654" pin=0"/></net>

<net id="659"><net_src comp="558" pin="2"/><net_sink comp="654" pin=1"/></net>

<net id="660"><net_src comp="654" pin="2"/><net_sink comp="272" pin=2"/></net>

<net id="665"><net_src comp="654" pin="2"/><net_sink comp="661" pin=0"/></net>

<net id="670"><net_src comp="651" pin="1"/><net_sink comp="666" pin=0"/></net>

<net id="674"><net_src comp="108" pin="1"/><net_sink comp="671" pin=0"/></net>

<net id="675"><net_src comp="671" pin="1"/><net_sink comp="359" pin=1"/></net>

<net id="676"><net_src comp="671" pin="1"/><net_sink comp="364" pin=0"/></net>

<net id="677"><net_src comp="671" pin="1"/><net_sink comp="646" pin=1"/></net>

<net id="681"><net_src comp="112" pin="1"/><net_sink comp="678" pin=0"/></net>

<net id="682"><net_src comp="678" pin="1"/><net_sink comp="354" pin=1"/></net>

<net id="683"><net_src comp="678" pin="1"/><net_sink comp="409" pin=0"/></net>

<net id="684"><net_src comp="678" pin="1"/><net_sink comp="666" pin=1"/></net>

<net id="688"><net_src comp="116" pin="1"/><net_sink comp="685" pin=0"/></net>

<net id="689"><net_src comp="685" pin="1"/><net_sink comp="349" pin=1"/></net>

<net id="690"><net_src comp="685" pin="1"/><net_sink comp="412" pin=0"/></net>

<net id="691"><net_src comp="685" pin="1"/><net_sink comp="641" pin=1"/></net>

<net id="695"><net_src comp="120" pin="1"/><net_sink comp="692" pin=0"/></net>

<net id="696"><net_src comp="692" pin="1"/><net_sink comp="344" pin=1"/></net>

<net id="697"><net_src comp="692" pin="1"/><net_sink comp="415" pin=0"/></net>

<net id="698"><net_src comp="692" pin="1"/><net_sink comp="636" pin=1"/></net>

<net id="702"><net_src comp="124" pin="1"/><net_sink comp="699" pin=0"/></net>

<net id="703"><net_src comp="699" pin="1"/><net_sink comp="339" pin=1"/></net>

<net id="704"><net_src comp="699" pin="1"/><net_sink comp="367" pin=0"/></net>

<net id="705"><net_src comp="699" pin="1"/><net_sink comp="631" pin=1"/></net>

<net id="709"><net_src comp="128" pin="1"/><net_sink comp="706" pin=0"/></net>

<net id="710"><net_src comp="706" pin="1"/><net_sink comp="334" pin=1"/></net>

<net id="711"><net_src comp="706" pin="1"/><net_sink comp="370" pin=0"/></net>

<net id="712"><net_src comp="706" pin="1"/><net_sink comp="626" pin=1"/></net>

<net id="716"><net_src comp="132" pin="1"/><net_sink comp="713" pin=0"/></net>

<net id="717"><net_src comp="713" pin="1"/><net_sink comp="329" pin=1"/></net>

<net id="718"><net_src comp="713" pin="1"/><net_sink comp="373" pin=0"/></net>

<net id="719"><net_src comp="713" pin="1"/><net_sink comp="621" pin=1"/></net>

<net id="723"><net_src comp="136" pin="1"/><net_sink comp="720" pin=0"/></net>

<net id="724"><net_src comp="720" pin="1"/><net_sink comp="324" pin=1"/></net>

<net id="725"><net_src comp="720" pin="1"/><net_sink comp="376" pin=0"/></net>

<net id="726"><net_src comp="720" pin="1"/><net_sink comp="616" pin=1"/></net>

<net id="730"><net_src comp="140" pin="1"/><net_sink comp="727" pin=0"/></net>

<net id="731"><net_src comp="727" pin="1"/><net_sink comp="319" pin=1"/></net>

<net id="732"><net_src comp="727" pin="1"/><net_sink comp="379" pin=0"/></net>

<net id="733"><net_src comp="727" pin="1"/><net_sink comp="611" pin=1"/></net>

<net id="737"><net_src comp="144" pin="1"/><net_sink comp="734" pin=0"/></net>

<net id="738"><net_src comp="734" pin="1"/><net_sink comp="314" pin=1"/></net>

<net id="739"><net_src comp="734" pin="1"/><net_sink comp="382" pin=0"/></net>

<net id="740"><net_src comp="734" pin="1"/><net_sink comp="606" pin=1"/></net>

<net id="744"><net_src comp="148" pin="1"/><net_sink comp="741" pin=0"/></net>

<net id="745"><net_src comp="741" pin="1"/><net_sink comp="309" pin=1"/></net>

<net id="746"><net_src comp="741" pin="1"/><net_sink comp="385" pin=0"/></net>

<net id="747"><net_src comp="741" pin="1"/><net_sink comp="601" pin=1"/></net>

<net id="751"><net_src comp="152" pin="1"/><net_sink comp="748" pin=0"/></net>

<net id="752"><net_src comp="748" pin="1"/><net_sink comp="304" pin=1"/></net>

<net id="753"><net_src comp="748" pin="1"/><net_sink comp="388" pin=0"/></net>

<net id="754"><net_src comp="748" pin="1"/><net_sink comp="596" pin=1"/></net>

<net id="758"><net_src comp="156" pin="1"/><net_sink comp="755" pin=0"/></net>

<net id="759"><net_src comp="755" pin="1"/><net_sink comp="299" pin=1"/></net>

<net id="760"><net_src comp="755" pin="1"/><net_sink comp="391" pin=0"/></net>

<net id="761"><net_src comp="755" pin="1"/><net_sink comp="591" pin=1"/></net>

<net id="765"><net_src comp="160" pin="1"/><net_sink comp="762" pin=0"/></net>

<net id="766"><net_src comp="762" pin="1"/><net_sink comp="294" pin=1"/></net>

<net id="767"><net_src comp="762" pin="1"/><net_sink comp="394" pin=0"/></net>

<net id="768"><net_src comp="762" pin="1"/><net_sink comp="586" pin=1"/></net>

<net id="772"><net_src comp="164" pin="1"/><net_sink comp="769" pin=0"/></net>

<net id="773"><net_src comp="769" pin="1"/><net_sink comp="289" pin=1"/></net>

<net id="774"><net_src comp="769" pin="1"/><net_sink comp="397" pin=0"/></net>

<net id="775"><net_src comp="769" pin="1"/><net_sink comp="581" pin=1"/></net>

<net id="779"><net_src comp="168" pin="1"/><net_sink comp="776" pin=0"/></net>

<net id="780"><net_src comp="776" pin="1"/><net_sink comp="284" pin=1"/></net>

<net id="781"><net_src comp="776" pin="1"/><net_sink comp="400" pin=0"/></net>

<net id="782"><net_src comp="776" pin="1"/><net_sink comp="576" pin=1"/></net>

<net id="786"><net_src comp="172" pin="1"/><net_sink comp="783" pin=0"/></net>

<net id="787"><net_src comp="783" pin="1"/><net_sink comp="279" pin=1"/></net>

<net id="788"><net_src comp="783" pin="1"/><net_sink comp="651" pin=0"/></net>

<net id="789"><net_src comp="783" pin="1"/><net_sink comp="661" pin=1"/></net>

<net id="793"><net_src comp="403" pin="2"/><net_sink comp="790" pin=0"/></net>

<net id="797"><net_src comp="412" pin="1"/><net_sink comp="794" pin=0"/></net>

<net id="798"><net_src comp="794" pin="1"/><net_sink comp="564" pin=1"/></net>

<net id="802"><net_src comp="415" pin="1"/><net_sink comp="799" pin=0"/></net>

<net id="803"><net_src comp="799" pin="1"/><net_sink comp="558" pin=0"/></net>

<net id="807"><net_src comp="540" pin="2"/><net_sink comp="804" pin=0"/></net>

<net id="808"><net_src comp="804" pin="1"/><net_sink comp="564" pin=0"/></net>

<net id="812"><net_src comp="552" pin="2"/><net_sink comp="809" pin=0"/></net>

<net id="813"><net_src comp="809" pin="1"/><net_sink comp="558" pin=1"/></net>

</net_list>

</model> 
---------------- Datapath Model END ------------------

* FSMD analyzer results:
  - Output states:
	Port: w_strm | {3 }
 - Input state : 
	Port: generateMsgSchedule_Pipeline_LOOP_SHA256_PREPARE_WT64 : W_reload | {1 }
	Port: generateMsgSchedule_Pipeline_LOOP_SHA256_PREPARE_WT64 : W_2_reload | {1 }
	Port: generateMsgSchedule_Pipeline_LOOP_SHA256_PREPARE_WT64 : W_3_reload | {1 }
	Port: generateMsgSchedule_Pipeline_LOOP_SHA256_PREPARE_WT64 : W_4_reload | {1 }
	Port: generateMsgSchedule_Pipeline_LOOP_SHA256_PREPARE_WT64 : W_5_reload | {1 }
	Port: generateMsgSchedule_Pipeline_LOOP_SHA256_PREPARE_WT64 : W_7_reload | {1 }
	Port: generateMsgSchedule_Pipeline_LOOP_SHA256_PREPARE_WT64 : W_8_reload | {1 }
	Port: generateMsgSchedule_Pipeline_LOOP_SHA256_PREPARE_WT64 : W_9_reload | {1 }
	Port: generateMsgSchedule_Pipeline_LOOP_SHA256_PREPARE_WT64 : W_10_reload | {1 }
	Port: generateMsgSchedule_Pipeline_LOOP_SHA256_PREPARE_WT64 : W_11_reload | {1 }
	Port: generateMsgSchedule_Pipeline_LOOP_SHA256_PREPARE_WT64 : W_12_reload | {1 }
	Port: generateMsgSchedule_Pipeline_LOOP_SHA256_PREPARE_WT64 : W_13_reload | {1 }
	Port: generateMsgSchedule_Pipeline_LOOP_SHA256_PREPARE_WT64 : W_15_reload | {1 }
	Port: generateMsgSchedule_Pipeline_LOOP_SHA256_PREPARE_WT64 : W_14_reload | {1 }
	Port: generateMsgSchedule_Pipeline_LOOP_SHA256_PREPARE_WT64 : W_6_reload | {1 }
	Port: generateMsgSchedule_Pipeline_LOOP_SHA256_PREPARE_WT64 : W_1_reload | {1 }
  - Chain level:
	State 1
		store_ln549 : 1
	State 2
		icmp_ln549 : 1
		br_ln549 : 2
		lshr_ln : 1
		trunc_ln553 : 1
		lshr_ln553_1 : 1
		trunc_ln553_1 : 1
		lshr_ln553_2 : 1
		zext_ln553 : 2
		lshr_ln553_3 : 1
		trunc_ln553_2 : 1
		lshr_ln553_4 : 1
		trunc_ln553_3 : 1
		lshr_ln553_5 : 1
		zext_ln553_1 : 2
		or_ln : 2
		or_ln553_1 : 2
		or_ln553_2 : 2
		or_ln553_3 : 2
		xor_ln553 : 3
		xor_ln553_1 : 3
		xor_ln553_2 : 3
		xor_ln553_3 : 3
		add_ln553 : 3
		add_ln553_1 : 3
		t_3 : 1
		store_ln0 : 1
		store_ln0 : 1
		store_ln0 : 1
		store_ln0 : 1
		store_ln0 : 1
		store_ln0 : 1
		store_ln0 : 1
		store_ln0 : 1
		store_ln0 : 1
		store_ln0 : 1
		store_ln0 : 1
		store_ln0 : 1
		store_ln553 : 1
		store_ln0 : 1
		store_ln549 : 2
	State 3
		Wt : 1
		write_ln558 : 2
		store_ln553 : 2
		store_ln0 : 1


============================================================
+ Verbose Summary: Datapath Resource usage 
============================================================

* Functional unit list:
|----------|------------------------------|---------|---------|---------|
| Operation|        Functional Unit       |   DSP   |    FF   |   LUT   |
|----------|------------------------------|---------|---------|---------|
|          |          grp_fu_558          |    0    |   148   |    36   |
|    add   |          grp_fu_564          |    0    |   148   |    36   |
|          |          t_3_fu_570          |    0    |    0    |    14   |
|          |           Wt_fu_654          |    1    |    0    |    0    |
|----------|------------------------------|---------|---------|---------|
|          |       xor_ln553_fu_534       |    0    |    0    |    32   |
|    xor   |      xor_ln553_1_fu_540      |    0    |    0    |    32   |
|          |      xor_ln553_2_fu_546      |    0    |    0    |    32   |
|          |      xor_ln553_3_fu_552      |    0    |    0    |    32   |
|----------|------------------------------|---------|---------|---------|
|   icmp   |       icmp_ln549_fu_403      |    0    |    0    |    14   |
|----------|------------------------------|---------|---------|---------|
|          |  W_1_reload_read_read_fu_176 |    0    |    0    |    0    |
|          |  W_6_reload_read_read_fu_182 |    0    |    0    |    0    |
|          | W_14_reload_read_read_fu_188 |    0    |    0    |    0    |
|          | W_15_reload_read_read_fu_194 |    0    |    0    |    0    |
|          | W_13_reload_read_read_fu_200 |    0    |    0    |    0    |
|          | W_12_reload_read_read_fu_206 |    0    |    0    |    0    |
|          | W_11_reload_read_read_fu_212 |    0    |    0    |    0    |
|   read   | W_10_reload_read_read_fu_218 |    0    |    0    |    0    |
|          |  W_9_reload_read_read_fu_224 |    0    |    0    |    0    |
|          |  W_8_reload_read_read_fu_230 |    0    |    0    |    0    |
|          |  W_7_reload_read_read_fu_236 |    0    |    0    |    0    |
|          |  W_5_reload_read_read_fu_242 |    0    |    0    |    0    |
|          |  W_4_reload_read_read_fu_248 |    0    |    0    |    0    |
|          |  W_3_reload_read_read_fu_254 |    0    |    0    |    0    |
|          |  W_2_reload_read_read_fu_260 |    0    |    0    |    0    |
|          |   W_reload_read_read_fu_266  |    0    |    0    |    0    |
|----------|------------------------------|---------|---------|---------|
|   write  |   write_ln558_write_fu_272   |    0    |    0    |    0    |
|----------|------------------------------|---------|---------|---------|
|          |        lshr_ln_fu_418        |    0    |    0    |    0    |
|          |      lshr_ln553_1_fu_432     |    0    |    0    |    0    |
|partselect|      lshr_ln553_2_fu_446     |    0    |    0    |    0    |
|          |      lshr_ln553_3_fu_460     |    0    |    0    |    0    |
|          |      lshr_ln553_4_fu_474     |    0    |    0    |    0    |
|          |      lshr_ln553_5_fu_488     |    0    |    0    |    0    |
|----------|------------------------------|---------|---------|---------|
|          |      trunc_ln553_fu_428      |    0    |    0    |    0    |
|   trunc  |     trunc_ln553_1_fu_442     |    0    |    0    |    0    |
|          |     trunc_ln553_2_fu_470     |    0    |    0    |    0    |
|          |     trunc_ln553_3_fu_484     |    0    |    0    |    0    |
|----------|------------------------------|---------|---------|---------|
|   zext   |       zext_ln553_fu_456      |    0    |    0    |    0    |
|          |      zext_ln553_1_fu_498     |    0    |    0    |    0    |
|----------|------------------------------|---------|---------|---------|
|          |         or_ln_fu_502         |    0    |    0    |    0    |
|bitconcatenate|       or_ln553_1_fu_510      |    0    |    0    |    0    |
|          |       or_ln553_2_fu_518      |    0    |    0    |    0    |
|          |       or_ln553_3_fu_526      |    0    |    0    |    0    |
|----------|------------------------------|---------|---------|---------|
|   Total  |                              |    1    |   296   |   228   |
|----------|------------------------------|---------|---------|---------|

Memories:
N/A

* Register list:
+-------------------+--------+
|                   |   FF   |
+-------------------+--------+
| empty_100_reg_783 |   32   |
|  empty_86_reg_685 |   32   |
|  empty_87_reg_692 |   32   |
|  empty_88_reg_699 |   32   |
|  empty_89_reg_706 |   32   |
|  empty_90_reg_713 |   32   |
|  empty_91_reg_720 |   32   |
|  empty_92_reg_727 |   32   |
|  empty_93_reg_734 |   32   |
|  empty_94_reg_741 |   32   |
|  empty_95_reg_748 |   32   |
|  empty_96_reg_755 |   32   |
|  empty_97_reg_762 |   32   |
|  empty_98_reg_769 |   32   |
|  empty_99_reg_776 |   32   |
|   empty_reg_678   |   32   |
| icmp_ln549_reg_790|    1   |
|  p_load36_reg_799 |   32   |
|  p_load37_reg_794 |   32   |
|    t_2_reg_671    |    7   |
|xor_ln553_1_reg_804|   32   |
|xor_ln553_3_reg_809|   32   |
+-------------------+--------+
|       Total       |   648  |
+-------------------+--------+

* Multiplexer (MUX) list: 
|------------|------|------|------|--------||---------||---------||---------|
|    Comp    |  Pin | Size |  BW  | S x BW ||  Delay  ||    FF   ||   LUT   |
|------------|------|------|------|--------||---------||---------||---------|
| grp_fu_558 |  p0  |   2  |  32  |   64   ||    0    ||    9    |
| grp_fu_558 |  p1  |   2  |  32  |   64   ||    0    ||    9    |
| grp_fu_564 |  p0  |   2  |  32  |   64   ||    0    ||    9    |
| grp_fu_564 |  p1  |   2  |  32  |   64   ||    0    ||    9    |
|------------|------|------|------|--------||---------||---------||---------|
|    Total   |      |      |      |   256  ||  6.352  ||    0    ||    36   |
|------------|------|------|------|--------||---------||---------||---------|



* Summary:
+-----------+--------+--------+--------+--------+
|           |   DSP  |  Delay |   FF   |   LUT  |
+-----------+--------+--------+--------+--------+
|  Function |    1   |    -   |   296  |   228  |
|   Memory  |    -   |    -   |    -   |    -   |
|Multiplexer|    -   |    6   |    0   |   36   |
|  Register |    -   |    -   |   648  |    -   |
+-----------+--------+--------+--------+--------+
|   Total   |    1   |    6   |   944  |   264  |
+-----------+--------+--------+--------+--------+
