

================================================================
== Vitis HLS Report for 'generateMsgSchedule'
================================================================
* Date:           Sat Oct 18 18:24:32 2025

* Version:        2024.2 (Build 5238294 on Nov  8 2024)
* Project:        hmac_sha256_test.prj
* Solution:       solution1 (Vivado IP Flow Target)
* Product family: zynq
* Target device:  xc7z020-clg484-1


================================================================
== Performance Estimates
================================================================
+ Timing: 
    * Summary: 
    +--------+---------+----------+------------+
    |  Clock |  Target | Estimated| Uncertainty|
    +--------+---------+----------+------------+
    |ap_clk  |  3.33 ns|  7.847 ns|     1.05 ns|
    +--------+---------+----------+------------+

+ Latency: 
    * Summary: 
    +---------+---------+----------+----------+-----+-----+---------+
    |  Latency (cycles) |  Latency (absolute) |  Interval | Pipeline|
    |   min   |   max   |    min   |    max   | min | max |   Type  |
    +---------+---------+----------+----------+-----+-----+---------+
    |        ?|        ?|         ?|         ?|    ?|    ?|       no|
    +---------+---------+----------+----------+-----+-----+---------+

    + Detail: 
        * Instance: 
        +------------------------------------------------------------------+-------------------------------------------------------+---------+---------+-----------+-----------+-----+-----+------------------------------------------------+
        |                                                                  |                                                       |  Latency (cycles) |   Latency (absolute)  |  Interval |                    Pipeline                    |
        |                             Instance                             |                         Module                        |   min   |   max   |    min    |    max    | min | max |                      Type                      |
        +------------------------------------------------------------------+-------------------------------------------------------+---------+---------+-----------+-----------+-----+-----+------------------------------------------------+
        |grp_generateMsgSchedule_Pipeline_LOOP_SHA256_PREPARE_WT16_fu_223  |generateMsgSchedule_Pipeline_LOOP_SHA256_PREPARE_WT16  |       18|       18|  89.208 ns|  89.208 ns|   17|   17|  loop auto-rewind stp (delay=0 clock cycles(s))|
        |grp_generateMsgSchedule_Pipeline_LOOP_SHA256_PREPARE_WT64_fu_261  |generateMsgSchedule_Pipeline_LOOP_SHA256_PREPARE_WT64  |       51|       51|   0.400 us|   0.400 us|   49|   49|  loop auto-rewind stp (delay=0 clock cycles(s))|
        +------------------------------------------------------------------+-------------------------------------------------------+---------+---------+-----------+-----------+-----+-----+------------------------------------------------+

        * Loop: 
        +---------------------+---------+---------+----------+-----------+-----------+------+----------+
        |                     |  Latency (cycles) | Iteration|  Initiation Interval  | Trip |          |
        |      Loop Name      |   min   |   max   |  Latency |  achieved |   target  | Count| Pipelined|
        +---------------------+---------+---------+----------+-----------+-----------+------+----------+
        |- VITIS_LOOP_528_1   |        ?|        ?|         ?|          -|          -|     ?|        no|
        | + VITIS_LOOP_530_2  |        ?|        ?|        77|          -|          -|     ?|        no|
        +---------------------+---------+---------+----------+-----------+-----------+------+----------+



================================================================
== Utilization Estimates
================================================================
* Summary: 
+-----------------+---------+-----+--------+-------+-----+
|       Name      | BRAM_18K| DSP |   FF   |  LUT  | URAM|
+-----------------+---------+-----+--------+-------+-----+
|DSP              |        -|    -|       -|      -|    -|
|Expression       |        -|    -|       0|      4|    -|
|FIFO             |        -|    -|       -|      -|    -|
|Instance         |        -|    1|    2123|    706|    -|
|Memory           |        -|    -|       -|      -|    -|
|Multiplexer      |        -|    -|       0|    142|    -|
|Register         |        -|    -|     721|      -|    -|
+-----------------+---------+-----+--------+-------+-----+
|Total            |        0|    1|    2844|    852|    0|
+-----------------+---------+-----+--------+-------+-----+
|Available        |      280|  220|  106400|  53200|    0|
+-----------------+---------+-----+--------+-------+-----+
|Utilization (%)  |        0|   ~0|       2|      1|    0|
+-----------------+---------+-----+--------+-------+-----+

+ Detail: 
    * Instance: 
    +------------------------------------------------------------------+-------------------------------------------------------+---------+----+-----+-----+-----+
    |                             Instance                             |                         Module                        | BRAM_18K| DSP|  FF | LUT | URAM|
    +------------------------------------------------------------------+-------------------------------------------------------+---------+----+-----+-----+-----+
    |add_64ns_64ns_64_3_1_U133                                         |add_64ns_64ns_64_3_1                                   |        0|   0|  389|   66|    0|
    |grp_generateMsgSchedule_Pipeline_LOOP_SHA256_PREPARE_WT16_fu_223  |generateMsgSchedule_Pipeline_LOOP_SHA256_PREPARE_WT16  |        0|   0|  524|  141|    0|
    |grp_generateMsgSchedule_Pipeline_LOOP_SHA256_PREPARE_WT64_fu_261  |generateMsgSchedule_Pipeline_LOOP_SHA256_PREPARE_WT64  |        0|   1|  821|  433|    0|
    |icmp_64ns_64ns_1_3_1_U132                                         |icmp_64ns_64ns_1_3_1                                   |        0|   0|  389|   66|    0|
    +------------------------------------------------------------------+-------------------------------------------------------+---------+----+-----+-----+-----+
    |Total                                                             |                                                       |        0|   1| 2123|  706|    0|
    +------------------------------------------------------------------+-------------------------------------------------------+---------+----+-----+-----+-----+

    * DSP: 
    N/A

    * Memory: 
    N/A

    * FIFO: 
    N/A

    * Expression: 
    +-----------------+----------+----+---+----+------------+------------+
    |  Variable Name  | Operation| DSP| FF| LUT| Bitwidth P0| Bitwidth P1|
    +-----------------+----------+----+---+----+------------+------------+
    |ap_block_state3  |       and|   0|  0|   2|           1|           1|
    |ap_block_state1  |        or|   0|  0|   2|           1|           1|
    +-----------------+----------+----+---+----+------------+------------+
    |Total            |          |   0|  0|   4|           2|           2|
    +-----------------+----------+----+---+----+------------+------------+

    * Multiplexer: 
    +----------------------+----+-----------+-----+-----------+
    |         Name         | LUT| Input Size| Bits| Total Bits|
    +----------------------+----+-----------+-----+-----------+
    |ap_NS_fsm             |  65|         13|    1|         13|
    |ap_done               |   9|          2|    1|          2|
    |blk_strm_blk_n        |   9|          2|    1|          2|
    |e_4_reg_202           |   9|          2|    1|          2|
    |end_nblk_strm1_blk_n  |   9|          2|    1|          2|
    |i_5_reg_211           |   9|          2|   64|        128|
    |nblk_strm1_blk_n      |   9|          2|    1|          2|
    |w_strm_din            |   9|          2|   32|         64|
    |w_strm_write          |  14|          3|    1|          3|
    +----------------------+----+-----------+-----+-----------+
    |Total                 | 142|         30|  103|        218|
    +----------------------+----+-----------+-----+-----------+

    * Register: 
    +-------------------------------------------------------------------------------+----+----+-----+-----------+
    |                                      Name                                     | FF | LUT| Bits| Const Bits|
    +-------------------------------------------------------------------------------+----+----+-----+-----------+
    |ap_CS_fsm                                                                      |  12|   0|   12|          0|
    |ap_done_reg                                                                    |   1|   0|    1|          0|
    |blk_10_reg_703                                                                 |  32|   0|   32|          0|
    |blk_11_reg_708                                                                 |  32|   0|   32|          0|
    |blk_12_reg_713                                                                 |  32|   0|   32|          0|
    |blk_13_reg_718                                                                 |  32|   0|   32|          0|
    |blk_14_reg_723                                                                 |  32|   0|   32|          0|
    |blk_15_reg_698                                                                 |  32|   0|   32|          0|
    |blk_1_reg_653                                                                  |  32|   0|   32|          0|
    |blk_2_reg_658                                                                  |  32|   0|   32|          0|
    |blk_3_reg_663                                                                  |  32|   0|   32|          0|
    |blk_4_reg_668                                                                  |  32|   0|   32|          0|
    |blk_5_reg_673                                                                  |  32|   0|   32|          0|
    |blk_6_reg_678                                                                  |  32|   0|   32|          0|
    |blk_7_reg_683                                                                  |  32|   0|   32|          0|
    |blk_8_reg_688                                                                  |  32|   0|   32|          0|
    |blk_9_reg_693                                                                  |  32|   0|   32|          0|
    |blk_reg_648                                                                    |  32|   0|   32|          0|
    |e_4_reg_202                                                                    |   1|   0|    1|          0|
    |e_reg_630                                                                      |   1|   0|    1|          0|
    |grp_generateMsgSchedule_Pipeline_LOOP_SHA256_PREPARE_WT16_fu_223_ap_start_reg  |   1|   0|    1|          0|
    |grp_generateMsgSchedule_Pipeline_LOOP_SHA256_PREPARE_WT64_fu_261_ap_start_reg  |   1|   0|    1|          0|
    |i_5_reg_211                                                                    |  64|   0|   64|          0|
    |i_reg_643                                                                      |  64|   0|   64|          0|
    |n_reg_635                                                                      |  64|   0|   64|          0|
    +-------------------------------------------------------------------------------+----+----+-----+-----------+
    |Total                                                                          | 721|   0|  721|          0|
    +-------------------------------------------------------------------------------+----+----+-----+-----------+



================================================================
== Interface
================================================================
* Summary: 
+-------------------------------+-----+-----+------------+---------------------+--------------+
|           RTL Ports           | Dir | Bits|  Protocol  |    Source Object    |    C Type    |
+-------------------------------+-----+-----+------------+---------------------+--------------+
|ap_clk                         |   in|    1|  ap_ctrl_hs|  generateMsgSchedule|  return value|
|ap_rst                         |   in|    1|  ap_ctrl_hs|  generateMsgSchedule|  return value|
|ap_start                       |   in|    1|  ap_ctrl_hs|  generateMsgSchedule|  return value|
|ap_done                        |  out|    1|  ap_ctrl_hs|  generateMsgSchedule|  return value|
|ap_continue                    |   in|    1|  ap_ctrl_hs|  generateMsgSchedule|  return value|
|ap_idle                        |  out|    1|  ap_ctrl_hs|  generateMsgSchedule|  return value|
|ap_ready                       |  out|    1|  ap_ctrl_hs|  generateMsgSchedule|  return value|
|blk_strm_dout                  |   in|  512|     ap_fifo|             blk_strm|       pointer|
|blk_strm_empty_n               |   in|    1|     ap_fifo|             blk_strm|       pointer|
|blk_strm_read                  |  out|    1|     ap_fifo|             blk_strm|       pointer|
|blk_strm_num_data_valid        |   in|    6|     ap_fifo|             blk_strm|       pointer|
|blk_strm_fifo_cap              |   in|    6|     ap_fifo|             blk_strm|       pointer|
|nblk_strm1_dout                |   in|   64|     ap_fifo|           nblk_strm1|       pointer|
|nblk_strm1_empty_n             |   in|    1|     ap_fifo|           nblk_strm1|       pointer|
|nblk_strm1_read                |  out|    1|     ap_fifo|           nblk_strm1|       pointer|
|nblk_strm1_num_data_valid      |   in|    6|     ap_fifo|           nblk_strm1|       pointer|
|nblk_strm1_fifo_cap            |   in|    6|     ap_fifo|           nblk_strm1|       pointer|
|end_nblk_strm1_dout            |   in|    1|     ap_fifo|       end_nblk_strm1|       pointer|
|end_nblk_strm1_empty_n         |   in|    1|     ap_fifo|       end_nblk_strm1|       pointer|
|end_nblk_strm1_read            |  out|    1|     ap_fifo|       end_nblk_strm1|       pointer|
|end_nblk_strm1_num_data_valid  |   in|    6|     ap_fifo|       end_nblk_strm1|       pointer|
|end_nblk_strm1_fifo_cap        |   in|    6|     ap_fifo|       end_nblk_strm1|       pointer|
|w_strm_din                     |  out|   32|     ap_fifo|               w_strm|       pointer|
|w_strm_full_n                  |   in|    1|     ap_fifo|               w_strm|       pointer|
|w_strm_write                   |  out|    1|     ap_fifo|               w_strm|       pointer|
|w_strm_num_data_valid          |   in|   32|     ap_fifo|               w_strm|       pointer|
|w_strm_fifo_cap                |   in|   32|     ap_fifo|               w_strm|       pointer|
+-------------------------------+-----+-----+------------+---------------------+--------------+

============================================================
+ Verbose Summary: Synthesis Manager
============================================================
InlineROM: 1
ExposeGlobal: 0
============================================================
+ Verbose Summary: CDFG Model
============================================================
IsTopModel: 0
ResetActiveHigh: 1
IsCombinational: 2
IsDatapathOnly: 0
HasWiredReturn: 1
HasMFsm: 0
HasVarLatency: 1
IsPipeline: 0
IsRtlPipelined: 0
IsInstanceOverlapped: 0
IsDontTouch: 0
HasImplIP: 0
IsGatedGlobalClock: 0


============================================================
+ Verbose Summary: Schedule
============================================================
* Number of FSM states : 12
* Pipeline : 0
* Dataflow Pipeline: 0

* FSM state transitions: 
1 --> 2 
2 --> 3 
3 --> 4 
4 --> 5 
5 --> 6 
6 --> 7 12 
7 --> 8 
8 --> 9 
9 --> 10 
10 --> 11 
11 --> 4 
12 --> 3 

* FSM state operations: 

State 1 <SV = 0> <Delay = 1.14>
ST_1 : Operation 13 [1/1] (0.00ns)   --->   "%W_loc = alloca i64 1"   --->   Operation 13 'alloca' 'W_loc' <Predicate = true> <Delay = 0.00>
ST_1 : Operation 14 [1/1] (0.00ns)   --->   "%W_1_loc = alloca i64 1"   --->   Operation 14 'alloca' 'W_1_loc' <Predicate = true> <Delay = 0.00>
ST_1 : Operation 15 [1/1] (0.00ns)   --->   "%W_2_loc = alloca i64 1"   --->   Operation 15 'alloca' 'W_2_loc' <Predicate = true> <Delay = 0.00>
ST_1 : Operation 16 [1/1] (0.00ns)   --->   "%W_3_loc = alloca i64 1"   --->   Operation 16 'alloca' 'W_3_loc' <Predicate = true> <Delay = 0.00>
ST_1 : Operation 17 [1/1] (0.00ns)   --->   "%W_4_loc = alloca i64 1"   --->   Operation 17 'alloca' 'W_4_loc' <Predicate = true> <Delay = 0.00>
ST_1 : Operation 18 [1/1] (0.00ns)   --->   "%W_5_loc = alloca i64 1"   --->   Operation 18 'alloca' 'W_5_loc' <Predicate = true> <Delay = 0.00>
ST_1 : Operation 19 [1/1] (0.00ns)   --->   "%W_6_loc = alloca i64 1"   --->   Operation 19 'alloca' 'W_6_loc' <Predicate = true> <Delay = 0.00>
ST_1 : Operation 20 [1/1] (0.00ns)   --->   "%W_7_loc = alloca i64 1"   --->   Operation 20 'alloca' 'W_7_loc' <Predicate = true> <Delay = 0.00>
ST_1 : Operation 21 [1/1] (0.00ns)   --->   "%W_8_loc = alloca i64 1"   --->   Operation 21 'alloca' 'W_8_loc' <Predicate = true> <Delay = 0.00>
ST_1 : Operation 22 [1/1] (0.00ns)   --->   "%W_9_loc = alloca i64 1"   --->   Operation 22 'alloca' 'W_9_loc' <Predicate = true> <Delay = 0.00>
ST_1 : Operation 23 [1/1] (0.00ns)   --->   "%W_10_loc = alloca i64 1"   --->   Operation 23 'alloca' 'W_10_loc' <Predicate = true> <Delay = 0.00>
ST_1 : Operation 24 [1/1] (0.00ns)   --->   "%W_11_loc = alloca i64 1"   --->   Operation 24 'alloca' 'W_11_loc' <Predicate = true> <Delay = 0.00>
ST_1 : Operation 25 [1/1] (0.00ns)   --->   "%W_12_loc = alloca i64 1"   --->   Operation 25 'alloca' 'W_12_loc' <Predicate = true> <Delay = 0.00>
ST_1 : Operation 26 [1/1] (0.00ns)   --->   "%W_13_loc = alloca i64 1"   --->   Operation 26 'alloca' 'W_13_loc' <Predicate = true> <Delay = 0.00>
ST_1 : Operation 27 [1/1] (0.00ns)   --->   "%W_14_loc = alloca i64 1"   --->   Operation 27 'alloca' 'W_14_loc' <Predicate = true> <Delay = 0.00>
ST_1 : Operation 28 [1/1] (0.00ns)   --->   "%W_15_loc = alloca i64 1"   --->   Operation 28 'alloca' 'W_15_loc' <Predicate = true> <Delay = 0.00>
ST_1 : Operation 29 [1/1] ( I:1.14ns O:1.14ns )   --->   "%e = read i1 @_ssdm_op_Read.ap_fifo.volatile.i1P0A, i1 %end_nblk_strm1" [D:/hlstrack/hlstrack2025-master/security/L1/tests/hmac/sha256/../../../../L1/include\xf_security/sha224_256.hpp:527]   --->   Operation 29 'read' 'e' <Predicate = true> <Delay = 1.14> <CoreInst = "FIFO_LUTRAM">   --->   Core 79 'FIFO_LUTRAM' <Latency = 0> <II = 1> <Delay = 3.72> <Storage> <Opcode : 'read' 'write' 'nbread' 'nbwrite'> <Ports = 0> <Width = 1> <Depth = 32> <FIFO>

State 2 <SV = 1> <Delay = 1.58>
ST_2 : Operation 30 [1/1] (0.00ns)   --->   "%specmemcore_ln0 = specmemcore void @_ssdm_op_SpecMemCore, i32 %w_strm, i64 666, i64 9, i64 18446744073709551615"   --->   Operation 30 'specmemcore' 'specmemcore_ln0' <Predicate = true> <Delay = 0.00>
ST_2 : Operation 31 [1/1] (0.00ns)   --->   "%specmemcore_ln0 = specmemcore void @_ssdm_op_SpecMemCore, i1 %end_nblk_strm1, i64 666, i64 9, i64 18446744073709551615"   --->   Operation 31 'specmemcore' 'specmemcore_ln0' <Predicate = true> <Delay = 0.00>
ST_2 : Operation 32 [1/1] (0.00ns)   --->   "%specmemcore_ln0 = specmemcore void @_ssdm_op_SpecMemCore, i64 %nblk_strm1, i64 666, i64 9, i64 18446744073709551615"   --->   Operation 32 'specmemcore' 'specmemcore_ln0' <Predicate = true> <Delay = 0.00>
ST_2 : Operation 33 [1/1] (0.00ns)   --->   "%specmemcore_ln0 = specmemcore void @_ssdm_op_SpecMemCore, i512 %blk_strm, i64 666, i64 9, i64 18446744073709551615"   --->   Operation 33 'specmemcore' 'specmemcore_ln0' <Predicate = true> <Delay = 0.00>
ST_2 : Operation 34 [1/1] (0.00ns)   --->   "%specinterface_ln0 = specinterface void @_ssdm_op_SpecInterface, i32 %w_strm, void @empty_3, i32 0, i32 0, void @empty_1, i32 0, i32 0, void @empty_1, void @empty_1, void @empty_1, i32 0, i32 0, i32 0, i32 0, void @empty_1, void @empty_1, i32 4294967295, i32 0, i32 0"   --->   Operation 34 'specinterface' 'specinterface_ln0' <Predicate = true> <Delay = 0.00>
ST_2 : Operation 35 [1/1] (0.00ns)   --->   "%specinterface_ln0 = specinterface void @_ssdm_op_SpecInterface, i1 %end_nblk_strm1, void @empty_3, i32 0, i32 0, void @empty_1, i32 0, i32 0, void @empty_1, void @empty_1, void @empty_1, i32 0, i32 0, i32 0, i32 0, void @empty_1, void @empty_1, i32 4294967295, i32 0, i32 0"   --->   Operation 35 'specinterface' 'specinterface_ln0' <Predicate = true> <Delay = 0.00>
ST_2 : Operation 36 [1/1] (0.00ns)   --->   "%specinterface_ln0 = specinterface void @_ssdm_op_SpecInterface, i64 %nblk_strm1, void @empty_3, i32 0, i32 0, void @empty_1, i32 0, i32 0, void @empty_1, void @empty_1, void @empty_1, i32 0, i32 0, i32 0, i32 0, void @empty_1, void @empty_1, i32 4294967295, i32 0, i32 0"   --->   Operation 36 'specinterface' 'specinterface_ln0' <Predicate = true> <Delay = 0.00>
ST_2 : Operation 37 [1/1] (0.00ns)   --->   "%specinterface_ln0 = specinterface void @_ssdm_op_SpecInterface, i512 %blk_strm, void @empty_3, i32 0, i32 0, void @empty_1, i32 0, i32 0, void @empty_1, void @empty_1, void @empty_1, i32 0, i32 0, i32 0, i32 0, void @empty_1, void @empty_1, i32 4294967295, i32 0, i32 0"   --->   Operation 37 'specinterface' 'specinterface_ln0' <Predicate = true> <Delay = 0.00>
ST_2 : Operation 38 [1/1] (1.58ns)   --->   "%br_ln528 = br void %while.cond" [D:/hlstrack/hlstrack2025-master/security/L1/tests/hmac/sha256/../../../../L1/include\xf_security/sha224_256.hpp:528]   --->   Operation 38 'br' 'br_ln528' <Predicate = true> <Delay = 1.58>

State 3 <SV = 2> <Delay = 1.58>
ST_3 : Operation 39 [1/1] (0.00ns)   --->   "%e_4 = phi i1 %e, void %entry, i1 %e_5, void %for.end64.loopexit"   --->   Operation 39 'phi' 'e_4' <Predicate = true> <Delay = 0.00>
ST_3 : Operation 40 [1/1] (0.00ns)   --->   "%br_ln528 = br i1 %e_4, void %VITIS_LOOP_530_2, void %while.end" [D:/hlstrack/hlstrack2025-master/security/L1/tests/hmac/sha256/../../../../L1/include\xf_security/sha224_256.hpp:528]   --->   Operation 40 'br' 'br_ln528' <Predicate = true> <Delay = 0.00>
ST_3 : Operation 41 [1/1] (0.00ns)   --->   "%specloopname_ln528 = specloopname void @_ssdm_op_SpecLoopName, void @empty_14" [D:/hlstrack/hlstrack2025-master/security/L1/tests/hmac/sha256/../../../../L1/include\xf_security/sha224_256.hpp:528]   --->   Operation 41 'specloopname' 'specloopname_ln528' <Predicate = (!e_4)> <Delay = 0.00>
ST_3 : Operation 42 [1/1] ( I:1.14ns O:1.14ns )   --->   "%n = read i64 @_ssdm_op_Read.ap_fifo.volatile.i64P0A, i64 %nblk_strm1" [D:/hlstrack/hlstrack2025-master/security/L1/tests/hmac/sha256/../../../../L1/include\xf_security/sha224_256.hpp:529]   --->   Operation 42 'read' 'n' <Predicate = (!e_4)> <Delay = 1.14> <CoreInst = "FIFO_LUTRAM">   --->   Core 79 'FIFO_LUTRAM' <Latency = 0> <II = 1> <Delay = 3.72> <Storage> <Opcode : 'read' 'write' 'nbread' 'nbwrite'> <Ports = 0> <Width = 64> <Depth = 32> <FIFO>
ST_3 : Operation 43 [1/1] (1.58ns)   --->   "%br_ln530 = br void %LOOP_SHA256_PREPARE_WT16" [D:/hlstrack/hlstrack2025-master/security/L1/tests/hmac/sha256/../../../../L1/include\xf_security/sha224_256.hpp:530]   --->   Operation 43 'br' 'br_ln530' <Predicate = (!e_4)> <Delay = 1.58>
ST_3 : Operation 44 [1/1] (0.00ns)   --->   "%ret_ln563 = ret" [D:/hlstrack/hlstrack2025-master/security/L1/tests/hmac/sha256/../../../../L1/include\xf_security/sha224_256.hpp:563]   --->   Operation 44 'ret' 'ret_ln563' <Predicate = (e_4)> <Delay = 0.00>

State 4 <SV = 3> <Delay = 2.45>
ST_4 : Operation 45 [1/1] (0.00ns)   --->   "%i_5 = phi i64 0, void %VITIS_LOOP_530_2, i64 %i, void %xcl_latency.LOOP_SHA256_PREPARE_WT16.0"   --->   Operation 45 'phi' 'i_5' <Predicate = true> <Delay = 0.00>
ST_4 : Operation 46 [3/3] (2.45ns)   --->   "%icmp_ln530 = icmp_eq  i64 %i_5, i64 %n" [D:/hlstrack/hlstrack2025-master/security/L1/tests/hmac/sha256/../../../../L1/include\xf_security/sha224_256.hpp:530]   --->   Operation 46 'icmp' 'icmp_ln530' <Predicate = true> <Delay = 2.45> <CoreInst = "Cmp">   --->   Core 9 'Cmp' <Latency = 2> <II = 1> <Delay = 2.45> <FuncUnit> <Opcode : 'seteq' 'setne' 'setle' 'setge' 'setlt' 'setgt'> <InPorts = 2> <OutPorts = 1>
ST_4 : Operation 47 [3/3] (2.45ns)   --->   "%i = add i64 %i_5, i64 1" [D:/hlstrack/hlstrack2025-master/security/L1/tests/hmac/sha256/../../../../L1/include\xf_security/sha224_256.hpp:530]   --->   Operation 47 'add' 'i' <Predicate = true> <Delay = 2.45> <CoreInst = "Adder">   --->   Core 1 'Adder' <Latency = 2> <II = 1> <Delay = 2.45> <FuncUnit> <Opcode : 'add' 'sub'> <InPorts = 2> <OutPorts = 1>

State 5 <SV = 4> <Delay = 2.45>
ST_5 : Operation 48 [2/3] (2.45ns)   --->   "%icmp_ln530 = icmp_eq  i64 %i_5, i64 %n" [D:/hlstrack/hlstrack2025-master/security/L1/tests/hmac/sha256/../../../../L1/include\xf_security/sha224_256.hpp:530]   --->   Operation 48 'icmp' 'icmp_ln530' <Predicate = true> <Delay = 2.45> <CoreInst = "Cmp">   --->   Core 9 'Cmp' <Latency = 2> <II = 1> <Delay = 2.45> <FuncUnit> <Opcode : 'seteq' 'setne' 'setle' 'setge' 'setlt' 'setgt'> <InPorts = 2> <OutPorts = 1>
ST_5 : Operation 49 [2/3] (2.45ns)   --->   "%i = add i64 %i_5, i64 1" [D:/hlstrack/hlstrack2025-master/security/L1/tests/hmac/sha256/../../../../L1/include\xf_security/sha224_256.hpp:530]   --->   Operation 49 'add' 'i' <Predicate = true> <Delay = 2.45> <CoreInst = "Adder">   --->   Core 1 'Adder' <Latency = 2> <II = 1> <Delay = 2.45> <FuncUnit> <Opcode : 'add' 'sub'> <InPorts = 2> <OutPorts = 1>

State 6 <SV = 5> <Delay = 2.45>
ST_6 : Operation 50 [1/3] (2.45ns)   --->   "%icmp_ln530 = icmp_eq  i64 %i_5, i64 %n" [D:/hlstrack/hlstrack2025-master/security/L1/tests/hmac/sha256/../../../../L1/include\xf_security/sha224_256.hpp:530]   --->   Operation 50 'icmp' 'icmp_ln530' <Predicate = true> <Delay = 2.45> <CoreInst = "Cmp">   --->   Core 9 'Cmp' <Latency = 2> <II = 1> <Delay = 2.45> <FuncUnit> <Opcode : 'seteq' 'setne' 'setle' 'setge' 'setlt' 'setgt'> <InPorts = 2> <OutPorts = 1>
ST_6 : Operation 51 [1/3] (2.45ns)   --->   "%i = add i64 %i_5, i64 1" [D:/hlstrack/hlstrack2025-master/security/L1/tests/hmac/sha256/../../../../L1/include\xf_security/sha224_256.hpp:530]   --->   Operation 51 'add' 'i' <Predicate = true> <Delay = 2.45> <CoreInst = "Adder">   --->   Core 1 'Adder' <Latency = 2> <II = 1> <Delay = 2.45> <FuncUnit> <Opcode : 'add' 'sub'> <InPorts = 2> <OutPorts = 1>
ST_6 : Operation 52 [1/1] (0.00ns)   --->   "%br_ln530 = br i1 %icmp_ln530, void %xcl_latency.LOOP_SHA256_PREPARE_WT16.0, void %for.end64.loopexit" [D:/hlstrack/hlstrack2025-master/security/L1/tests/hmac/sha256/../../../../L1/include\xf_security/sha224_256.hpp:530]   --->   Operation 52 'br' 'br_ln530' <Predicate = true> <Delay = 0.00>

State 7 <SV = 6> <Delay = 1.14>
ST_7 : Operation 53 [1/1] ( I:1.14ns O:1.14ns )   --->   "%blk_strm_read = read i512 @_ssdm_op_Read.ap_fifo.volatile.i512P0A, i512 %blk_strm" [D:/hlstrack/hlstrack2025-master/security/L1/tests/hmac/sha256/../../../../L1/include\xf_security/sha224_256.hpp:533]   --->   Operation 53 'read' 'blk_strm_read' <Predicate = true> <Delay = 1.14> <CoreInst = "FIFO_LUTRAM">   --->   Core 79 'FIFO_LUTRAM' <Latency = 0> <II = 1> <Delay = 3.72> <Storage> <Opcode : 'read' 'write' 'nbread' 'nbwrite'> <Ports = 0> <Width = 512> <Depth = 32> <FIFO>
ST_7 : Operation 54 [1/1] (0.00ns)   --->   "%blk = trunc i512 %blk_strm_read" [D:/hlstrack/hlstrack2025-master/security/L1/tests/hmac/sha256/../../../../L1/include\xf_security/sha224_256.hpp:533]   --->   Operation 54 'trunc' 'blk' <Predicate = true> <Delay = 0.00>
ST_7 : Operation 55 [1/1] (0.00ns)   --->   "%blk_1 = partselect i32 @_ssdm_op_PartSelect.i32.i512.i32.i32, i512 %blk_strm_read, i32 32, i32 63" [D:/hlstrack/hlstrack2025-master/security/L1/tests/hmac/sha256/../../../../L1/include\xf_security/sha224_256.hpp:533]   --->   Operation 55 'partselect' 'blk_1' <Predicate = true> <Delay = 0.00>
ST_7 : Operation 56 [1/1] (0.00ns)   --->   "%blk_2 = partselect i32 @_ssdm_op_PartSelect.i32.i512.i32.i32, i512 %blk_strm_read, i32 64, i32 95" [D:/hlstrack/hlstrack2025-master/security/L1/tests/hmac/sha256/../../../../L1/include\xf_security/sha224_256.hpp:533]   --->   Operation 56 'partselect' 'blk_2' <Predicate = true> <Delay = 0.00>
ST_7 : Operation 57 [1/1] (0.00ns)   --->   "%blk_3 = partselect i32 @_ssdm_op_PartSelect.i32.i512.i32.i32, i512 %blk_strm_read, i32 96, i32 127" [D:/hlstrack/hlstrack2025-master/security/L1/tests/hmac/sha256/../../../../L1/include\xf_security/sha224_256.hpp:533]   --->   Operation 57 'partselect' 'blk_3' <Predicate = true> <Delay = 0.00>
ST_7 : Operation 58 [1/1] (0.00ns)   --->   "%blk_4 = partselect i32 @_ssdm_op_PartSelect.i32.i512.i32.i32, i512 %blk_strm_read, i32 128, i32 159" [D:/hlstrack/hlstrack2025-master/security/L1/tests/hmac/sha256/../../../../L1/include\xf_security/sha224_256.hpp:533]   --->   Operation 58 'partselect' 'blk_4' <Predicate = true> <Delay = 0.00>
ST_7 : Operation 59 [1/1] (0.00ns)   --->   "%blk_5 = partselect i32 @_ssdm_op_PartSelect.i32.i512.i32.i32, i512 %blk_strm_read, i32 160, i32 191" [D:/hlstrack/hlstrack2025-master/security/L1/tests/hmac/sha256/../../../../L1/include\xf_security/sha224_256.hpp:533]   --->   Operation 59 'partselect' 'blk_5' <Predicate = true> <Delay = 0.00>
ST_7 : Operation 60 [1/1] (0.00ns)   --->   "%blk_6 = partselect i32 @_ssdm_op_PartSelect.i32.i512.i32.i32, i512 %blk_strm_read, i32 192, i32 223" [D:/hlstrack/hlstrack2025-master/security/L1/tests/hmac/sha256/../../../../L1/include\xf_security/sha224_256.hpp:533]   --->   Operation 60 'partselect' 'blk_6' <Predicate = true> <Delay = 0.00>
ST_7 : Operation 61 [1/1] (0.00ns)   --->   "%blk_7 = partselect i32 @_ssdm_op_PartSelect.i32.i512.i32.i32, i512 %blk_strm_read, i32 224, i32 255" [D:/hlstrack/hlstrack2025-master/security/L1/tests/hmac/sha256/../../../../L1/include\xf_security/sha224_256.hpp:533]   --->   Operation 61 'partselect' 'blk_7' <Predicate = true> <Delay = 0.00>
ST_7 : Operation 62 [1/1] (0.00ns)   --->   "%blk_8 = partselect i32 @_ssdm_op_PartSelect.i32.i512.i32.i32, i512 %blk_strm_read, i32 256, i32 287" [D:/hlstrack/hlstrack2025-master/security/L1/tests/hmac/sha256/../../../../L1/include\xf_security/sha224_256.hpp:533]   --->   Operation 62 'partselect' 'blk_8' <Predicate = true> <Delay = 0.00>
ST_7 : Operation 63 [1/1] (0.00ns)   --->   "%blk_9 = partselect i32 @_ssdm_op_PartSelect.i32.i512.i32.i32, i512 %blk_strm_read, i32 288, i32 319" [D:/hlstrack/hlstrack2025-master/security/L1/tests/hmac/sha256/../../../../L1/include\xf_security/sha224_256.hpp:533]   --->   Operation 63 'partselect' 'blk_9' <Predicate = true> <Delay = 0.00>
ST_7 : Operation 64 [1/1] (0.00ns)   --->   "%blk_15 = partselect i32 @_ssdm_op_PartSelect.i32.i512.i32.i32, i512 %blk_strm_read, i32 320, i32 351" [D:/hlstrack/hlstrack2025-master/security/L1/tests/hmac/sha256/../../../../L1/include\xf_security/sha224_256.hpp:533]   --->   Operation 64 'partselect' 'blk_15' <Predicate = true> <Delay = 0.00>
ST_7 : Operation 65 [1/1] (0.00ns)   --->   "%blk_10 = partselect i32 @_ssdm_op_PartSelect.i32.i512.i32.i32, i512 %blk_strm_read, i32 352, i32 383" [D:/hlstrack/hlstrack2025-master/security/L1/tests/hmac/sha256/../../../../L1/include\xf_security/sha224_256.hpp:533]   --->   Operation 65 'partselect' 'blk_10' <Predicate = true> <Delay = 0.00>
ST_7 : Operation 66 [1/1] (0.00ns)   --->   "%blk_11 = partselect i32 @_ssdm_op_PartSelect.i32.i512.i32.i32, i512 %blk_strm_read, i32 384, i32 415" [D:/hlstrack/hlstrack2025-master/security/L1/tests/hmac/sha256/../../../../L1/include\xf_security/sha224_256.hpp:533]   --->   Operation 66 'partselect' 'blk_11' <Predicate = true> <Delay = 0.00>
ST_7 : Operation 67 [1/1] (0.00ns)   --->   "%blk_12 = partselect i32 @_ssdm_op_PartSelect.i32.i512.i32.i32, i512 %blk_strm_read, i32 416, i32 447" [D:/hlstrack/hlstrack2025-master/security/L1/tests/hmac/sha256/../../../../L1/include\xf_security/sha224_256.hpp:533]   --->   Operation 67 'partselect' 'blk_12' <Predicate = true> <Delay = 0.00>
ST_7 : Operation 68 [1/1] (0.00ns)   --->   "%blk_13 = partselect i32 @_ssdm_op_PartSelect.i32.i512.i32.i32, i512 %blk_strm_read, i32 448, i32 479" [D:/hlstrack/hlstrack2025-master/security/L1/tests/hmac/sha256/../../../../L1/include\xf_security/sha224_256.hpp:533]   --->   Operation 68 'partselect' 'blk_13' <Predicate = true> <Delay = 0.00>
ST_7 : Operation 69 [1/1] (0.00ns)   --->   "%blk_14 = partselect i32 @_ssdm_op_PartSelect.i32.i512.i32.i32, i512 %blk_strm_read, i32 480, i32 511" [D:/hlstrack/hlstrack2025-master/security/L1/tests/hmac/sha256/../../../../L1/include\xf_security/sha224_256.hpp:533]   --->   Operation 69 'partselect' 'blk_14' <Predicate = true> <Delay = 0.00>

State 8 <SV = 7> <Delay = 0.00>
ST_8 : Operation 70 [1/1] (0.00ns)   --->   "%fence_ln541 = fence void @_ssdm_op_Fence, i512 %blk_strm, i32 4294967295, i32 %w_strm" [D:/hlstrack/hlstrack2025-master/security/L1/tests/hmac/sha256/../../../../L1/include\xf_security/sha224_256.hpp:541]   --->   Operation 70 'fence' 'fence_ln541' <Predicate = true> <Delay = 0.00>
ST_8 : Operation 71 [2/2] (0.00ns)   --->   "%call_ln533 = call void @generateMsgSchedule_Pipeline_LOOP_SHA256_PREPARE_WT16, i32 %w_strm, i32 %blk, i32 %blk_1, i32 %blk_2, i32 %blk_3, i32 %blk_4, i32 %blk_5, i32 %blk_6, i32 %blk_7, i32 %blk_8, i32 %blk_9, i32 %blk_15, i32 %blk_10, i32 %blk_11, i32 %blk_12, i32 %blk_13, i32 %blk_14, i32 %W_15_loc, i32 %W_14_loc, i32 %W_13_loc, i32 %W_12_loc, i32 %W_11_loc, i32 %W_10_loc, i32 %W_9_loc, i32 %W_8_loc, i32 %W_7_loc, i32 %W_6_loc, i32 %W_5_loc, i32 %W_4_loc, i32 %W_3_loc, i32 %W_2_loc, i32 %W_1_loc, i32 %W_loc" [D:/hlstrack/hlstrack2025-master/security/L1/tests/hmac/sha256/../../../../L1/include\xf_security/sha224_256.hpp:533]   --->   Operation 71 'call' 'call_ln533' <Predicate = true> <Delay = 0.00> <CoreType = "Generic">   --->   Generic Core

State 9 <SV = 8> <Delay = 4.95>
ST_9 : Operation 72 [1/2] (4.95ns)   --->   "%call_ln533 = call void @generateMsgSchedule_Pipeline_LOOP_SHA256_PREPARE_WT16, i32 %w_strm, i32 %blk, i32 %blk_1, i32 %blk_2, i32 %blk_3, i32 %blk_4, i32 %blk_5, i32 %blk_6, i32 %blk_7, i32 %blk_8, i32 %blk_9, i32 %blk_15, i32 %blk_10, i32 %blk_11, i32 %blk_12, i32 %blk_13, i32 %blk_14, i32 %W_15_loc, i32 %W_14_loc, i32 %W_13_loc, i32 %W_12_loc, i32 %W_11_loc, i32 %W_10_loc, i32 %W_9_loc, i32 %W_8_loc, i32 %W_7_loc, i32 %W_6_loc, i32 %W_5_loc, i32 %W_4_loc, i32 %W_3_loc, i32 %W_2_loc, i32 %W_1_loc, i32 %W_loc" [D:/hlstrack/hlstrack2025-master/security/L1/tests/hmac/sha256/../../../../L1/include\xf_security/sha224_256.hpp:533]   --->   Operation 72 'call' 'call_ln533' <Predicate = true> <Delay = 4.95> <CoreType = "Generic">   --->   Generic Core

State 10 <SV = 9> <Delay = 1.58>
ST_10 : Operation 73 [1/1] (0.00ns)   --->   "%W_15_loc_load = load i32 %W_15_loc"   --->   Operation 73 'load' 'W_15_loc_load' <Predicate = true> <Delay = 0.00>
ST_10 : Operation 74 [1/1] (0.00ns)   --->   "%W_14_loc_load = load i32 %W_14_loc"   --->   Operation 74 'load' 'W_14_loc_load' <Predicate = true> <Delay = 0.00>
ST_10 : Operation 75 [1/1] (0.00ns)   --->   "%W_13_loc_load = load i32 %W_13_loc"   --->   Operation 75 'load' 'W_13_loc_load' <Predicate = true> <Delay = 0.00>
ST_10 : Operation 76 [1/1] (0.00ns)   --->   "%W_12_loc_load = load i32 %W_12_loc"   --->   Operation 76 'load' 'W_12_loc_load' <Predicate = true> <Delay = 0.00>
ST_10 : Operation 77 [1/1] (0.00ns)   --->   "%W_11_loc_load = load i32 %W_11_loc"   --->   Operation 77 'load' 'W_11_loc_load' <Predicate = true> <Delay = 0.00>
ST_10 : Operation 78 [1/1] (0.00ns)   --->   "%W_10_loc_load = load i32 %W_10_loc"   --->   Operation 78 'load' 'W_10_loc_load' <Predicate = true> <Delay = 0.00>
ST_10 : Operation 79 [1/1] (0.00ns)   --->   "%W_9_loc_load = load i32 %W_9_loc"   --->   Operation 79 'load' 'W_9_loc_load' <Predicate = true> <Delay = 0.00>
ST_10 : Operation 80 [1/1] (0.00ns)   --->   "%W_8_loc_load = load i32 %W_8_loc"   --->   Operation 80 'load' 'W_8_loc_load' <Predicate = true> <Delay = 0.00>
ST_10 : Operation 81 [1/1] (0.00ns)   --->   "%W_7_loc_load = load i32 %W_7_loc"   --->   Operation 81 'load' 'W_7_loc_load' <Predicate = true> <Delay = 0.00>
ST_10 : Operation 82 [1/1] (0.00ns)   --->   "%W_6_loc_load = load i32 %W_6_loc"   --->   Operation 82 'load' 'W_6_loc_load' <Predicate = true> <Delay = 0.00>
ST_10 : Operation 83 [1/1] (0.00ns)   --->   "%W_5_loc_load = load i32 %W_5_loc"   --->   Operation 83 'load' 'W_5_loc_load' <Predicate = true> <Delay = 0.00>
ST_10 : Operation 84 [1/1] (0.00ns)   --->   "%W_4_loc_load = load i32 %W_4_loc"   --->   Operation 84 'load' 'W_4_loc_load' <Predicate = true> <Delay = 0.00>
ST_10 : Operation 85 [1/1] (0.00ns)   --->   "%W_3_loc_load = load i32 %W_3_loc"   --->   Operation 85 'load' 'W_3_loc_load' <Predicate = true> <Delay = 0.00>
ST_10 : Operation 86 [1/1] (0.00ns)   --->   "%W_2_loc_load = load i32 %W_2_loc"   --->   Operation 86 'load' 'W_2_loc_load' <Predicate = true> <Delay = 0.00>
ST_10 : Operation 87 [1/1] (0.00ns)   --->   "%W_1_loc_load = load i32 %W_1_loc"   --->   Operation 87 'load' 'W_1_loc_load' <Predicate = true> <Delay = 0.00>
ST_10 : Operation 88 [1/1] (0.00ns)   --->   "%W_loc_load = load i32 %W_loc"   --->   Operation 88 'load' 'W_loc_load' <Predicate = true> <Delay = 0.00>
ST_10 : Operation 89 [1/1] (0.00ns)   --->   "%fence_ln549 = fence void @_ssdm_op_Fence, i512 %blk_strm, i32 %w_strm, i32 4294967295, i32 %w_strm" [D:/hlstrack/hlstrack2025-master/security/L1/tests/hmac/sha256/../../../../L1/include\xf_security/sha224_256.hpp:549]   --->   Operation 89 'fence' 'fence_ln549' <Predicate = true> <Delay = 0.00>
ST_10 : Operation 90 [2/2] (1.58ns)   --->   "%call_ln0 = call void @generateMsgSchedule_Pipeline_LOOP_SHA256_PREPARE_WT64, i32 %W_loc_load, i32 %W_2_loc_load, i32 %W_3_loc_load, i32 %W_4_loc_load, i32 %W_5_loc_load, i32 %W_7_loc_load, i32 %W_8_loc_load, i32 %W_9_loc_load, i32 %W_10_loc_load, i32 %W_11_loc_load, i32 %W_12_loc_load, i32 %W_13_loc_load, i32 %W_15_loc_load, i32 %W_14_loc_load, i32 %W_6_loc_load, i32 %W_1_loc_load, i32 %w_strm"   --->   Operation 90 'call' 'call_ln0' <Predicate = true> <Delay = 1.58> <CoreType = "Generic">   --->   Generic Core

State 11 <SV = 10> <Delay = 0.00>
ST_11 : Operation 91 [1/1] (0.00ns)   --->   "%specloopname_ln530 = specloopname void @_ssdm_op_SpecLoopName, void @empty_13" [D:/hlstrack/hlstrack2025-master/security/L1/tests/hmac/sha256/../../../../L1/include\xf_security/sha224_256.hpp:530]   --->   Operation 91 'specloopname' 'specloopname_ln530' <Predicate = true> <Delay = 0.00>
ST_11 : Operation 92 [1/1] (0.00ns)   --->   "%rbegin = specregionbegin i32 @_ssdm_op_SpecRegionBegin, void @empty_0" [D:/hlstrack/hlstrack2025-master/security/L1/tests/hmac/sha256/../../../../L1/include\xf_security/sha224_256.hpp:530]   --->   Operation 92 'specregionbegin' 'rbegin' <Predicate = true> <Delay = 0.00>
ST_11 : Operation 93 [1/2] (0.00ns)   --->   "%call_ln0 = call void @generateMsgSchedule_Pipeline_LOOP_SHA256_PREPARE_WT64, i32 %W_loc_load, i32 %W_2_loc_load, i32 %W_3_loc_load, i32 %W_4_loc_load, i32 %W_5_loc_load, i32 %W_7_loc_load, i32 %W_8_loc_load, i32 %W_9_loc_load, i32 %W_10_loc_load, i32 %W_11_loc_load, i32 %W_12_loc_load, i32 %W_13_loc_load, i32 %W_15_loc_load, i32 %W_14_loc_load, i32 %W_6_loc_load, i32 %W_1_loc_load, i32 %w_strm"   --->   Operation 93 'call' 'call_ln0' <Predicate = true> <Delay = 0.00> <CoreType = "Generic">   --->   Generic Core
ST_11 : Operation 94 [1/1] (0.00ns)   --->   "%speclatency_ln531 = speclatency void @_ssdm_op_SpecLatency, i64 0, i64 65, void @empty_1" [D:/hlstrack/hlstrack2025-master/security/L1/tests/hmac/sha256/../../../../L1/include\xf_security/sha224_256.hpp:531]   --->   Operation 94 'speclatency' 'speclatency_ln531' <Predicate = true> <Delay = 0.00>
ST_11 : Operation 95 [1/1] (0.00ns)   --->   "%rend = specregionend i32 @_ssdm_op_SpecRegionEnd, void @empty_0, i32 %rbegin" [D:/hlstrack/hlstrack2025-master/security/L1/tests/hmac/sha256/../../../../L1/include\xf_security/sha224_256.hpp:560]   --->   Operation 95 'specregionend' 'rend' <Predicate = true> <Delay = 0.00>
ST_11 : Operation 96 [1/1] (0.00ns)   --->   "%br_ln530 = br void %LOOP_SHA256_PREPARE_WT16" [D:/hlstrack/hlstrack2025-master/security/L1/tests/hmac/sha256/../../../../L1/include\xf_security/sha224_256.hpp:530]   --->   Operation 96 'br' 'br_ln530' <Predicate = true> <Delay = 0.00>

State 12 <SV = 6> <Delay = 1.14>
ST_12 : Operation 97 [1/1] ( I:1.14ns O:1.14ns )   --->   "%e_5 = read i1 @_ssdm_op_Read.ap_fifo.volatile.i1P0A, i1 %end_nblk_strm1" [D:/hlstrack/hlstrack2025-master/security/L1/tests/hmac/sha256/../../../../L1/include\xf_security/sha224_256.hpp:561]   --->   Operation 97 'read' 'e_5' <Predicate = true> <Delay = 1.14> <CoreInst = "FIFO_LUTRAM">   --->   Core 79 'FIFO_LUTRAM' <Latency = 0> <II = 1> <Delay = 3.72> <Storage> <Opcode : 'read' 'write' 'nbread' 'nbwrite'> <Ports = 0> <Width = 1> <Depth = 32> <FIFO>
ST_12 : Operation 98 [1/1] (0.00ns)   --->   "%br_ln528 = br void %while.cond" [D:/hlstrack/hlstrack2025-master/security/L1/tests/hmac/sha256/../../../../L1/include\xf_security/sha224_256.hpp:528]   --->   Operation 98 'br' 'br_ln528' <Predicate = true> <Delay = 0.00>


============================================================
+ Verbose Summary: Binding
============================================================
STG Binding: 
---------------- STG Properties BEGIN ----------------
- Is combinational: 0
- Is one-state seq: 0
- Is datapath-only: 0
- Is pipelined: 0
- Is top level: 0
Port [ Return ] is wired: 1; IO mode=ap_ctrl_hs:ce=0
Port [ blk_strm]:  wired=1; compound=1; hidden=0; nouse=0; global=0; static=0; extern=0; dir=0; type=3; pingpong=0; private_global=0; IO mode=ap_fifo:ce=0
Port [ nblk_strm1]:  wired=1; compound=1; hidden=0; nouse=0; global=0; static=0; extern=0; dir=0; type=3; pingpong=0; private_global=0; IO mode=ap_fifo:ce=0
Port [ end_nblk_strm1]:  wired=1; compound=1; hidden=0; nouse=0; global=0; static=0; extern=0; dir=0; type=3; pingpong=0; private_global=0; IO mode=ap_fifo:ce=0
Port [ w_strm]:  wired=1; compound=1; hidden=0; nouse=0; global=0; static=0; extern=0; dir=1; type=3; pingpong=0; private_global=0; IO mode=ap_fifo:ce=0
---------------- STG Properties END ------------------

---------------- Datapath Model BEGIN ----------------

<LifeTime>
<method=bitvector/>
W_loc              (alloca         ) [ 0011111111111]
W_1_loc            (alloca         ) [ 0011111111111]
W_2_loc            (alloca         ) [ 0011111111111]
W_3_loc            (alloca         ) [ 0011111111111]
W_4_loc            (alloca         ) [ 0011111111111]
W_5_loc            (alloca         ) [ 0011111111111]
W_6_loc            (alloca         ) [ 0011111111111]
W_7_loc            (alloca         ) [ 0011111111111]
W_8_loc            (alloca         ) [ 0011111111111]
W_9_loc            (alloca         ) [ 0011111111111]
W_10_loc           (alloca         ) [ 0011111111111]
W_11_loc           (alloca         ) [ 0011111111111]
W_12_loc           (alloca         ) [ 0011111111111]
W_13_loc           (alloca         ) [ 0011111111111]
W_14_loc           (alloca         ) [ 0011111111111]
W_15_loc           (alloca         ) [ 0011111111111]
e                  (read           ) [ 0011111111111]
specmemcore_ln0    (specmemcore    ) [ 0000000000000]
specmemcore_ln0    (specmemcore    ) [ 0000000000000]
specmemcore_ln0    (specmemcore    ) [ 0000000000000]
specmemcore_ln0    (specmemcore    ) [ 0000000000000]
specinterface_ln0  (specinterface  ) [ 0000000000000]
specinterface_ln0  (specinterface  ) [ 0000000000000]
specinterface_ln0  (specinterface  ) [ 0000000000000]
specinterface_ln0  (specinterface  ) [ 0000000000000]
br_ln528           (br             ) [ 0011111111111]
e_4                (phi            ) [ 0001111111111]
br_ln528           (br             ) [ 0000000000000]
specloopname_ln528 (specloopname   ) [ 0000000000000]
n                  (read           ) [ 0000111111110]
br_ln530           (br             ) [ 0001111111111]
ret_ln563          (ret            ) [ 0000000000000]
i_5                (phi            ) [ 0000111000000]
icmp_ln530         (icmp           ) [ 0001111111111]
i                  (add            ) [ 0001100111111]
br_ln530           (br             ) [ 0000000000000]
blk_strm_read      (read           ) [ 0000000000000]
blk                (trunc          ) [ 0000000011000]
blk_1              (partselect     ) [ 0000000011000]
blk_2              (partselect     ) [ 0000000011000]
blk_3              (partselect     ) [ 0000000011000]
blk_4              (partselect     ) [ 0000000011000]
blk_5              (partselect     ) [ 0000000011000]
blk_6              (partselect     ) [ 0000000011000]
blk_7              (partselect     ) [ 0000000011000]
blk_8              (partselect     ) [ 0000000011000]
blk_9              (partselect     ) [ 0000000011000]
blk_15             (partselect     ) [ 0000000011000]
blk_10             (partselect     ) [ 0000000011000]
blk_11             (partselect     ) [ 0000000011000]
blk_12             (partselect     ) [ 0000000011000]
blk_13             (partselect     ) [ 0000000011000]
blk_14             (partselect     ) [ 0000000011000]
fence_ln541        (fence          ) [ 0000000000000]
call_ln533         (call           ) [ 0000000000000]
W_15_loc_load      (load           ) [ 0000000000010]
W_14_loc_load      (load           ) [ 0000000000010]
W_13_loc_load      (load           ) [ 0000000000010]
W_12_loc_load      (load           ) [ 0000000000010]
W_11_loc_load      (load           ) [ 0000000000010]
W_10_loc_load      (load           ) [ 0000000000010]
W_9_loc_load       (load           ) [ 0000000000010]
W_8_loc_load       (load           ) [ 0000000000010]
W_7_loc_load       (load           ) [ 0000000000010]
W_6_loc_load       (load           ) [ 0000000000010]
W_5_loc_load       (load           ) [ 0000000000010]
W_4_loc_load       (load           ) [ 0000000000010]
W_3_loc_load       (load           ) [ 0000000000010]
W_2_loc_load       (load           ) [ 0000000000010]
W_1_loc_load       (load           ) [ 0000000000010]
W_loc_load         (load           ) [ 0000000000010]
fence_ln549        (fence          ) [ 0000000000000]
specloopname_ln530 (specloopname   ) [ 0000000000000]
rbegin             (specregionbegin) [ 0000000000000]
call_ln0           (call           ) [ 0000000000000]
speclatency_ln531  (speclatency    ) [ 0000000000000]
rend               (specregionend  ) [ 0000000000000]
br_ln530           (br             ) [ 0001111111111]
e_5                (read           ) [ 0011111111111]
br_ln528           (br             ) [ 0011111111111]
</LifeTime>

<model>

<comp_list>
<comp id="0" class="1000" name="blk_strm">
<pin_list>
<pin id="1" dir="1" index="0" bw="1" slack="0"/>
</pin_list>
<bind>
<StgValue><ssdm name="blk_strm"/></StgValue>
</bind>
</comp>

<comp id="2" class="1000" name="nblk_strm1">
<pin_list>
<pin id="3" dir="1" index="0" bw="1" slack="0"/>
</pin_list>
<bind>
<StgValue><ssdm name="nblk_strm1"/></StgValue>
</bind>
</comp>

<comp id="4" class="1000" name="end_nblk_strm1">
<pin_list>
<pin id="5" dir="1" index="0" bw="1" slack="0"/>
</pin_list>
<bind>
<StgValue><ssdm name="end_nblk_strm1"/></StgValue>
</bind>
</comp>

<comp id="6" class="1000" name="w_strm">
<pin_list>
<pin id="7" dir="1" index="0" bw="1" slack="0"/>
</pin_list>
<bind>
<StgValue><ssdm name="w_strm"/></StgValue>
</bind>
</comp>

<comp id="8" class="1001" name="const_8">
<pin_list>
<pin id="9" dir="1" index="0" bw="1" slack="0"/>
</pin_list>
<bind>
<StgValue><ssdm name=""/></StgValue>
</bind>
</comp>

<comp id="10" class="1001" name="const_10">
<pin_list>
<pin id="11" dir="1" index="0" bw="1" slack="0"/>
</pin_list>
<bind>
<StgValue><ssdm name="_ssdm_op_Read.ap_fifo.volatile.i1P0A"/></StgValue>
</bind>
</comp>

<comp id="12" class="1001" name="const_12">
<pin_list>
<pin id="13" dir="1" index="0" bw="1" slack="2147483647"/>
</pin_list>
<bind>
<StgValue><ssdm name="_ssdm_op_SpecMemCore"/></StgValue>
</bind>
</comp>

<comp id="14" class="1001" name="const_14">
<pin_list>
<pin id="15" dir="1" index="0" bw="1" slack="2147483647"/>
</pin_list>
<bind>
<StgValue><ssdm name=""/></StgValue>
</bind>
</comp>

<comp id="16" class="1001" name="const_16">
<pin_list>
<pin id="17" dir="1" index="0" bw="1" slack="2147483647"/>
</pin_list>
<bind>
<StgValue><ssdm name=""/></StgValue>
</bind>
</comp>

<comp id="18" class="1001" name="const_18">
<pin_list>
<pin id="19" dir="1" index="0" bw="1" slack="2147483647"/>
</pin_list>
<bind>
<StgValue><ssdm name=""/></StgValue>
</bind>
</comp>

<comp id="20" class="1001" name="const_20">
<pin_list>
<pin id="21" dir="1" index="0" bw="1" slack="2147483647"/>
</pin_list>
<bind>
<StgValue><ssdm name="_ssdm_op_SpecInterface"/></StgValue>
</bind>
</comp>

<comp id="22" class="1001" name="const_22">
<pin_list>
<pin id="23" dir="1" index="0" bw="1" slack="2147483647"/>
</pin_list>
<bind>
<StgValue><ssdm name="empty_3"/></StgValue>
</bind>
</comp>

<comp id="24" class="1001" name="const_24">
<pin_list>
<pin id="25" dir="1" index="0" bw="1" slack="2147483647"/>
</pin_list>
<bind>
<StgValue><ssdm name=""/></StgValue>
</bind>
</comp>

<comp id="26" class="1001" name="const_26">
<pin_list>
<pin id="27" dir="1" index="0" bw="1" slack="2147483647"/>
</pin_list>
<bind>
<StgValue><ssdm name="empty_1"/></StgValue>
</bind>
</comp>

<comp id="28" class="1001" name="const_28">
<pin_list>
<pin id="29" dir="1" index="0" bw="1" slack="0"/>
</pin_list>
<bind>
<StgValue><ssdm name=""/></StgValue>
</bind>
</comp>

<comp id="30" class="1001" name="const_30">
<pin_list>
<pin id="31" dir="1" index="0" bw="1" slack="2147483647"/>
</pin_list>
<bind>
<StgValue><ssdm name="_ssdm_op_SpecLoopName"/></StgValue>
</bind>
</comp>

<comp id="32" class="1001" name="const_32">
<pin_list>
<pin id="33" dir="1" index="0" bw="1" slack="2147483647"/>
</pin_list>
<bind>
<StgValue><ssdm name="empty_14"/></StgValue>
</bind>
</comp>

<comp id="34" class="1001" name="const_34">
<pin_list>
<pin id="35" dir="1" index="0" bw="1" slack="0"/>
</pin_list>
<bind>
<StgValue><ssdm name="_ssdm_op_Read.ap_fifo.volatile.i64P0A"/></StgValue>
</bind>
</comp>

<comp id="36" class="1001" name="const_36">
<pin_list>
<pin id="37" dir="1" index="0" bw="1" slack="1"/>
</pin_list>
<bind>
<StgValue><ssdm name=""/></StgValue>
</bind>
</comp>

<comp id="38" class="1001" name="const_38">
<pin_list>
<pin id="39" dir="1" index="0" bw="1" slack="0"/>
</pin_list>
<bind>
<StgValue><ssdm name="_ssdm_op_Read.ap_fifo.volatile.i512P0A"/></StgValue>
</bind>
</comp>

<comp id="40" class="1001" name="const_40">
<pin_list>
<pin id="41" dir="1" index="0" bw="1" slack="0"/>
</pin_list>
<bind>
<StgValue><ssdm name="_ssdm_op_PartSelect.i32.i512.i32.i32"/></StgValue>
</bind>
</comp>

<comp id="42" class="1001" name="const_42">
<pin_list>
<pin id="43" dir="1" index="0" bw="1" slack="0"/>
</pin_list>
<bind>
<StgValue><ssdm name=""/></StgValue>
</bind>
</comp>

<comp id="44" class="1001" name="const_44">
<pin_list>
<pin id="45" dir="1" index="0" bw="1" slack="0"/>
</pin_list>
<bind>
<StgValue><ssdm name=""/></StgValue>
</bind>
</comp>

<comp id="46" class="1001" name="const_46">
<pin_list>
<pin id="47" dir="1" index="0" bw="1" slack="0"/>
</pin_list>
<bind>
<StgValue><ssdm name=""/></StgValue>
</bind>
</comp>

<comp id="48" class="1001" name="const_48">
<pin_list>
<pin id="49" dir="1" index="0" bw="1" slack="0"/>
</pin_list>
<bind>
<StgValue><ssdm name=""/></StgValue>
</bind>
</comp>

<comp id="50" class="1001" name="const_50">
<pin_list>
<pin id="51" dir="1" index="0" bw="1" slack="0"/>
</pin_list>
<bind>
<StgValue><ssdm name=""/></StgValue>
</bind>
</comp>

<comp id="52" class="1001" name="const_52">
<pin_list>
<pin id="53" dir="1" index="0" bw="1" slack="0"/>
</pin_list>
<bind>
<StgValue><ssdm name=""/></StgValue>
</bind>
</comp>

<comp id="54" class="1001" name="const_54">
<pin_list>
<pin id="55" dir="1" index="0" bw="1" slack="0"/>
</pin_list>
<bind>
<StgValue><ssdm name=""/></StgValue>
</bind>
</comp>

<comp id="56" class="1001" name="const_56">
<pin_list>
<pin id="57" dir="1" index="0" bw="1" slack="0"/>
</pin_list>
<bind>
<StgValue><ssdm name=""/></StgValue>
</bind>
</comp>

<comp id="58" class="1001" name="const_58">
<pin_list>
<pin id="59" dir="1" index="0" bw="1" slack="0"/>
</pin_list>
<bind>
<StgValue><ssdm name=""/></StgValue>
</bind>
</comp>

<comp id="60" class="1001" name="const_60">
<pin_list>
<pin id="61" dir="1" index="0" bw="1" slack="0"/>
</pin_list>
<bind>
<StgValue><ssdm name=""/></StgValue>
</bind>
</comp>

<comp id="62" class="1001" name="const_62">
<pin_list>
<pin id="63" dir="1" index="0" bw="1" slack="0"/>
</pin_list>
<bind>
<StgValue><ssdm name=""/></StgValue>
</bind>
</comp>

<comp id="64" class="1001" name="const_64">
<pin_list>
<pin id="65" dir="1" index="0" bw="1" slack="0"/>
</pin_list>
<bind>
<StgValue><ssdm name=""/></StgValue>
</bind>
</comp>

<comp id="66" class="1001" name="const_66">
<pin_list>
<pin id="67" dir="1" index="0" bw="1" slack="0"/>
</pin_list>
<bind>
<StgValue><ssdm name=""/></StgValue>
</bind>
</comp>

<comp id="68" class="1001" name="const_68">
<pin_list>
<pin id="69" dir="1" index="0" bw="1" slack="0"/>
</pin_list>
<bind>
<StgValue><ssdm name=""/></StgValue>
</bind>
</comp>

<comp id="70" class="1001" name="const_70">
<pin_list>
<pin id="71" dir="1" index="0" bw="1" slack="0"/>
</pin_list>
<bind>
<StgValue><ssdm name=""/></StgValue>
</bind>
</comp>

<comp id="72" class="1001" name="const_72">
<pin_list>
<pin id="73" dir="1" index="0" bw="1" slack="0"/>
</pin_list>
<bind>
<StgValue><ssdm name=""/></StgValue>
</bind>
</comp>

<comp id="74" class="1001" name="const_74">
<pin_list>
<pin id="75" dir="1" index="0" bw="1" slack="0"/>
</pin_list>
<bind>
<StgValue><ssdm name=""/></StgValue>
</bind>
</comp>

<comp id="76" class="1001" name="const_76">
<pin_list>
<pin id="77" dir="1" index="0" bw="1" slack="0"/>
</pin_list>
<bind>
<StgValue><ssdm name=""/></StgValue>
</bind>
</comp>

<comp id="78" class="1001" name="const_78">
<pin_list>
<pin id="79" dir="1" index="0" bw="1" slack="0"/>
</pin_list>
<bind>
<StgValue><ssdm name=""/></StgValue>
</bind>
</comp>

<comp id="80" class="1001" name="const_80">
<pin_list>
<pin id="81" dir="1" index="0" bw="1" slack="0"/>
</pin_list>
<bind>
<StgValue><ssdm name=""/></StgValue>
</bind>
</comp>

<comp id="82" class="1001" name="const_82">
<pin_list>
<pin id="83" dir="1" index="0" bw="1" slack="0"/>
</pin_list>
<bind>
<StgValue><ssdm name=""/></StgValue>
</bind>
</comp>

<comp id="84" class="1001" name="const_84">
<pin_list>
<pin id="85" dir="1" index="0" bw="1" slack="0"/>
</pin_list>
<bind>
<StgValue><ssdm name=""/></StgValue>
</bind>
</comp>

<comp id="86" class="1001" name="const_86">
<pin_list>
<pin id="87" dir="1" index="0" bw="1" slack="0"/>
</pin_list>
<bind>
<StgValue><ssdm name=""/></StgValue>
</bind>
</comp>

<comp id="88" class="1001" name="const_88">
<pin_list>
<pin id="89" dir="1" index="0" bw="1" slack="0"/>
</pin_list>
<bind>
<StgValue><ssdm name=""/></StgValue>
</bind>
</comp>

<comp id="90" class="1001" name="const_90">
<pin_list>
<pin id="91" dir="1" index="0" bw="1" slack="0"/>
</pin_list>
<bind>
<StgValue><ssdm name=""/></StgValue>
</bind>
</comp>

<comp id="92" class="1001" name="const_92">
<pin_list>
<pin id="93" dir="1" index="0" bw="1" slack="0"/>
</pin_list>
<bind>
<StgValue><ssdm name=""/></StgValue>
</bind>
</comp>

<comp id="94" class="1001" name="const_94">
<pin_list>
<pin id="95" dir="1" index="0" bw="1" slack="0"/>
</pin_list>
<bind>
<StgValue><ssdm name=""/></StgValue>
</bind>
</comp>

<comp id="96" class="1001" name="const_96">
<pin_list>
<pin id="97" dir="1" index="0" bw="1" slack="0"/>
</pin_list>
<bind>
<StgValue><ssdm name=""/></StgValue>
</bind>
</comp>

<comp id="98" class="1001" name="const_98">
<pin_list>
<pin id="99" dir="1" index="0" bw="1" slack="0"/>
</pin_list>
<bind>
<StgValue><ssdm name=""/></StgValue>
</bind>
</comp>

<comp id="100" class="1001" name="const_100">
<pin_list>
<pin id="101" dir="1" index="0" bw="1" slack="0"/>
</pin_list>
<bind>
<StgValue><ssdm name=""/></StgValue>
</bind>
</comp>

<comp id="102" class="1001" name="const_102">
<pin_list>
<pin id="103" dir="1" index="0" bw="1" slack="0"/>
</pin_list>
<bind>
<StgValue><ssdm name="_ssdm_op_Fence"/></StgValue>
</bind>
</comp>

<comp id="104" class="1001" name="const_104">
<pin_list>
<pin id="105" dir="1" index="0" bw="1" slack="0"/>
</pin_list>
<bind>
<StgValue><ssdm name="generateMsgSchedule_Pipeline_LOOP_SHA256_PREPARE_WT16"/></StgValue>
</bind>
</comp>

<comp id="106" class="1001" name="const_106">
<pin_list>
<pin id="107" dir="1" index="0" bw="1" slack="0"/>
</pin_list>
<bind>
<StgValue><ssdm name="generateMsgSchedule_Pipeline_LOOP_SHA256_PREPARE_WT64"/></StgValue>
</bind>
</comp>

<comp id="108" class="1001" name="const_108">
<pin_list>
<pin id="109" dir="1" index="0" bw="1" slack="2147483647"/>
</pin_list>
<bind>
<StgValue><ssdm name="empty_13"/></StgValue>
</bind>
</comp>

<comp id="110" class="1001" name="const_110">
<pin_list>
<pin id="111" dir="1" index="0" bw="1" slack="2147483647"/>
</pin_list>
<bind>
<StgValue><ssdm name="_ssdm_op_SpecRegionBegin"/></StgValue>
</bind>
</comp>

<comp id="112" class="1001" name="const_112">
<pin_list>
<pin id="113" dir="1" index="0" bw="1" slack="2147483647"/>
</pin_list>
<bind>
<StgValue><ssdm name="empty_0"/></StgValue>
</bind>
</comp>

<comp id="114" class="1001" name="const_114">
<pin_list>
<pin id="115" dir="1" index="0" bw="1" slack="2147483647"/>
</pin_list>
<bind>
<StgValue><ssdm name="_ssdm_op_SpecLatency"/></StgValue>
</bind>
</comp>

<comp id="116" class="1001" name="const_116">
<pin_list>
<pin id="117" dir="1" index="0" bw="1" slack="2147483647"/>
</pin_list>
<bind>
<StgValue><ssdm name=""/></StgValue>
</bind>
</comp>

<comp id="118" class="1001" name="const_118">
<pin_list>
<pin id="119" dir="1" index="0" bw="1" slack="2147483647"/>
</pin_list>
<bind>
<StgValue><ssdm name="_ssdm_op_SpecRegionEnd"/></StgValue>
</bind>
</comp>

<comp id="120" class="1004" name="W_loc_fu_120">
<pin_list>
<pin id="121" dir="0" index="0" bw="1" slack="0"/>
<pin id="122" dir="1" index="1" bw="32" slack="7"/>
</pin_list>
<bind>
<opcode="alloca(26) " fcode="alloca"/>
<opset="W_loc/1 "/>
</bind>
</comp>

<comp id="124" class="1004" name="W_1_loc_fu_124">
<pin_list>
<pin id="125" dir="0" index="0" bw="1" slack="0"/>
<pin id="126" dir="1" index="1" bw="32" slack="7"/>
</pin_list>
<bind>
<opcode="alloca(26) " fcode="alloca"/>
<opset="W_1_loc/1 "/>
</bind>
</comp>

<comp id="128" class="1004" name="W_2_loc_fu_128">
<pin_list>
<pin id="129" dir="0" index="0" bw="1" slack="0"/>
<pin id="130" dir="1" index="1" bw="32" slack="7"/>
</pin_list>
<bind>
<opcode="alloca(26) " fcode="alloca"/>
<opset="W_2_loc/1 "/>
</bind>
</comp>

<comp id="132" class="1004" name="W_3_loc_fu_132">
<pin_list>
<pin id="133" dir="0" index="0" bw="1" slack="0"/>
<pin id="134" dir="1" index="1" bw="32" slack="7"/>
</pin_list>
<bind>
<opcode="alloca(26) " fcode="alloca"/>
<opset="W_3_loc/1 "/>
</bind>
</comp>

<comp id="136" class="1004" name="W_4_loc_fu_136">
<pin_list>
<pin id="137" dir="0" index="0" bw="1" slack="0"/>
<pin id="138" dir="1" index="1" bw="32" slack="7"/>
</pin_list>
<bind>
<opcode="alloca(26) " fcode="alloca"/>
<opset="W_4_loc/1 "/>
</bind>
</comp>

<comp id="140" class="1004" name="W_5_loc_fu_140">
<pin_list>
<pin id="141" dir="0" index="0" bw="1" slack="0"/>
<pin id="142" dir="1" index="1" bw="32" slack="7"/>
</pin_list>
<bind>
<opcode="alloca(26) " fcode="alloca"/>
<opset="W_5_loc/1 "/>
</bind>
</comp>

<comp id="144" class="1004" name="W_6_loc_fu_144">
<pin_list>
<pin id="145" dir="0" index="0" bw="1" slack="0"/>
<pin id="146" dir="1" index="1" bw="32" slack="7"/>
</pin_list>
<bind>
<opcode="alloca(26) " fcode="alloca"/>
<opset="W_6_loc/1 "/>
</bind>
</comp>

<comp id="148" class="1004" name="W_7_loc_fu_148">
<pin_list>
<pin id="149" dir="0" index="0" bw="1" slack="0"/>
<pin id="150" dir="1" index="1" bw="32" slack="7"/>
</pin_list>
<bind>
<opcode="alloca(26) " fcode="alloca"/>
<opset="W_7_loc/1 "/>
</bind>
</comp>

<comp id="152" class="1004" name="W_8_loc_fu_152">
<pin_list>
<pin id="153" dir="0" index="0" bw="1" slack="0"/>
<pin id="154" dir="1" index="1" bw="32" slack="7"/>
</pin_list>
<bind>
<opcode="alloca(26) " fcode="alloca"/>
<opset="W_8_loc/1 "/>
</bind>
</comp>

<comp id="156" class="1004" name="W_9_loc_fu_156">
<pin_list>
<pin id="157" dir="0" index="0" bw="1" slack="0"/>
<pin id="158" dir="1" index="1" bw="32" slack="7"/>
</pin_list>
<bind>
<opcode="alloca(26) " fcode="alloca"/>
<opset="W_9_loc/1 "/>
</bind>
</comp>

<comp id="160" class="1004" name="W_10_loc_fu_160">
<pin_list>
<pin id="161" dir="0" index="0" bw="1" slack="0"/>
<pin id="162" dir="1" index="1" bw="32" slack="7"/>
</pin_list>
<bind>
<opcode="alloca(26) " fcode="alloca"/>
<opset="W_10_loc/1 "/>
</bind>
</comp>

<comp id="164" class="1004" name="W_11_loc_fu_164">
<pin_list>
<pin id="165" dir="0" index="0" bw="1" slack="0"/>
<pin id="166" dir="1" index="1" bw="32" slack="7"/>
</pin_list>
<bind>
<opcode="alloca(26) " fcode="alloca"/>
<opset="W_11_loc/1 "/>
</bind>
</comp>

<comp id="168" class="1004" name="W_12_loc_fu_168">
<pin_list>
<pin id="169" dir="0" index="0" bw="1" slack="0"/>
<pin id="170" dir="1" index="1" bw="32" slack="7"/>
</pin_list>
<bind>
<opcode="alloca(26) " fcode="alloca"/>
<opset="W_12_loc/1 "/>
</bind>
</comp>

<comp id="172" class="1004" name="W_13_loc_fu_172">
<pin_list>
<pin id="173" dir="0" index="0" bw="1" slack="0"/>
<pin id="174" dir="1" index="1" bw="32" slack="7"/>
</pin_list>
<bind>
<opcode="alloca(26) " fcode="alloca"/>
<opset="W_13_loc/1 "/>
</bind>
</comp>

<comp id="176" class="1004" name="W_14_loc_fu_176">
<pin_list>
<pin id="177" dir="0" index="0" bw="1" slack="0"/>
<pin id="178" dir="1" index="1" bw="32" slack="7"/>
</pin_list>
<bind>
<opcode="alloca(26) " fcode="alloca"/>
<opset="W_14_loc/1 "/>
</bind>
</comp>

<comp id="180" class="1004" name="W_15_loc_fu_180">
<pin_list>
<pin id="181" dir="0" index="0" bw="1" slack="0"/>
<pin id="182" dir="1" index="1" bw="32" slack="7"/>
</pin_list>
<bind>
<opcode="alloca(26) " fcode="alloca"/>
<opset="W_15_loc/1 "/>
</bind>
</comp>

<comp id="184" class="1004" name="grp_read_fu_184">
<pin_list>
<pin id="185" dir="0" index="0" bw="1" slack="0"/>
<pin id="186" dir="0" index="1" bw="1" slack="0"/>
<pin id="187" dir="1" index="2" bw="1" slack="1"/>
</pin_list>
<bind>
<opcode="read(1150) " fcode="read"/>
<opset="e/1 e_5/12 "/>
</bind>
</comp>

<comp id="190" class="1004" name="n_read_fu_190">
<pin_list>
<pin id="191" dir="0" index="0" bw="64" slack="0"/>
<pin id="192" dir="0" index="1" bw="64" slack="0"/>
<pin id="193" dir="1" index="2" bw="64" slack="1"/>
</pin_list>
<bind>
<opcode="read(1150) " fcode="read"/>
<opset="n/3 "/>
</bind>
</comp>

<comp id="196" class="1004" name="blk_strm_read_read_fu_196">
<pin_list>
<pin id="197" dir="0" index="0" bw="512" slack="0"/>
<pin id="198" dir="0" index="1" bw="512" slack="0"/>
<pin id="199" dir="1" index="2" bw="512" slack="0"/>
</pin_list>
<bind>
<opcode="read(1150) " fcode="read"/>
<opset="blk_strm_read/7 "/>
</bind>
</comp>

<comp id="202" class="1005" name="e_4_reg_202">
<pin_list>
<pin id="203" dir="0" index="0" bw="1" slack="2147483647"/>
<pin id="204" dir="1" index="1" bw="1" slack="2147483647"/>
</pin_list>
<bind>
<opset="e_4 (phireg) "/>
</bind>
</comp>

<comp id="205" class="1004" name="e_4_phi_fu_205">
<pin_list>
<pin id="206" dir="0" index="0" bw="1" slack="2"/>
<pin id="207" dir="0" index="1" bw="0" slack="2147483647"/>
<pin id="208" dir="0" index="2" bw="1" slack="1"/>
<pin id="209" dir="0" index="3" bw="0" slack="2147483647"/>
<pin id="210" dir="1" index="4" bw="1" slack="2147483647"/>
</pin_list>
<bind>
<opcode="phi(47) " fcode="phi"/>
<opset="e_4/3 "/>
</bind>
</comp>

<comp id="211" class="1005" name="i_5_reg_211">
<pin_list>
<pin id="212" dir="0" index="0" bw="64" slack="1"/>
<pin id="213" dir="1" index="1" bw="64" slack="1"/>
</pin_list>
<bind>
<opset="i_5 (phireg) "/>
</bind>
</comp>

<comp id="215" class="1004" name="i_5_phi_fu_215">
<pin_list>
<pin id="216" dir="0" index="0" bw="1" slack="1"/>
<pin id="217" dir="0" index="1" bw="0" slack="2147483647"/>
<pin id="218" dir="0" index="2" bw="64" slack="1"/>
<pin id="219" dir="0" index="3" bw="0" slack="2147483647"/>
<pin id="220" dir="1" index="4" bw="64" slack="0"/>
</pin_list>
<bind>
<opcode="phi(47) " fcode="phi"/>
<opset="i_5/4 "/>
</bind>
</comp>

<comp id="223" class="1004" name="grp_generateMsgSchedule_Pipeline_LOOP_SHA256_PREPARE_WT16_fu_223">
<pin_list>
<pin id="224" dir="0" index="0" bw="0" slack="0"/>
<pin id="225" dir="0" index="1" bw="32" slack="0"/>
<pin id="226" dir="0" index="2" bw="32" slack="1"/>
<pin id="227" dir="0" index="3" bw="32" slack="1"/>
<pin id="228" dir="0" index="4" bw="32" slack="1"/>
<pin id="229" dir="0" index="5" bw="32" slack="1"/>
<pin id="230" dir="0" index="6" bw="32" slack="1"/>
<pin id="231" dir="0" index="7" bw="32" slack="1"/>
<pin id="232" dir="0" index="8" bw="32" slack="1"/>
<pin id="233" dir="0" index="9" bw="32" slack="1"/>
<pin id="234" dir="0" index="10" bw="32" slack="1"/>
<pin id="235" dir="0" index="11" bw="32" slack="1"/>
<pin id="236" dir="0" index="12" bw="32" slack="1"/>
<pin id="237" dir="0" index="13" bw="32" slack="1"/>
<pin id="238" dir="0" index="14" bw="32" slack="1"/>
<pin id="239" dir="0" index="15" bw="32" slack="1"/>
<pin id="240" dir="0" index="16" bw="32" slack="1"/>
<pin id="241" dir="0" index="17" bw="32" slack="1"/>
<pin id="242" dir="0" index="18" bw="32" slack="7"/>
<pin id="243" dir="0" index="19" bw="32" slack="7"/>
<pin id="244" dir="0" index="20" bw="32" slack="7"/>
<pin id="245" dir="0" index="21" bw="32" slack="7"/>
<pin id="246" dir="0" index="22" bw="32" slack="7"/>
<pin id="247" dir="0" index="23" bw="32" slack="7"/>
<pin id="248" dir="0" index="24" bw="32" slack="7"/>
<pin id="249" dir="0" index="25" bw="32" slack="7"/>
<pin id="250" dir="0" index="26" bw="32" slack="7"/>
<pin id="251" dir="0" index="27" bw="32" slack="7"/>
<pin id="252" dir="0" index="28" bw="32" slack="7"/>
<pin id="253" dir="0" index="29" bw="32" slack="7"/>
<pin id="254" dir="0" index="30" bw="32" slack="7"/>
<pin id="255" dir="0" index="31" bw="32" slack="7"/>
<pin id="256" dir="0" index="32" bw="32" slack="7"/>
<pin id="257" dir="0" index="33" bw="32" slack="7"/>
<pin id="258" dir="1" index="34" bw="0" slack="2147483647"/>
</pin_list>
<bind>
<opcode="call(48) " fcode="call"/>
<opset="call_ln533/8 "/>
</bind>
</comp>

<comp id="261" class="1004" name="grp_generateMsgSchedule_Pipeline_LOOP_SHA256_PREPARE_WT64_fu_261">
<pin_list>
<pin id="262" dir="0" index="0" bw="0" slack="0"/>
<pin id="263" dir="0" index="1" bw="32" slack="0"/>
<pin id="264" dir="0" index="2" bw="32" slack="0"/>
<pin id="265" dir="0" index="3" bw="32" slack="0"/>
<pin id="266" dir="0" index="4" bw="32" slack="0"/>
<pin id="267" dir="0" index="5" bw="32" slack="0"/>
<pin id="268" dir="0" index="6" bw="32" slack="0"/>
<pin id="269" dir="0" index="7" bw="32" slack="0"/>
<pin id="270" dir="0" index="8" bw="32" slack="0"/>
<pin id="271" dir="0" index="9" bw="32" slack="0"/>
<pin id="272" dir="0" index="10" bw="32" slack="0"/>
<pin id="273" dir="0" index="11" bw="32" slack="0"/>
<pin id="274" dir="0" index="12" bw="32" slack="0"/>
<pin id="275" dir="0" index="13" bw="32" slack="0"/>
<pin id="276" dir="0" index="14" bw="32" slack="0"/>
<pin id="277" dir="0" index="15" bw="32" slack="0"/>
<pin id="278" dir="0" index="16" bw="32" slack="0"/>
<pin id="279" dir="0" index="17" bw="32" slack="0"/>
<pin id="280" dir="1" index="18" bw="0" slack="2147483647"/>
</pin_list>
<bind>
<opcode="call(48) " fcode="call"/>
<opset="call_ln0/10 "/>
</bind>
</comp>

<comp id="283" class="1004" name="grp_fu_283">
<pin_list>
<pin id="284" dir="0" index="0" bw="64" slack="0"/>
<pin id="285" dir="0" index="1" bw="64" slack="1"/>
<pin id="286" dir="1" index="2" bw="1" slack="2147483647"/>
</pin_list>
<bind>
<opcode="icmp(45) " fcode="icmp"/>
<opset="icmp_ln530/4 "/>
</bind>
</comp>

<comp id="288" class="1004" name="grp_fu_288">
<pin_list>
<pin id="289" dir="0" index="0" bw="64" slack="0"/>
<pin id="290" dir="0" index="1" bw="1" slack="0"/>
<pin id="291" dir="1" index="2" bw="64" slack="1"/>
</pin_list>
<bind>
<opcode="add(8) " fcode="add"/>
<opset="i/4 "/>
</bind>
</comp>

<comp id="294" class="1004" name="blk_fu_294">
<pin_list>
<pin id="295" dir="0" index="0" bw="512" slack="0"/>
<pin id="296" dir="1" index="1" bw="32" slack="1"/>
</pin_list>
<bind>
<opcode="trunc(33) " fcode="trunc"/>
<opset="blk/7 "/>
</bind>
</comp>

<comp id="298" class="1004" name="blk_1_fu_298">
<pin_list>
<pin id="299" dir="0" index="0" bw="32" slack="0"/>
<pin id="300" dir="0" index="1" bw="512" slack="0"/>
<pin id="301" dir="0" index="2" bw="7" slack="0"/>
<pin id="302" dir="0" index="3" bw="7" slack="0"/>
<pin id="303" dir="1" index="4" bw="32" slack="1"/>
</pin_list>
<bind>
<opcode="partselect(1002) " fcode="partselect"/>
<opset="blk_1/7 "/>
</bind>
</comp>

<comp id="308" class="1004" name="blk_2_fu_308">
<pin_list>
<pin id="309" dir="0" index="0" bw="32" slack="0"/>
<pin id="310" dir="0" index="1" bw="512" slack="0"/>
<pin id="311" dir="0" index="2" bw="8" slack="0"/>
<pin id="312" dir="0" index="3" bw="8" slack="0"/>
<pin id="313" dir="1" index="4" bw="32" slack="1"/>
</pin_list>
<bind>
<opcode="partselect(1002) " fcode="partselect"/>
<opset="blk_2/7 "/>
</bind>
</comp>

<comp id="318" class="1004" name="blk_3_fu_318">
<pin_list>
<pin id="319" dir="0" index="0" bw="32" slack="0"/>
<pin id="320" dir="0" index="1" bw="512" slack="0"/>
<pin id="321" dir="0" index="2" bw="8" slack="0"/>
<pin id="322" dir="0" index="3" bw="8" slack="0"/>
<pin id="323" dir="1" index="4" bw="32" slack="1"/>
</pin_list>
<bind>
<opcode="partselect(1002) " fcode="partselect"/>
<opset="blk_3/7 "/>
</bind>
</comp>

<comp id="328" class="1004" name="blk_4_fu_328">
<pin_list>
<pin id="329" dir="0" index="0" bw="32" slack="0"/>
<pin id="330" dir="0" index="1" bw="512" slack="0"/>
<pin id="331" dir="0" index="2" bw="9" slack="0"/>
<pin id="332" dir="0" index="3" bw="9" slack="0"/>
<pin id="333" dir="1" index="4" bw="32" slack="1"/>
</pin_list>
<bind>
<opcode="partselect(1002) " fcode="partselect"/>
<opset="blk_4/7 "/>
</bind>
</comp>

<comp id="338" class="1004" name="blk_5_fu_338">
<pin_list>
<pin id="339" dir="0" index="0" bw="32" slack="0"/>
<pin id="340" dir="0" index="1" bw="512" slack="0"/>
<pin id="341" dir="0" index="2" bw="9" slack="0"/>
<pin id="342" dir="0" index="3" bw="9" slack="0"/>
<pin id="343" dir="1" index="4" bw="32" slack="1"/>
</pin_list>
<bind>
<opcode="partselect(1002) " fcode="partselect"/>
<opset="blk_5/7 "/>
</bind>
</comp>

<comp id="348" class="1004" name="blk_6_fu_348">
<pin_list>
<pin id="349" dir="0" index="0" bw="32" slack="0"/>
<pin id="350" dir="0" index="1" bw="512" slack="0"/>
<pin id="351" dir="0" index="2" bw="9" slack="0"/>
<pin id="352" dir="0" index="3" bw="9" slack="0"/>
<pin id="353" dir="1" index="4" bw="32" slack="1"/>
</pin_list>
<bind>
<opcode="partselect(1002) " fcode="partselect"/>
<opset="blk_6/7 "/>
</bind>
</comp>

<comp id="358" class="1004" name="blk_7_fu_358">
<pin_list>
<pin id="359" dir="0" index="0" bw="32" slack="0"/>
<pin id="360" dir="0" index="1" bw="512" slack="0"/>
<pin id="361" dir="0" index="2" bw="9" slack="0"/>
<pin id="362" dir="0" index="3" bw="9" slack="0"/>
<pin id="363" dir="1" index="4" bw="32" slack="1"/>
</pin_list>
<bind>
<opcode="partselect(1002) " fcode="partselect"/>
<opset="blk_7/7 "/>
</bind>
</comp>

<comp id="368" class="1004" name="blk_8_fu_368">
<pin_list>
<pin id="369" dir="0" index="0" bw="32" slack="0"/>
<pin id="370" dir="0" index="1" bw="512" slack="0"/>
<pin id="371" dir="0" index="2" bw="10" slack="0"/>
<pin id="372" dir="0" index="3" bw="10" slack="0"/>
<pin id="373" dir="1" index="4" bw="32" slack="1"/>
</pin_list>
<bind>
<opcode="partselect(1002) " fcode="partselect"/>
<opset="blk_8/7 "/>
</bind>
</comp>

<comp id="378" class="1004" name="blk_9_fu_378">
<pin_list>
<pin id="379" dir="0" index="0" bw="32" slack="0"/>
<pin id="380" dir="0" index="1" bw="512" slack="0"/>
<pin id="381" dir="0" index="2" bw="10" slack="0"/>
<pin id="382" dir="0" index="3" bw="10" slack="0"/>
<pin id="383" dir="1" index="4" bw="32" slack="1"/>
</pin_list>
<bind>
<opcode="partselect(1002) " fcode="partselect"/>
<opset="blk_9/7 "/>
</bind>
</comp>

<comp id="388" class="1004" name="blk_15_fu_388">
<pin_list>
<pin id="389" dir="0" index="0" bw="32" slack="0"/>
<pin id="390" dir="0" index="1" bw="512" slack="0"/>
<pin id="391" dir="0" index="2" bw="10" slack="0"/>
<pin id="392" dir="0" index="3" bw="10" slack="0"/>
<pin id="393" dir="1" index="4" bw="32" slack="1"/>
</pin_list>
<bind>
<opcode="partselect(1002) " fcode="partselect"/>
<opset="blk_15/7 "/>
</bind>
</comp>

<comp id="398" class="1004" name="blk_10_fu_398">
<pin_list>
<pin id="399" dir="0" index="0" bw="32" slack="0"/>
<pin id="400" dir="0" index="1" bw="512" slack="0"/>
<pin id="401" dir="0" index="2" bw="10" slack="0"/>
<pin id="402" dir="0" index="3" bw="10" slack="0"/>
<pin id="403" dir="1" index="4" bw="32" slack="1"/>
</pin_list>
<bind>
<opcode="partselect(1002) " fcode="partselect"/>
<opset="blk_10/7 "/>
</bind>
</comp>

<comp id="408" class="1004" name="blk_11_fu_408">
<pin_list>
<pin id="409" dir="0" index="0" bw="32" slack="0"/>
<pin id="410" dir="0" index="1" bw="512" slack="0"/>
<pin id="411" dir="0" index="2" bw="10" slack="0"/>
<pin id="412" dir="0" index="3" bw="10" slack="0"/>
<pin id="413" dir="1" index="4" bw="32" slack="1"/>
</pin_list>
<bind>
<opcode="partselect(1002) " fcode="partselect"/>
<opset="blk_11/7 "/>
</bind>
</comp>

<comp id="418" class="1004" name="blk_12_fu_418">
<pin_list>
<pin id="419" dir="0" index="0" bw="32" slack="0"/>
<pin id="420" dir="0" index="1" bw="512" slack="0"/>
<pin id="421" dir="0" index="2" bw="10" slack="0"/>
<pin id="422" dir="0" index="3" bw="10" slack="0"/>
<pin id="423" dir="1" index="4" bw="32" slack="1"/>
</pin_list>
<bind>
<opcode="partselect(1002) " fcode="partselect"/>
<opset="blk_12/7 "/>
</bind>
</comp>

<comp id="428" class="1004" name="blk_13_fu_428">
<pin_list>
<pin id="429" dir="0" index="0" bw="32" slack="0"/>
<pin id="430" dir="0" index="1" bw="512" slack="0"/>
<pin id="431" dir="0" index="2" bw="10" slack="0"/>
<pin id="432" dir="0" index="3" bw="10" slack="0"/>
<pin id="433" dir="1" index="4" bw="32" slack="1"/>
</pin_list>
<bind>
<opcode="partselect(1002) " fcode="partselect"/>
<opset="blk_13/7 "/>
</bind>
</comp>

<comp id="438" class="1004" name="blk_14_fu_438">
<pin_list>
<pin id="439" dir="0" index="0" bw="32" slack="0"/>
<pin id="440" dir="0" index="1" bw="512" slack="0"/>
<pin id="441" dir="0" index="2" bw="10" slack="0"/>
<pin id="442" dir="0" index="3" bw="10" slack="0"/>
<pin id="443" dir="1" index="4" bw="32" slack="1"/>
</pin_list>
<bind>
<opcode="partselect(1002) " fcode="partselect"/>
<opset="blk_14/7 "/>
</bind>
</comp>

<comp id="448" class="1004" name="fence_ln541_fu_448">
<pin_list>
<pin id="449" dir="0" index="0" bw="0" slack="0"/>
<pin id="450" dir="0" index="1" bw="512" slack="0"/>
<pin id="451" dir="0" index="2" bw="1" slack="0"/>
<pin id="452" dir="0" index="3" bw="32" slack="0"/>
<pin id="453" dir="1" index="4" bw="0" slack="2147483647"/>
</pin_list>
<bind>
<opcode="fence(30) " fcode="fence"/>
<opset="fence_ln541/8 "/>
</bind>
</comp>

<comp id="458" class="1004" name="W_15_loc_load_load_fu_458">
<pin_list>
<pin id="459" dir="0" index="0" bw="32" slack="9"/>
<pin id="460" dir="1" index="1" bw="32" slack="0"/>
</pin_list>
<bind>
<opcode="load(27) " fcode="load"/>
<opset="W_15_loc_load/10 "/>
</bind>
</comp>

<comp id="462" class="1004" name="W_14_loc_load_load_fu_462">
<pin_list>
<pin id="463" dir="0" index="0" bw="32" slack="9"/>
<pin id="464" dir="1" index="1" bw="32" slack="0"/>
</pin_list>
<bind>
<opcode="load(27) " fcode="load"/>
<opset="W_14_loc_load/10 "/>
</bind>
</comp>

<comp id="466" class="1004" name="W_13_loc_load_load_fu_466">
<pin_list>
<pin id="467" dir="0" index="0" bw="32" slack="9"/>
<pin id="468" dir="1" index="1" bw="32" slack="0"/>
</pin_list>
<bind>
<opcode="load(27) " fcode="load"/>
<opset="W_13_loc_load/10 "/>
</bind>
</comp>

<comp id="470" class="1004" name="W_12_loc_load_load_fu_470">
<pin_list>
<pin id="471" dir="0" index="0" bw="32" slack="9"/>
<pin id="472" dir="1" index="1" bw="32" slack="0"/>
</pin_list>
<bind>
<opcode="load(27) " fcode="load"/>
<opset="W_12_loc_load/10 "/>
</bind>
</comp>

<comp id="474" class="1004" name="W_11_loc_load_load_fu_474">
<pin_list>
<pin id="475" dir="0" index="0" bw="32" slack="9"/>
<pin id="476" dir="1" index="1" bw="32" slack="0"/>
</pin_list>
<bind>
<opcode="load(27) " fcode="load"/>
<opset="W_11_loc_load/10 "/>
</bind>
</comp>

<comp id="478" class="1004" name="W_10_loc_load_load_fu_478">
<pin_list>
<pin id="479" dir="0" index="0" bw="32" slack="9"/>
<pin id="480" dir="1" index="1" bw="32" slack="0"/>
</pin_list>
<bind>
<opcode="load(27) " fcode="load"/>
<opset="W_10_loc_load/10 "/>
</bind>
</comp>

<comp id="482" class="1004" name="W_9_loc_load_load_fu_482">
<pin_list>
<pin id="483" dir="0" index="0" bw="32" slack="9"/>
<pin id="484" dir="1" index="1" bw="32" slack="0"/>
</pin_list>
<bind>
<opcode="load(27) " fcode="load"/>
<opset="W_9_loc_load/10 "/>
</bind>
</comp>

<comp id="486" class="1004" name="W_8_loc_load_load_fu_486">
<pin_list>
<pin id="487" dir="0" index="0" bw="32" slack="9"/>
<pin id="488" dir="1" index="1" bw="32" slack="0"/>
</pin_list>
<bind>
<opcode="load(27) " fcode="load"/>
<opset="W_8_loc_load/10 "/>
</bind>
</comp>

<comp id="490" class="1004" name="W_7_loc_load_load_fu_490">
<pin_list>
<pin id="491" dir="0" index="0" bw="32" slack="9"/>
<pin id="492" dir="1" index="1" bw="32" slack="0"/>
</pin_list>
<bind>
<opcode="load(27) " fcode="load"/>
<opset="W_7_loc_load/10 "/>
</bind>
</comp>

<comp id="494" class="1004" name="W_6_loc_load_load_fu_494">
<pin_list>
<pin id="495" dir="0" index="0" bw="32" slack="9"/>
<pin id="496" dir="1" index="1" bw="32" slack="0"/>
</pin_list>
<bind>
<opcode="load(27) " fcode="load"/>
<opset="W_6_loc_load/10 "/>
</bind>
</comp>

<comp id="498" class="1004" name="W_5_loc_load_load_fu_498">
<pin_list>
<pin id="499" dir="0" index="0" bw="32" slack="9"/>
<pin id="500" dir="1" index="1" bw="32" slack="0"/>
</pin_list>
<bind>
<opcode="load(27) " fcode="load"/>
<opset="W_5_loc_load/10 "/>
</bind>
</comp>

<comp id="502" class="1004" name="W_4_loc_load_load_fu_502">
<pin_list>
<pin id="503" dir="0" index="0" bw="32" slack="9"/>
<pin id="504" dir="1" index="1" bw="32" slack="0"/>
</pin_list>
<bind>
<opcode="load(27) " fcode="load"/>
<opset="W_4_loc_load/10 "/>
</bind>
</comp>

<comp id="506" class="1004" name="W_3_loc_load_load_fu_506">
<pin_list>
<pin id="507" dir="0" index="0" bw="32" slack="9"/>
<pin id="508" dir="1" index="1" bw="32" slack="0"/>
</pin_list>
<bind>
<opcode="load(27) " fcode="load"/>
<opset="W_3_loc_load/10 "/>
</bind>
</comp>

<comp id="510" class="1004" name="W_2_loc_load_load_fu_510">
<pin_list>
<pin id="511" dir="0" index="0" bw="32" slack="9"/>
<pin id="512" dir="1" index="1" bw="32" slack="0"/>
</pin_list>
<bind>
<opcode="load(27) " fcode="load"/>
<opset="W_2_loc_load/10 "/>
</bind>
</comp>

<comp id="514" class="1004" name="W_1_loc_load_load_fu_514">
<pin_list>
<pin id="515" dir="0" index="0" bw="32" slack="9"/>
<pin id="516" dir="1" index="1" bw="32" slack="0"/>
</pin_list>
<bind>
<opcode="load(27) " fcode="load"/>
<opset="W_1_loc_load/10 "/>
</bind>
</comp>

<comp id="518" class="1004" name="W_loc_load_load_fu_518">
<pin_list>
<pin id="519" dir="0" index="0" bw="32" slack="9"/>
<pin id="520" dir="1" index="1" bw="32" slack="0"/>
</pin_list>
<bind>
<opcode="load(27) " fcode="load"/>
<opset="W_loc_load/10 "/>
</bind>
</comp>

<comp id="522" class="1004" name="fence_ln549_fu_522">
<pin_list>
<pin id="523" dir="0" index="0" bw="0" slack="0"/>
<pin id="524" dir="0" index="1" bw="512" slack="0"/>
<pin id="525" dir="0" index="2" bw="32" slack="0"/>
<pin id="526" dir="0" index="3" bw="1" slack="0"/>
<pin id="527" dir="0" index="4" bw="32" slack="0"/>
<pin id="528" dir="1" index="5" bw="0" slack="2147483647"/>
</pin_list>
<bind>
<opcode="fence(30) " fcode="fence"/>
<opset="fence_ln549/10 "/>
</bind>
</comp>

<comp id="534" class="1005" name="W_loc_reg_534">
<pin_list>
<pin id="535" dir="0" index="0" bw="32" slack="7"/>
<pin id="536" dir="1" index="1" bw="32" slack="7"/>
</pin_list>
<bind>
<opset="W_loc "/>
</bind>
</comp>

<comp id="540" class="1005" name="W_1_loc_reg_540">
<pin_list>
<pin id="541" dir="0" index="0" bw="32" slack="7"/>
<pin id="542" dir="1" index="1" bw="32" slack="7"/>
</pin_list>
<bind>
<opset="W_1_loc "/>
</bind>
</comp>

<comp id="546" class="1005" name="W_2_loc_reg_546">
<pin_list>
<pin id="547" dir="0" index="0" bw="32" slack="7"/>
<pin id="548" dir="1" index="1" bw="32" slack="7"/>
</pin_list>
<bind>
<opset="W_2_loc "/>
</bind>
</comp>

<comp id="552" class="1005" name="W_3_loc_reg_552">
<pin_list>
<pin id="553" dir="0" index="0" bw="32" slack="7"/>
<pin id="554" dir="1" index="1" bw="32" slack="7"/>
</pin_list>
<bind>
<opset="W_3_loc "/>
</bind>
</comp>

<comp id="558" class="1005" name="W_4_loc_reg_558">
<pin_list>
<pin id="559" dir="0" index="0" bw="32" slack="7"/>
<pin id="560" dir="1" index="1" bw="32" slack="7"/>
</pin_list>
<bind>
<opset="W_4_loc "/>
</bind>
</comp>

<comp id="564" class="1005" name="W_5_loc_reg_564">
<pin_list>
<pin id="565" dir="0" index="0" bw="32" slack="7"/>
<pin id="566" dir="1" index="1" bw="32" slack="7"/>
</pin_list>
<bind>
<opset="W_5_loc "/>
</bind>
</comp>

<comp id="570" class="1005" name="W_6_loc_reg_570">
<pin_list>
<pin id="571" dir="0" index="0" bw="32" slack="7"/>
<pin id="572" dir="1" index="1" bw="32" slack="7"/>
</pin_list>
<bind>
<opset="W_6_loc "/>
</bind>
</comp>

<comp id="576" class="1005" name="W_7_loc_reg_576">
<pin_list>
<pin id="577" dir="0" index="0" bw="32" slack="7"/>
<pin id="578" dir="1" index="1" bw="32" slack="7"/>
</pin_list>
<bind>
<opset="W_7_loc "/>
</bind>
</comp>

<comp id="582" class="1005" name="W_8_loc_reg_582">
<pin_list>
<pin id="583" dir="0" index="0" bw="32" slack="7"/>
<pin id="584" dir="1" index="1" bw="32" slack="7"/>
</pin_list>
<bind>
<opset="W_8_loc "/>
</bind>
</comp>

<comp id="588" class="1005" name="W_9_loc_reg_588">
<pin_list>
<pin id="589" dir="0" index="0" bw="32" slack="7"/>
<pin id="590" dir="1" index="1" bw="32" slack="7"/>
</pin_list>
<bind>
<opset="W_9_loc "/>
</bind>
</comp>

<comp id="594" class="1005" name="W_10_loc_reg_594">
<pin_list>
<pin id="595" dir="0" index="0" bw="32" slack="7"/>
<pin id="596" dir="1" index="1" bw="32" slack="7"/>
</pin_list>
<bind>
<opset="W_10_loc "/>
</bind>
</comp>

<comp id="600" class="1005" name="W_11_loc_reg_600">
<pin_list>
<pin id="601" dir="0" index="0" bw="32" slack="7"/>
<pin id="602" dir="1" index="1" bw="32" slack="7"/>
</pin_list>
<bind>
<opset="W_11_loc "/>
</bind>
</comp>

<comp id="606" class="1005" name="W_12_loc_reg_606">
<pin_list>
<pin id="607" dir="0" index="0" bw="32" slack="7"/>
<pin id="608" dir="1" index="1" bw="32" slack="7"/>
</pin_list>
<bind>
<opset="W_12_loc "/>
</bind>
</comp>

<comp id="612" class="1005" name="W_13_loc_reg_612">
<pin_list>
<pin id="613" dir="0" index="0" bw="32" slack="7"/>
<pin id="614" dir="1" index="1" bw="32" slack="7"/>
</pin_list>
<bind>
<opset="W_13_loc "/>
</bind>
</comp>

<comp id="618" class="1005" name="W_14_loc_reg_618">
<pin_list>
<pin id="619" dir="0" index="0" bw="32" slack="7"/>
<pin id="620" dir="1" index="1" bw="32" slack="7"/>
</pin_list>
<bind>
<opset="W_14_loc "/>
</bind>
</comp>

<comp id="624" class="1005" name="W_15_loc_reg_624">
<pin_list>
<pin id="625" dir="0" index="0" bw="32" slack="7"/>
<pin id="626" dir="1" index="1" bw="32" slack="7"/>
</pin_list>
<bind>
<opset="W_15_loc "/>
</bind>
</comp>

<comp id="630" class="1005" name="e_reg_630">
<pin_list>
<pin id="631" dir="0" index="0" bw="1" slack="2"/>
<pin id="632" dir="1" index="1" bw="1" slack="2"/>
</pin_list>
<bind>
<opset="e "/>
</bind>
</comp>

<comp id="635" class="1005" name="n_reg_635">
<pin_list>
<pin id="636" dir="0" index="0" bw="64" slack="1"/>
<pin id="637" dir="1" index="1" bw="64" slack="1"/>
</pin_list>
<bind>
<opset="n "/>
</bind>
</comp>

<comp id="643" class="1005" name="i_reg_643">
<pin_list>
<pin id="644" dir="0" index="0" bw="64" slack="1"/>
<pin id="645" dir="1" index="1" bw="64" slack="1"/>
</pin_list>
<bind>
<opset="i "/>
</bind>
</comp>

<comp id="648" class="1005" name="blk_reg_648">
<pin_list>
<pin id="649" dir="0" index="0" bw="32" slack="1"/>
<pin id="650" dir="1" index="1" bw="32" slack="1"/>
</pin_list>
<bind>
<opset="blk "/>
</bind>
</comp>

<comp id="653" class="1005" name="blk_1_reg_653">
<pin_list>
<pin id="654" dir="0" index="0" bw="32" slack="1"/>
<pin id="655" dir="1" index="1" bw="32" slack="1"/>
</pin_list>
<bind>
<opset="blk_1 "/>
</bind>
</comp>

<comp id="658" class="1005" name="blk_2_reg_658">
<pin_list>
<pin id="659" dir="0" index="0" bw="32" slack="1"/>
<pin id="660" dir="1" index="1" bw="32" slack="1"/>
</pin_list>
<bind>
<opset="blk_2 "/>
</bind>
</comp>

<comp id="663" class="1005" name="blk_3_reg_663">
<pin_list>
<pin id="664" dir="0" index="0" bw="32" slack="1"/>
<pin id="665" dir="1" index="1" bw="32" slack="1"/>
</pin_list>
<bind>
<opset="blk_3 "/>
</bind>
</comp>

<comp id="668" class="1005" name="blk_4_reg_668">
<pin_list>
<pin id="669" dir="0" index="0" bw="32" slack="1"/>
<pin id="670" dir="1" index="1" bw="32" slack="1"/>
</pin_list>
<bind>
<opset="blk_4 "/>
</bind>
</comp>

<comp id="673" class="1005" name="blk_5_reg_673">
<pin_list>
<pin id="674" dir="0" index="0" bw="32" slack="1"/>
<pin id="675" dir="1" index="1" bw="32" slack="1"/>
</pin_list>
<bind>
<opset="blk_5 "/>
</bind>
</comp>

<comp id="678" class="1005" name="blk_6_reg_678">
<pin_list>
<pin id="679" dir="0" index="0" bw="32" slack="1"/>
<pin id="680" dir="1" index="1" bw="32" slack="1"/>
</pin_list>
<bind>
<opset="blk_6 "/>
</bind>
</comp>

<comp id="683" class="1005" name="blk_7_reg_683">
<pin_list>
<pin id="684" dir="0" index="0" bw="32" slack="1"/>
<pin id="685" dir="1" index="1" bw="32" slack="1"/>
</pin_list>
<bind>
<opset="blk_7 "/>
</bind>
</comp>

<comp id="688" class="1005" name="blk_8_reg_688">
<pin_list>
<pin id="689" dir="0" index="0" bw="32" slack="1"/>
<pin id="690" dir="1" index="1" bw="32" slack="1"/>
</pin_list>
<bind>
<opset="blk_8 "/>
</bind>
</comp>

<comp id="693" class="1005" name="blk_9_reg_693">
<pin_list>
<pin id="694" dir="0" index="0" bw="32" slack="1"/>
<pin id="695" dir="1" index="1" bw="32" slack="1"/>
</pin_list>
<bind>
<opset="blk_9 "/>
</bind>
</comp>

<comp id="698" class="1005" name="blk_15_reg_698">
<pin_list>
<pin id="699" dir="0" index="0" bw="32" slack="1"/>
<pin id="700" dir="1" index="1" bw="32" slack="1"/>
</pin_list>
<bind>
<opset="blk_15 "/>
</bind>
</comp>

<comp id="703" class="1005" name="blk_10_reg_703">
<pin_list>
<pin id="704" dir="0" index="0" bw="32" slack="1"/>
<pin id="705" dir="1" index="1" bw="32" slack="1"/>
</pin_list>
<bind>
<opset="blk_10 "/>
</bind>
</comp>

<comp id="708" class="1005" name="blk_11_reg_708">
<pin_list>
<pin id="709" dir="0" index="0" bw="32" slack="1"/>
<pin id="710" dir="1" index="1" bw="32" slack="1"/>
</pin_list>
<bind>
<opset="blk_11 "/>
</bind>
</comp>

<comp id="713" class="1005" name="blk_12_reg_713">
<pin_list>
<pin id="714" dir="0" index="0" bw="32" slack="1"/>
<pin id="715" dir="1" index="1" bw="32" slack="1"/>
</pin_list>
<bind>
<opset="blk_12 "/>
</bind>
</comp>

<comp id="718" class="1005" name="blk_13_reg_718">
<pin_list>
<pin id="719" dir="0" index="0" bw="32" slack="1"/>
<pin id="720" dir="1" index="1" bw="32" slack="1"/>
</pin_list>
<bind>
<opset="blk_13 "/>
</bind>
</comp>

<comp id="723" class="1005" name="blk_14_reg_723">
<pin_list>
<pin id="724" dir="0" index="0" bw="32" slack="1"/>
<pin id="725" dir="1" index="1" bw="32" slack="1"/>
</pin_list>
<bind>
<opset="blk_14 "/>
</bind>
</comp>

<comp id="776" class="1005" name="e_5_reg_776">
<pin_list>
<pin id="777" dir="0" index="0" bw="1" slack="1"/>
<pin id="778" dir="1" index="1" bw="1" slack="1"/>
</pin_list>
<bind>
<opset="e_5 "/>
</bind>
</comp>

</comp_list>

<net_list>
<net id="123"><net_src comp="8" pin="0"/><net_sink comp="120" pin=0"/></net>

<net id="127"><net_src comp="8" pin="0"/><net_sink comp="124" pin=0"/></net>

<net id="131"><net_src comp="8" pin="0"/><net_sink comp="128" pin=0"/></net>

<net id="135"><net_src comp="8" pin="0"/><net_sink comp="132" pin=0"/></net>

<net id="139"><net_src comp="8" pin="0"/><net_sink comp="136" pin=0"/></net>

<net id="143"><net_src comp="8" pin="0"/><net_sink comp="140" pin=0"/></net>

<net id="147"><net_src comp="8" pin="0"/><net_sink comp="144" pin=0"/></net>

<net id="151"><net_src comp="8" pin="0"/><net_sink comp="148" pin=0"/></net>

<net id="155"><net_src comp="8" pin="0"/><net_sink comp="152" pin=0"/></net>

<net id="159"><net_src comp="8" pin="0"/><net_sink comp="156" pin=0"/></net>

<net id="163"><net_src comp="8" pin="0"/><net_sink comp="160" pin=0"/></net>

<net id="167"><net_src comp="8" pin="0"/><net_sink comp="164" pin=0"/></net>

<net id="171"><net_src comp="8" pin="0"/><net_sink comp="168" pin=0"/></net>

<net id="175"><net_src comp="8" pin="0"/><net_sink comp="172" pin=0"/></net>

<net id="179"><net_src comp="8" pin="0"/><net_sink comp="176" pin=0"/></net>

<net id="183"><net_src comp="8" pin="0"/><net_sink comp="180" pin=0"/></net>

<net id="188"><net_src comp="10" pin="0"/><net_sink comp="184" pin=0"/></net>

<net id="189"><net_src comp="4" pin="0"/><net_sink comp="184" pin=1"/></net>

<net id="194"><net_src comp="34" pin="0"/><net_sink comp="190" pin=0"/></net>

<net id="195"><net_src comp="2" pin="0"/><net_sink comp="190" pin=1"/></net>

<net id="200"><net_src comp="38" pin="0"/><net_sink comp="196" pin=0"/></net>

<net id="201"><net_src comp="0" pin="0"/><net_sink comp="196" pin=1"/></net>

<net id="214"><net_src comp="36" pin="0"/><net_sink comp="211" pin=0"/></net>

<net id="221"><net_src comp="211" pin="1"/><net_sink comp="215" pin=0"/></net>

<net id="222"><net_src comp="215" pin="4"/><net_sink comp="211" pin=0"/></net>

<net id="259"><net_src comp="104" pin="0"/><net_sink comp="223" pin=0"/></net>

<net id="260"><net_src comp="6" pin="0"/><net_sink comp="223" pin=1"/></net>

<net id="281"><net_src comp="106" pin="0"/><net_sink comp="261" pin=0"/></net>

<net id="282"><net_src comp="6" pin="0"/><net_sink comp="261" pin=17"/></net>

<net id="287"><net_src comp="215" pin="4"/><net_sink comp="283" pin=0"/></net>

<net id="292"><net_src comp="215" pin="4"/><net_sink comp="288" pin=0"/></net>

<net id="293"><net_src comp="8" pin="0"/><net_sink comp="288" pin=1"/></net>

<net id="297"><net_src comp="196" pin="2"/><net_sink comp="294" pin=0"/></net>

<net id="304"><net_src comp="40" pin="0"/><net_sink comp="298" pin=0"/></net>

<net id="305"><net_src comp="196" pin="2"/><net_sink comp="298" pin=1"/></net>

<net id="306"><net_src comp="42" pin="0"/><net_sink comp="298" pin=2"/></net>

<net id="307"><net_src comp="44" pin="0"/><net_sink comp="298" pin=3"/></net>

<net id="314"><net_src comp="40" pin="0"/><net_sink comp="308" pin=0"/></net>

<net id="315"><net_src comp="196" pin="2"/><net_sink comp="308" pin=1"/></net>

<net id="316"><net_src comp="46" pin="0"/><net_sink comp="308" pin=2"/></net>

<net id="317"><net_src comp="48" pin="0"/><net_sink comp="308" pin=3"/></net>

<net id="324"><net_src comp="40" pin="0"/><net_sink comp="318" pin=0"/></net>

<net id="325"><net_src comp="196" pin="2"/><net_sink comp="318" pin=1"/></net>

<net id="326"><net_src comp="50" pin="0"/><net_sink comp="318" pin=2"/></net>

<net id="327"><net_src comp="52" pin="0"/><net_sink comp="318" pin=3"/></net>

<net id="334"><net_src comp="40" pin="0"/><net_sink comp="328" pin=0"/></net>

<net id="335"><net_src comp="196" pin="2"/><net_sink comp="328" pin=1"/></net>

<net id="336"><net_src comp="54" pin="0"/><net_sink comp="328" pin=2"/></net>

<net id="337"><net_src comp="56" pin="0"/><net_sink comp="328" pin=3"/></net>

<net id="344"><net_src comp="40" pin="0"/><net_sink comp="338" pin=0"/></net>

<net id="345"><net_src comp="196" pin="2"/><net_sink comp="338" pin=1"/></net>

<net id="346"><net_src comp="58" pin="0"/><net_sink comp="338" pin=2"/></net>

<net id="347"><net_src comp="60" pin="0"/><net_sink comp="338" pin=3"/></net>

<net id="354"><net_src comp="40" pin="0"/><net_sink comp="348" pin=0"/></net>

<net id="355"><net_src comp="196" pin="2"/><net_sink comp="348" pin=1"/></net>

<net id="356"><net_src comp="62" pin="0"/><net_sink comp="348" pin=2"/></net>

<net id="357"><net_src comp="64" pin="0"/><net_sink comp="348" pin=3"/></net>

<net id="364"><net_src comp="40" pin="0"/><net_sink comp="358" pin=0"/></net>

<net id="365"><net_src comp="196" pin="2"/><net_sink comp="358" pin=1"/></net>

<net id="366"><net_src comp="66" pin="0"/><net_sink comp="358" pin=2"/></net>

<net id="367"><net_src comp="68" pin="0"/><net_sink comp="358" pin=3"/></net>

<net id="374"><net_src comp="40" pin="0"/><net_sink comp="368" pin=0"/></net>

<net id="375"><net_src comp="196" pin="2"/><net_sink comp="368" pin=1"/></net>

<net id="376"><net_src comp="70" pin="0"/><net_sink comp="368" pin=2"/></net>

<net id="377"><net_src comp="72" pin="0"/><net_sink comp="368" pin=3"/></net>

<net id="384"><net_src comp="40" pin="0"/><net_sink comp="378" pin=0"/></net>

<net id="385"><net_src comp="196" pin="2"/><net_sink comp="378" pin=1"/></net>

<net id="386"><net_src comp="74" pin="0"/><net_sink comp="378" pin=2"/></net>

<net id="387"><net_src comp="76" pin="0"/><net_sink comp="378" pin=3"/></net>

<net id="394"><net_src comp="40" pin="0"/><net_sink comp="388" pin=0"/></net>

<net id="395"><net_src comp="196" pin="2"/><net_sink comp="388" pin=1"/></net>

<net id="396"><net_src comp="78" pin="0"/><net_sink comp="388" pin=2"/></net>

<net id="397"><net_src comp="80" pin="0"/><net_sink comp="388" pin=3"/></net>

<net id="404"><net_src comp="40" pin="0"/><net_sink comp="398" pin=0"/></net>

<net id="405"><net_src comp="196" pin="2"/><net_sink comp="398" pin=1"/></net>

<net id="406"><net_src comp="82" pin="0"/><net_sink comp="398" pin=2"/></net>

<net id="407"><net_src comp="84" pin="0"/><net_sink comp="398" pin=3"/></net>

<net id="414"><net_src comp="40" pin="0"/><net_sink comp="408" pin=0"/></net>

<net id="415"><net_src comp="196" pin="2"/><net_sink comp="408" pin=1"/></net>

<net id="416"><net_src comp="86" pin="0"/><net_sink comp="408" pin=2"/></net>

<net id="417"><net_src comp="88" pin="0"/><net_sink comp="408" pin=3"/></net>

<net id="424"><net_src comp="40" pin="0"/><net_sink comp="418" pin=0"/></net>

<net id="425"><net_src comp="196" pin="2"/><net_sink comp="418" pin=1"/></net>

<net id="426"><net_src comp="90" pin="0"/><net_sink comp="418" pin=2"/></net>

<net id="427"><net_src comp="92" pin="0"/><net_sink comp="418" pin=3"/></net>

<net id="434"><net_src comp="40" pin="0"/><net_sink comp="428" pin=0"/></net>

<net id="435"><net_src comp="196" pin="2"/><net_sink comp="428" pin=1"/></net>

<net id="436"><net_src comp="94" pin="0"/><net_sink comp="428" pin=2"/></net>

<net id="437"><net_src comp="96" pin="0"/><net_sink comp="428" pin=3"/></net>

<net id="444"><net_src comp="40" pin="0"/><net_sink comp="438" pin=0"/></net>

<net id="445"><net_src comp="196" pin="2"/><net_sink comp="438" pin=1"/></net>

<net id="446"><net_src comp="98" pin="0"/><net_sink comp="438" pin=2"/></net>

<net id="447"><net_src comp="100" pin="0"/><net_sink comp="438" pin=3"/></net>

<net id="454"><net_src comp="102" pin="0"/><net_sink comp="448" pin=0"/></net>

<net id="455"><net_src comp="0" pin="0"/><net_sink comp="448" pin=1"/></net>

<net id="456"><net_src comp="28" pin="0"/><net_sink comp="448" pin=2"/></net>

<net id="457"><net_src comp="6" pin="0"/><net_sink comp="448" pin=3"/></net>

<net id="461"><net_src comp="458" pin="1"/><net_sink comp="261" pin=13"/></net>

<net id="465"><net_src comp="462" pin="1"/><net_sink comp="261" pin=14"/></net>

<net id="469"><net_src comp="466" pin="1"/><net_sink comp="261" pin=12"/></net>

<net id="473"><net_src comp="470" pin="1"/><net_sink comp="261" pin=11"/></net>

<net id="477"><net_src comp="474" pin="1"/><net_sink comp="261" pin=10"/></net>

<net id="481"><net_src comp="478" pin="1"/><net_sink comp="261" pin=9"/></net>

<net id="485"><net_src comp="482" pin="1"/><net_sink comp="261" pin=8"/></net>

<net id="489"><net_src comp="486" pin="1"/><net_sink comp="261" pin=7"/></net>

<net id="493"><net_src comp="490" pin="1"/><net_sink comp="261" pin=6"/></net>

<net id="497"><net_src comp="494" pin="1"/><net_sink comp="261" pin=15"/></net>

<net id="501"><net_src comp="498" pin="1"/><net_sink comp="261" pin=5"/></net>

<net id="505"><net_src comp="502" pin="1"/><net_sink comp="261" pin=4"/></net>

<net id="509"><net_src comp="506" pin="1"/><net_sink comp="261" pin=3"/></net>

<net id="513"><net_src comp="510" pin="1"/><net_sink comp="261" pin=2"/></net>

<net id="517"><net_src comp="514" pin="1"/><net_sink comp="261" pin=16"/></net>

<net id="521"><net_src comp="518" pin="1"/><net_sink comp="261" pin=1"/></net>

<net id="529"><net_src comp="102" pin="0"/><net_sink comp="522" pin=0"/></net>

<net id="530"><net_src comp="0" pin="0"/><net_sink comp="522" pin=1"/></net>

<net id="531"><net_src comp="6" pin="0"/><net_sink comp="522" pin=2"/></net>

<net id="532"><net_src comp="28" pin="0"/><net_sink comp="522" pin=3"/></net>

<net id="533"><net_src comp="6" pin="0"/><net_sink comp="522" pin=4"/></net>

<net id="537"><net_src comp="120" pin="1"/><net_sink comp="534" pin=0"/></net>

<net id="538"><net_src comp="534" pin="1"/><net_sink comp="223" pin=33"/></net>

<net id="539"><net_src comp="534" pin="1"/><net_sink comp="518" pin=0"/></net>

<net id="543"><net_src comp="124" pin="1"/><net_sink comp="540" pin=0"/></net>

<net id="544"><net_src comp="540" pin="1"/><net_sink comp="223" pin=32"/></net>

<net id="545"><net_src comp="540" pin="1"/><net_sink comp="514" pin=0"/></net>

<net id="549"><net_src comp="128" pin="1"/><net_sink comp="546" pin=0"/></net>

<net id="550"><net_src comp="546" pin="1"/><net_sink comp="223" pin=31"/></net>

<net id="551"><net_src comp="546" pin="1"/><net_sink comp="510" pin=0"/></net>

<net id="555"><net_src comp="132" pin="1"/><net_sink comp="552" pin=0"/></net>

<net id="556"><net_src comp="552" pin="1"/><net_sink comp="223" pin=30"/></net>

<net id="557"><net_src comp="552" pin="1"/><net_sink comp="506" pin=0"/></net>

<net id="561"><net_src comp="136" pin="1"/><net_sink comp="558" pin=0"/></net>

<net id="562"><net_src comp="558" pin="1"/><net_sink comp="223" pin=29"/></net>

<net id="563"><net_src comp="558" pin="1"/><net_sink comp="502" pin=0"/></net>

<net id="567"><net_src comp="140" pin="1"/><net_sink comp="564" pin=0"/></net>

<net id="568"><net_src comp="564" pin="1"/><net_sink comp="223" pin=28"/></net>

<net id="569"><net_src comp="564" pin="1"/><net_sink comp="498" pin=0"/></net>

<net id="573"><net_src comp="144" pin="1"/><net_sink comp="570" pin=0"/></net>

<net id="574"><net_src comp="570" pin="1"/><net_sink comp="223" pin=27"/></net>

<net id="575"><net_src comp="570" pin="1"/><net_sink comp="494" pin=0"/></net>

<net id="579"><net_src comp="148" pin="1"/><net_sink comp="576" pin=0"/></net>

<net id="580"><net_src comp="576" pin="1"/><net_sink comp="223" pin=26"/></net>

<net id="581"><net_src comp="576" pin="1"/><net_sink comp="490" pin=0"/></net>

<net id="585"><net_src comp="152" pin="1"/><net_sink comp="582" pin=0"/></net>

<net id="586"><net_src comp="582" pin="1"/><net_sink comp="223" pin=25"/></net>

<net id="587"><net_src comp="582" pin="1"/><net_sink comp="486" pin=0"/></net>

<net id="591"><net_src comp="156" pin="1"/><net_sink comp="588" pin=0"/></net>

<net id="592"><net_src comp="588" pin="1"/><net_sink comp="223" pin=24"/></net>

<net id="593"><net_src comp="588" pin="1"/><net_sink comp="482" pin=0"/></net>

<net id="597"><net_src comp="160" pin="1"/><net_sink comp="594" pin=0"/></net>

<net id="598"><net_src comp="594" pin="1"/><net_sink comp="223" pin=23"/></net>

<net id="599"><net_src comp="594" pin="1"/><net_sink comp="478" pin=0"/></net>

<net id="603"><net_src comp="164" pin="1"/><net_sink comp="600" pin=0"/></net>

<net id="604"><net_src comp="600" pin="1"/><net_sink comp="223" pin=22"/></net>

<net id="605"><net_src comp="600" pin="1"/><net_sink comp="474" pin=0"/></net>

<net id="609"><net_src comp="168" pin="1"/><net_sink comp="606" pin=0"/></net>

<net id="610"><net_src comp="606" pin="1"/><net_sink comp="223" pin=21"/></net>

<net id="611"><net_src comp="606" pin="1"/><net_sink comp="470" pin=0"/></net>

<net id="615"><net_src comp="172" pin="1"/><net_sink comp="612" pin=0"/></net>

<net id="616"><net_src comp="612" pin="1"/><net_sink comp="223" pin=20"/></net>

<net id="617"><net_src comp="612" pin="1"/><net_sink comp="466" pin=0"/></net>

<net id="621"><net_src comp="176" pin="1"/><net_sink comp="618" pin=0"/></net>

<net id="622"><net_src comp="618" pin="1"/><net_sink comp="223" pin=19"/></net>

<net id="623"><net_src comp="618" pin="1"/><net_sink comp="462" pin=0"/></net>

<net id="627"><net_src comp="180" pin="1"/><net_sink comp="624" pin=0"/></net>

<net id="628"><net_src comp="624" pin="1"/><net_sink comp="223" pin=18"/></net>

<net id="629"><net_src comp="624" pin="1"/><net_sink comp="458" pin=0"/></net>

<net id="633"><net_src comp="184" pin="2"/><net_sink comp="630" pin=0"/></net>

<net id="634"><net_src comp="630" pin="1"/><net_sink comp="205" pin=0"/></net>

<net id="638"><net_src comp="190" pin="2"/><net_sink comp="635" pin=0"/></net>

<net id="639"><net_src comp="635" pin="1"/><net_sink comp="283" pin=1"/></net>

<net id="646"><net_src comp="288" pin="2"/><net_sink comp="643" pin=0"/></net>

<net id="647"><net_src comp="643" pin="1"/><net_sink comp="215" pin=2"/></net>

<net id="651"><net_src comp="294" pin="1"/><net_sink comp="648" pin=0"/></net>

<net id="652"><net_src comp="648" pin="1"/><net_sink comp="223" pin=2"/></net>

<net id="656"><net_src comp="298" pin="4"/><net_sink comp="653" pin=0"/></net>

<net id="657"><net_src comp="653" pin="1"/><net_sink comp="223" pin=3"/></net>

<net id="661"><net_src comp="308" pin="4"/><net_sink comp="658" pin=0"/></net>

<net id="662"><net_src comp="658" pin="1"/><net_sink comp="223" pin=4"/></net>

<net id="666"><net_src comp="318" pin="4"/><net_sink comp="663" pin=0"/></net>

<net id="667"><net_src comp="663" pin="1"/><net_sink comp="223" pin=5"/></net>

<net id="671"><net_src comp="328" pin="4"/><net_sink comp="668" pin=0"/></net>

<net id="672"><net_src comp="668" pin="1"/><net_sink comp="223" pin=6"/></net>

<net id="676"><net_src comp="338" pin="4"/><net_sink comp="673" pin=0"/></net>

<net id="677"><net_src comp="673" pin="1"/><net_sink comp="223" pin=7"/></net>

<net id="681"><net_src comp="348" pin="4"/><net_sink comp="678" pin=0"/></net>

<net id="682"><net_src comp="678" pin="1"/><net_sink comp="223" pin=8"/></net>

<net id="686"><net_src comp="358" pin="4"/><net_sink comp="683" pin=0"/></net>

<net id="687"><net_src comp="683" pin="1"/><net_sink comp="223" pin=9"/></net>

<net id="691"><net_src comp="368" pin="4"/><net_sink comp="688" pin=0"/></net>

<net id="692"><net_src comp="688" pin="1"/><net_sink comp="223" pin=10"/></net>

<net id="696"><net_src comp="378" pin="4"/><net_sink comp="693" pin=0"/></net>

<net id="697"><net_src comp="693" pin="1"/><net_sink comp="223" pin=11"/></net>

<net id="701"><net_src comp="388" pin="4"/><net_sink comp="698" pin=0"/></net>

<net id="702"><net_src comp="698" pin="1"/><net_sink comp="223" pin=12"/></net>

<net id="706"><net_src comp="398" pin="4"/><net_sink comp="703" pin=0"/></net>

<net id="707"><net_src comp="703" pin="1"/><net_sink comp="223" pin=13"/></net>

<net id="711"><net_src comp="408" pin="4"/><net_sink comp="708" pin=0"/></net>

<net id="712"><net_src comp="708" pin="1"/><net_sink comp="223" pin=14"/></net>

<net id="716"><net_src comp="418" pin="4"/><net_sink comp="713" pin=0"/></net>

<net id="717"><net_src comp="713" pin="1"/><net_sink comp="223" pin=15"/></net>

<net id="721"><net_src comp="428" pin="4"/><net_sink comp="718" pin=0"/></net>

<net id="722"><net_src comp="718" pin="1"/><net_sink comp="223" pin=16"/></net>

<net id="726"><net_src comp="438" pin="4"/><net_sink comp="723" pin=0"/></net>

<net id="727"><net_src comp="723" pin="1"/><net_sink comp="223" pin=17"/></net>

<net id="779"><net_src comp="184" pin="2"/><net_sink comp="776" pin=0"/></net>

<net id="780"><net_src comp="776" pin="1"/><net_sink comp="205" pin=2"/></net>

</net_list>

</model> 
---------------- Datapath Model END ------------------

* FSMD analyzer results:
  - Output states:
	Port: w_strm | {8 9 10 11 }
 - Input state : 
	Port: generateMsgSchedule : blk_strm | {7 }
	Port: generateMsgSchedule : nblk_strm1 | {3 }
	Port: generateMsgSchedule : end_nblk_strm1 | {1 12 }
  - Chain level:
	State 1
	State 2
	State 3
		br_ln528 : 1
	State 4
		icmp_ln530 : 1
		i : 1
	State 5
	State 6
		br_ln530 : 1
	State 7
	State 8
	State 9
	State 10
		call_ln0 : 1
	State 11
		rend : 1
	State 12


============================================================
+ Verbose Summary: Datapath Resource usage 
============================================================

* Functional unit list:
|----------|------------------------------------------------------------------|---------|---------|---------|---------|
| Operation|                          Functional Unit                         |   DSP   |  Delay  |    FF   |   LUT   |
|----------|------------------------------------------------------------------|---------|---------|---------|---------|
|   call   | grp_generateMsgSchedule_Pipeline_LOOP_SHA256_PREPARE_WT16_fu_223 |    0    |    0    |   1033  |    91   |
|          | grp_generateMsgSchedule_Pipeline_LOOP_SHA256_PREPARE_WT64_fu_261 |    1    |  6.352  |   944   |   264   |
|----------|------------------------------------------------------------------|---------|---------|---------|---------|
|   icmp   |                            grp_fu_283                            |    0    |    0    |   389   |    66   |
|----------|------------------------------------------------------------------|---------|---------|---------|---------|
|    add   |                            grp_fu_288                            |    0    |    0    |   389   |    66   |
|----------|------------------------------------------------------------------|---------|---------|---------|---------|
|          |                          grp_read_fu_184                         |    0    |    0    |    0    |    0    |
|   read   |                           n_read_fu_190                          |    0    |    0    |    0    |    0    |
|          |                     blk_strm_read_read_fu_196                    |    0    |    0    |    0    |    0    |
|----------|------------------------------------------------------------------|---------|---------|---------|---------|
|   trunc  |                            blk_fu_294                            |    0    |    0    |    0    |    0    |
|----------|------------------------------------------------------------------|---------|---------|---------|---------|
|          |                           blk_1_fu_298                           |    0    |    0    |    0    |    0    |
|          |                           blk_2_fu_308                           |    0    |    0    |    0    |    0    |
|          |                           blk_3_fu_318                           |    0    |    0    |    0    |    0    |
|          |                           blk_4_fu_328                           |    0    |    0    |    0    |    0    |
|          |                           blk_5_fu_338                           |    0    |    0    |    0    |    0    |
|          |                           blk_6_fu_348                           |    0    |    0    |    0    |    0    |
|          |                           blk_7_fu_358                           |    0    |    0    |    0    |    0    |
|partselect|                           blk_8_fu_368                           |    0    |    0    |    0    |    0    |
|          |                           blk_9_fu_378                           |    0    |    0    |    0    |    0    |
|          |                           blk_15_fu_388                          |    0    |    0    |    0    |    0    |
|          |                           blk_10_fu_398                          |    0    |    0    |    0    |    0    |
|          |                           blk_11_fu_408                          |    0    |    0    |    0    |    0    |
|          |                           blk_12_fu_418                          |    0    |    0    |    0    |    0    |
|          |                           blk_13_fu_428                          |    0    |    0    |    0    |    0    |
|          |                           blk_14_fu_438                          |    0    |    0    |    0    |    0    |
|----------|------------------------------------------------------------------|---------|---------|---------|---------|
|   fence  |                        fence_ln541_fu_448                        |    0    |    0    |    0    |    0    |
|          |                        fence_ln549_fu_522                        |    0    |    0    |    0    |    0    |
|----------|------------------------------------------------------------------|---------|---------|---------|---------|
|   Total  |                                                                  |    1    |  6.352  |   2755  |   487   |
|----------|------------------------------------------------------------------|---------|---------|---------|---------|

Memories:
N/A

* Register list:
+----------------+--------+
|                |   FF   |
+----------------+--------+
|W_10_loc_reg_594|   32   |
|W_11_loc_reg_600|   32   |
|W_12_loc_reg_606|   32   |
|W_13_loc_reg_612|   32   |
|W_14_loc_reg_618|   32   |
|W_15_loc_reg_624|   32   |
| W_1_loc_reg_540|   32   |
| W_2_loc_reg_546|   32   |
| W_3_loc_reg_552|   32   |
| W_4_loc_reg_558|   32   |
| W_5_loc_reg_564|   32   |
| W_6_loc_reg_570|   32   |
| W_7_loc_reg_576|   32   |
| W_8_loc_reg_582|   32   |
| W_9_loc_reg_588|   32   |
|  W_loc_reg_534 |   32   |
| blk_10_reg_703 |   32   |
| blk_11_reg_708 |   32   |
| blk_12_reg_713 |   32   |
| blk_13_reg_718 |   32   |
| blk_14_reg_723 |   32   |
| blk_15_reg_698 |   32   |
|  blk_1_reg_653 |   32   |
|  blk_2_reg_658 |   32   |
|  blk_3_reg_663 |   32   |
|  blk_4_reg_668 |   32   |
|  blk_5_reg_673 |   32   |
|  blk_6_reg_678 |   32   |
|  blk_7_reg_683 |   32   |
|  blk_8_reg_688 |   32   |
|  blk_9_reg_693 |   32   |
|   blk_reg_648  |   32   |
|   e_4_reg_202  |    1   |
|   e_5_reg_776  |    1   |
|    e_reg_630   |    1   |
|   i_5_reg_211  |   64   |
|    i_reg_643   |   64   |
|    n_reg_635   |   64   |
+----------------+--------+
|      Total     |  1219  |
+----------------+--------+

* Multiplexer (MUX) list: 
|-------------|------|------|------|--------||---------||---------||---------|
|     Comp    |  Pin | Size |  BW  | S x BW ||  Delay  ||    FF   ||   LUT   |
|-------------|------|------|------|--------||---------||---------||---------|
| i_5_reg_211 |  p0  |   2  |  64  |   128  ||    0    ||    9    |
|-------------|------|------|------|--------||---------||---------||---------|
|    Total    |      |      |      |   128  ||  1.588  ||    0    ||    9    |
|-------------|------|------|------|--------||---------||---------||---------|



* Summary:
+-----------+--------+--------+--------+--------+
|           |   DSP  |  Delay |   FF   |   LUT  |
+-----------+--------+--------+--------+--------+
|  Function |    1   |    6   |  2755  |   487  |
|   Memory  |    -   |    -   |    -   |    -   |
|Multiplexer|    -   |    1   |    0   |    9   |
|  Register |    -   |    -   |  1219  |    -   |
+-----------+--------+--------+--------+--------+
|   Total   |    1   |    7   |  3974  |   496  |
+-----------+--------+--------+--------+--------+
