

================================================================
== Vitis HLS Report for 'generateMsgSchedule_Pipeline_LOOP_SHA256_PREPARE_WT16'
================================================================
* Date:           Tue Oct 21 20:19:05 2025

* Version:        2024.2 (Build 5238294 on Nov  8 2024)
* Project:        hmac_sha256_test.prj
* Solution:       solution1 (Vivado IP Flow Target)
* Product family: zynq
* Target device:  xc7z020-clg484-1


================================================================
== Performance Estimates
================================================================
+ Timing: 
    * Summary: 
    +--------+----------+----------+------------+
    |  Clock |  Target  | Estimated| Uncertainty|
    +--------+----------+----------+------------+
    |ap_clk  |  15.00 ns|  4.956 ns|     1.50 ns|
    +--------+----------+----------+------------+

+ Latency: 
    * Summary: 
    +---------+---------+----------+----------+-----+-----+------------------------------------------------+
    |  Latency (cycles) |  Latency (absolute) |  Interval |                    Pipeline                    |
    |   min   |   max   |    min   |    max   | min | max |                      Type                      |
    +---------+---------+----------+----------+-----+-----+------------------------------------------------+
    |       18|       18|  0.270 us|  0.270 us|   17|   17|  loop auto-rewind stp (delay=0 clock cycles(s))|
    +---------+---------+----------+----------+-----+-----+------------------------------------------------+

    + Detail: 
        * Instance: 
        N/A

        * Loop: 
        +----------------------------+---------+---------+----------+-----------+-----------+------+----------+
        |                            |  Latency (cycles) | Iteration|  Initiation Interval  | Trip |          |
        |          Loop Name         |   min   |   max   |  Latency |  achieved |   target  | Count| Pipelined|
        +----------------------------+---------+---------+----------+-----------+-----------+------+----------+
        |- LOOP_SHA256_PREPARE_WT16  |       16|       16|         2|          1|          1|    16|       yes|
        +----------------------------+---------+---------+----------+-----------+-----------+------+----------+



================================================================
== Utilization Estimates
================================================================
* Summary: 
+-----------------+---------+-----+--------+-------+-----+
|       Name      | BRAM_18K| DSP |   FF   |  LUT  | URAM|
+-----------------+---------+-----+--------+-------+-----+
|DSP              |        -|    -|       -|      -|    -|
|Expression       |        -|    -|       0|     31|    -|
|FIFO             |        -|    -|       -|      -|    -|
|Instance         |        -|    -|       0|     65|    -|
|Memory           |        -|    -|       -|      -|    -|
|Multiplexer      |        -|    -|       0|     45|    -|
|Register         |        -|    -|     552|      -|    -|
+-----------------+---------+-----+--------+-------+-----+
|Total            |        0|    0|     552|    141|    0|
+-----------------+---------+-----+--------+-------+-----+
|Available        |      280|  220|  106400|  53200|    0|
+-----------------+---------+-----+--------+-------+-----+
|Utilization (%)  |        0|    0|      ~0|     ~0|    0|
+-----------------+---------+-----+--------+-------+-----+

+ Detail: 
    * Instance: 
    +---------------------------+-----------------------+---------+----+---+----+-----+
    |          Instance         |         Module        | BRAM_18K| DSP| FF| LUT| URAM|
    +---------------------------+-----------------------+---------+----+---+----+-----+
    |sparsemux_33_4_32_1_1_U61  |sparsemux_33_4_32_1_1  |        0|   0|  0|  65|    0|
    +---------------------------+-----------------------+---------+----+---+----+-----+
    |Total                      |                       |        0|   0|  0|  65|    0|
    +---------------------------+-----------------------+---------+----+---+----+-----+

    * DSP: 
    N/A

    * Memory: 
    N/A

    * FIFO: 
    N/A

    * Expression: 
    +---------------------------+----------+----+---+----+------------+------------+
    |       Variable Name       | Operation| DSP| FF| LUT| Bitwidth P0| Bitwidth P1|
    +---------------------------+----------+----+---+----+------------+------------+
    |add_ln541_fu_441_p2        |         +|   0|  0|  13|           5|           1|
    |ap_block_pp0_stage0_01001  |       and|   0|  0|   2|           1|           1|
    |icmp_ln541_fu_435_p2       |      icmp|   0|  0|  14|           5|           6|
    |ap_enable_pp0              |       xor|   0|  0|   2|           1|           2|
    +---------------------------+----------+----+---+----+------------+------------+
    |Total                      |          |   0|  0|  31|          12|          10|
    +---------------------------+----------+----+---+----+------------+------------+

    * Multiplexer: 
    +-------------------------+----+-----------+-----+-----------+
    |           Name          | LUT| Input Size| Bits| Total Bits|
    +-------------------------+----+-----------+-----+-----------+
    |ap_done_int              |   9|          2|    1|          2|
    |ap_enable_reg_pp0_iter1  |   9|          2|    1|          2|
    |ap_sig_allocacmp_t_4     |   9|          2|    5|         10|
    |t_fu_144                 |   9|          2|    5|         10|
    |w_strm_blk_n             |   9|          2|    1|          2|
    +-------------------------+----+-----------+-----+-----------+
    |Total                    |  45|         10|   13|         26|
    +-------------------------+----+-----------+-----+-----------+

    * Register: 
    +-------------------------+----+----+-----+-----------+
    |           Name          | FF | LUT| Bits| Const Bits|
    +-------------------------+----+----+-----+-----------+
    |W_10_fu_188              |  32|   0|   32|          0|
    |W_11_fu_192              |  32|   0|   32|          0|
    |W_12_fu_196              |  32|   0|   32|          0|
    |W_13_fu_200              |  32|   0|   32|          0|
    |W_14_fu_204              |  32|   0|   32|          0|
    |W_15_fu_208              |  32|   0|   32|          0|
    |W_1_fu_152               |  32|   0|   32|          0|
    |W_2_fu_156               |  32|   0|   32|          0|
    |W_3_fu_160               |  32|   0|   32|          0|
    |W_4_fu_164               |  32|   0|   32|          0|
    |W_5_fu_168               |  32|   0|   32|          0|
    |W_6_fu_172               |  32|   0|   32|          0|
    |W_7_fu_176               |  32|   0|   32|          0|
    |W_8_fu_180               |  32|   0|   32|          0|
    |W_9_fu_184               |  32|   0|   32|          0|
    |W_fu_148                 |  32|   0|   32|          0|
    |Wt_reg_781               |  32|   0|   32|          0|
    |ap_CS_fsm                |   1|   0|    1|          0|
    |ap_done_reg              |   1|   0|    1|          0|
    |ap_enable_reg_pp0_iter1  |   1|   0|    1|          0|
    |t_fu_144                 |   5|   0|    5|          0|
    +-------------------------+----+----+-----+-----------+
    |Total                    | 552|   0|  552|          0|
    +-------------------------+----+----+-----+-----------+



================================================================
== Interface
================================================================
* Summary: 
+-----------------------+-----+-----+------------+-------------------------------------------------------+--------------+
|       RTL Ports       | Dir | Bits|  Protocol  |                     Source Object                     |    C Type    |
+-----------------------+-----+-----+------------+-------------------------------------------------------+--------------+
|ap_clk                 |   in|    1|  ap_ctrl_hs|  generateMsgSchedule_Pipeline_LOOP_SHA256_PREPARE_WT16|  return value|
|ap_rst                 |   in|    1|  ap_ctrl_hs|  generateMsgSchedule_Pipeline_LOOP_SHA256_PREPARE_WT16|  return value|
|ap_start               |   in|    1|  ap_ctrl_hs|  generateMsgSchedule_Pipeline_LOOP_SHA256_PREPARE_WT16|  return value|
|ap_done                |  out|    1|  ap_ctrl_hs|  generateMsgSchedule_Pipeline_LOOP_SHA256_PREPARE_WT16|  return value|
|ap_idle                |  out|    1|  ap_ctrl_hs|  generateMsgSchedule_Pipeline_LOOP_SHA256_PREPARE_WT16|  return value|
|ap_ready               |  out|    1|  ap_ctrl_hs|  generateMsgSchedule_Pipeline_LOOP_SHA256_PREPARE_WT16|  return value|
|w_strm_din             |  out|   32|     ap_fifo|                                                 w_strm|       pointer|
|w_strm_full_n          |   in|    1|     ap_fifo|                                                 w_strm|       pointer|
|w_strm_write           |  out|    1|     ap_fifo|                                                 w_strm|       pointer|
|w_strm_num_data_valid  |   in|   32|     ap_fifo|                                                 w_strm|       pointer|
|w_strm_fifo_cap        |   in|   32|     ap_fifo|                                                 w_strm|       pointer|
|empty                  |   in|   32|     ap_none|                                                  empty|        scalar|
|blk_1                  |   in|   32|     ap_none|                                                  blk_1|        scalar|
|blk_2                  |   in|   32|     ap_none|                                                  blk_2|        scalar|
|blk_3                  |   in|   32|     ap_none|                                                  blk_3|        scalar|
|blk_4                  |   in|   32|     ap_none|                                                  blk_4|        scalar|
|blk_5                  |   in|   32|     ap_none|                                                  blk_5|        scalar|
|blk_6                  |   in|   32|     ap_none|                                                  blk_6|        scalar|
|blk_7                  |   in|   32|     ap_none|                                                  blk_7|        scalar|
|blk_8                  |   in|   32|     ap_none|                                                  blk_8|        scalar|
|blk_9                  |   in|   32|     ap_none|                                                  blk_9|        scalar|
|blk_15                 |   in|   32|     ap_none|                                                 blk_15|        scalar|
|blk_10                 |   in|   32|     ap_none|                                                 blk_10|        scalar|
|blk_11                 |   in|   32|     ap_none|                                                 blk_11|        scalar|
|blk_12                 |   in|   32|     ap_none|                                                 blk_12|        scalar|
|blk_13                 |   in|   32|     ap_none|                                                 blk_13|        scalar|
|blk_14                 |   in|   32|     ap_none|                                                 blk_14|        scalar|
|W_15_out               |  out|   32|      ap_vld|                                               W_15_out|       pointer|
|W_15_out_ap_vld        |  out|    1|      ap_vld|                                               W_15_out|       pointer|
|W_14_out               |  out|   32|      ap_vld|                                               W_14_out|       pointer|
|W_14_out_ap_vld        |  out|    1|      ap_vld|                                               W_14_out|       pointer|
|W_13_out               |  out|   32|      ap_vld|                                               W_13_out|       pointer|
|W_13_out_ap_vld        |  out|    1|      ap_vld|                                               W_13_out|       pointer|
|W_12_out               |  out|   32|      ap_vld|                                               W_12_out|       pointer|
|W_12_out_ap_vld        |  out|    1|      ap_vld|                                               W_12_out|       pointer|
|W_11_out               |  out|   32|      ap_vld|                                               W_11_out|       pointer|
|W_11_out_ap_vld        |  out|    1|      ap_vld|                                               W_11_out|       pointer|
|W_10_out               |  out|   32|      ap_vld|                                               W_10_out|       pointer|
|W_10_out_ap_vld        |  out|    1|      ap_vld|                                               W_10_out|       pointer|
|W_9_out                |  out|   32|      ap_vld|                                                W_9_out|       pointer|
|W_9_out_ap_vld         |  out|    1|      ap_vld|                                                W_9_out|       pointer|
|W_8_out                |  out|   32|      ap_vld|                                                W_8_out|       pointer|
|W_8_out_ap_vld         |  out|    1|      ap_vld|                                                W_8_out|       pointer|
|W_7_out                |  out|   32|      ap_vld|                                                W_7_out|       pointer|
|W_7_out_ap_vld         |  out|    1|      ap_vld|                                                W_7_out|       pointer|
|W_6_out                |  out|   32|      ap_vld|                                                W_6_out|       pointer|
|W_6_out_ap_vld         |  out|    1|      ap_vld|                                                W_6_out|       pointer|
|W_5_out                |  out|   32|      ap_vld|                                                W_5_out|       pointer|
|W_5_out_ap_vld         |  out|    1|      ap_vld|                                                W_5_out|       pointer|
|W_4_out                |  out|   32|      ap_vld|                                                W_4_out|       pointer|
|W_4_out_ap_vld         |  out|    1|      ap_vld|                                                W_4_out|       pointer|
|W_3_out                |  out|   32|      ap_vld|                                                W_3_out|       pointer|
|W_3_out_ap_vld         |  out|    1|      ap_vld|                                                W_3_out|       pointer|
|W_2_out                |  out|   32|      ap_vld|                                                W_2_out|       pointer|
|W_2_out_ap_vld         |  out|    1|      ap_vld|                                                W_2_out|       pointer|
|W_1_out                |  out|   32|      ap_vld|                                                W_1_out|       pointer|
|W_1_out_ap_vld         |  out|    1|      ap_vld|                                                W_1_out|       pointer|
|W_out                  |  out|   32|      ap_vld|                                                  W_out|       pointer|
|W_out_ap_vld           |  out|    1|      ap_vld|                                                  W_out|       pointer|
+-----------------------+-----+-----+------------+-------------------------------------------------------+--------------+

============================================================
+ Verbose Summary: Synthesis Manager
============================================================
InlineROM: 1
ExposeGlobal: 0
============================================================
+ Verbose Summary: CDFG Model
============================================================
IsTopModel: 0
ResetActiveHigh: 1
IsCombinational: 2
IsDatapathOnly: 2
HasWiredReturn: 1
HasMFsm: 2
HasVarLatency: 1
IsPipeline: 0
IsRtlPipelined: 0
IsInstanceOverlapped: 0
IsDontTouch: 0
HasImplIP: 0
IsGatedGlobalClock: 0

+ Individual pipeline summary: 
  * Pipeline-0: initiation interval (II) = 1, depth = 2


============================================================
+ Verbose Summary: Schedule
============================================================
* Number of FSM states : 2
* Pipeline : 1
  Pipeline-0 : II = 1, D = 2, States = { 1 2 }
* Dataflow Pipeline: 0

* FSM state transitions: 
1 --> 2 
2 --> 

* FSM state operations: 

State 1 <SV = 0> <Delay = 4.95>
ST_1 : Operation 5 [1/1] (0.00ns)   --->   "%t = alloca i32 1" [D:/hlstrack/hlstrack2025-master/security/L1/tests/hmac/sha256/../../../../L1/include\xf_security/sha224_256.hpp:541]   --->   Operation 5 'alloca' 't' <Predicate = true> <Delay = 0.00>
ST_1 : Operation 6 [1/1] (0.00ns)   --->   "%W = alloca i32 1" [D:/hlstrack/hlstrack2025-master/security/L1/tests/hmac/sha256/../../../../L1/include\xf_security/sha224_256.hpp:537]   --->   Operation 6 'alloca' 'W' <Predicate = true> <Delay = 0.00>
ST_1 : Operation 7 [1/1] (0.00ns)   --->   "%W_1 = alloca i32 1" [D:/hlstrack/hlstrack2025-master/security/L1/tests/hmac/sha256/../../../../L1/include\xf_security/sha224_256.hpp:537]   --->   Operation 7 'alloca' 'W_1' <Predicate = true> <Delay = 0.00>
ST_1 : Operation 8 [1/1] (0.00ns)   --->   "%W_2 = alloca i32 1" [D:/hlstrack/hlstrack2025-master/security/L1/tests/hmac/sha256/../../../../L1/include\xf_security/sha224_256.hpp:537]   --->   Operation 8 'alloca' 'W_2' <Predicate = true> <Delay = 0.00>
ST_1 : Operation 9 [1/1] (0.00ns)   --->   "%W_3 = alloca i32 1" [D:/hlstrack/hlstrack2025-master/security/L1/tests/hmac/sha256/../../../../L1/include\xf_security/sha224_256.hpp:537]   --->   Operation 9 'alloca' 'W_3' <Predicate = true> <Delay = 0.00>
ST_1 : Operation 10 [1/1] (0.00ns)   --->   "%W_4 = alloca i32 1" [D:/hlstrack/hlstrack2025-master/security/L1/tests/hmac/sha256/../../../../L1/include\xf_security/sha224_256.hpp:537]   --->   Operation 10 'alloca' 'W_4' <Predicate = true> <Delay = 0.00>
ST_1 : Operation 11 [1/1] (0.00ns)   --->   "%W_5 = alloca i32 1" [D:/hlstrack/hlstrack2025-master/security/L1/tests/hmac/sha256/../../../../L1/include\xf_security/sha224_256.hpp:537]   --->   Operation 11 'alloca' 'W_5' <Predicate = true> <Delay = 0.00>
ST_1 : Operation 12 [1/1] (0.00ns)   --->   "%W_6 = alloca i32 1" [D:/hlstrack/hlstrack2025-master/security/L1/tests/hmac/sha256/../../../../L1/include\xf_security/sha224_256.hpp:537]   --->   Operation 12 'alloca' 'W_6' <Predicate = true> <Delay = 0.00>
ST_1 : Operation 13 [1/1] (0.00ns)   --->   "%W_7 = alloca i32 1" [D:/hlstrack/hlstrack2025-master/security/L1/tests/hmac/sha256/../../../../L1/include\xf_security/sha224_256.hpp:537]   --->   Operation 13 'alloca' 'W_7' <Predicate = true> <Delay = 0.00>
ST_1 : Operation 14 [1/1] (0.00ns)   --->   "%W_8 = alloca i32 1" [D:/hlstrack/hlstrack2025-master/security/L1/tests/hmac/sha256/../../../../L1/include\xf_security/sha224_256.hpp:537]   --->   Operation 14 'alloca' 'W_8' <Predicate = true> <Delay = 0.00>
ST_1 : Operation 15 [1/1] (0.00ns)   --->   "%W_9 = alloca i32 1" [D:/hlstrack/hlstrack2025-master/security/L1/tests/hmac/sha256/../../../../L1/include\xf_security/sha224_256.hpp:537]   --->   Operation 15 'alloca' 'W_9' <Predicate = true> <Delay = 0.00>
ST_1 : Operation 16 [1/1] (0.00ns)   --->   "%W_10 = alloca i32 1" [D:/hlstrack/hlstrack2025-master/security/L1/tests/hmac/sha256/../../../../L1/include\xf_security/sha224_256.hpp:537]   --->   Operation 16 'alloca' 'W_10' <Predicate = true> <Delay = 0.00>
ST_1 : Operation 17 [1/1] (0.00ns)   --->   "%W_11 = alloca i32 1" [D:/hlstrack/hlstrack2025-master/security/L1/tests/hmac/sha256/../../../../L1/include\xf_security/sha224_256.hpp:537]   --->   Operation 17 'alloca' 'W_11' <Predicate = true> <Delay = 0.00>
ST_1 : Operation 18 [1/1] (0.00ns)   --->   "%W_12 = alloca i32 1" [D:/hlstrack/hlstrack2025-master/security/L1/tests/hmac/sha256/../../../../L1/include\xf_security/sha224_256.hpp:537]   --->   Operation 18 'alloca' 'W_12' <Predicate = true> <Delay = 0.00>
ST_1 : Operation 19 [1/1] (0.00ns)   --->   "%W_13 = alloca i32 1" [D:/hlstrack/hlstrack2025-master/security/L1/tests/hmac/sha256/../../../../L1/include\xf_security/sha224_256.hpp:537]   --->   Operation 19 'alloca' 'W_13' <Predicate = true> <Delay = 0.00>
ST_1 : Operation 20 [1/1] (0.00ns)   --->   "%W_14 = alloca i32 1" [D:/hlstrack/hlstrack2025-master/security/L1/tests/hmac/sha256/../../../../L1/include\xf_security/sha224_256.hpp:537]   --->   Operation 20 'alloca' 'W_14' <Predicate = true> <Delay = 0.00>
ST_1 : Operation 21 [1/1] (0.00ns)   --->   "%W_15 = alloca i32 1" [D:/hlstrack/hlstrack2025-master/security/L1/tests/hmac/sha256/../../../../L1/include\xf_security/sha224_256.hpp:537]   --->   Operation 21 'alloca' 'W_15' <Predicate = true> <Delay = 0.00>
ST_1 : Operation 22 [1/1] (0.00ns)   --->   "%specmemcore_ln0 = specmemcore void @_ssdm_op_SpecMemCore, i32 %w_strm, i64 666, i64 9, i64 18446744073709551615"   --->   Operation 22 'specmemcore' 'specmemcore_ln0' <Predicate = true> <Delay = 0.00>
ST_1 : Operation 23 [1/1] (0.00ns)   --->   "%specinterface_ln0 = specinterface void @_ssdm_op_SpecInterface, i32 %w_strm, void @empty_3, i32 0, i32 0, void @empty_1, i32 0, i32 0, void @empty_1, void @empty_1, void @empty_1, i32 0, i32 0, i32 0, i32 0, void @empty_1, void @empty_1, i32 4294967295, i32 0, i32 0"   --->   Operation 23 'specinterface' 'specinterface_ln0' <Predicate = true> <Delay = 0.00>
ST_1 : Operation 24 [1/1] (0.00ns)   --->   "%blk_14_read = read i32 @_ssdm_op_Read.ap_auto.i32, i32 %blk_14" [D:/hlstrack/hlstrack2025-master/security/L1/tests/hmac/sha256/../../../../L1/include\xf_security/sha224_256.hpp:524]   --->   Operation 24 'read' 'blk_14_read' <Predicate = true> <Delay = 0.00>
ST_1 : Operation 25 [1/1] (0.00ns)   --->   "%blk_13_read = read i32 @_ssdm_op_Read.ap_auto.i32, i32 %blk_13" [D:/hlstrack/hlstrack2025-master/security/L1/tests/hmac/sha256/../../../../L1/include\xf_security/sha224_256.hpp:524]   --->   Operation 25 'read' 'blk_13_read' <Predicate = true> <Delay = 0.00>
ST_1 : Operation 26 [1/1] (0.00ns)   --->   "%blk_12_read = read i32 @_ssdm_op_Read.ap_auto.i32, i32 %blk_12" [D:/hlstrack/hlstrack2025-master/security/L1/tests/hmac/sha256/../../../../L1/include\xf_security/sha224_256.hpp:524]   --->   Operation 26 'read' 'blk_12_read' <Predicate = true> <Delay = 0.00>
ST_1 : Operation 27 [1/1] (0.00ns)   --->   "%blk_11_read = read i32 @_ssdm_op_Read.ap_auto.i32, i32 %blk_11" [D:/hlstrack/hlstrack2025-master/security/L1/tests/hmac/sha256/../../../../L1/include\xf_security/sha224_256.hpp:524]   --->   Operation 27 'read' 'blk_11_read' <Predicate = true> <Delay = 0.00>
ST_1 : Operation 28 [1/1] (0.00ns)   --->   "%blk_10_read = read i32 @_ssdm_op_Read.ap_auto.i32, i32 %blk_10" [D:/hlstrack/hlstrack2025-master/security/L1/tests/hmac/sha256/../../../../L1/include\xf_security/sha224_256.hpp:524]   --->   Operation 28 'read' 'blk_10_read' <Predicate = true> <Delay = 0.00>
ST_1 : Operation 29 [1/1] (0.00ns)   --->   "%blk_15_read = read i32 @_ssdm_op_Read.ap_auto.i32, i32 %blk_15" [D:/hlstrack/hlstrack2025-master/security/L1/tests/hmac/sha256/../../../../L1/include\xf_security/sha224_256.hpp:524]   --->   Operation 29 'read' 'blk_15_read' <Predicate = true> <Delay = 0.00>
ST_1 : Operation 30 [1/1] (0.00ns)   --->   "%blk_9_read = read i32 @_ssdm_op_Read.ap_auto.i32, i32 %blk_9" [D:/hlstrack/hlstrack2025-master/security/L1/tests/hmac/sha256/../../../../L1/include\xf_security/sha224_256.hpp:524]   --->   Operation 30 'read' 'blk_9_read' <Predicate = true> <Delay = 0.00>
ST_1 : Operation 31 [1/1] (0.00ns)   --->   "%blk_8_read = read i32 @_ssdm_op_Read.ap_auto.i32, i32 %blk_8" [D:/hlstrack/hlstrack2025-master/security/L1/tests/hmac/sha256/../../../../L1/include\xf_security/sha224_256.hpp:524]   --->   Operation 31 'read' 'blk_8_read' <Predicate = true> <Delay = 0.00>
ST_1 : Operation 32 [1/1] (0.00ns)   --->   "%blk_7_read = read i32 @_ssdm_op_Read.ap_auto.i32, i32 %blk_7" [D:/hlstrack/hlstrack2025-master/security/L1/tests/hmac/sha256/../../../../L1/include\xf_security/sha224_256.hpp:524]   --->   Operation 32 'read' 'blk_7_read' <Predicate = true> <Delay = 0.00>
ST_1 : Operation 33 [1/1] (0.00ns)   --->   "%blk_6_read = read i32 @_ssdm_op_Read.ap_auto.i32, i32 %blk_6" [D:/hlstrack/hlstrack2025-master/security/L1/tests/hmac/sha256/../../../../L1/include\xf_security/sha224_256.hpp:524]   --->   Operation 33 'read' 'blk_6_read' <Predicate = true> <Delay = 0.00>
ST_1 : Operation 34 [1/1] (0.00ns)   --->   "%blk_5_read = read i32 @_ssdm_op_Read.ap_auto.i32, i32 %blk_5" [D:/hlstrack/hlstrack2025-master/security/L1/tests/hmac/sha256/../../../../L1/include\xf_security/sha224_256.hpp:524]   --->   Operation 34 'read' 'blk_5_read' <Predicate = true> <Delay = 0.00>
ST_1 : Operation 35 [1/1] (0.00ns)   --->   "%blk_4_read = read i32 @_ssdm_op_Read.ap_auto.i32, i32 %blk_4" [D:/hlstrack/hlstrack2025-master/security/L1/tests/hmac/sha256/../../../../L1/include\xf_security/sha224_256.hpp:524]   --->   Operation 35 'read' 'blk_4_read' <Predicate = true> <Delay = 0.00>
ST_1 : Operation 36 [1/1] (0.00ns)   --->   "%blk_3_read = read i32 @_ssdm_op_Read.ap_auto.i32, i32 %blk_3" [D:/hlstrack/hlstrack2025-master/security/L1/tests/hmac/sha256/../../../../L1/include\xf_security/sha224_256.hpp:524]   --->   Operation 36 'read' 'blk_3_read' <Predicate = true> <Delay = 0.00>
ST_1 : Operation 37 [1/1] (0.00ns)   --->   "%blk_2_read = read i32 @_ssdm_op_Read.ap_auto.i32, i32 %blk_2" [D:/hlstrack/hlstrack2025-master/security/L1/tests/hmac/sha256/../../../../L1/include\xf_security/sha224_256.hpp:524]   --->   Operation 37 'read' 'blk_2_read' <Predicate = true> <Delay = 0.00>
ST_1 : Operation 38 [1/1] (0.00ns)   --->   "%blk_1_read = read i32 @_ssdm_op_Read.ap_auto.i32, i32 %blk_1" [D:/hlstrack/hlstrack2025-master/security/L1/tests/hmac/sha256/../../../../L1/include\xf_security/sha224_256.hpp:524]   --->   Operation 38 'read' 'blk_1_read' <Predicate = true> <Delay = 0.00>
ST_1 : Operation 39 [1/1] (0.00ns)   --->   "%tmp = read i32 @_ssdm_op_Read.ap_auto.i32, i32 %empty" [D:/hlstrack/hlstrack2025-master/security/L1/tests/hmac/sha256/../../../../L1/include\xf_security/sha224_256.hpp:524]   --->   Operation 39 'read' 'tmp' <Predicate = true> <Delay = 0.00>
ST_1 : Operation 40 [1/1] (1.58ns)   --->   "%store_ln541 = store i5 0, i5 %t" [D:/hlstrack/hlstrack2025-master/security/L1/tests/hmac/sha256/../../../../L1/include\xf_security/sha224_256.hpp:541]   --->   Operation 40 'store' 'store_ln541' <Predicate = true> <Delay = 1.58>
ST_1 : Operation 41 [1/1] (0.00ns)   --->   "%br_ln0 = br void %for.inc"   --->   Operation 41 'br' 'br_ln0' <Predicate = true> <Delay = 0.00>
ST_1 : Operation 42 [1/1] (0.00ns)   --->   "%t_4 = load i5 %t" [D:/hlstrack/hlstrack2025-master/security/L1/tests/hmac/sha256/../../../../L1/include\xf_security/sha224_256.hpp:541]   --->   Operation 42 'load' 't_4' <Predicate = true> <Delay = 0.00>
ST_1 : Operation 43 [1/1] (1.78ns)   --->   "%icmp_ln541 = icmp_eq  i5 %t_4, i5 16" [D:/hlstrack/hlstrack2025-master/security/L1/tests/hmac/sha256/../../../../L1/include\xf_security/sha224_256.hpp:541]   --->   Operation 43 'icmp' 'icmp_ln541' <Predicate = true> <Delay = 1.78> <CoreInst = "Cmp">   --->   Core 9 'Cmp' <Latency = 0> <II = 1> <Delay = 1.82> <FuncUnit> <Opcode : 'seteq' 'setne' 'setle' 'setge' 'setlt' 'setgt'> <InPorts = 2> <OutPorts = 1>
ST_1 : Operation 44 [1/1] (1.78ns)   --->   "%add_ln541 = add i5 %t_4, i5 1" [D:/hlstrack/hlstrack2025-master/security/L1/tests/hmac/sha256/../../../../L1/include\xf_security/sha224_256.hpp:541]   --->   Operation 44 'add' 'add_ln541' <Predicate = true> <Delay = 1.78> <CoreInst = "Adder">   --->   Core 1 'Adder' <Latency = 0> <II = 1> <Delay = 1.78> <FuncUnit> <Opcode : 'add' 'sub'> <InPorts = 2> <OutPorts = 1>
ST_1 : Operation 45 [1/1] (0.00ns)   --->   "%br_ln541 = br i1 %icmp_ln541, void %for.inc.split, void %VITIS_LOOP_554_3.preheader.exitStub" [D:/hlstrack/hlstrack2025-master/security/L1/tests/hmac/sha256/../../../../L1/include\xf_security/sha224_256.hpp:541]   --->   Operation 45 'br' 'br_ln541' <Predicate = true> <Delay = 0.00>
ST_1 : Operation 46 [1/1] (0.00ns)   --->   "%trunc_ln541 = trunc i5 %t_4" [D:/hlstrack/hlstrack2025-master/security/L1/tests/hmac/sha256/../../../../L1/include\xf_security/sha224_256.hpp:541]   --->   Operation 46 'trunc' 'trunc_ln541' <Predicate = (!icmp_ln541)> <Delay = 0.00>
ST_1 : Operation 47 [1/1] (0.00ns)   --->   "%specpipeline_ln542 = specpipeline void @_ssdm_op_SpecPipeline, i32 1, i32 0, i32 0, i32 0, void @empty_1" [D:/hlstrack/hlstrack2025-master/security/L1/tests/hmac/sha256/../../../../L1/include\xf_security/sha224_256.hpp:542]   --->   Operation 47 'specpipeline' 'specpipeline_ln542' <Predicate = (!icmp_ln541)> <Delay = 0.00>
ST_1 : Operation 48 [1/1] (0.00ns)   --->   "%speclooptripcount_ln537 = speclooptripcount void @_ssdm_op_SpecLoopTripCount, i64 16, i64 16, i64 16" [D:/hlstrack/hlstrack2025-master/security/L1/tests/hmac/sha256/../../../../L1/include\xf_security/sha224_256.hpp:537]   --->   Operation 48 'speclooptripcount' 'speclooptripcount_ln537' <Predicate = (!icmp_ln541)> <Delay = 0.00>
ST_1 : Operation 49 [1/1] (0.00ns)   --->   "%specloopname_ln541 = specloopname void @_ssdm_op_SpecLoopName, void @empty_11" [D:/hlstrack/hlstrack2025-master/security/L1/tests/hmac/sha256/../../../../L1/include\xf_security/sha224_256.hpp:541]   --->   Operation 49 'specloopname' 'specloopname_ln541' <Predicate = (!icmp_ln541)> <Delay = 0.00>
ST_1 : Operation 50 [1/1] (2.06ns)   --->   "%Wt = sparsemux i32 @_ssdm_op_SparseMux.ap_auto.16i32.i32.i4, i4 0, i32 %tmp, i4 1, i32 %blk_1_read, i4 2, i32 %blk_2_read, i4 3, i32 %blk_3_read, i4 4, i32 %blk_4_read, i4 5, i32 %blk_5_read, i4 6, i32 %blk_6_read, i4 7, i32 %blk_7_read, i4 8, i32 %blk_8_read, i4 9, i32 %blk_9_read, i4 10, i32 %blk_15_read, i4 11, i32 %blk_10_read, i4 12, i32 %blk_11_read, i4 13, i32 %blk_12_read, i4 14, i32 %blk_13_read, i4 15, i32 %blk_14_read, i32 0, i4 %trunc_ln541" [D:/hlstrack/hlstrack2025-master/security/L1/tests/hmac/sha256/../../../../L1/include\xf_security/sha224_256.hpp:543]   --->   Operation 50 'sparsemux' 'Wt' <Predicate = (!icmp_ln541)> <Delay = 2.06> <CoreInst = "BinarySparseMux_DontCare">   --->   Core 137 'BinarySparseMux_DontCare' <Latency = 0> <II = 1> <Delay = 2.06> <FuncUnit> <Opcode : 'sparsemux'> <InPorts = 2> <OutPorts = 1>
ST_1 : Operation 51 [1/1] (1.73ns)   --->   "%switch_ln544 = switch i4 %trunc_ln541, void %arrayidx8.case.15, i4 0, void %arrayidx8.case.0, i4 1, void %arrayidx8.case.1, i4 2, void %arrayidx8.case.2, i4 3, void %arrayidx8.case.3, i4 4, void %arrayidx8.case.4, i4 5, void %arrayidx8.case.5, i4 6, void %arrayidx8.case.6, i4 7, void %arrayidx8.case.7, i4 8, void %arrayidx8.case.8, i4 9, void %arrayidx8.case.9, i4 10, void %arrayidx8.case.10, i4 11, void %arrayidx8.case.11, i4 12, void %arrayidx8.case.12, i4 13, void %arrayidx8.case.13, i4 14, void %for.inc.split.arrayidx8.exit_crit_edge" [D:/hlstrack/hlstrack2025-master/security/L1/tests/hmac/sha256/../../../../L1/include\xf_security/sha224_256.hpp:544]   --->   Operation 51 'switch' 'switch_ln544' <Predicate = (!icmp_ln541)> <Delay = 1.73>
ST_1 : Operation 52 [1/1] (0.00ns)   --->   "%store_ln537 = store i32 %Wt, i32 %W_1" [D:/hlstrack/hlstrack2025-master/security/L1/tests/hmac/sha256/../../../../L1/include\xf_security/sha224_256.hpp:537]   --->   Operation 52 'store' 'store_ln537' <Predicate = (!icmp_ln541 & trunc_ln541 == 14)> <Delay = 0.00>
ST_1 : Operation 53 [1/1] (0.00ns)   --->   "%br_ln544 = br void %arrayidx8.exit" [D:/hlstrack/hlstrack2025-master/security/L1/tests/hmac/sha256/../../../../L1/include\xf_security/sha224_256.hpp:544]   --->   Operation 53 'br' 'br_ln544' <Predicate = (!icmp_ln541 & trunc_ln541 == 14)> <Delay = 0.00>
ST_1 : Operation 54 [1/1] (0.00ns)   --->   "%store_ln537 = store i32 %Wt, i32 %W_2" [D:/hlstrack/hlstrack2025-master/security/L1/tests/hmac/sha256/../../../../L1/include\xf_security/sha224_256.hpp:537]   --->   Operation 54 'store' 'store_ln537' <Predicate = (!icmp_ln541 & trunc_ln541 == 13)> <Delay = 0.00>
ST_1 : Operation 55 [1/1] (0.00ns)   --->   "%br_ln544 = br void %arrayidx8.exit" [D:/hlstrack/hlstrack2025-master/security/L1/tests/hmac/sha256/../../../../L1/include\xf_security/sha224_256.hpp:544]   --->   Operation 55 'br' 'br_ln544' <Predicate = (!icmp_ln541 & trunc_ln541 == 13)> <Delay = 0.00>
ST_1 : Operation 56 [1/1] (0.00ns)   --->   "%store_ln537 = store i32 %Wt, i32 %W_3" [D:/hlstrack/hlstrack2025-master/security/L1/tests/hmac/sha256/../../../../L1/include\xf_security/sha224_256.hpp:537]   --->   Operation 56 'store' 'store_ln537' <Predicate = (!icmp_ln541 & trunc_ln541 == 12)> <Delay = 0.00>
ST_1 : Operation 57 [1/1] (0.00ns)   --->   "%br_ln544 = br void %arrayidx8.exit" [D:/hlstrack/hlstrack2025-master/security/L1/tests/hmac/sha256/../../../../L1/include\xf_security/sha224_256.hpp:544]   --->   Operation 57 'br' 'br_ln544' <Predicate = (!icmp_ln541 & trunc_ln541 == 12)> <Delay = 0.00>
ST_1 : Operation 58 [1/1] (0.00ns)   --->   "%store_ln537 = store i32 %Wt, i32 %W_4" [D:/hlstrack/hlstrack2025-master/security/L1/tests/hmac/sha256/../../../../L1/include\xf_security/sha224_256.hpp:537]   --->   Operation 58 'store' 'store_ln537' <Predicate = (!icmp_ln541 & trunc_ln541 == 11)> <Delay = 0.00>
ST_1 : Operation 59 [1/1] (0.00ns)   --->   "%br_ln544 = br void %arrayidx8.exit" [D:/hlstrack/hlstrack2025-master/security/L1/tests/hmac/sha256/../../../../L1/include\xf_security/sha224_256.hpp:544]   --->   Operation 59 'br' 'br_ln544' <Predicate = (!icmp_ln541 & trunc_ln541 == 11)> <Delay = 0.00>
ST_1 : Operation 60 [1/1] (0.00ns)   --->   "%store_ln537 = store i32 %Wt, i32 %W_5" [D:/hlstrack/hlstrack2025-master/security/L1/tests/hmac/sha256/../../../../L1/include\xf_security/sha224_256.hpp:537]   --->   Operation 60 'store' 'store_ln537' <Predicate = (!icmp_ln541 & trunc_ln541 == 10)> <Delay = 0.00>
ST_1 : Operation 61 [1/1] (0.00ns)   --->   "%br_ln544 = br void %arrayidx8.exit" [D:/hlstrack/hlstrack2025-master/security/L1/tests/hmac/sha256/../../../../L1/include\xf_security/sha224_256.hpp:544]   --->   Operation 61 'br' 'br_ln544' <Predicate = (!icmp_ln541 & trunc_ln541 == 10)> <Delay = 0.00>
ST_1 : Operation 62 [1/1] (0.00ns)   --->   "%store_ln537 = store i32 %Wt, i32 %W_6" [D:/hlstrack/hlstrack2025-master/security/L1/tests/hmac/sha256/../../../../L1/include\xf_security/sha224_256.hpp:537]   --->   Operation 62 'store' 'store_ln537' <Predicate = (!icmp_ln541 & trunc_ln541 == 9)> <Delay = 0.00>
ST_1 : Operation 63 [1/1] (0.00ns)   --->   "%br_ln544 = br void %arrayidx8.exit" [D:/hlstrack/hlstrack2025-master/security/L1/tests/hmac/sha256/../../../../L1/include\xf_security/sha224_256.hpp:544]   --->   Operation 63 'br' 'br_ln544' <Predicate = (!icmp_ln541 & trunc_ln541 == 9)> <Delay = 0.00>
ST_1 : Operation 64 [1/1] (0.00ns)   --->   "%store_ln537 = store i32 %Wt, i32 %W_7" [D:/hlstrack/hlstrack2025-master/security/L1/tests/hmac/sha256/../../../../L1/include\xf_security/sha224_256.hpp:537]   --->   Operation 64 'store' 'store_ln537' <Predicate = (!icmp_ln541 & trunc_ln541 == 8)> <Delay = 0.00>
ST_1 : Operation 65 [1/1] (0.00ns)   --->   "%br_ln544 = br void %arrayidx8.exit" [D:/hlstrack/hlstrack2025-master/security/L1/tests/hmac/sha256/../../../../L1/include\xf_security/sha224_256.hpp:544]   --->   Operation 65 'br' 'br_ln544' <Predicate = (!icmp_ln541 & trunc_ln541 == 8)> <Delay = 0.00>
ST_1 : Operation 66 [1/1] (0.00ns)   --->   "%store_ln537 = store i32 %Wt, i32 %W_8" [D:/hlstrack/hlstrack2025-master/security/L1/tests/hmac/sha256/../../../../L1/include\xf_security/sha224_256.hpp:537]   --->   Operation 66 'store' 'store_ln537' <Predicate = (!icmp_ln541 & trunc_ln541 == 7)> <Delay = 0.00>
ST_1 : Operation 67 [1/1] (0.00ns)   --->   "%br_ln544 = br void %arrayidx8.exit" [D:/hlstrack/hlstrack2025-master/security/L1/tests/hmac/sha256/../../../../L1/include\xf_security/sha224_256.hpp:544]   --->   Operation 67 'br' 'br_ln544' <Predicate = (!icmp_ln541 & trunc_ln541 == 7)> <Delay = 0.00>
ST_1 : Operation 68 [1/1] (0.00ns)   --->   "%store_ln537 = store i32 %Wt, i32 %W_9" [D:/hlstrack/hlstrack2025-master/security/L1/tests/hmac/sha256/../../../../L1/include\xf_security/sha224_256.hpp:537]   --->   Operation 68 'store' 'store_ln537' <Predicate = (!icmp_ln541 & trunc_ln541 == 6)> <Delay = 0.00>
ST_1 : Operation 69 [1/1] (0.00ns)   --->   "%br_ln544 = br void %arrayidx8.exit" [D:/hlstrack/hlstrack2025-master/security/L1/tests/hmac/sha256/../../../../L1/include\xf_security/sha224_256.hpp:544]   --->   Operation 69 'br' 'br_ln544' <Predicate = (!icmp_ln541 & trunc_ln541 == 6)> <Delay = 0.00>
ST_1 : Operation 70 [1/1] (0.00ns)   --->   "%store_ln537 = store i32 %Wt, i32 %W_10" [D:/hlstrack/hlstrack2025-master/security/L1/tests/hmac/sha256/../../../../L1/include\xf_security/sha224_256.hpp:537]   --->   Operation 70 'store' 'store_ln537' <Predicate = (!icmp_ln541 & trunc_ln541 == 5)> <Delay = 0.00>
ST_1 : Operation 71 [1/1] (0.00ns)   --->   "%br_ln544 = br void %arrayidx8.exit" [D:/hlstrack/hlstrack2025-master/security/L1/tests/hmac/sha256/../../../../L1/include\xf_security/sha224_256.hpp:544]   --->   Operation 71 'br' 'br_ln544' <Predicate = (!icmp_ln541 & trunc_ln541 == 5)> <Delay = 0.00>
ST_1 : Operation 72 [1/1] (0.00ns)   --->   "%store_ln537 = store i32 %Wt, i32 %W_11" [D:/hlstrack/hlstrack2025-master/security/L1/tests/hmac/sha256/../../../../L1/include\xf_security/sha224_256.hpp:537]   --->   Operation 72 'store' 'store_ln537' <Predicate = (!icmp_ln541 & trunc_ln541 == 4)> <Delay = 0.00>
ST_1 : Operation 73 [1/1] (0.00ns)   --->   "%br_ln544 = br void %arrayidx8.exit" [D:/hlstrack/hlstrack2025-master/security/L1/tests/hmac/sha256/../../../../L1/include\xf_security/sha224_256.hpp:544]   --->   Operation 73 'br' 'br_ln544' <Predicate = (!icmp_ln541 & trunc_ln541 == 4)> <Delay = 0.00>
ST_1 : Operation 74 [1/1] (0.00ns)   --->   "%store_ln537 = store i32 %Wt, i32 %W_12" [D:/hlstrack/hlstrack2025-master/security/L1/tests/hmac/sha256/../../../../L1/include\xf_security/sha224_256.hpp:537]   --->   Operation 74 'store' 'store_ln537' <Predicate = (!icmp_ln541 & trunc_ln541 == 3)> <Delay = 0.00>
ST_1 : Operation 75 [1/1] (0.00ns)   --->   "%br_ln544 = br void %arrayidx8.exit" [D:/hlstrack/hlstrack2025-master/security/L1/tests/hmac/sha256/../../../../L1/include\xf_security/sha224_256.hpp:544]   --->   Operation 75 'br' 'br_ln544' <Predicate = (!icmp_ln541 & trunc_ln541 == 3)> <Delay = 0.00>
ST_1 : Operation 76 [1/1] (0.00ns)   --->   "%store_ln537 = store i32 %Wt, i32 %W_13" [D:/hlstrack/hlstrack2025-master/security/L1/tests/hmac/sha256/../../../../L1/include\xf_security/sha224_256.hpp:537]   --->   Operation 76 'store' 'store_ln537' <Predicate = (!icmp_ln541 & trunc_ln541 == 2)> <Delay = 0.00>
ST_1 : Operation 77 [1/1] (0.00ns)   --->   "%br_ln544 = br void %arrayidx8.exit" [D:/hlstrack/hlstrack2025-master/security/L1/tests/hmac/sha256/../../../../L1/include\xf_security/sha224_256.hpp:544]   --->   Operation 77 'br' 'br_ln544' <Predicate = (!icmp_ln541 & trunc_ln541 == 2)> <Delay = 0.00>
ST_1 : Operation 78 [1/1] (0.00ns)   --->   "%store_ln537 = store i32 %Wt, i32 %W_14" [D:/hlstrack/hlstrack2025-master/security/L1/tests/hmac/sha256/../../../../L1/include\xf_security/sha224_256.hpp:537]   --->   Operation 78 'store' 'store_ln537' <Predicate = (!icmp_ln541 & trunc_ln541 == 1)> <Delay = 0.00>
ST_1 : Operation 79 [1/1] (0.00ns)   --->   "%br_ln544 = br void %arrayidx8.exit" [D:/hlstrack/hlstrack2025-master/security/L1/tests/hmac/sha256/../../../../L1/include\xf_security/sha224_256.hpp:544]   --->   Operation 79 'br' 'br_ln544' <Predicate = (!icmp_ln541 & trunc_ln541 == 1)> <Delay = 0.00>
ST_1 : Operation 80 [1/1] (0.00ns)   --->   "%store_ln537 = store i32 %Wt, i32 %W_15" [D:/hlstrack/hlstrack2025-master/security/L1/tests/hmac/sha256/../../../../L1/include\xf_security/sha224_256.hpp:537]   --->   Operation 80 'store' 'store_ln537' <Predicate = (!icmp_ln541 & trunc_ln541 == 0)> <Delay = 0.00>
ST_1 : Operation 81 [1/1] (0.00ns)   --->   "%br_ln544 = br void %arrayidx8.exit" [D:/hlstrack/hlstrack2025-master/security/L1/tests/hmac/sha256/../../../../L1/include\xf_security/sha224_256.hpp:544]   --->   Operation 81 'br' 'br_ln544' <Predicate = (!icmp_ln541 & trunc_ln541 == 0)> <Delay = 0.00>
ST_1 : Operation 82 [1/1] (0.00ns)   --->   "%store_ln537 = store i32 %Wt, i32 %W" [D:/hlstrack/hlstrack2025-master/security/L1/tests/hmac/sha256/../../../../L1/include\xf_security/sha224_256.hpp:537]   --->   Operation 82 'store' 'store_ln537' <Predicate = (!icmp_ln541 & trunc_ln541 == 15)> <Delay = 0.00>
ST_1 : Operation 83 [1/1] (0.00ns)   --->   "%br_ln544 = br void %arrayidx8.exit" [D:/hlstrack/hlstrack2025-master/security/L1/tests/hmac/sha256/../../../../L1/include\xf_security/sha224_256.hpp:544]   --->   Operation 83 'br' 'br_ln544' <Predicate = (!icmp_ln541 & trunc_ln541 == 15)> <Delay = 0.00>
ST_1 : Operation 84 [1/1] (1.58ns)   --->   "%store_ln541 = store i5 %add_ln541, i5 %t" [D:/hlstrack/hlstrack2025-master/security/L1/tests/hmac/sha256/../../../../L1/include\xf_security/sha224_256.hpp:541]   --->   Operation 84 'store' 'store_ln541' <Predicate = (!icmp_ln541)> <Delay = 1.58>
ST_1 : Operation 87 [1/1] (0.00ns)   --->   "%W_load = load i32 %W"   --->   Operation 87 'load' 'W_load' <Predicate = (icmp_ln541)> <Delay = 0.00>
ST_1 : Operation 88 [1/1] (0.00ns)   --->   "%W_1_load = load i32 %W_1"   --->   Operation 88 'load' 'W_1_load' <Predicate = (icmp_ln541)> <Delay = 0.00>
ST_1 : Operation 89 [1/1] (0.00ns)   --->   "%W_2_load = load i32 %W_2"   --->   Operation 89 'load' 'W_2_load' <Predicate = (icmp_ln541)> <Delay = 0.00>
ST_1 : Operation 90 [1/1] (0.00ns)   --->   "%W_3_load = load i32 %W_3"   --->   Operation 90 'load' 'W_3_load' <Predicate = (icmp_ln541)> <Delay = 0.00>
ST_1 : Operation 91 [1/1] (0.00ns)   --->   "%W_4_load = load i32 %W_4"   --->   Operation 91 'load' 'W_4_load' <Predicate = (icmp_ln541)> <Delay = 0.00>
ST_1 : Operation 92 [1/1] (0.00ns)   --->   "%W_5_load = load i32 %W_5"   --->   Operation 92 'load' 'W_5_load' <Predicate = (icmp_ln541)> <Delay = 0.00>
ST_1 : Operation 93 [1/1] (0.00ns)   --->   "%W_6_load = load i32 %W_6"   --->   Operation 93 'load' 'W_6_load' <Predicate = (icmp_ln541)> <Delay = 0.00>
ST_1 : Operation 94 [1/1] (0.00ns)   --->   "%W_7_load = load i32 %W_7"   --->   Operation 94 'load' 'W_7_load' <Predicate = (icmp_ln541)> <Delay = 0.00>
ST_1 : Operation 95 [1/1] (0.00ns)   --->   "%W_8_load = load i32 %W_8"   --->   Operation 95 'load' 'W_8_load' <Predicate = (icmp_ln541)> <Delay = 0.00>
ST_1 : Operation 96 [1/1] (0.00ns)   --->   "%W_9_load = load i32 %W_9"   --->   Operation 96 'load' 'W_9_load' <Predicate = (icmp_ln541)> <Delay = 0.00>
ST_1 : Operation 97 [1/1] (0.00ns)   --->   "%W_10_load = load i32 %W_10"   --->   Operation 97 'load' 'W_10_load' <Predicate = (icmp_ln541)> <Delay = 0.00>
ST_1 : Operation 98 [1/1] (0.00ns)   --->   "%W_11_load = load i32 %W_11"   --->   Operation 98 'load' 'W_11_load' <Predicate = (icmp_ln541)> <Delay = 0.00>
ST_1 : Operation 99 [1/1] (0.00ns)   --->   "%W_12_load = load i32 %W_12"   --->   Operation 99 'load' 'W_12_load' <Predicate = (icmp_ln541)> <Delay = 0.00>
ST_1 : Operation 100 [1/1] (0.00ns)   --->   "%W_13_load = load i32 %W_13"   --->   Operation 100 'load' 'W_13_load' <Predicate = (icmp_ln541)> <Delay = 0.00>
ST_1 : Operation 101 [1/1] (0.00ns)   --->   "%W_14_load = load i32 %W_14"   --->   Operation 101 'load' 'W_14_load' <Predicate = (icmp_ln541)> <Delay = 0.00>
ST_1 : Operation 102 [1/1] (0.00ns)   --->   "%W_15_load = load i32 %W_15"   --->   Operation 102 'load' 'W_15_load' <Predicate = (icmp_ln541)> <Delay = 0.00>
ST_1 : Operation 103 [1/1] (0.00ns)   --->   "%write_ln0 = write void @_ssdm_op_Write.ap_auto.i32P0A, i32 %W_15_out, i32 %W_15_load"   --->   Operation 103 'write' 'write_ln0' <Predicate = (icmp_ln541)> <Delay = 0.00>
ST_1 : Operation 104 [1/1] (0.00ns)   --->   "%write_ln0 = write void @_ssdm_op_Write.ap_auto.i32P0A, i32 %W_14_out, i32 %W_14_load"   --->   Operation 104 'write' 'write_ln0' <Predicate = (icmp_ln541)> <Delay = 0.00>
ST_1 : Operation 105 [1/1] (0.00ns)   --->   "%write_ln0 = write void @_ssdm_op_Write.ap_auto.i32P0A, i32 %W_13_out, i32 %W_13_load"   --->   Operation 105 'write' 'write_ln0' <Predicate = (icmp_ln541)> <Delay = 0.00>
ST_1 : Operation 106 [1/1] (0.00ns)   --->   "%write_ln0 = write void @_ssdm_op_Write.ap_auto.i32P0A, i32 %W_12_out, i32 %W_12_load"   --->   Operation 106 'write' 'write_ln0' <Predicate = (icmp_ln541)> <Delay = 0.00>
ST_1 : Operation 107 [1/1] (0.00ns)   --->   "%write_ln0 = write void @_ssdm_op_Write.ap_auto.i32P0A, i32 %W_11_out, i32 %W_11_load"   --->   Operation 107 'write' 'write_ln0' <Predicate = (icmp_ln541)> <Delay = 0.00>
ST_1 : Operation 108 [1/1] (0.00ns)   --->   "%write_ln0 = write void @_ssdm_op_Write.ap_auto.i32P0A, i32 %W_10_out, i32 %W_10_load"   --->   Operation 108 'write' 'write_ln0' <Predicate = (icmp_ln541)> <Delay = 0.00>
ST_1 : Operation 109 [1/1] (0.00ns)   --->   "%write_ln0 = write void @_ssdm_op_Write.ap_auto.i32P0A, i32 %W_9_out, i32 %W_9_load"   --->   Operation 109 'write' 'write_ln0' <Predicate = (icmp_ln541)> <Delay = 0.00>
ST_1 : Operation 110 [1/1] (0.00ns)   --->   "%write_ln0 = write void @_ssdm_op_Write.ap_auto.i32P0A, i32 %W_8_out, i32 %W_8_load"   --->   Operation 110 'write' 'write_ln0' <Predicate = (icmp_ln541)> <Delay = 0.00>
ST_1 : Operation 111 [1/1] (0.00ns)   --->   "%write_ln0 = write void @_ssdm_op_Write.ap_auto.i32P0A, i32 %W_7_out, i32 %W_7_load"   --->   Operation 111 'write' 'write_ln0' <Predicate = (icmp_ln541)> <Delay = 0.00>
ST_1 : Operation 112 [1/1] (0.00ns)   --->   "%write_ln0 = write void @_ssdm_op_Write.ap_auto.i32P0A, i32 %W_6_out, i32 %W_6_load"   --->   Operation 112 'write' 'write_ln0' <Predicate = (icmp_ln541)> <Delay = 0.00>
ST_1 : Operation 113 [1/1] (0.00ns)   --->   "%write_ln0 = write void @_ssdm_op_Write.ap_auto.i32P0A, i32 %W_5_out, i32 %W_5_load"   --->   Operation 113 'write' 'write_ln0' <Predicate = (icmp_ln541)> <Delay = 0.00>
ST_1 : Operation 114 [1/1] (0.00ns)   --->   "%write_ln0 = write void @_ssdm_op_Write.ap_auto.i32P0A, i32 %W_4_out, i32 %W_4_load"   --->   Operation 114 'write' 'write_ln0' <Predicate = (icmp_ln541)> <Delay = 0.00>
ST_1 : Operation 115 [1/1] (0.00ns)   --->   "%write_ln0 = write void @_ssdm_op_Write.ap_auto.i32P0A, i32 %W_3_out, i32 %W_3_load"   --->   Operation 115 'write' 'write_ln0' <Predicate = (icmp_ln541)> <Delay = 0.00>
ST_1 : Operation 116 [1/1] (0.00ns)   --->   "%write_ln0 = write void @_ssdm_op_Write.ap_auto.i32P0A, i32 %W_2_out, i32 %W_2_load"   --->   Operation 116 'write' 'write_ln0' <Predicate = (icmp_ln541)> <Delay = 0.00>
ST_1 : Operation 117 [1/1] (0.00ns)   --->   "%write_ln0 = write void @_ssdm_op_Write.ap_auto.i32P0A, i32 %W_1_out, i32 %W_1_load"   --->   Operation 117 'write' 'write_ln0' <Predicate = (icmp_ln541)> <Delay = 0.00>
ST_1 : Operation 118 [1/1] (0.00ns)   --->   "%write_ln0 = write void @_ssdm_op_Write.ap_auto.i32P0A, i32 %W_out, i32 %W_load"   --->   Operation 118 'write' 'write_ln0' <Predicate = (icmp_ln541)> <Delay = 0.00>
ST_1 : Operation 119 [1/1] (1.58ns)   --->   "%ret_ln0 = ret"   --->   Operation 119 'ret' 'ret_ln0' <Predicate = (icmp_ln541)> <Delay = 1.58>

State 2 <SV = 1> <Delay = 3.72>
ST_2 : Operation 85 [1/1] ( I:3.72ns O:3.72ns )   --->   "%write_ln545 = write void @_ssdm_op_Write.ap_fifo.volatile.i32P0A, i32 %w_strm, i32 %Wt" [D:/hlstrack/hlstrack2025-master/security/L1/tests/hmac/sha256/../../../../L1/include\xf_security/sha224_256.hpp:545]   --->   Operation 85 'write' 'write_ln545' <Predicate = true> <Delay = 3.72> <CoreInst = "FIFO_LUTRAM">   --->   Core 79 'FIFO_LUTRAM' <Latency = 0> <II = 1> <Delay = 3.72> <Storage> <Opcode : 'read' 'write' 'nbread' 'nbwrite'> <Ports = 0> <Width = 32> <Depth = 32> <FIFO>
ST_2 : Operation 86 [1/1] (0.00ns)   --->   "%br_ln541 = br void %for.inc" [D:/hlstrack/hlstrack2025-master/security/L1/tests/hmac/sha256/../../../../L1/include\xf_security/sha224_256.hpp:541]   --->   Operation 86 'br' 'br_ln541' <Predicate = true> <Delay = 0.00>


============================================================
+ Verbose Summary: Binding
============================================================
STG Binding: 
---------------- STG Properties BEGIN ----------------
- Is combinational: 0
- Is one-state seq: 0
- Is datapath-only: 0
- Is pipelined: 0
- Is top level: 0
Port [ Return ] is wired: 1; IO mode=ap_ctrl_hs:ce=0
Port [ w_strm]:  wired=1; compound=1; hidden=0; nouse=0; global=0; static=0; extern=0; dir=1; type=3; pingpong=0; private_global=0; IO mode=ap_fifo:ce=0
Port [ empty]:  wired=1; compound=0; hidden=0; nouse=0; global=0; static=0; extern=0; dir=0; type=0; pingpong=0; private_global=0; IO mode=ap_none:ce=0
Port [ blk_1]:  wired=1; compound=0; hidden=0; nouse=0; global=0; static=0; extern=0; dir=0; type=0; pingpong=0; private_global=0; IO mode=ap_none:ce=0
Port [ blk_2]:  wired=1; compound=0; hidden=0; nouse=0; global=0; static=0; extern=0; dir=0; type=0; pingpong=0; private_global=0; IO mode=ap_none:ce=0
Port [ blk_3]:  wired=1; compound=0; hidden=0; nouse=0; global=0; static=0; extern=0; dir=0; type=0; pingpong=0; private_global=0; IO mode=ap_none:ce=0
Port [ blk_4]:  wired=1; compound=0; hidden=0; nouse=0; global=0; static=0; extern=0; dir=0; type=0; pingpong=0; private_global=0; IO mode=ap_none:ce=0
Port [ blk_5]:  wired=1; compound=0; hidden=0; nouse=0; global=0; static=0; extern=0; dir=0; type=0; pingpong=0; private_global=0; IO mode=ap_none:ce=0
Port [ blk_6]:  wired=1; compound=0; hidden=0; nouse=0; global=0; static=0; extern=0; dir=0; type=0; pingpong=0; private_global=0; IO mode=ap_none:ce=0
Port [ blk_7]:  wired=1; compound=0; hidden=0; nouse=0; global=0; static=0; extern=0; dir=0; type=0; pingpong=0; private_global=0; IO mode=ap_none:ce=0
Port [ blk_8]:  wired=1; compound=0; hidden=0; nouse=0; global=0; static=0; extern=0; dir=0; type=0; pingpong=0; private_global=0; IO mode=ap_none:ce=0
Port [ blk_9]:  wired=1; compound=0; hidden=0; nouse=0; global=0; static=0; extern=0; dir=0; type=0; pingpong=0; private_global=0; IO mode=ap_none:ce=0
Port [ blk_15]:  wired=1; compound=0; hidden=0; nouse=0; global=0; static=0; extern=0; dir=0; type=0; pingpong=0; private_global=0; IO mode=ap_none:ce=0
Port [ blk_10]:  wired=1; compound=0; hidden=0; nouse=0; global=0; static=0; extern=0; dir=0; type=0; pingpong=0; private_global=0; IO mode=ap_none:ce=0
Port [ blk_11]:  wired=1; compound=0; hidden=0; nouse=0; global=0; static=0; extern=0; dir=0; type=0; pingpong=0; private_global=0; IO mode=ap_none:ce=0
Port [ blk_12]:  wired=1; compound=0; hidden=0; nouse=0; global=0; static=0; extern=0; dir=0; type=0; pingpong=0; private_global=0; IO mode=ap_none:ce=0
Port [ blk_13]:  wired=1; compound=0; hidden=0; nouse=0; global=0; static=0; extern=0; dir=0; type=0; pingpong=0; private_global=0; IO mode=ap_none:ce=0
Port [ blk_14]:  wired=1; compound=0; hidden=0; nouse=0; global=0; static=0; extern=0; dir=0; type=0; pingpong=0; private_global=0; IO mode=ap_none:ce=0
Port [ W_15_out]:  wired=1; compound=0; hidden=0; nouse=0; global=0; static=0; extern=0; dir=1; type=0; pingpong=0; private_global=0; IO mode=ap_vld:ce=0
Port [ W_14_out]:  wired=1; compound=0; hidden=0; nouse=0; global=0; static=0; extern=0; dir=1; type=0; pingpong=0; private_global=0; IO mode=ap_vld:ce=0
Port [ W_13_out]:  wired=1; compound=0; hidden=0; nouse=0; global=0; static=0; extern=0; dir=1; type=0; pingpong=0; private_global=0; IO mode=ap_vld:ce=0
Port [ W_12_out]:  wired=1; compound=0; hidden=0; nouse=0; global=0; static=0; extern=0; dir=1; type=0; pingpong=0; private_global=0; IO mode=ap_vld:ce=0
Port [ W_11_out]:  wired=1; compound=0; hidden=0; nouse=0; global=0; static=0; extern=0; dir=1; type=0; pingpong=0; private_global=0; IO mode=ap_vld:ce=0
Port [ W_10_out]:  wired=1; compound=0; hidden=0; nouse=0; global=0; static=0; extern=0; dir=1; type=0; pingpong=0; private_global=0; IO mode=ap_vld:ce=0
Port [ W_9_out]:  wired=1; compound=0; hidden=0; nouse=0; global=0; static=0; extern=0; dir=1; type=0; pingpong=0; private_global=0; IO mode=ap_vld:ce=0
Port [ W_8_out]:  wired=1; compound=0; hidden=0; nouse=0; global=0; static=0; extern=0; dir=1; type=0; pingpong=0; private_global=0; IO mode=ap_vld:ce=0
Port [ W_7_out]:  wired=1; compound=0; hidden=0; nouse=0; global=0; static=0; extern=0; dir=1; type=0; pingpong=0; private_global=0; IO mode=ap_vld:ce=0
Port [ W_6_out]:  wired=1; compound=0; hidden=0; nouse=0; global=0; static=0; extern=0; dir=1; type=0; pingpong=0; private_global=0; IO mode=ap_vld:ce=0
Port [ W_5_out]:  wired=1; compound=0; hidden=0; nouse=0; global=0; static=0; extern=0; dir=1; type=0; pingpong=0; private_global=0; IO mode=ap_vld:ce=0
Port [ W_4_out]:  wired=1; compound=0; hidden=0; nouse=0; global=0; static=0; extern=0; dir=1; type=0; pingpong=0; private_global=0; IO mode=ap_vld:ce=0
Port [ W_3_out]:  wired=1; compound=0; hidden=0; nouse=0; global=0; static=0; extern=0; dir=1; type=0; pingpong=0; private_global=0; IO mode=ap_vld:ce=0
Port [ W_2_out]:  wired=1; compound=0; hidden=0; nouse=0; global=0; static=0; extern=0; dir=1; type=0; pingpong=0; private_global=0; IO mode=ap_vld:ce=0
Port [ W_1_out]:  wired=1; compound=0; hidden=0; nouse=0; global=0; static=0; extern=0; dir=1; type=0; pingpong=0; private_global=0; IO mode=ap_vld:ce=0
Port [ W_out]:  wired=1; compound=0; hidden=0; nouse=0; global=0; static=0; extern=0; dir=1; type=0; pingpong=0; private_global=0; IO mode=ap_vld:ce=0
---------------- STG Properties END ------------------

---------------- Datapath Model BEGIN ----------------

<LifeTime>
<method=bitvector/>
t                       (alloca           ) [ 010]
W                       (alloca           ) [ 010]
W_1                     (alloca           ) [ 010]
W_2                     (alloca           ) [ 010]
W_3                     (alloca           ) [ 010]
W_4                     (alloca           ) [ 010]
W_5                     (alloca           ) [ 010]
W_6                     (alloca           ) [ 010]
W_7                     (alloca           ) [ 010]
W_8                     (alloca           ) [ 010]
W_9                     (alloca           ) [ 010]
W_10                    (alloca           ) [ 010]
W_11                    (alloca           ) [ 010]
W_12                    (alloca           ) [ 010]
W_13                    (alloca           ) [ 010]
W_14                    (alloca           ) [ 010]
W_15                    (alloca           ) [ 010]
specmemcore_ln0         (specmemcore      ) [ 000]
specinterface_ln0       (specinterface    ) [ 000]
blk_14_read             (read             ) [ 000]
blk_13_read             (read             ) [ 000]
blk_12_read             (read             ) [ 000]
blk_11_read             (read             ) [ 000]
blk_10_read             (read             ) [ 000]
blk_15_read             (read             ) [ 000]
blk_9_read              (read             ) [ 000]
blk_8_read              (read             ) [ 000]
blk_7_read              (read             ) [ 000]
blk_6_read              (read             ) [ 000]
blk_5_read              (read             ) [ 000]
blk_4_read              (read             ) [ 000]
blk_3_read              (read             ) [ 000]
blk_2_read              (read             ) [ 000]
blk_1_read              (read             ) [ 000]
tmp                     (read             ) [ 000]
store_ln541             (store            ) [ 000]
br_ln0                  (br               ) [ 000]
t_4                     (load             ) [ 000]
icmp_ln541              (icmp             ) [ 010]
add_ln541               (add              ) [ 000]
br_ln541                (br               ) [ 000]
trunc_ln541             (trunc            ) [ 010]
specpipeline_ln542      (specpipeline     ) [ 000]
speclooptripcount_ln537 (speclooptripcount) [ 000]
specloopname_ln541      (specloopname     ) [ 000]
Wt                      (sparsemux        ) [ 011]
switch_ln544            (switch           ) [ 000]
store_ln537             (store            ) [ 000]
br_ln544                (br               ) [ 000]
store_ln537             (store            ) [ 000]
br_ln544                (br               ) [ 000]
store_ln537             (store            ) [ 000]
br_ln544                (br               ) [ 000]
store_ln537             (store            ) [ 000]
br_ln544                (br               ) [ 000]
store_ln537             (store            ) [ 000]
br_ln544                (br               ) [ 000]
store_ln537             (store            ) [ 000]
br_ln544                (br               ) [ 000]
store_ln537             (store            ) [ 000]
br_ln544                (br               ) [ 000]
store_ln537             (store            ) [ 000]
br_ln544                (br               ) [ 000]
store_ln537             (store            ) [ 000]
br_ln544                (br               ) [ 000]
store_ln537             (store            ) [ 000]
br_ln544                (br               ) [ 000]
store_ln537             (store            ) [ 000]
br_ln544                (br               ) [ 000]
store_ln537             (store            ) [ 000]
br_ln544                (br               ) [ 000]
store_ln537             (store            ) [ 000]
br_ln544                (br               ) [ 000]
store_ln537             (store            ) [ 000]
br_ln544                (br               ) [ 000]
store_ln537             (store            ) [ 000]
br_ln544                (br               ) [ 000]
store_ln537             (store            ) [ 000]
br_ln544                (br               ) [ 000]
store_ln541             (store            ) [ 000]
write_ln545             (write            ) [ 000]
br_ln541                (br               ) [ 000]
W_load                  (load             ) [ 000]
W_1_load                (load             ) [ 000]
W_2_load                (load             ) [ 000]
W_3_load                (load             ) [ 000]
W_4_load                (load             ) [ 000]
W_5_load                (load             ) [ 000]
W_6_load                (load             ) [ 000]
W_7_load                (load             ) [ 000]
W_8_load                (load             ) [ 000]
W_9_load                (load             ) [ 000]
W_10_load               (load             ) [ 000]
W_11_load               (load             ) [ 000]
W_12_load               (load             ) [ 000]
W_13_load               (load             ) [ 000]
W_14_load               (load             ) [ 000]
W_15_load               (load             ) [ 000]
write_ln0               (write            ) [ 000]
write_ln0               (write            ) [ 000]
write_ln0               (write            ) [ 000]
write_ln0               (write            ) [ 000]
write_ln0               (write            ) [ 000]
write_ln0               (write            ) [ 000]
write_ln0               (write            ) [ 000]
write_ln0               (write            ) [ 000]
write_ln0               (write            ) [ 000]
write_ln0               (write            ) [ 000]
write_ln0               (write            ) [ 000]
write_ln0               (write            ) [ 000]
write_ln0               (write            ) [ 000]
write_ln0               (write            ) [ 000]
write_ln0               (write            ) [ 000]
write_ln0               (write            ) [ 000]
ret_ln0                 (ret              ) [ 000]
</LifeTime>

<model>

<comp_list>
<comp id="0" class="1000" name="w_strm">
<pin_list>
<pin id="1" dir="1" index="0" bw="1" slack="0"/>
</pin_list>
<bind>
<StgValue><ssdm name="w_strm"/></StgValue>
</bind>
</comp>

<comp id="2" class="1000" name="empty">
<pin_list>
<pin id="3" dir="1" index="0" bw="1" slack="0"/>
</pin_list>
<bind>
<StgValue><ssdm name="empty"/></StgValue>
</bind>
</comp>

<comp id="4" class="1000" name="blk_1">
<pin_list>
<pin id="5" dir="1" index="0" bw="1" slack="0"/>
</pin_list>
<bind>
<StgValue><ssdm name="blk_1"/></StgValue>
</bind>
</comp>

<comp id="6" class="1000" name="blk_2">
<pin_list>
<pin id="7" dir="1" index="0" bw="1" slack="0"/>
</pin_list>
<bind>
<StgValue><ssdm name="blk_2"/></StgValue>
</bind>
</comp>

<comp id="8" class="1000" name="blk_3">
<pin_list>
<pin id="9" dir="1" index="0" bw="1" slack="0"/>
</pin_list>
<bind>
<StgValue><ssdm name="blk_3"/></StgValue>
</bind>
</comp>

<comp id="10" class="1000" name="blk_4">
<pin_list>
<pin id="11" dir="1" index="0" bw="1" slack="0"/>
</pin_list>
<bind>
<StgValue><ssdm name="blk_4"/></StgValue>
</bind>
</comp>

<comp id="12" class="1000" name="blk_5">
<pin_list>
<pin id="13" dir="1" index="0" bw="1" slack="0"/>
</pin_list>
<bind>
<StgValue><ssdm name="blk_5"/></StgValue>
</bind>
</comp>

<comp id="14" class="1000" name="blk_6">
<pin_list>
<pin id="15" dir="1" index="0" bw="1" slack="0"/>
</pin_list>
<bind>
<StgValue><ssdm name="blk_6"/></StgValue>
</bind>
</comp>

<comp id="16" class="1000" name="blk_7">
<pin_list>
<pin id="17" dir="1" index="0" bw="1" slack="0"/>
</pin_list>
<bind>
<StgValue><ssdm name="blk_7"/></StgValue>
</bind>
</comp>

<comp id="18" class="1000" name="blk_8">
<pin_list>
<pin id="19" dir="1" index="0" bw="1" slack="0"/>
</pin_list>
<bind>
<StgValue><ssdm name="blk_8"/></StgValue>
</bind>
</comp>

<comp id="20" class="1000" name="blk_9">
<pin_list>
<pin id="21" dir="1" index="0" bw="1" slack="0"/>
</pin_list>
<bind>
<StgValue><ssdm name="blk_9"/></StgValue>
</bind>
</comp>

<comp id="22" class="1000" name="blk_15">
<pin_list>
<pin id="23" dir="1" index="0" bw="1" slack="0"/>
</pin_list>
<bind>
<StgValue><ssdm name="blk_15"/></StgValue>
</bind>
</comp>

<comp id="24" class="1000" name="blk_10">
<pin_list>
<pin id="25" dir="1" index="0" bw="1" slack="0"/>
</pin_list>
<bind>
<StgValue><ssdm name="blk_10"/></StgValue>
</bind>
</comp>

<comp id="26" class="1000" name="blk_11">
<pin_list>
<pin id="27" dir="1" index="0" bw="1" slack="0"/>
</pin_list>
<bind>
<StgValue><ssdm name="blk_11"/></StgValue>
</bind>
</comp>

<comp id="28" class="1000" name="blk_12">
<pin_list>
<pin id="29" dir="1" index="0" bw="1" slack="0"/>
</pin_list>
<bind>
<StgValue><ssdm name="blk_12"/></StgValue>
</bind>
</comp>

<comp id="30" class="1000" name="blk_13">
<pin_list>
<pin id="31" dir="1" index="0" bw="1" slack="0"/>
</pin_list>
<bind>
<StgValue><ssdm name="blk_13"/></StgValue>
</bind>
</comp>

<comp id="32" class="1000" name="blk_14">
<pin_list>
<pin id="33" dir="1" index="0" bw="1" slack="0"/>
</pin_list>
<bind>
<StgValue><ssdm name="blk_14"/></StgValue>
</bind>
</comp>

<comp id="34" class="1000" name="W_15_out">
<pin_list>
<pin id="35" dir="1" index="0" bw="1" slack="0"/>
</pin_list>
<bind>
<StgValue><ssdm name="W_15_out"/></StgValue>
</bind>
</comp>

<comp id="36" class="1000" name="W_14_out">
<pin_list>
<pin id="37" dir="1" index="0" bw="1" slack="0"/>
</pin_list>
<bind>
<StgValue><ssdm name="W_14_out"/></StgValue>
</bind>
</comp>

<comp id="38" class="1000" name="W_13_out">
<pin_list>
<pin id="39" dir="1" index="0" bw="1" slack="0"/>
</pin_list>
<bind>
<StgValue><ssdm name="W_13_out"/></StgValue>
</bind>
</comp>

<comp id="40" class="1000" name="W_12_out">
<pin_list>
<pin id="41" dir="1" index="0" bw="1" slack="0"/>
</pin_list>
<bind>
<StgValue><ssdm name="W_12_out"/></StgValue>
</bind>
</comp>

<comp id="42" class="1000" name="W_11_out">
<pin_list>
<pin id="43" dir="1" index="0" bw="1" slack="0"/>
</pin_list>
<bind>
<StgValue><ssdm name="W_11_out"/></StgValue>
</bind>
</comp>

<comp id="44" class="1000" name="W_10_out">
<pin_list>
<pin id="45" dir="1" index="0" bw="1" slack="0"/>
</pin_list>
<bind>
<StgValue><ssdm name="W_10_out"/></StgValue>
</bind>
</comp>

<comp id="46" class="1000" name="W_9_out">
<pin_list>
<pin id="47" dir="1" index="0" bw="1" slack="0"/>
</pin_list>
<bind>
<StgValue><ssdm name="W_9_out"/></StgValue>
</bind>
</comp>

<comp id="48" class="1000" name="W_8_out">
<pin_list>
<pin id="49" dir="1" index="0" bw="1" slack="0"/>
</pin_list>
<bind>
<StgValue><ssdm name="W_8_out"/></StgValue>
</bind>
</comp>

<comp id="50" class="1000" name="W_7_out">
<pin_list>
<pin id="51" dir="1" index="0" bw="1" slack="0"/>
</pin_list>
<bind>
<StgValue><ssdm name="W_7_out"/></StgValue>
</bind>
</comp>

<comp id="52" class="1000" name="W_6_out">
<pin_list>
<pin id="53" dir="1" index="0" bw="1" slack="0"/>
</pin_list>
<bind>
<StgValue><ssdm name="W_6_out"/></StgValue>
</bind>
</comp>

<comp id="54" class="1000" name="W_5_out">
<pin_list>
<pin id="55" dir="1" index="0" bw="1" slack="0"/>
</pin_list>
<bind>
<StgValue><ssdm name="W_5_out"/></StgValue>
</bind>
</comp>

<comp id="56" class="1000" name="W_4_out">
<pin_list>
<pin id="57" dir="1" index="0" bw="1" slack="0"/>
</pin_list>
<bind>
<StgValue><ssdm name="W_4_out"/></StgValue>
</bind>
</comp>

<comp id="58" class="1000" name="W_3_out">
<pin_list>
<pin id="59" dir="1" index="0" bw="1" slack="0"/>
</pin_list>
<bind>
<StgValue><ssdm name="W_3_out"/></StgValue>
</bind>
</comp>

<comp id="60" class="1000" name="W_2_out">
<pin_list>
<pin id="61" dir="1" index="0" bw="1" slack="0"/>
</pin_list>
<bind>
<StgValue><ssdm name="W_2_out"/></StgValue>
</bind>
</comp>

<comp id="62" class="1000" name="W_1_out">
<pin_list>
<pin id="63" dir="1" index="0" bw="1" slack="0"/>
</pin_list>
<bind>
<StgValue><ssdm name="W_1_out"/></StgValue>
</bind>
</comp>

<comp id="64" class="1000" name="W_out">
<pin_list>
<pin id="65" dir="1" index="0" bw="1" slack="0"/>
</pin_list>
<bind>
<StgValue><ssdm name="W_out"/></StgValue>
</bind>
</comp>

<comp id="66" class="1001" name="const_66">
<pin_list>
<pin id="67" dir="1" index="0" bw="1" slack="0"/>
</pin_list>
<bind>
<StgValue><ssdm name=""/></StgValue>
</bind>
</comp>

<comp id="68" class="1001" name="const_68">
<pin_list>
<pin id="69" dir="1" index="0" bw="1" slack="2147483647"/>
</pin_list>
<bind>
<StgValue><ssdm name="_ssdm_op_SpecMemCore"/></StgValue>
</bind>
</comp>

<comp id="70" class="1001" name="const_70">
<pin_list>
<pin id="71" dir="1" index="0" bw="1" slack="2147483647"/>
</pin_list>
<bind>
<StgValue><ssdm name=""/></StgValue>
</bind>
</comp>

<comp id="72" class="1001" name="const_72">
<pin_list>
<pin id="73" dir="1" index="0" bw="1" slack="2147483647"/>
</pin_list>
<bind>
<StgValue><ssdm name=""/></StgValue>
</bind>
</comp>

<comp id="74" class="1001" name="const_74">
<pin_list>
<pin id="75" dir="1" index="0" bw="1" slack="2147483647"/>
</pin_list>
<bind>
<StgValue><ssdm name=""/></StgValue>
</bind>
</comp>

<comp id="76" class="1001" name="const_76">
<pin_list>
<pin id="77" dir="1" index="0" bw="1" slack="2147483647"/>
</pin_list>
<bind>
<StgValue><ssdm name="_ssdm_op_SpecInterface"/></StgValue>
</bind>
</comp>

<comp id="78" class="1001" name="const_78">
<pin_list>
<pin id="79" dir="1" index="0" bw="1" slack="2147483647"/>
</pin_list>
<bind>
<StgValue><ssdm name="empty_3"/></StgValue>
</bind>
</comp>

<comp id="80" class="1001" name="const_80">
<pin_list>
<pin id="81" dir="1" index="0" bw="1" slack="2147483647"/>
</pin_list>
<bind>
<StgValue><ssdm name=""/></StgValue>
</bind>
</comp>

<comp id="82" class="1001" name="const_82">
<pin_list>
<pin id="83" dir="1" index="0" bw="1" slack="2147483647"/>
</pin_list>
<bind>
<StgValue><ssdm name="empty_1"/></StgValue>
</bind>
</comp>

<comp id="84" class="1001" name="const_84">
<pin_list>
<pin id="85" dir="1" index="0" bw="1" slack="2147483647"/>
</pin_list>
<bind>
<StgValue><ssdm name=""/></StgValue>
</bind>
</comp>

<comp id="86" class="1001" name="const_86">
<pin_list>
<pin id="87" dir="1" index="0" bw="1" slack="0"/>
</pin_list>
<bind>
<StgValue><ssdm name="_ssdm_op_Read.ap_auto.i32"/></StgValue>
</bind>
</comp>

<comp id="88" class="1001" name="const_88">
<pin_list>
<pin id="89" dir="1" index="0" bw="1" slack="0"/>
</pin_list>
<bind>
<StgValue><ssdm name=""/></StgValue>
</bind>
</comp>

<comp id="90" class="1001" name="const_90">
<pin_list>
<pin id="91" dir="1" index="0" bw="1" slack="0"/>
</pin_list>
<bind>
<StgValue><ssdm name=""/></StgValue>
</bind>
</comp>

<comp id="92" class="1001" name="const_92">
<pin_list>
<pin id="93" dir="1" index="0" bw="1" slack="0"/>
</pin_list>
<bind>
<StgValue><ssdm name=""/></StgValue>
</bind>
</comp>

<comp id="94" class="1001" name="const_94">
<pin_list>
<pin id="95" dir="1" index="0" bw="1" slack="2147483647"/>
</pin_list>
<bind>
<StgValue><ssdm name="_ssdm_op_SpecPipeline"/></StgValue>
</bind>
</comp>

<comp id="96" class="1001" name="const_96">
<pin_list>
<pin id="97" dir="1" index="0" bw="1" slack="2147483647"/>
</pin_list>
<bind>
<StgValue><ssdm name="_ssdm_op_SpecLoopTripCount"/></StgValue>
</bind>
</comp>

<comp id="98" class="1001" name="const_98">
<pin_list>
<pin id="99" dir="1" index="0" bw="1" slack="2147483647"/>
</pin_list>
<bind>
<StgValue><ssdm name=""/></StgValue>
</bind>
</comp>

<comp id="100" class="1001" name="const_100">
<pin_list>
<pin id="101" dir="1" index="0" bw="1" slack="2147483647"/>
</pin_list>
<bind>
<StgValue><ssdm name="_ssdm_op_SpecLoopName"/></StgValue>
</bind>
</comp>

<comp id="102" class="1001" name="const_102">
<pin_list>
<pin id="103" dir="1" index="0" bw="1" slack="2147483647"/>
</pin_list>
<bind>
<StgValue><ssdm name="empty_11"/></StgValue>
</bind>
</comp>

<comp id="104" class="1001" name="const_104">
<pin_list>
<pin id="105" dir="1" index="0" bw="1" slack="0"/>
</pin_list>
<bind>
<StgValue><ssdm name="_ssdm_op_SparseMux.ap_auto.16i32.i32.i4"/></StgValue>
</bind>
</comp>

<comp id="106" class="1001" name="const_106">
<pin_list>
<pin id="107" dir="1" index="0" bw="1" slack="0"/>
</pin_list>
<bind>
<StgValue><ssdm name=""/></StgValue>
</bind>
</comp>

<comp id="108" class="1001" name="const_108">
<pin_list>
<pin id="109" dir="1" index="0" bw="1" slack="0"/>
</pin_list>
<bind>
<StgValue><ssdm name=""/></StgValue>
</bind>
</comp>

<comp id="110" class="1001" name="const_110">
<pin_list>
<pin id="111" dir="1" index="0" bw="1" slack="0"/>
</pin_list>
<bind>
<StgValue><ssdm name=""/></StgValue>
</bind>
</comp>

<comp id="112" class="1001" name="const_112">
<pin_list>
<pin id="113" dir="1" index="0" bw="1" slack="0"/>
</pin_list>
<bind>
<StgValue><ssdm name=""/></StgValue>
</bind>
</comp>

<comp id="114" class="1001" name="const_114">
<pin_list>
<pin id="115" dir="1" index="0" bw="1" slack="0"/>
</pin_list>
<bind>
<StgValue><ssdm name=""/></StgValue>
</bind>
</comp>

<comp id="116" class="1001" name="const_116">
<pin_list>
<pin id="117" dir="1" index="0" bw="1" slack="0"/>
</pin_list>
<bind>
<StgValue><ssdm name=""/></StgValue>
</bind>
</comp>

<comp id="118" class="1001" name="const_118">
<pin_list>
<pin id="119" dir="1" index="0" bw="1" slack="0"/>
</pin_list>
<bind>
<StgValue><ssdm name=""/></StgValue>
</bind>
</comp>

<comp id="120" class="1001" name="const_120">
<pin_list>
<pin id="121" dir="1" index="0" bw="1" slack="0"/>
</pin_list>
<bind>
<StgValue><ssdm name=""/></StgValue>
</bind>
</comp>

<comp id="122" class="1001" name="const_122">
<pin_list>
<pin id="123" dir="1" index="0" bw="1" slack="0"/>
</pin_list>
<bind>
<StgValue><ssdm name=""/></StgValue>
</bind>
</comp>

<comp id="124" class="1001" name="const_124">
<pin_list>
<pin id="125" dir="1" index="0" bw="1" slack="0"/>
</pin_list>
<bind>
<StgValue><ssdm name=""/></StgValue>
</bind>
</comp>

<comp id="126" class="1001" name="const_126">
<pin_list>
<pin id="127" dir="1" index="0" bw="1" slack="0"/>
</pin_list>
<bind>
<StgValue><ssdm name=""/></StgValue>
</bind>
</comp>

<comp id="128" class="1001" name="const_128">
<pin_list>
<pin id="129" dir="1" index="0" bw="1" slack="0"/>
</pin_list>
<bind>
<StgValue><ssdm name=""/></StgValue>
</bind>
</comp>

<comp id="130" class="1001" name="const_130">
<pin_list>
<pin id="131" dir="1" index="0" bw="1" slack="0"/>
</pin_list>
<bind>
<StgValue><ssdm name=""/></StgValue>
</bind>
</comp>

<comp id="132" class="1001" name="const_132">
<pin_list>
<pin id="133" dir="1" index="0" bw="1" slack="0"/>
</pin_list>
<bind>
<StgValue><ssdm name=""/></StgValue>
</bind>
</comp>

<comp id="134" class="1001" name="const_134">
<pin_list>
<pin id="135" dir="1" index="0" bw="1" slack="0"/>
</pin_list>
<bind>
<StgValue><ssdm name=""/></StgValue>
</bind>
</comp>

<comp id="136" class="1001" name="const_136">
<pin_list>
<pin id="137" dir="1" index="0" bw="1" slack="0"/>
</pin_list>
<bind>
<StgValue><ssdm name=""/></StgValue>
</bind>
</comp>

<comp id="138" class="1001" name="const_138">
<pin_list>
<pin id="139" dir="1" index="0" bw="1" slack="0"/>
</pin_list>
<bind>
<StgValue><ssdm name=""/></StgValue>
</bind>
</comp>

<comp id="140" class="1001" name="const_140">
<pin_list>
<pin id="141" dir="1" index="0" bw="1" slack="0"/>
</pin_list>
<bind>
<StgValue><ssdm name="_ssdm_op_Write.ap_fifo.volatile.i32P0A"/></StgValue>
</bind>
</comp>

<comp id="142" class="1001" name="const_142">
<pin_list>
<pin id="143" dir="1" index="0" bw="1" slack="0"/>
</pin_list>
<bind>
<StgValue><ssdm name="_ssdm_op_Write.ap_auto.i32P0A"/></StgValue>
</bind>
</comp>

<comp id="144" class="1004" name="t_fu_144">
<pin_list>
<pin id="145" dir="0" index="0" bw="1" slack="0"/>
<pin id="146" dir="1" index="1" bw="5" slack="0"/>
</pin_list>
<bind>
<opcode="alloca(26) " fcode="alloca"/>
<opset="t/1 "/>
</bind>
</comp>

<comp id="148" class="1004" name="W_fu_148">
<pin_list>
<pin id="149" dir="0" index="0" bw="1" slack="0"/>
<pin id="150" dir="1" index="1" bw="32" slack="0"/>
</pin_list>
<bind>
<opcode="alloca(26) " fcode="alloca"/>
<opset="W/1 "/>
</bind>
</comp>

<comp id="152" class="1004" name="W_1_fu_152">
<pin_list>
<pin id="153" dir="0" index="0" bw="1" slack="0"/>
<pin id="154" dir="1" index="1" bw="32" slack="0"/>
</pin_list>
<bind>
<opcode="alloca(26) " fcode="alloca"/>
<opset="W_1/1 "/>
</bind>
</comp>

<comp id="156" class="1004" name="W_2_fu_156">
<pin_list>
<pin id="157" dir="0" index="0" bw="1" slack="0"/>
<pin id="158" dir="1" index="1" bw="32" slack="0"/>
</pin_list>
<bind>
<opcode="alloca(26) " fcode="alloca"/>
<opset="W_2/1 "/>
</bind>
</comp>

<comp id="160" class="1004" name="W_3_fu_160">
<pin_list>
<pin id="161" dir="0" index="0" bw="1" slack="0"/>
<pin id="162" dir="1" index="1" bw="32" slack="0"/>
</pin_list>
<bind>
<opcode="alloca(26) " fcode="alloca"/>
<opset="W_3/1 "/>
</bind>
</comp>

<comp id="164" class="1004" name="W_4_fu_164">
<pin_list>
<pin id="165" dir="0" index="0" bw="1" slack="0"/>
<pin id="166" dir="1" index="1" bw="32" slack="0"/>
</pin_list>
<bind>
<opcode="alloca(26) " fcode="alloca"/>
<opset="W_4/1 "/>
</bind>
</comp>

<comp id="168" class="1004" name="W_5_fu_168">
<pin_list>
<pin id="169" dir="0" index="0" bw="1" slack="0"/>
<pin id="170" dir="1" index="1" bw="32" slack="0"/>
</pin_list>
<bind>
<opcode="alloca(26) " fcode="alloca"/>
<opset="W_5/1 "/>
</bind>
</comp>

<comp id="172" class="1004" name="W_6_fu_172">
<pin_list>
<pin id="173" dir="0" index="0" bw="1" slack="0"/>
<pin id="174" dir="1" index="1" bw="32" slack="0"/>
</pin_list>
<bind>
<opcode="alloca(26) " fcode="alloca"/>
<opset="W_6/1 "/>
</bind>
</comp>

<comp id="176" class="1004" name="W_7_fu_176">
<pin_list>
<pin id="177" dir="0" index="0" bw="1" slack="0"/>
<pin id="178" dir="1" index="1" bw="32" slack="0"/>
</pin_list>
<bind>
<opcode="alloca(26) " fcode="alloca"/>
<opset="W_7/1 "/>
</bind>
</comp>

<comp id="180" class="1004" name="W_8_fu_180">
<pin_list>
<pin id="181" dir="0" index="0" bw="1" slack="0"/>
<pin id="182" dir="1" index="1" bw="32" slack="0"/>
</pin_list>
<bind>
<opcode="alloca(26) " fcode="alloca"/>
<opset="W_8/1 "/>
</bind>
</comp>

<comp id="184" class="1004" name="W_9_fu_184">
<pin_list>
<pin id="185" dir="0" index="0" bw="1" slack="0"/>
<pin id="186" dir="1" index="1" bw="32" slack="0"/>
</pin_list>
<bind>
<opcode="alloca(26) " fcode="alloca"/>
<opset="W_9/1 "/>
</bind>
</comp>

<comp id="188" class="1004" name="W_10_fu_188">
<pin_list>
<pin id="189" dir="0" index="0" bw="1" slack="0"/>
<pin id="190" dir="1" index="1" bw="32" slack="0"/>
</pin_list>
<bind>
<opcode="alloca(26) " fcode="alloca"/>
<opset="W_10/1 "/>
</bind>
</comp>

<comp id="192" class="1004" name="W_11_fu_192">
<pin_list>
<pin id="193" dir="0" index="0" bw="1" slack="0"/>
<pin id="194" dir="1" index="1" bw="32" slack="0"/>
</pin_list>
<bind>
<opcode="alloca(26) " fcode="alloca"/>
<opset="W_11/1 "/>
</bind>
</comp>

<comp id="196" class="1004" name="W_12_fu_196">
<pin_list>
<pin id="197" dir="0" index="0" bw="1" slack="0"/>
<pin id="198" dir="1" index="1" bw="32" slack="0"/>
</pin_list>
<bind>
<opcode="alloca(26) " fcode="alloca"/>
<opset="W_12/1 "/>
</bind>
</comp>

<comp id="200" class="1004" name="W_13_fu_200">
<pin_list>
<pin id="201" dir="0" index="0" bw="1" slack="0"/>
<pin id="202" dir="1" index="1" bw="32" slack="0"/>
</pin_list>
<bind>
<opcode="alloca(26) " fcode="alloca"/>
<opset="W_13/1 "/>
</bind>
</comp>

<comp id="204" class="1004" name="W_14_fu_204">
<pin_list>
<pin id="205" dir="0" index="0" bw="1" slack="0"/>
<pin id="206" dir="1" index="1" bw="32" slack="0"/>
</pin_list>
<bind>
<opcode="alloca(26) " fcode="alloca"/>
<opset="W_14/1 "/>
</bind>
</comp>

<comp id="208" class="1004" name="W_15_fu_208">
<pin_list>
<pin id="209" dir="0" index="0" bw="1" slack="0"/>
<pin id="210" dir="1" index="1" bw="32" slack="0"/>
</pin_list>
<bind>
<opcode="alloca(26) " fcode="alloca"/>
<opset="W_15/1 "/>
</bind>
</comp>

<comp id="212" class="1004" name="blk_14_read_read_fu_212">
<pin_list>
<pin id="213" dir="0" index="0" bw="32" slack="0"/>
<pin id="214" dir="0" index="1" bw="32" slack="0"/>
<pin id="215" dir="1" index="2" bw="32" slack="0"/>
</pin_list>
<bind>
<opcode="read(1150) " fcode="read"/>
<opset="blk_14_read/1 "/>
</bind>
</comp>

<comp id="218" class="1004" name="blk_13_read_read_fu_218">
<pin_list>
<pin id="219" dir="0" index="0" bw="32" slack="0"/>
<pin id="220" dir="0" index="1" bw="32" slack="0"/>
<pin id="221" dir="1" index="2" bw="32" slack="0"/>
</pin_list>
<bind>
<opcode="read(1150) " fcode="read"/>
<opset="blk_13_read/1 "/>
</bind>
</comp>

<comp id="224" class="1004" name="blk_12_read_read_fu_224">
<pin_list>
<pin id="225" dir="0" index="0" bw="32" slack="0"/>
<pin id="226" dir="0" index="1" bw="32" slack="0"/>
<pin id="227" dir="1" index="2" bw="32" slack="0"/>
</pin_list>
<bind>
<opcode="read(1150) " fcode="read"/>
<opset="blk_12_read/1 "/>
</bind>
</comp>

<comp id="230" class="1004" name="blk_11_read_read_fu_230">
<pin_list>
<pin id="231" dir="0" index="0" bw="32" slack="0"/>
<pin id="232" dir="0" index="1" bw="32" slack="0"/>
<pin id="233" dir="1" index="2" bw="32" slack="0"/>
</pin_list>
<bind>
<opcode="read(1150) " fcode="read"/>
<opset="blk_11_read/1 "/>
</bind>
</comp>

<comp id="236" class="1004" name="blk_10_read_read_fu_236">
<pin_list>
<pin id="237" dir="0" index="0" bw="32" slack="0"/>
<pin id="238" dir="0" index="1" bw="32" slack="0"/>
<pin id="239" dir="1" index="2" bw="32" slack="0"/>
</pin_list>
<bind>
<opcode="read(1150) " fcode="read"/>
<opset="blk_10_read/1 "/>
</bind>
</comp>

<comp id="242" class="1004" name="blk_15_read_read_fu_242">
<pin_list>
<pin id="243" dir="0" index="0" bw="32" slack="0"/>
<pin id="244" dir="0" index="1" bw="32" slack="0"/>
<pin id="245" dir="1" index="2" bw="32" slack="0"/>
</pin_list>
<bind>
<opcode="read(1150) " fcode="read"/>
<opset="blk_15_read/1 "/>
</bind>
</comp>

<comp id="248" class="1004" name="blk_9_read_read_fu_248">
<pin_list>
<pin id="249" dir="0" index="0" bw="32" slack="0"/>
<pin id="250" dir="0" index="1" bw="32" slack="0"/>
<pin id="251" dir="1" index="2" bw="32" slack="0"/>
</pin_list>
<bind>
<opcode="read(1150) " fcode="read"/>
<opset="blk_9_read/1 "/>
</bind>
</comp>

<comp id="254" class="1004" name="blk_8_read_read_fu_254">
<pin_list>
<pin id="255" dir="0" index="0" bw="32" slack="0"/>
<pin id="256" dir="0" index="1" bw="32" slack="0"/>
<pin id="257" dir="1" index="2" bw="32" slack="0"/>
</pin_list>
<bind>
<opcode="read(1150) " fcode="read"/>
<opset="blk_8_read/1 "/>
</bind>
</comp>

<comp id="260" class="1004" name="blk_7_read_read_fu_260">
<pin_list>
<pin id="261" dir="0" index="0" bw="32" slack="0"/>
<pin id="262" dir="0" index="1" bw="32" slack="0"/>
<pin id="263" dir="1" index="2" bw="32" slack="0"/>
</pin_list>
<bind>
<opcode="read(1150) " fcode="read"/>
<opset="blk_7_read/1 "/>
</bind>
</comp>

<comp id="266" class="1004" name="blk_6_read_read_fu_266">
<pin_list>
<pin id="267" dir="0" index="0" bw="32" slack="0"/>
<pin id="268" dir="0" index="1" bw="32" slack="0"/>
<pin id="269" dir="1" index="2" bw="32" slack="0"/>
</pin_list>
<bind>
<opcode="read(1150) " fcode="read"/>
<opset="blk_6_read/1 "/>
</bind>
</comp>

<comp id="272" class="1004" name="blk_5_read_read_fu_272">
<pin_list>
<pin id="273" dir="0" index="0" bw="32" slack="0"/>
<pin id="274" dir="0" index="1" bw="32" slack="0"/>
<pin id="275" dir="1" index="2" bw="32" slack="0"/>
</pin_list>
<bind>
<opcode="read(1150) " fcode="read"/>
<opset="blk_5_read/1 "/>
</bind>
</comp>

<comp id="278" class="1004" name="blk_4_read_read_fu_278">
<pin_list>
<pin id="279" dir="0" index="0" bw="32" slack="0"/>
<pin id="280" dir="0" index="1" bw="32" slack="0"/>
<pin id="281" dir="1" index="2" bw="32" slack="0"/>
</pin_list>
<bind>
<opcode="read(1150) " fcode="read"/>
<opset="blk_4_read/1 "/>
</bind>
</comp>

<comp id="284" class="1004" name="blk_3_read_read_fu_284">
<pin_list>
<pin id="285" dir="0" index="0" bw="32" slack="0"/>
<pin id="286" dir="0" index="1" bw="32" slack="0"/>
<pin id="287" dir="1" index="2" bw="32" slack="0"/>
</pin_list>
<bind>
<opcode="read(1150) " fcode="read"/>
<opset="blk_3_read/1 "/>
</bind>
</comp>

<comp id="290" class="1004" name="blk_2_read_read_fu_290">
<pin_list>
<pin id="291" dir="0" index="0" bw="32" slack="0"/>
<pin id="292" dir="0" index="1" bw="32" slack="0"/>
<pin id="293" dir="1" index="2" bw="32" slack="0"/>
</pin_list>
<bind>
<opcode="read(1150) " fcode="read"/>
<opset="blk_2_read/1 "/>
</bind>
</comp>

<comp id="296" class="1004" name="blk_1_read_read_fu_296">
<pin_list>
<pin id="297" dir="0" index="0" bw="32" slack="0"/>
<pin id="298" dir="0" index="1" bw="32" slack="0"/>
<pin id="299" dir="1" index="2" bw="32" slack="0"/>
</pin_list>
<bind>
<opcode="read(1150) " fcode="read"/>
<opset="blk_1_read/1 "/>
</bind>
</comp>

<comp id="302" class="1004" name="tmp_read_fu_302">
<pin_list>
<pin id="303" dir="0" index="0" bw="32" slack="0"/>
<pin id="304" dir="0" index="1" bw="32" slack="0"/>
<pin id="305" dir="1" index="2" bw="32" slack="0"/>
</pin_list>
<bind>
<opcode="read(1150) " fcode="read"/>
<opset="tmp/1 "/>
</bind>
</comp>

<comp id="308" class="1004" name="write_ln545_write_fu_308">
<pin_list>
<pin id="309" dir="0" index="0" bw="0" slack="0"/>
<pin id="310" dir="0" index="1" bw="32" slack="0"/>
<pin id="311" dir="0" index="2" bw="32" slack="1"/>
<pin id="312" dir="1" index="3" bw="0" slack="2147483647"/>
</pin_list>
<bind>
<opcode="write(1151) " fcode="write"/>
<opset="write_ln545/2 "/>
</bind>
</comp>

<comp id="315" class="1004" name="write_ln0_write_fu_315">
<pin_list>
<pin id="316" dir="0" index="0" bw="0" slack="0"/>
<pin id="317" dir="0" index="1" bw="32" slack="0"/>
<pin id="318" dir="0" index="2" bw="32" slack="0"/>
<pin id="319" dir="1" index="3" bw="0" slack="2147483647"/>
</pin_list>
<bind>
<opcode="write(1151) " fcode="write"/>
<opset="write_ln0/1 "/>
</bind>
</comp>

<comp id="322" class="1004" name="write_ln0_write_fu_322">
<pin_list>
<pin id="323" dir="0" index="0" bw="0" slack="0"/>
<pin id="324" dir="0" index="1" bw="32" slack="0"/>
<pin id="325" dir="0" index="2" bw="32" slack="0"/>
<pin id="326" dir="1" index="3" bw="0" slack="2147483647"/>
</pin_list>
<bind>
<opcode="write(1151) " fcode="write"/>
<opset="write_ln0/1 "/>
</bind>
</comp>

<comp id="329" class="1004" name="write_ln0_write_fu_329">
<pin_list>
<pin id="330" dir="0" index="0" bw="0" slack="0"/>
<pin id="331" dir="0" index="1" bw="32" slack="0"/>
<pin id="332" dir="0" index="2" bw="32" slack="0"/>
<pin id="333" dir="1" index="3" bw="0" slack="2147483647"/>
</pin_list>
<bind>
<opcode="write(1151) " fcode="write"/>
<opset="write_ln0/1 "/>
</bind>
</comp>

<comp id="336" class="1004" name="write_ln0_write_fu_336">
<pin_list>
<pin id="337" dir="0" index="0" bw="0" slack="0"/>
<pin id="338" dir="0" index="1" bw="32" slack="0"/>
<pin id="339" dir="0" index="2" bw="32" slack="0"/>
<pin id="340" dir="1" index="3" bw="0" slack="2147483647"/>
</pin_list>
<bind>
<opcode="write(1151) " fcode="write"/>
<opset="write_ln0/1 "/>
</bind>
</comp>

<comp id="343" class="1004" name="write_ln0_write_fu_343">
<pin_list>
<pin id="344" dir="0" index="0" bw="0" slack="0"/>
<pin id="345" dir="0" index="1" bw="32" slack="0"/>
<pin id="346" dir="0" index="2" bw="32" slack="0"/>
<pin id="347" dir="1" index="3" bw="0" slack="2147483647"/>
</pin_list>
<bind>
<opcode="write(1151) " fcode="write"/>
<opset="write_ln0/1 "/>
</bind>
</comp>

<comp id="350" class="1004" name="write_ln0_write_fu_350">
<pin_list>
<pin id="351" dir="0" index="0" bw="0" slack="0"/>
<pin id="352" dir="0" index="1" bw="32" slack="0"/>
<pin id="353" dir="0" index="2" bw="32" slack="0"/>
<pin id="354" dir="1" index="3" bw="0" slack="2147483647"/>
</pin_list>
<bind>
<opcode="write(1151) " fcode="write"/>
<opset="write_ln0/1 "/>
</bind>
</comp>

<comp id="357" class="1004" name="write_ln0_write_fu_357">
<pin_list>
<pin id="358" dir="0" index="0" bw="0" slack="0"/>
<pin id="359" dir="0" index="1" bw="32" slack="0"/>
<pin id="360" dir="0" index="2" bw="32" slack="0"/>
<pin id="361" dir="1" index="3" bw="0" slack="2147483647"/>
</pin_list>
<bind>
<opcode="write(1151) " fcode="write"/>
<opset="write_ln0/1 "/>
</bind>
</comp>

<comp id="364" class="1004" name="write_ln0_write_fu_364">
<pin_list>
<pin id="365" dir="0" index="0" bw="0" slack="0"/>
<pin id="366" dir="0" index="1" bw="32" slack="0"/>
<pin id="367" dir="0" index="2" bw="32" slack="0"/>
<pin id="368" dir="1" index="3" bw="0" slack="2147483647"/>
</pin_list>
<bind>
<opcode="write(1151) " fcode="write"/>
<opset="write_ln0/1 "/>
</bind>
</comp>

<comp id="371" class="1004" name="write_ln0_write_fu_371">
<pin_list>
<pin id="372" dir="0" index="0" bw="0" slack="0"/>
<pin id="373" dir="0" index="1" bw="32" slack="0"/>
<pin id="374" dir="0" index="2" bw="32" slack="0"/>
<pin id="375" dir="1" index="3" bw="0" slack="2147483647"/>
</pin_list>
<bind>
<opcode="write(1151) " fcode="write"/>
<opset="write_ln0/1 "/>
</bind>
</comp>

<comp id="378" class="1004" name="write_ln0_write_fu_378">
<pin_list>
<pin id="379" dir="0" index="0" bw="0" slack="0"/>
<pin id="380" dir="0" index="1" bw="32" slack="0"/>
<pin id="381" dir="0" index="2" bw="32" slack="0"/>
<pin id="382" dir="1" index="3" bw="0" slack="2147483647"/>
</pin_list>
<bind>
<opcode="write(1151) " fcode="write"/>
<opset="write_ln0/1 "/>
</bind>
</comp>

<comp id="385" class="1004" name="write_ln0_write_fu_385">
<pin_list>
<pin id="386" dir="0" index="0" bw="0" slack="0"/>
<pin id="387" dir="0" index="1" bw="32" slack="0"/>
<pin id="388" dir="0" index="2" bw="32" slack="0"/>
<pin id="389" dir="1" index="3" bw="0" slack="2147483647"/>
</pin_list>
<bind>
<opcode="write(1151) " fcode="write"/>
<opset="write_ln0/1 "/>
</bind>
</comp>

<comp id="392" class="1004" name="write_ln0_write_fu_392">
<pin_list>
<pin id="393" dir="0" index="0" bw="0" slack="0"/>
<pin id="394" dir="0" index="1" bw="32" slack="0"/>
<pin id="395" dir="0" index="2" bw="32" slack="0"/>
<pin id="396" dir="1" index="3" bw="0" slack="2147483647"/>
</pin_list>
<bind>
<opcode="write(1151) " fcode="write"/>
<opset="write_ln0/1 "/>
</bind>
</comp>

<comp id="399" class="1004" name="write_ln0_write_fu_399">
<pin_list>
<pin id="400" dir="0" index="0" bw="0" slack="0"/>
<pin id="401" dir="0" index="1" bw="32" slack="0"/>
<pin id="402" dir="0" index="2" bw="32" slack="0"/>
<pin id="403" dir="1" index="3" bw="0" slack="2147483647"/>
</pin_list>
<bind>
<opcode="write(1151) " fcode="write"/>
<opset="write_ln0/1 "/>
</bind>
</comp>

<comp id="406" class="1004" name="write_ln0_write_fu_406">
<pin_list>
<pin id="407" dir="0" index="0" bw="0" slack="0"/>
<pin id="408" dir="0" index="1" bw="32" slack="0"/>
<pin id="409" dir="0" index="2" bw="32" slack="0"/>
<pin id="410" dir="1" index="3" bw="0" slack="2147483647"/>
</pin_list>
<bind>
<opcode="write(1151) " fcode="write"/>
<opset="write_ln0/1 "/>
</bind>
</comp>

<comp id="413" class="1004" name="write_ln0_write_fu_413">
<pin_list>
<pin id="414" dir="0" index="0" bw="0" slack="0"/>
<pin id="415" dir="0" index="1" bw="32" slack="0"/>
<pin id="416" dir="0" index="2" bw="32" slack="0"/>
<pin id="417" dir="1" index="3" bw="0" slack="2147483647"/>
</pin_list>
<bind>
<opcode="write(1151) " fcode="write"/>
<opset="write_ln0/1 "/>
</bind>
</comp>

<comp id="420" class="1004" name="write_ln0_write_fu_420">
<pin_list>
<pin id="421" dir="0" index="0" bw="0" slack="0"/>
<pin id="422" dir="0" index="1" bw="32" slack="0"/>
<pin id="423" dir="0" index="2" bw="32" slack="0"/>
<pin id="424" dir="1" index="3" bw="0" slack="2147483647"/>
</pin_list>
<bind>
<opcode="write(1151) " fcode="write"/>
<opset="write_ln0/1 "/>
</bind>
</comp>

<comp id="427" class="1004" name="store_ln541_store_fu_427">
<pin_list>
<pin id="428" dir="0" index="0" bw="1" slack="0"/>
<pin id="429" dir="0" index="1" bw="5" slack="0"/>
<pin id="430" dir="1" index="2" bw="0" slack="2147483647"/>
</pin_list>
<bind>
<opcode="store(28) " fcode="store"/>
<opset="store_ln541/1 "/>
</bind>
</comp>

<comp id="432" class="1004" name="t_4_load_fu_432">
<pin_list>
<pin id="433" dir="0" index="0" bw="5" slack="0"/>
<pin id="434" dir="1" index="1" bw="5" slack="0"/>
</pin_list>
<bind>
<opcode="load(27) " fcode="load"/>
<opset="t_4/1 "/>
</bind>
</comp>

<comp id="435" class="1004" name="icmp_ln541_fu_435">
<pin_list>
<pin id="436" dir="0" index="0" bw="5" slack="0"/>
<pin id="437" dir="0" index="1" bw="5" slack="0"/>
<pin id="438" dir="1" index="2" bw="1" slack="2147483647"/>
</pin_list>
<bind>
<opcode="icmp(45) " fcode="icmp"/>
<opset="icmp_ln541/1 "/>
</bind>
</comp>

<comp id="441" class="1004" name="add_ln541_fu_441">
<pin_list>
<pin id="442" dir="0" index="0" bw="5" slack="0"/>
<pin id="443" dir="0" index="1" bw="1" slack="0"/>
<pin id="444" dir="1" index="2" bw="5" slack="0"/>
</pin_list>
<bind>
<opcode="add(8) " fcode="add"/>
<opset="add_ln541/1 "/>
</bind>
</comp>

<comp id="447" class="1004" name="trunc_ln541_fu_447">
<pin_list>
<pin id="448" dir="0" index="0" bw="5" slack="0"/>
<pin id="449" dir="1" index="1" bw="4" slack="0"/>
</pin_list>
<bind>
<opcode="trunc(33) " fcode="trunc"/>
<opset="trunc_ln541/1 "/>
</bind>
</comp>

<comp id="451" class="1004" name="Wt_fu_451">
<pin_list>
<pin id="452" dir="0" index="0" bw="32" slack="0"/>
<pin id="453" dir="0" index="1" bw="4" slack="0"/>
<pin id="454" dir="0" index="2" bw="32" slack="0"/>
<pin id="455" dir="0" index="3" bw="4" slack="0"/>
<pin id="456" dir="0" index="4" bw="32" slack="0"/>
<pin id="457" dir="0" index="5" bw="4" slack="0"/>
<pin id="458" dir="0" index="6" bw="32" slack="0"/>
<pin id="459" dir="0" index="7" bw="4" slack="0"/>
<pin id="460" dir="0" index="8" bw="32" slack="0"/>
<pin id="461" dir="0" index="9" bw="4" slack="0"/>
<pin id="462" dir="0" index="10" bw="32" slack="0"/>
<pin id="463" dir="0" index="11" bw="4" slack="0"/>
<pin id="464" dir="0" index="12" bw="32" slack="0"/>
<pin id="465" dir="0" index="13" bw="4" slack="0"/>
<pin id="466" dir="0" index="14" bw="32" slack="0"/>
<pin id="467" dir="0" index="15" bw="4" slack="0"/>
<pin id="468" dir="0" index="16" bw="32" slack="0"/>
<pin id="469" dir="0" index="17" bw="4" slack="0"/>
<pin id="470" dir="0" index="18" bw="32" slack="0"/>
<pin id="471" dir="0" index="19" bw="4" slack="0"/>
<pin id="472" dir="0" index="20" bw="32" slack="0"/>
<pin id="473" dir="0" index="21" bw="4" slack="0"/>
<pin id="474" dir="0" index="22" bw="32" slack="0"/>
<pin id="475" dir="0" index="23" bw="4" slack="0"/>
<pin id="476" dir="0" index="24" bw="32" slack="0"/>
<pin id="477" dir="0" index="25" bw="4" slack="0"/>
<pin id="478" dir="0" index="26" bw="32" slack="0"/>
<pin id="479" dir="0" index="27" bw="4" slack="0"/>
<pin id="480" dir="0" index="28" bw="32" slack="0"/>
<pin id="481" dir="0" index="29" bw="4" slack="0"/>
<pin id="482" dir="0" index="30" bw="32" slack="0"/>
<pin id="483" dir="0" index="31" bw="4" slack="0"/>
<pin id="484" dir="0" index="32" bw="32" slack="0"/>
<pin id="485" dir="0" index="33" bw="32" slack="0"/>
<pin id="486" dir="0" index="34" bw="4" slack="0"/>
<pin id="487" dir="1" index="35" bw="32" slack="0"/>
</pin_list>
<bind>
<opcode="sparsemux(1197) " fcode="sparsemux"/>
<opset="Wt/1 "/>
</bind>
</comp>

<comp id="523" class="1004" name="store_ln537_store_fu_523">
<pin_list>
<pin id="524" dir="0" index="0" bw="32" slack="0"/>
<pin id="525" dir="0" index="1" bw="32" slack="0"/>
<pin id="526" dir="1" index="2" bw="0" slack="2147483647"/>
</pin_list>
<bind>
<opcode="store(28) " fcode="store"/>
<opset="store_ln537/1 "/>
</bind>
</comp>

<comp id="528" class="1004" name="store_ln537_store_fu_528">
<pin_list>
<pin id="529" dir="0" index="0" bw="32" slack="0"/>
<pin id="530" dir="0" index="1" bw="32" slack="0"/>
<pin id="531" dir="1" index="2" bw="0" slack="2147483647"/>
</pin_list>
<bind>
<opcode="store(28) " fcode="store"/>
<opset="store_ln537/1 "/>
</bind>
</comp>

<comp id="533" class="1004" name="store_ln537_store_fu_533">
<pin_list>
<pin id="534" dir="0" index="0" bw="32" slack="0"/>
<pin id="535" dir="0" index="1" bw="32" slack="0"/>
<pin id="536" dir="1" index="2" bw="0" slack="2147483647"/>
</pin_list>
<bind>
<opcode="store(28) " fcode="store"/>
<opset="store_ln537/1 "/>
</bind>
</comp>

<comp id="538" class="1004" name="store_ln537_store_fu_538">
<pin_list>
<pin id="539" dir="0" index="0" bw="32" slack="0"/>
<pin id="540" dir="0" index="1" bw="32" slack="0"/>
<pin id="541" dir="1" index="2" bw="0" slack="2147483647"/>
</pin_list>
<bind>
<opcode="store(28) " fcode="store"/>
<opset="store_ln537/1 "/>
</bind>
</comp>

<comp id="543" class="1004" name="store_ln537_store_fu_543">
<pin_list>
<pin id="544" dir="0" index="0" bw="32" slack="0"/>
<pin id="545" dir="0" index="1" bw="32" slack="0"/>
<pin id="546" dir="1" index="2" bw="0" slack="2147483647"/>
</pin_list>
<bind>
<opcode="store(28) " fcode="store"/>
<opset="store_ln537/1 "/>
</bind>
</comp>

<comp id="548" class="1004" name="store_ln537_store_fu_548">
<pin_list>
<pin id="549" dir="0" index="0" bw="32" slack="0"/>
<pin id="550" dir="0" index="1" bw="32" slack="0"/>
<pin id="551" dir="1" index="2" bw="0" slack="2147483647"/>
</pin_list>
<bind>
<opcode="store(28) " fcode="store"/>
<opset="store_ln537/1 "/>
</bind>
</comp>

<comp id="553" class="1004" name="store_ln537_store_fu_553">
<pin_list>
<pin id="554" dir="0" index="0" bw="32" slack="0"/>
<pin id="555" dir="0" index="1" bw="32" slack="0"/>
<pin id="556" dir="1" index="2" bw="0" slack="2147483647"/>
</pin_list>
<bind>
<opcode="store(28) " fcode="store"/>
<opset="store_ln537/1 "/>
</bind>
</comp>

<comp id="558" class="1004" name="store_ln537_store_fu_558">
<pin_list>
<pin id="559" dir="0" index="0" bw="32" slack="0"/>
<pin id="560" dir="0" index="1" bw="32" slack="0"/>
<pin id="561" dir="1" index="2" bw="0" slack="2147483647"/>
</pin_list>
<bind>
<opcode="store(28) " fcode="store"/>
<opset="store_ln537/1 "/>
</bind>
</comp>

<comp id="563" class="1004" name="store_ln537_store_fu_563">
<pin_list>
<pin id="564" dir="0" index="0" bw="32" slack="0"/>
<pin id="565" dir="0" index="1" bw="32" slack="0"/>
<pin id="566" dir="1" index="2" bw="0" slack="2147483647"/>
</pin_list>
<bind>
<opcode="store(28) " fcode="store"/>
<opset="store_ln537/1 "/>
</bind>
</comp>

<comp id="568" class="1004" name="store_ln537_store_fu_568">
<pin_list>
<pin id="569" dir="0" index="0" bw="32" slack="0"/>
<pin id="570" dir="0" index="1" bw="32" slack="0"/>
<pin id="571" dir="1" index="2" bw="0" slack="2147483647"/>
</pin_list>
<bind>
<opcode="store(28) " fcode="store"/>
<opset="store_ln537/1 "/>
</bind>
</comp>

<comp id="573" class="1004" name="store_ln537_store_fu_573">
<pin_list>
<pin id="574" dir="0" index="0" bw="32" slack="0"/>
<pin id="575" dir="0" index="1" bw="32" slack="0"/>
<pin id="576" dir="1" index="2" bw="0" slack="2147483647"/>
</pin_list>
<bind>
<opcode="store(28) " fcode="store"/>
<opset="store_ln537/1 "/>
</bind>
</comp>

<comp id="578" class="1004" name="store_ln537_store_fu_578">
<pin_list>
<pin id="579" dir="0" index="0" bw="32" slack="0"/>
<pin id="580" dir="0" index="1" bw="32" slack="0"/>
<pin id="581" dir="1" index="2" bw="0" slack="2147483647"/>
</pin_list>
<bind>
<opcode="store(28) " fcode="store"/>
<opset="store_ln537/1 "/>
</bind>
</comp>

<comp id="583" class="1004" name="store_ln537_store_fu_583">
<pin_list>
<pin id="584" dir="0" index="0" bw="32" slack="0"/>
<pin id="585" dir="0" index="1" bw="32" slack="0"/>
<pin id="586" dir="1" index="2" bw="0" slack="2147483647"/>
</pin_list>
<bind>
<opcode="store(28) " fcode="store"/>
<opset="store_ln537/1 "/>
</bind>
</comp>

<comp id="588" class="1004" name="store_ln537_store_fu_588">
<pin_list>
<pin id="589" dir="0" index="0" bw="32" slack="0"/>
<pin id="590" dir="0" index="1" bw="32" slack="0"/>
<pin id="591" dir="1" index="2" bw="0" slack="2147483647"/>
</pin_list>
<bind>
<opcode="store(28) " fcode="store"/>
<opset="store_ln537/1 "/>
</bind>
</comp>

<comp id="593" class="1004" name="store_ln537_store_fu_593">
<pin_list>
<pin id="594" dir="0" index="0" bw="32" slack="0"/>
<pin id="595" dir="0" index="1" bw="32" slack="0"/>
<pin id="596" dir="1" index="2" bw="0" slack="2147483647"/>
</pin_list>
<bind>
<opcode="store(28) " fcode="store"/>
<opset="store_ln537/1 "/>
</bind>
</comp>

<comp id="598" class="1004" name="store_ln537_store_fu_598">
<pin_list>
<pin id="599" dir="0" index="0" bw="32" slack="0"/>
<pin id="600" dir="0" index="1" bw="32" slack="0"/>
<pin id="601" dir="1" index="2" bw="0" slack="2147483647"/>
</pin_list>
<bind>
<opcode="store(28) " fcode="store"/>
<opset="store_ln537/1 "/>
</bind>
</comp>

<comp id="603" class="1004" name="store_ln541_store_fu_603">
<pin_list>
<pin id="604" dir="0" index="0" bw="5" slack="0"/>
<pin id="605" dir="0" index="1" bw="5" slack="0"/>
<pin id="606" dir="1" index="2" bw="0" slack="2147483647"/>
</pin_list>
<bind>
<opcode="store(28) " fcode="store"/>
<opset="store_ln541/1 "/>
</bind>
</comp>

<comp id="608" class="1004" name="W_load_load_fu_608">
<pin_list>
<pin id="609" dir="0" index="0" bw="32" slack="0"/>
<pin id="610" dir="1" index="1" bw="32" slack="0"/>
</pin_list>
<bind>
<opcode="load(27) " fcode="load"/>
<opset="W_load/1 "/>
</bind>
</comp>

<comp id="612" class="1004" name="W_1_load_load_fu_612">
<pin_list>
<pin id="613" dir="0" index="0" bw="32" slack="0"/>
<pin id="614" dir="1" index="1" bw="32" slack="0"/>
</pin_list>
<bind>
<opcode="load(27) " fcode="load"/>
<opset="W_1_load/1 "/>
</bind>
</comp>

<comp id="616" class="1004" name="W_2_load_load_fu_616">
<pin_list>
<pin id="617" dir="0" index="0" bw="32" slack="0"/>
<pin id="618" dir="1" index="1" bw="32" slack="0"/>
</pin_list>
<bind>
<opcode="load(27) " fcode="load"/>
<opset="W_2_load/1 "/>
</bind>
</comp>

<comp id="620" class="1004" name="W_3_load_load_fu_620">
<pin_list>
<pin id="621" dir="0" index="0" bw="32" slack="0"/>
<pin id="622" dir="1" index="1" bw="32" slack="0"/>
</pin_list>
<bind>
<opcode="load(27) " fcode="load"/>
<opset="W_3_load/1 "/>
</bind>
</comp>

<comp id="624" class="1004" name="W_4_load_load_fu_624">
<pin_list>
<pin id="625" dir="0" index="0" bw="32" slack="0"/>
<pin id="626" dir="1" index="1" bw="32" slack="0"/>
</pin_list>
<bind>
<opcode="load(27) " fcode="load"/>
<opset="W_4_load/1 "/>
</bind>
</comp>

<comp id="628" class="1004" name="W_5_load_load_fu_628">
<pin_list>
<pin id="629" dir="0" index="0" bw="32" slack="0"/>
<pin id="630" dir="1" index="1" bw="32" slack="0"/>
</pin_list>
<bind>
<opcode="load(27) " fcode="load"/>
<opset="W_5_load/1 "/>
</bind>
</comp>

<comp id="632" class="1004" name="W_6_load_load_fu_632">
<pin_list>
<pin id="633" dir="0" index="0" bw="32" slack="0"/>
<pin id="634" dir="1" index="1" bw="32" slack="0"/>
</pin_list>
<bind>
<opcode="load(27) " fcode="load"/>
<opset="W_6_load/1 "/>
</bind>
</comp>

<comp id="636" class="1004" name="W_7_load_load_fu_636">
<pin_list>
<pin id="637" dir="0" index="0" bw="32" slack="0"/>
<pin id="638" dir="1" index="1" bw="32" slack="0"/>
</pin_list>
<bind>
<opcode="load(27) " fcode="load"/>
<opset="W_7_load/1 "/>
</bind>
</comp>

<comp id="640" class="1004" name="W_8_load_load_fu_640">
<pin_list>
<pin id="641" dir="0" index="0" bw="32" slack="0"/>
<pin id="642" dir="1" index="1" bw="32" slack="0"/>
</pin_list>
<bind>
<opcode="load(27) " fcode="load"/>
<opset="W_8_load/1 "/>
</bind>
</comp>

<comp id="644" class="1004" name="W_9_load_load_fu_644">
<pin_list>
<pin id="645" dir="0" index="0" bw="32" slack="0"/>
<pin id="646" dir="1" index="1" bw="32" slack="0"/>
</pin_list>
<bind>
<opcode="load(27) " fcode="load"/>
<opset="W_9_load/1 "/>
</bind>
</comp>

<comp id="648" class="1004" name="W_10_load_load_fu_648">
<pin_list>
<pin id="649" dir="0" index="0" bw="32" slack="0"/>
<pin id="650" dir="1" index="1" bw="32" slack="0"/>
</pin_list>
<bind>
<opcode="load(27) " fcode="load"/>
<opset="W_10_load/1 "/>
</bind>
</comp>

<comp id="652" class="1004" name="W_11_load_load_fu_652">
<pin_list>
<pin id="653" dir="0" index="0" bw="32" slack="0"/>
<pin id="654" dir="1" index="1" bw="32" slack="0"/>
</pin_list>
<bind>
<opcode="load(27) " fcode="load"/>
<opset="W_11_load/1 "/>
</bind>
</comp>

<comp id="656" class="1004" name="W_12_load_load_fu_656">
<pin_list>
<pin id="657" dir="0" index="0" bw="32" slack="0"/>
<pin id="658" dir="1" index="1" bw="32" slack="0"/>
</pin_list>
<bind>
<opcode="load(27) " fcode="load"/>
<opset="W_12_load/1 "/>
</bind>
</comp>

<comp id="660" class="1004" name="W_13_load_load_fu_660">
<pin_list>
<pin id="661" dir="0" index="0" bw="32" slack="0"/>
<pin id="662" dir="1" index="1" bw="32" slack="0"/>
</pin_list>
<bind>
<opcode="load(27) " fcode="load"/>
<opset="W_13_load/1 "/>
</bind>
</comp>

<comp id="664" class="1004" name="W_14_load_load_fu_664">
<pin_list>
<pin id="665" dir="0" index="0" bw="32" slack="0"/>
<pin id="666" dir="1" index="1" bw="32" slack="0"/>
</pin_list>
<bind>
<opcode="load(27) " fcode="load"/>
<opset="W_14_load/1 "/>
</bind>
</comp>

<comp id="668" class="1004" name="W_15_load_load_fu_668">
<pin_list>
<pin id="669" dir="0" index="0" bw="32" slack="0"/>
<pin id="670" dir="1" index="1" bw="32" slack="0"/>
</pin_list>
<bind>
<opcode="load(27) " fcode="load"/>
<opset="W_15_load/1 "/>
</bind>
</comp>

<comp id="672" class="1005" name="t_reg_672">
<pin_list>
<pin id="673" dir="0" index="0" bw="5" slack="0"/>
<pin id="674" dir="1" index="1" bw="5" slack="0"/>
</pin_list>
<bind>
<opset="t "/>
</bind>
</comp>

<comp id="679" class="1005" name="W_reg_679">
<pin_list>
<pin id="680" dir="0" index="0" bw="32" slack="0"/>
<pin id="681" dir="1" index="1" bw="32" slack="0"/>
</pin_list>
<bind>
<opset="W "/>
</bind>
</comp>

<comp id="685" class="1005" name="W_1_reg_685">
<pin_list>
<pin id="686" dir="0" index="0" bw="32" slack="0"/>
<pin id="687" dir="1" index="1" bw="32" slack="0"/>
</pin_list>
<bind>
<opset="W_1 "/>
</bind>
</comp>

<comp id="691" class="1005" name="W_2_reg_691">
<pin_list>
<pin id="692" dir="0" index="0" bw="32" slack="0"/>
<pin id="693" dir="1" index="1" bw="32" slack="0"/>
</pin_list>
<bind>
<opset="W_2 "/>
</bind>
</comp>

<comp id="697" class="1005" name="W_3_reg_697">
<pin_list>
<pin id="698" dir="0" index="0" bw="32" slack="0"/>
<pin id="699" dir="1" index="1" bw="32" slack="0"/>
</pin_list>
<bind>
<opset="W_3 "/>
</bind>
</comp>

<comp id="703" class="1005" name="W_4_reg_703">
<pin_list>
<pin id="704" dir="0" index="0" bw="32" slack="0"/>
<pin id="705" dir="1" index="1" bw="32" slack="0"/>
</pin_list>
<bind>
<opset="W_4 "/>
</bind>
</comp>

<comp id="709" class="1005" name="W_5_reg_709">
<pin_list>
<pin id="710" dir="0" index="0" bw="32" slack="0"/>
<pin id="711" dir="1" index="1" bw="32" slack="0"/>
</pin_list>
<bind>
<opset="W_5 "/>
</bind>
</comp>

<comp id="715" class="1005" name="W_6_reg_715">
<pin_list>
<pin id="716" dir="0" index="0" bw="32" slack="0"/>
<pin id="717" dir="1" index="1" bw="32" slack="0"/>
</pin_list>
<bind>
<opset="W_6 "/>
</bind>
</comp>

<comp id="721" class="1005" name="W_7_reg_721">
<pin_list>
<pin id="722" dir="0" index="0" bw="32" slack="0"/>
<pin id="723" dir="1" index="1" bw="32" slack="0"/>
</pin_list>
<bind>
<opset="W_7 "/>
</bind>
</comp>

<comp id="727" class="1005" name="W_8_reg_727">
<pin_list>
<pin id="728" dir="0" index="0" bw="32" slack="0"/>
<pin id="729" dir="1" index="1" bw="32" slack="0"/>
</pin_list>
<bind>
<opset="W_8 "/>
</bind>
</comp>

<comp id="733" class="1005" name="W_9_reg_733">
<pin_list>
<pin id="734" dir="0" index="0" bw="32" slack="0"/>
<pin id="735" dir="1" index="1" bw="32" slack="0"/>
</pin_list>
<bind>
<opset="W_9 "/>
</bind>
</comp>

<comp id="739" class="1005" name="W_10_reg_739">
<pin_list>
<pin id="740" dir="0" index="0" bw="32" slack="0"/>
<pin id="741" dir="1" index="1" bw="32" slack="0"/>
</pin_list>
<bind>
<opset="W_10 "/>
</bind>
</comp>

<comp id="745" class="1005" name="W_11_reg_745">
<pin_list>
<pin id="746" dir="0" index="0" bw="32" slack="0"/>
<pin id="747" dir="1" index="1" bw="32" slack="0"/>
</pin_list>
<bind>
<opset="W_11 "/>
</bind>
</comp>

<comp id="751" class="1005" name="W_12_reg_751">
<pin_list>
<pin id="752" dir="0" index="0" bw="32" slack="0"/>
<pin id="753" dir="1" index="1" bw="32" slack="0"/>
</pin_list>
<bind>
<opset="W_12 "/>
</bind>
</comp>

<comp id="757" class="1005" name="W_13_reg_757">
<pin_list>
<pin id="758" dir="0" index="0" bw="32" slack="0"/>
<pin id="759" dir="1" index="1" bw="32" slack="0"/>
</pin_list>
<bind>
<opset="W_13 "/>
</bind>
</comp>

<comp id="763" class="1005" name="W_14_reg_763">
<pin_list>
<pin id="764" dir="0" index="0" bw="32" slack="0"/>
<pin id="765" dir="1" index="1" bw="32" slack="0"/>
</pin_list>
<bind>
<opset="W_14 "/>
</bind>
</comp>

<comp id="769" class="1005" name="W_15_reg_769">
<pin_list>
<pin id="770" dir="0" index="0" bw="32" slack="0"/>
<pin id="771" dir="1" index="1" bw="32" slack="0"/>
</pin_list>
<bind>
<opset="W_15 "/>
</bind>
</comp>

<comp id="781" class="1005" name="Wt_reg_781">
<pin_list>
<pin id="782" dir="0" index="0" bw="32" slack="1"/>
<pin id="783" dir="1" index="1" bw="32" slack="1"/>
</pin_list>
<bind>
<opset="Wt "/>
</bind>
</comp>

</comp_list>

<net_list>
<net id="147"><net_src comp="66" pin="0"/><net_sink comp="144" pin=0"/></net>

<net id="151"><net_src comp="66" pin="0"/><net_sink comp="148" pin=0"/></net>

<net id="155"><net_src comp="66" pin="0"/><net_sink comp="152" pin=0"/></net>

<net id="159"><net_src comp="66" pin="0"/><net_sink comp="156" pin=0"/></net>

<net id="163"><net_src comp="66" pin="0"/><net_sink comp="160" pin=0"/></net>

<net id="167"><net_src comp="66" pin="0"/><net_sink comp="164" pin=0"/></net>

<net id="171"><net_src comp="66" pin="0"/><net_sink comp="168" pin=0"/></net>

<net id="175"><net_src comp="66" pin="0"/><net_sink comp="172" pin=0"/></net>

<net id="179"><net_src comp="66" pin="0"/><net_sink comp="176" pin=0"/></net>

<net id="183"><net_src comp="66" pin="0"/><net_sink comp="180" pin=0"/></net>

<net id="187"><net_src comp="66" pin="0"/><net_sink comp="184" pin=0"/></net>

<net id="191"><net_src comp="66" pin="0"/><net_sink comp="188" pin=0"/></net>

<net id="195"><net_src comp="66" pin="0"/><net_sink comp="192" pin=0"/></net>

<net id="199"><net_src comp="66" pin="0"/><net_sink comp="196" pin=0"/></net>

<net id="203"><net_src comp="66" pin="0"/><net_sink comp="200" pin=0"/></net>

<net id="207"><net_src comp="66" pin="0"/><net_sink comp="204" pin=0"/></net>

<net id="211"><net_src comp="66" pin="0"/><net_sink comp="208" pin=0"/></net>

<net id="216"><net_src comp="86" pin="0"/><net_sink comp="212" pin=0"/></net>

<net id="217"><net_src comp="32" pin="0"/><net_sink comp="212" pin=1"/></net>

<net id="222"><net_src comp="86" pin="0"/><net_sink comp="218" pin=0"/></net>

<net id="223"><net_src comp="30" pin="0"/><net_sink comp="218" pin=1"/></net>

<net id="228"><net_src comp="86" pin="0"/><net_sink comp="224" pin=0"/></net>

<net id="229"><net_src comp="28" pin="0"/><net_sink comp="224" pin=1"/></net>

<net id="234"><net_src comp="86" pin="0"/><net_sink comp="230" pin=0"/></net>

<net id="235"><net_src comp="26" pin="0"/><net_sink comp="230" pin=1"/></net>

<net id="240"><net_src comp="86" pin="0"/><net_sink comp="236" pin=0"/></net>

<net id="241"><net_src comp="24" pin="0"/><net_sink comp="236" pin=1"/></net>

<net id="246"><net_src comp="86" pin="0"/><net_sink comp="242" pin=0"/></net>

<net id="247"><net_src comp="22" pin="0"/><net_sink comp="242" pin=1"/></net>

<net id="252"><net_src comp="86" pin="0"/><net_sink comp="248" pin=0"/></net>

<net id="253"><net_src comp="20" pin="0"/><net_sink comp="248" pin=1"/></net>

<net id="258"><net_src comp="86" pin="0"/><net_sink comp="254" pin=0"/></net>

<net id="259"><net_src comp="18" pin="0"/><net_sink comp="254" pin=1"/></net>

<net id="264"><net_src comp="86" pin="0"/><net_sink comp="260" pin=0"/></net>

<net id="265"><net_src comp="16" pin="0"/><net_sink comp="260" pin=1"/></net>

<net id="270"><net_src comp="86" pin="0"/><net_sink comp="266" pin=0"/></net>

<net id="271"><net_src comp="14" pin="0"/><net_sink comp="266" pin=1"/></net>

<net id="276"><net_src comp="86" pin="0"/><net_sink comp="272" pin=0"/></net>

<net id="277"><net_src comp="12" pin="0"/><net_sink comp="272" pin=1"/></net>

<net id="282"><net_src comp="86" pin="0"/><net_sink comp="278" pin=0"/></net>

<net id="283"><net_src comp="10" pin="0"/><net_sink comp="278" pin=1"/></net>

<net id="288"><net_src comp="86" pin="0"/><net_sink comp="284" pin=0"/></net>

<net id="289"><net_src comp="8" pin="0"/><net_sink comp="284" pin=1"/></net>

<net id="294"><net_src comp="86" pin="0"/><net_sink comp="290" pin=0"/></net>

<net id="295"><net_src comp="6" pin="0"/><net_sink comp="290" pin=1"/></net>

<net id="300"><net_src comp="86" pin="0"/><net_sink comp="296" pin=0"/></net>

<net id="301"><net_src comp="4" pin="0"/><net_sink comp="296" pin=1"/></net>

<net id="306"><net_src comp="86" pin="0"/><net_sink comp="302" pin=0"/></net>

<net id="307"><net_src comp="2" pin="0"/><net_sink comp="302" pin=1"/></net>

<net id="313"><net_src comp="140" pin="0"/><net_sink comp="308" pin=0"/></net>

<net id="314"><net_src comp="0" pin="0"/><net_sink comp="308" pin=1"/></net>

<net id="320"><net_src comp="142" pin="0"/><net_sink comp="315" pin=0"/></net>

<net id="321"><net_src comp="34" pin="0"/><net_sink comp="315" pin=1"/></net>

<net id="327"><net_src comp="142" pin="0"/><net_sink comp="322" pin=0"/></net>

<net id="328"><net_src comp="36" pin="0"/><net_sink comp="322" pin=1"/></net>

<net id="334"><net_src comp="142" pin="0"/><net_sink comp="329" pin=0"/></net>

<net id="335"><net_src comp="38" pin="0"/><net_sink comp="329" pin=1"/></net>

<net id="341"><net_src comp="142" pin="0"/><net_sink comp="336" pin=0"/></net>

<net id="342"><net_src comp="40" pin="0"/><net_sink comp="336" pin=1"/></net>

<net id="348"><net_src comp="142" pin="0"/><net_sink comp="343" pin=0"/></net>

<net id="349"><net_src comp="42" pin="0"/><net_sink comp="343" pin=1"/></net>

<net id="355"><net_src comp="142" pin="0"/><net_sink comp="350" pin=0"/></net>

<net id="356"><net_src comp="44" pin="0"/><net_sink comp="350" pin=1"/></net>

<net id="362"><net_src comp="142" pin="0"/><net_sink comp="357" pin=0"/></net>

<net id="363"><net_src comp="46" pin="0"/><net_sink comp="357" pin=1"/></net>

<net id="369"><net_src comp="142" pin="0"/><net_sink comp="364" pin=0"/></net>

<net id="370"><net_src comp="48" pin="0"/><net_sink comp="364" pin=1"/></net>

<net id="376"><net_src comp="142" pin="0"/><net_sink comp="371" pin=0"/></net>

<net id="377"><net_src comp="50" pin="0"/><net_sink comp="371" pin=1"/></net>

<net id="383"><net_src comp="142" pin="0"/><net_sink comp="378" pin=0"/></net>

<net id="384"><net_src comp="52" pin="0"/><net_sink comp="378" pin=1"/></net>

<net id="390"><net_src comp="142" pin="0"/><net_sink comp="385" pin=0"/></net>

<net id="391"><net_src comp="54" pin="0"/><net_sink comp="385" pin=1"/></net>

<net id="397"><net_src comp="142" pin="0"/><net_sink comp="392" pin=0"/></net>

<net id="398"><net_src comp="56" pin="0"/><net_sink comp="392" pin=1"/></net>

<net id="404"><net_src comp="142" pin="0"/><net_sink comp="399" pin=0"/></net>

<net id="405"><net_src comp="58" pin="0"/><net_sink comp="399" pin=1"/></net>

<net id="411"><net_src comp="142" pin="0"/><net_sink comp="406" pin=0"/></net>

<net id="412"><net_src comp="60" pin="0"/><net_sink comp="406" pin=1"/></net>

<net id="418"><net_src comp="142" pin="0"/><net_sink comp="413" pin=0"/></net>

<net id="419"><net_src comp="62" pin="0"/><net_sink comp="413" pin=1"/></net>

<net id="425"><net_src comp="142" pin="0"/><net_sink comp="420" pin=0"/></net>

<net id="426"><net_src comp="64" pin="0"/><net_sink comp="420" pin=1"/></net>

<net id="431"><net_src comp="88" pin="0"/><net_sink comp="427" pin=0"/></net>

<net id="439"><net_src comp="432" pin="1"/><net_sink comp="435" pin=0"/></net>

<net id="440"><net_src comp="90" pin="0"/><net_sink comp="435" pin=1"/></net>

<net id="445"><net_src comp="432" pin="1"/><net_sink comp="441" pin=0"/></net>

<net id="446"><net_src comp="92" pin="0"/><net_sink comp="441" pin=1"/></net>

<net id="450"><net_src comp="432" pin="1"/><net_sink comp="447" pin=0"/></net>

<net id="488"><net_src comp="104" pin="0"/><net_sink comp="451" pin=0"/></net>

<net id="489"><net_src comp="106" pin="0"/><net_sink comp="451" pin=1"/></net>

<net id="490"><net_src comp="302" pin="2"/><net_sink comp="451" pin=2"/></net>

<net id="491"><net_src comp="108" pin="0"/><net_sink comp="451" pin=3"/></net>

<net id="492"><net_src comp="296" pin="2"/><net_sink comp="451" pin=4"/></net>

<net id="493"><net_src comp="110" pin="0"/><net_sink comp="451" pin=5"/></net>

<net id="494"><net_src comp="290" pin="2"/><net_sink comp="451" pin=6"/></net>

<net id="495"><net_src comp="112" pin="0"/><net_sink comp="451" pin=7"/></net>

<net id="496"><net_src comp="284" pin="2"/><net_sink comp="451" pin=8"/></net>

<net id="497"><net_src comp="114" pin="0"/><net_sink comp="451" pin=9"/></net>

<net id="498"><net_src comp="278" pin="2"/><net_sink comp="451" pin=10"/></net>

<net id="499"><net_src comp="116" pin="0"/><net_sink comp="451" pin=11"/></net>

<net id="500"><net_src comp="272" pin="2"/><net_sink comp="451" pin=12"/></net>

<net id="501"><net_src comp="118" pin="0"/><net_sink comp="451" pin=13"/></net>

<net id="502"><net_src comp="266" pin="2"/><net_sink comp="451" pin=14"/></net>

<net id="503"><net_src comp="120" pin="0"/><net_sink comp="451" pin=15"/></net>

<net id="504"><net_src comp="260" pin="2"/><net_sink comp="451" pin=16"/></net>

<net id="505"><net_src comp="122" pin="0"/><net_sink comp="451" pin=17"/></net>

<net id="506"><net_src comp="254" pin="2"/><net_sink comp="451" pin=18"/></net>

<net id="507"><net_src comp="124" pin="0"/><net_sink comp="451" pin=19"/></net>

<net id="508"><net_src comp="248" pin="2"/><net_sink comp="451" pin=20"/></net>

<net id="509"><net_src comp="126" pin="0"/><net_sink comp="451" pin=21"/></net>

<net id="510"><net_src comp="242" pin="2"/><net_sink comp="451" pin=22"/></net>

<net id="511"><net_src comp="128" pin="0"/><net_sink comp="451" pin=23"/></net>

<net id="512"><net_src comp="236" pin="2"/><net_sink comp="451" pin=24"/></net>

<net id="513"><net_src comp="130" pin="0"/><net_sink comp="451" pin=25"/></net>

<net id="514"><net_src comp="230" pin="2"/><net_sink comp="451" pin=26"/></net>

<net id="515"><net_src comp="132" pin="0"/><net_sink comp="451" pin=27"/></net>

<net id="516"><net_src comp="224" pin="2"/><net_sink comp="451" pin=28"/></net>

<net id="517"><net_src comp="134" pin="0"/><net_sink comp="451" pin=29"/></net>

<net id="518"><net_src comp="218" pin="2"/><net_sink comp="451" pin=30"/></net>

<net id="519"><net_src comp="136" pin="0"/><net_sink comp="451" pin=31"/></net>

<net id="520"><net_src comp="212" pin="2"/><net_sink comp="451" pin=32"/></net>

<net id="521"><net_src comp="138" pin="0"/><net_sink comp="451" pin=33"/></net>

<net id="522"><net_src comp="447" pin="1"/><net_sink comp="451" pin=34"/></net>

<net id="527"><net_src comp="451" pin="35"/><net_sink comp="523" pin=0"/></net>

<net id="532"><net_src comp="451" pin="35"/><net_sink comp="528" pin=0"/></net>

<net id="537"><net_src comp="451" pin="35"/><net_sink comp="533" pin=0"/></net>

<net id="542"><net_src comp="451" pin="35"/><net_sink comp="538" pin=0"/></net>

<net id="547"><net_src comp="451" pin="35"/><net_sink comp="543" pin=0"/></net>

<net id="552"><net_src comp="451" pin="35"/><net_sink comp="548" pin=0"/></net>

<net id="557"><net_src comp="451" pin="35"/><net_sink comp="553" pin=0"/></net>

<net id="562"><net_src comp="451" pin="35"/><net_sink comp="558" pin=0"/></net>

<net id="567"><net_src comp="451" pin="35"/><net_sink comp="563" pin=0"/></net>

<net id="572"><net_src comp="451" pin="35"/><net_sink comp="568" pin=0"/></net>

<net id="577"><net_src comp="451" pin="35"/><net_sink comp="573" pin=0"/></net>

<net id="582"><net_src comp="451" pin="35"/><net_sink comp="578" pin=0"/></net>

<net id="587"><net_src comp="451" pin="35"/><net_sink comp="583" pin=0"/></net>

<net id="592"><net_src comp="451" pin="35"/><net_sink comp="588" pin=0"/></net>

<net id="597"><net_src comp="451" pin="35"/><net_sink comp="593" pin=0"/></net>

<net id="602"><net_src comp="451" pin="35"/><net_sink comp="598" pin=0"/></net>

<net id="607"><net_src comp="441" pin="2"/><net_sink comp="603" pin=0"/></net>

<net id="611"><net_src comp="608" pin="1"/><net_sink comp="420" pin=2"/></net>

<net id="615"><net_src comp="612" pin="1"/><net_sink comp="413" pin=2"/></net>

<net id="619"><net_src comp="616" pin="1"/><net_sink comp="406" pin=2"/></net>

<net id="623"><net_src comp="620" pin="1"/><net_sink comp="399" pin=2"/></net>

<net id="627"><net_src comp="624" pin="1"/><net_sink comp="392" pin=2"/></net>

<net id="631"><net_src comp="628" pin="1"/><net_sink comp="385" pin=2"/></net>

<net id="635"><net_src comp="632" pin="1"/><net_sink comp="378" pin=2"/></net>

<net id="639"><net_src comp="636" pin="1"/><net_sink comp="371" pin=2"/></net>

<net id="643"><net_src comp="640" pin="1"/><net_sink comp="364" pin=2"/></net>

<net id="647"><net_src comp="644" pin="1"/><net_sink comp="357" pin=2"/></net>

<net id="651"><net_src comp="648" pin="1"/><net_sink comp="350" pin=2"/></net>

<net id="655"><net_src comp="652" pin="1"/><net_sink comp="343" pin=2"/></net>

<net id="659"><net_src comp="656" pin="1"/><net_sink comp="336" pin=2"/></net>

<net id="663"><net_src comp="660" pin="1"/><net_sink comp="329" pin=2"/></net>

<net id="667"><net_src comp="664" pin="1"/><net_sink comp="322" pin=2"/></net>

<net id="671"><net_src comp="668" pin="1"/><net_sink comp="315" pin=2"/></net>

<net id="675"><net_src comp="144" pin="1"/><net_sink comp="672" pin=0"/></net>

<net id="676"><net_src comp="672" pin="1"/><net_sink comp="427" pin=1"/></net>

<net id="677"><net_src comp="672" pin="1"/><net_sink comp="432" pin=0"/></net>

<net id="678"><net_src comp="672" pin="1"/><net_sink comp="603" pin=1"/></net>

<net id="682"><net_src comp="148" pin="1"/><net_sink comp="679" pin=0"/></net>

<net id="683"><net_src comp="679" pin="1"/><net_sink comp="598" pin=1"/></net>

<net id="684"><net_src comp="679" pin="1"/><net_sink comp="608" pin=0"/></net>

<net id="688"><net_src comp="152" pin="1"/><net_sink comp="685" pin=0"/></net>

<net id="689"><net_src comp="685" pin="1"/><net_sink comp="523" pin=1"/></net>

<net id="690"><net_src comp="685" pin="1"/><net_sink comp="612" pin=0"/></net>

<net id="694"><net_src comp="156" pin="1"/><net_sink comp="691" pin=0"/></net>

<net id="695"><net_src comp="691" pin="1"/><net_sink comp="528" pin=1"/></net>

<net id="696"><net_src comp="691" pin="1"/><net_sink comp="616" pin=0"/></net>

<net id="700"><net_src comp="160" pin="1"/><net_sink comp="697" pin=0"/></net>

<net id="701"><net_src comp="697" pin="1"/><net_sink comp="533" pin=1"/></net>

<net id="702"><net_src comp="697" pin="1"/><net_sink comp="620" pin=0"/></net>

<net id="706"><net_src comp="164" pin="1"/><net_sink comp="703" pin=0"/></net>

<net id="707"><net_src comp="703" pin="1"/><net_sink comp="538" pin=1"/></net>

<net id="708"><net_src comp="703" pin="1"/><net_sink comp="624" pin=0"/></net>

<net id="712"><net_src comp="168" pin="1"/><net_sink comp="709" pin=0"/></net>

<net id="713"><net_src comp="709" pin="1"/><net_sink comp="543" pin=1"/></net>

<net id="714"><net_src comp="709" pin="1"/><net_sink comp="628" pin=0"/></net>

<net id="718"><net_src comp="172" pin="1"/><net_sink comp="715" pin=0"/></net>

<net id="719"><net_src comp="715" pin="1"/><net_sink comp="548" pin=1"/></net>

<net id="720"><net_src comp="715" pin="1"/><net_sink comp="632" pin=0"/></net>

<net id="724"><net_src comp="176" pin="1"/><net_sink comp="721" pin=0"/></net>

<net id="725"><net_src comp="721" pin="1"/><net_sink comp="553" pin=1"/></net>

<net id="726"><net_src comp="721" pin="1"/><net_sink comp="636" pin=0"/></net>

<net id="730"><net_src comp="180" pin="1"/><net_sink comp="727" pin=0"/></net>

<net id="731"><net_src comp="727" pin="1"/><net_sink comp="558" pin=1"/></net>

<net id="732"><net_src comp="727" pin="1"/><net_sink comp="640" pin=0"/></net>

<net id="736"><net_src comp="184" pin="1"/><net_sink comp="733" pin=0"/></net>

<net id="737"><net_src comp="733" pin="1"/><net_sink comp="563" pin=1"/></net>

<net id="738"><net_src comp="733" pin="1"/><net_sink comp="644" pin=0"/></net>

<net id="742"><net_src comp="188" pin="1"/><net_sink comp="739" pin=0"/></net>

<net id="743"><net_src comp="739" pin="1"/><net_sink comp="568" pin=1"/></net>

<net id="744"><net_src comp="739" pin="1"/><net_sink comp="648" pin=0"/></net>

<net id="748"><net_src comp="192" pin="1"/><net_sink comp="745" pin=0"/></net>

<net id="749"><net_src comp="745" pin="1"/><net_sink comp="573" pin=1"/></net>

<net id="750"><net_src comp="745" pin="1"/><net_sink comp="652" pin=0"/></net>

<net id="754"><net_src comp="196" pin="1"/><net_sink comp="751" pin=0"/></net>

<net id="755"><net_src comp="751" pin="1"/><net_sink comp="578" pin=1"/></net>

<net id="756"><net_src comp="751" pin="1"/><net_sink comp="656" pin=0"/></net>

<net id="760"><net_src comp="200" pin="1"/><net_sink comp="757" pin=0"/></net>

<net id="761"><net_src comp="757" pin="1"/><net_sink comp="583" pin=1"/></net>

<net id="762"><net_src comp="757" pin="1"/><net_sink comp="660" pin=0"/></net>

<net id="766"><net_src comp="204" pin="1"/><net_sink comp="763" pin=0"/></net>

<net id="767"><net_src comp="763" pin="1"/><net_sink comp="588" pin=1"/></net>

<net id="768"><net_src comp="763" pin="1"/><net_sink comp="664" pin=0"/></net>

<net id="772"><net_src comp="208" pin="1"/><net_sink comp="769" pin=0"/></net>

<net id="773"><net_src comp="769" pin="1"/><net_sink comp="593" pin=1"/></net>

<net id="774"><net_src comp="769" pin="1"/><net_sink comp="668" pin=0"/></net>

<net id="784"><net_src comp="451" pin="35"/><net_sink comp="781" pin=0"/></net>

<net id="785"><net_src comp="781" pin="1"/><net_sink comp="308" pin=2"/></net>

</net_list>

</model> 
---------------- Datapath Model END ------------------

* FSMD analyzer results:
  - Output states:
	Port: w_strm | {2 }
	Port: W_15_out | {1 }
	Port: W_14_out | {1 }
	Port: W_13_out | {1 }
	Port: W_12_out | {1 }
	Port: W_11_out | {1 }
	Port: W_10_out | {1 }
	Port: W_9_out | {1 }
	Port: W_8_out | {1 }
	Port: W_7_out | {1 }
	Port: W_6_out | {1 }
	Port: W_5_out | {1 }
	Port: W_4_out | {1 }
	Port: W_3_out | {1 }
	Port: W_2_out | {1 }
	Port: W_1_out | {1 }
	Port: W_out | {1 }
 - Input state : 
	Port: generateMsgSchedule_Pipeline_LOOP_SHA256_PREPARE_WT16 : w_strm | {}
	Port: generateMsgSchedule_Pipeline_LOOP_SHA256_PREPARE_WT16 : empty | {1 }
	Port: generateMsgSchedule_Pipeline_LOOP_SHA256_PREPARE_WT16 : blk_1 | {1 }
	Port: generateMsgSchedule_Pipeline_LOOP_SHA256_PREPARE_WT16 : blk_2 | {1 }
	Port: generateMsgSchedule_Pipeline_LOOP_SHA256_PREPARE_WT16 : blk_3 | {1 }
	Port: generateMsgSchedule_Pipeline_LOOP_SHA256_PREPARE_WT16 : blk_4 | {1 }
	Port: generateMsgSchedule_Pipeline_LOOP_SHA256_PREPARE_WT16 : blk_5 | {1 }
	Port: generateMsgSchedule_Pipeline_LOOP_SHA256_PREPARE_WT16 : blk_6 | {1 }
	Port: generateMsgSchedule_Pipeline_LOOP_SHA256_PREPARE_WT16 : blk_7 | {1 }
	Port: generateMsgSchedule_Pipeline_LOOP_SHA256_PREPARE_WT16 : blk_8 | {1 }
	Port: generateMsgSchedule_Pipeline_LOOP_SHA256_PREPARE_WT16 : blk_9 | {1 }
	Port: generateMsgSchedule_Pipeline_LOOP_SHA256_PREPARE_WT16 : blk_15 | {1 }
	Port: generateMsgSchedule_Pipeline_LOOP_SHA256_PREPARE_WT16 : blk_10 | {1 }
	Port: generateMsgSchedule_Pipeline_LOOP_SHA256_PREPARE_WT16 : blk_11 | {1 }
	Port: generateMsgSchedule_Pipeline_LOOP_SHA256_PREPARE_WT16 : blk_12 | {1 }
	Port: generateMsgSchedule_Pipeline_LOOP_SHA256_PREPARE_WT16 : blk_13 | {1 }
	Port: generateMsgSchedule_Pipeline_LOOP_SHA256_PREPARE_WT16 : blk_14 | {1 }
  - Chain level:
	State 1
		store_ln541 : 1
		t_4 : 1
		icmp_ln541 : 2
		add_ln541 : 2
		br_ln541 : 3
		trunc_ln541 : 2
		Wt : 3
		switch_ln544 : 3
		store_ln537 : 4
		store_ln537 : 4
		store_ln537 : 4
		store_ln537 : 4
		store_ln537 : 4
		store_ln537 : 4
		store_ln537 : 4
		store_ln537 : 4
		store_ln537 : 4
		store_ln537 : 4
		store_ln537 : 4
		store_ln537 : 4
		store_ln537 : 4
		store_ln537 : 4
		store_ln537 : 4
		store_ln537 : 4
		store_ln541 : 3
		W_load : 1
		W_1_load : 1
		W_2_load : 1
		W_3_load : 1
		W_4_load : 1
		W_5_load : 1
		W_6_load : 1
		W_7_load : 1
		W_8_load : 1
		W_9_load : 1
		W_10_load : 1
		W_11_load : 1
		W_12_load : 1
		W_13_load : 1
		W_14_load : 1
		W_15_load : 1
		write_ln0 : 2
		write_ln0 : 2
		write_ln0 : 2
		write_ln0 : 2
		write_ln0 : 2
		write_ln0 : 2
		write_ln0 : 2
		write_ln0 : 2
		write_ln0 : 2
		write_ln0 : 2
		write_ln0 : 2
		write_ln0 : 2
		write_ln0 : 2
		write_ln0 : 2
		write_ln0 : 2
		write_ln0 : 2
	State 2


============================================================
+ Verbose Summary: Datapath Resource usage 
============================================================

* Functional unit list:
|----------|--------------------------|---------|---------|
| Operation|      Functional Unit     |    FF   |   LUT   |
|----------|--------------------------|---------|---------|
| sparsemux|         Wt_fu_451        |    0    |    65   |
|----------|--------------------------|---------|---------|
|   icmp   |     icmp_ln541_fu_435    |    0    |    13   |
|----------|--------------------------|---------|---------|
|    add   |     add_ln541_fu_441     |    0    |    13   |
|----------|--------------------------|---------|---------|
|          |  blk_14_read_read_fu_212 |    0    |    0    |
|          |  blk_13_read_read_fu_218 |    0    |    0    |
|          |  blk_12_read_read_fu_224 |    0    |    0    |
|          |  blk_11_read_read_fu_230 |    0    |    0    |
|          |  blk_10_read_read_fu_236 |    0    |    0    |
|          |  blk_15_read_read_fu_242 |    0    |    0    |
|          |  blk_9_read_read_fu_248  |    0    |    0    |
|   read   |  blk_8_read_read_fu_254  |    0    |    0    |
|          |  blk_7_read_read_fu_260  |    0    |    0    |
|          |  blk_6_read_read_fu_266  |    0    |    0    |
|          |  blk_5_read_read_fu_272  |    0    |    0    |
|          |  blk_4_read_read_fu_278  |    0    |    0    |
|          |  blk_3_read_read_fu_284  |    0    |    0    |
|          |  blk_2_read_read_fu_290  |    0    |    0    |
|          |  blk_1_read_read_fu_296  |    0    |    0    |
|          |      tmp_read_fu_302     |    0    |    0    |
|----------|--------------------------|---------|---------|
|          | write_ln545_write_fu_308 |    0    |    0    |
|          |  write_ln0_write_fu_315  |    0    |    0    |
|          |  write_ln0_write_fu_322  |    0    |    0    |
|          |  write_ln0_write_fu_329  |    0    |    0    |
|          |  write_ln0_write_fu_336  |    0    |    0    |
|          |  write_ln0_write_fu_343  |    0    |    0    |
|          |  write_ln0_write_fu_350  |    0    |    0    |
|          |  write_ln0_write_fu_357  |    0    |    0    |
|   write  |  write_ln0_write_fu_364  |    0    |    0    |
|          |  write_ln0_write_fu_371  |    0    |    0    |
|          |  write_ln0_write_fu_378  |    0    |    0    |
|          |  write_ln0_write_fu_385  |    0    |    0    |
|          |  write_ln0_write_fu_392  |    0    |    0    |
|          |  write_ln0_write_fu_399  |    0    |    0    |
|          |  write_ln0_write_fu_406  |    0    |    0    |
|          |  write_ln0_write_fu_413  |    0    |    0    |
|          |  write_ln0_write_fu_420  |    0    |    0    |
|----------|--------------------------|---------|---------|
|   trunc  |    trunc_ln541_fu_447    |    0    |    0    |
|----------|--------------------------|---------|---------|
|   Total  |                          |    0    |    91   |
|----------|--------------------------|---------|---------|

Memories:
N/A

* Register list:
+------------+--------+
|            |   FF   |
+------------+--------+
|W_10_reg_739|   32   |
|W_11_reg_745|   32   |
|W_12_reg_751|   32   |
|W_13_reg_757|   32   |
|W_14_reg_763|   32   |
|W_15_reg_769|   32   |
| W_1_reg_685|   32   |
| W_2_reg_691|   32   |
| W_3_reg_697|   32   |
| W_4_reg_703|   32   |
| W_5_reg_709|   32   |
| W_6_reg_715|   32   |
| W_7_reg_721|   32   |
| W_8_reg_727|   32   |
| W_9_reg_733|   32   |
|  W_reg_679 |   32   |
| Wt_reg_781 |   32   |
|  t_reg_672 |    5   |
+------------+--------+
|    Total   |   549  |
+------------+--------+

* Multiplexer (MUX) list: 
|--------|------|------|------|--------|
|  Comp  |  Pin | Size |  BW  | S x BW |
|--------|------|------|------|--------|
|  Total |      |      |      |    0   |
|--------|------|------|------|--------|



* Summary:
+-----------+--------+--------+
|           |   FF   |   LUT  |
+-----------+--------+--------+
|  Function |    0   |   91   |
|   Memory  |    -   |    -   |
|Multiplexer|    -   |    -   |
|  Register |   549  |    -   |
+-----------+--------+--------+
|   Total   |   549  |   91   |
+-----------+--------+--------+
