

================================================================
== Vitis HLS Report for 'preProcessing'
================================================================
* Date:           Tue Oct 21 20:19:04 2025

* Version:        2024.2 (Build 5238294 on Nov  8 2024)
* Project:        hmac_sha256_test.prj
* Solution:       solution1 (Vivado IP Flow Target)
* Product family: zynq
* Target device:  xc7z020-clg484-1


================================================================
== Performance Estimates
================================================================
+ Timing: 
    * Summary: 
    +--------+----------+-----------+------------+
    |  Clock |  Target  | Estimated | Uncertainty|
    +--------+----------+-----------+------------+
    |ap_clk  |  15.00 ns|  12.550 ns|     1.50 ns|
    +--------+----------+-----------+------------+

+ Latency: 
    * Summary: 
    +---------+---------+----------+----------+-----+-----+---------+
    |  Latency (cycles) |  Latency (absolute) |  Interval | Pipeline|
    |   min   |   max   |    min   |    max   | min | max |   Type  |
    +---------+---------+----------+----------+-----+-----+---------+
    |        ?|        ?|         ?|         ?|    ?|    ?|       no|
    +---------+---------+----------+----------+-----+-----+---------+

    + Detail: 
        * Instance: 
        +---------------------------------------------------------------------+----------------------------------------------------------+---------+---------+-----------+----------+-----+-----+------------------------------------------------+
        |                                                                     |                                                          |  Latency (cycles) |  Latency (absolute)  |  Interval |                    Pipeline                    |
        |                               Instance                              |                          Module                          |   min   |   max   |    min    |    max   | min | max |                      Type                      |
        +---------------------------------------------------------------------+----------------------------------------------------------+---------+---------+-----------+----------+-----+-----+------------------------------------------------+
        |grp_preProcessing_Pipeline_LOOP_SHA256_GEN_FULL_BLKS_fu_270          |preProcessing_Pipeline_LOOP_SHA256_GEN_FULL_BLKS          |        2|       18|  30.000 ns|  0.270 us|    1|   17|  loop auto-rewind stp (delay=0 clock cycles(s))|
        |grp_preProcessing_Pipeline_LOOP_SHA256_GEN_COPY_TAIL_AND_ONE_fu_279  |preProcessing_Pipeline_LOOP_SHA256_GEN_COPY_TAIL_AND_ONE  |       16|       16|   0.240 us|  0.240 us|   15|   15|  loop auto-rewind stp (delay=0 clock cycles(s))|
        +---------------------------------------------------------------------+----------------------------------------------------------+---------+---------+-----------+----------+-----+-----+------------------------------------------------+

        * Loop: 
        +-------------------------------+---------+---------+----------+-----------+-----------+------+----------+
        |                               |  Latency (cycles) | Iteration|  Initiation Interval  | Trip |          |
        |           Loop Name           |   min   |   max   |  Latency |  achieved |   target  | Count| Pipelined|
        +-------------------------------+---------+---------+----------+-----------+-----------+------+----------+
        |- LOOP_SHA256_GENENERATE_MAIN  |        ?|        ?|    7 ~ 41|          -|          -|     ?|        no|
        +-------------------------------+---------+---------+----------+-----------+-----------+------+----------+



================================================================
== Utilization Estimates
================================================================
* Summary: 
+-----------------+---------+-----+--------+-------+-----+
|       Name      | BRAM_18K| DSP |   FF   |  LUT  | URAM|
+-----------------+---------+-----+--------+-------+-----+
|DSP              |        -|    -|       -|      -|    -|
|Expression       |        -|    -|       0|    230|    -|
|FIFO             |        -|    -|       -|      -|    -|
|Instance         |        -|    -|    1013|    891|    -|
|Memory           |        -|    -|       -|      -|    -|
|Multiplexer      |        -|    -|       0|    308|    -|
|Register         |        -|    -|     709|      -|    -|
+-----------------+---------+-----+--------+-------+-----+
|Total            |        0|    0|    1722|   1429|    0|
+-----------------+---------+-----+--------+-------+-----+
|Available        |      280|  220|  106400|  53200|    0|
+-----------------+---------+-----+--------+-------+-----+
|Utilization (%)  |        0|    0|       1|      2|    0|
+-----------------+---------+-----+--------+-------+-----+

+ Detail: 
    * Instance: 
    +---------------------------------------------------------------------+----------------------------------------------------------+---------+----+-----+-----+-----+
    |                               Instance                              |                          Module                          | BRAM_18K| DSP|  FF | LUT | URAM|
    +---------------------------------------------------------------------+----------------------------------------------------------+---------+----+-----+-----+-----+
    |grp_preProcessing_Pipeline_LOOP_SHA256_GEN_COPY_TAIL_AND_ONE_fu_279  |preProcessing_Pipeline_LOOP_SHA256_GEN_COPY_TAIL_AND_ONE  |        0|   0|  454|  579|    0|
    |grp_preProcessing_Pipeline_LOOP_SHA256_GEN_FULL_BLKS_fu_270          |preProcessing_Pipeline_LOOP_SHA256_GEN_FULL_BLKS          |        0|   0|  559|  312|    0|
    +---------------------------------------------------------------------+----------------------------------------------------------+---------+----+-----+-----+-----+
    |Total                                                                |                                                          |        0|   0| 1013|  891|    0|
    +---------------------------------------------------------------------+----------------------------------------------------------+---------+----+-----+-----+-----+

    * DSP: 
    N/A

    * Memory: 
    N/A

    * FIFO: 
    N/A

    * Expression: 
    +----------------------------------+----------+----+---+----+------------+------------+
    |           Variable Name          | Operation| DSP| FF| LUT| Bitwidth P0| Bitwidth P1|
    +----------------------------------+----------+----+---+----+------------+------------+
    |blk_num_fu_380_p2                 |         +|   0|  0|  66|          59|          59|
    |ap_condition_491                  |       and|   0|  0|   2|           1|           1|
    |ap_condition_496                  |       and|   0|  0|   2|           1|           1|
    |ap_condition_499                  |       and|   0|  0|   2|           1|           1|
    |ap_condition_516                  |       and|   0|  0|   2|           1|           1|
    |ap_condition_522                  |       and|   0|  0|   2|           1|           1|
    |ap_predicate_op160_read_state19   |       and|   0|  0|   2|           1|           1|
    |ap_predicate_op205_write_state21  |       and|   0|  0|   2|           1|           1|
    |ap_predicate_op78_read_state5     |       and|   0|  0|   2|           1|           1|
    |cmp275_fu_529_p2                  |      icmp|   0|  0|  10|           2|           1|
    |cmp281_fu_534_p2                  |      icmp|   0|  0|  10|           2|           1|
    |cmp298_fu_539_p2                  |      icmp|   0|  0|  11|           2|           3|
    |icmp_ln129_fu_423_p2              |      icmp|   0|  0|  14|           6|           1|
    |icmp_ln152_fu_428_p2              |      icmp|   0|  0|  14|           6|           5|
    |icmp_ln215_fu_544_p2              |      icmp|   0|  0|  13|           4|           2|
    |icmp_ln223_fu_607_p2              |      icmp|   0|  0|  13|           4|           2|
    |icmp_ln95_fu_366_p2               |      icmp|   0|  0|  14|           6|           5|
    |ap_block_state1                   |        or|   0|  0|   2|           1|           1|
    |ap_block_state19                  |        or|   0|  0|   2|           1|           1|
    |ap_block_state2                   |        or|   0|  0|   2|           1|           1|
    |ap_block_state20                  |        or|   0|  0|   2|           1|           1|
    |ap_block_state21                  |        or|   0|  0|   2|           1|           1|
    |ap_block_state5                   |        or|   0|  0|   2|           1|           1|
    |or_ln223_fu_612_p2                |        or|   0|  0|   2|           1|           1|
    |select_ln223_fu_618_p3            |    select|   0|  0|  33|           1|           1|
    |select_ln95_fu_372_p3             |    select|   0|  0|   2|           1|           2|
    +----------------------------------+----------+----+---+----+------------+------------+
    |Total                             |          |   0|  0| 230|         108|          97|
    +----------------------------------+----------+----+---+----+------------+------------+

    * Multiplexer: 
    +---------------------------------------+-----+-----------+-----+-----------+
    |                  Name                 | LUT | Input Size| Bits| Total Bits|
    +---------------------------------------+-----+-----------+-----+-----------+
    |ap_NS_fsm                              |  113|         24|    1|         24|
    |ap_done                                |    9|          2|    1|          2|
    |ap_phi_mux_storemerge93_phi_fu_260_p8  |   25|          5|   32|        160|
    |b225_0_14_load_reg_240                 |   25|          5|   32|        160|
    |blk_strm_blk_n                         |    9|          2|    1|          2|
    |blk_strm_din                           |   25|          5|  512|       2560|
    |blk_strm_write                         |   14|          3|    1|          3|
    |eMergeKipadLenStrm_blk_n               |    9|          2|    1|          2|
    |end_nblk_strm_blk_n                    |    9|          2|    1|          2|
    |end_nblk_strm_din                      |   14|          3|    1|          3|
    |mergeKipadLenStrm_blk_n                |    9|          2|    1|          2|
    |mergeKipadStrm_blk_n                   |    9|          2|    1|          2|
    |mergeKipadStrm_read                    |   20|          4|    1|          4|
    |nblk_strm_blk_n                        |    9|          2|    1|          2|
    |real_start                             |    9|          2|    1|          2|
    +---------------------------------------+-----+-----------+-----+-----------+
    |Total                                  |  308|         65|  588|       2930|
    +---------------------------------------+-----+-----------+-----+-----------+

    * Register: 
    +----------------------------------------------------------------------------------+----+----+-----+-----------+
    |                                       Name                                       | FF | LUT| Bits| Const Bits|
    +----------------------------------------------------------------------------------+----+----+-----+-----------+
    |ap_CS_fsm                                                                         |  23|   0|   23|          0|
    |ap_done_reg                                                                       |   1|   0|    1|          0|
    |b225_0_14_load_reg_240                                                            |  32|   0|   32|          0|
    |cmp281_reg_1256                                                                   |   1|   0|    1|          0|
    |cmp298_reg_1260                                                                   |   1|   0|    1|          0|
    |empty_65_reg_993                                                                  |   8|   0|    8|          0|
    |empty_66_reg_1013                                                                 |   8|   0|    8|          0|
    |empty_67_reg_1033                                                                 |   8|   0|    8|          0|
    |empty_68_reg_1053                                                                 |   8|   0|    8|          0|
    |empty_69_reg_1073                                                                 |   8|   0|    8|          0|
    |empty_70_reg_1093                                                                 |   8|   0|    8|          0|
    |empty_71_reg_1113                                                                 |   8|   0|    8|          0|
    |empty_72_reg_1133                                                                 |   8|   0|    8|          0|
    |empty_73_reg_1153                                                                 |   8|   0|    8|          0|
    |empty_74_reg_1173                                                                 |   8|   0|    8|          0|
    |empty_75_reg_1193                                                                 |   8|   0|    8|          0|
    |empty_76_reg_1213                                                                 |   8|   0|    8|          0|
    |empty_77_reg_1233                                                                 |   8|   0|    8|          0|
    |empty_reg_973                                                                     |   8|   0|    8|          0|
    |end_flag_3_reg_231                                                                |   1|   0|    1|          0|
    |grp_preProcessing_Pipeline_LOOP_SHA256_GEN_COPY_TAIL_AND_ONE_fu_279_ap_start_reg  |   1|   0|    1|          0|
    |grp_preProcessing_Pipeline_LOOP_SHA256_GEN_FULL_BLKS_fu_270_ap_start_reg          |   1|   0|    1|          0|
    |icmp_ln129_reg_958                                                                |   1|   0|    1|          0|
    |icmp_ln152_reg_962                                                                |   1|   0|    1|          0|
    |icmp_ln223_reg_1287                                                               |   1|   0|    1|          0|
    |left_reg_940                                                                      |   6|   0|    6|          0|
    |len_reg_926                                                                       |  64|   0|   64|          0|
    |or_ln223_reg_1292                                                                 |   1|   0|    1|          0|
    |p_50_reg_983                                                                      |   8|   0|    8|          0|
    |p_51_reg_988                                                                      |   8|   0|    8|          0|
    |p_52_reg_998                                                                      |   8|   0|    8|          0|
    |p_53_reg_1003                                                                     |   8|   0|    8|          0|
    |p_54_reg_1008                                                                     |   8|   0|    8|          0|
    |p_55_reg_1018                                                                     |   8|   0|    8|          0|
    |p_56_reg_1023                                                                     |   8|   0|    8|          0|
    |p_57_reg_1028                                                                     |   8|   0|    8|          0|
    |p_58_reg_1038                                                                     |   8|   0|    8|          0|
    |p_59_reg_1043                                                                     |   8|   0|    8|          0|
    |p_60_reg_1048                                                                     |   8|   0|    8|          0|
    |p_61_reg_1058                                                                     |   8|   0|    8|          0|
    |p_62_reg_1063                                                                     |   8|   0|    8|          0|
    |p_63_reg_1068                                                                     |   8|   0|    8|          0|
    |p_64_reg_1078                                                                     |   8|   0|    8|          0|
    |p_65_reg_1083                                                                     |   8|   0|    8|          0|
    |p_66_reg_1088                                                                     |   8|   0|    8|          0|
    |p_67_reg_1098                                                                     |   8|   0|    8|          0|
    |p_68_reg_1103                                                                     |   8|   0|    8|          0|
    |p_69_reg_1108                                                                     |   8|   0|    8|          0|
    |p_70_reg_1118                                                                     |   8|   0|    8|          0|
    |p_71_reg_1123                                                                     |   8|   0|    8|          0|
    |p_72_reg_1128                                                                     |   8|   0|    8|          0|
    |p_73_reg_1138                                                                     |   8|   0|    8|          0|
    |p_74_reg_1143                                                                     |   8|   0|    8|          0|
    |p_75_reg_1148                                                                     |   8|   0|    8|          0|
    |p_76_reg_1158                                                                     |   8|   0|    8|          0|
    |p_77_reg_1163                                                                     |   8|   0|    8|          0|
    |p_78_reg_1168                                                                     |   8|   0|    8|          0|
    |p_79_reg_1178                                                                     |   8|   0|    8|          0|
    |p_80_reg_1183                                                                     |   8|   0|    8|          0|
    |p_81_reg_1188                                                                     |   8|   0|    8|          0|
    |p_82_reg_1198                                                                     |   8|   0|    8|          0|
    |p_83_reg_1203                                                                     |   8|   0|    8|          0|
    |p_84_reg_1208                                                                     |   8|   0|    8|          0|
    |p_85_reg_1218                                                                     |   8|   0|    8|          0|
    |p_86_reg_1223                                                                     |   8|   0|    8|          0|
    |p_87_reg_1228                                                                     |   8|   0|    8|          0|
    |p_88_reg_1238                                                                     |   8|   0|    8|          0|
    |p_89_reg_1243                                                                     |   8|   0|    8|          0|
    |p_90_reg_1248                                                                     |   8|   0|    8|          0|
    |p_cast_reg_966                                                                    |   4|   0|    4|          0|
    |p_s_reg_978                                                                       |   8|   0|    8|          0|
    |start_once_reg                                                                    |   1|   0|    1|          0|
    |tmp_7_reg_1296                                                                    |  32|   0|   32|          0|
    |trunc_ln264_reg_946                                                               |  29|   0|   29|          0|
    |trunc_ln91_reg_932                                                                |   2|   0|    2|          0|
    |trunc_ln_reg_953                                                                  |  58|   0|   58|          0|
    +----------------------------------------------------------------------------------+----+----+-----+-----------+
    |Total                                                                             | 709|   0|  709|          0|
    +----------------------------------------------------------------------------------+----+----+-----+-----------+



================================================================
== Interface
================================================================
* Summary: 
+-----------------------------------+-----+-----+------------+--------------------+--------------+
|             RTL Ports             | Dir | Bits|  Protocol  |    Source Object   |    C Type    |
+-----------------------------------+-----+-----+------------+--------------------+--------------+
|ap_clk                             |   in|    1|  ap_ctrl_hs|       preProcessing|  return value|
|ap_rst                             |   in|    1|  ap_ctrl_hs|       preProcessing|  return value|
|ap_start                           |   in|    1|  ap_ctrl_hs|       preProcessing|  return value|
|start_full_n                       |   in|    1|  ap_ctrl_hs|       preProcessing|  return value|
|ap_done                            |  out|    1|  ap_ctrl_hs|       preProcessing|  return value|
|ap_continue                        |   in|    1|  ap_ctrl_hs|       preProcessing|  return value|
|ap_idle                            |  out|    1|  ap_ctrl_hs|       preProcessing|  return value|
|ap_ready                           |  out|    1|  ap_ctrl_hs|       preProcessing|  return value|
|start_out                          |  out|    1|  ap_ctrl_hs|       preProcessing|  return value|
|start_write                        |  out|    1|  ap_ctrl_hs|       preProcessing|  return value|
|mergeKipadStrm_dout                |   in|   32|     ap_fifo|      mergeKipadStrm|       pointer|
|mergeKipadStrm_empty_n             |   in|    1|     ap_fifo|      mergeKipadStrm|       pointer|
|mergeKipadStrm_read                |  out|    1|     ap_fifo|      mergeKipadStrm|       pointer|
|mergeKipadStrm_num_data_valid      |   in|    8|     ap_fifo|      mergeKipadStrm|       pointer|
|mergeKipadStrm_fifo_cap            |   in|    8|     ap_fifo|      mergeKipadStrm|       pointer|
|mergeKipadLenStrm_dout             |   in|   64|     ap_fifo|   mergeKipadLenStrm|       pointer|
|mergeKipadLenStrm_empty_n          |   in|    1|     ap_fifo|   mergeKipadLenStrm|       pointer|
|mergeKipadLenStrm_read             |  out|    1|     ap_fifo|   mergeKipadLenStrm|       pointer|
|mergeKipadLenStrm_num_data_valid   |   in|    3|     ap_fifo|   mergeKipadLenStrm|       pointer|
|mergeKipadLenStrm_fifo_cap         |   in|    3|     ap_fifo|   mergeKipadLenStrm|       pointer|
|eMergeKipadLenStrm_dout            |   in|    1|     ap_fifo|  eMergeKipadLenStrm|       pointer|
|eMergeKipadLenStrm_empty_n         |   in|    1|     ap_fifo|  eMergeKipadLenStrm|       pointer|
|eMergeKipadLenStrm_read            |  out|    1|     ap_fifo|  eMergeKipadLenStrm|       pointer|
|eMergeKipadLenStrm_num_data_valid  |   in|    3|     ap_fifo|  eMergeKipadLenStrm|       pointer|
|eMergeKipadLenStrm_fifo_cap        |   in|    3|     ap_fifo|  eMergeKipadLenStrm|       pointer|
|blk_strm_din                       |  out|  512|     ap_fifo|            blk_strm|       pointer|
|blk_strm_full_n                    |   in|    1|     ap_fifo|            blk_strm|       pointer|
|blk_strm_write                     |  out|    1|     ap_fifo|            blk_strm|       pointer|
|blk_strm_num_data_valid            |   in|    6|     ap_fifo|            blk_strm|       pointer|
|blk_strm_fifo_cap                  |   in|    6|     ap_fifo|            blk_strm|       pointer|
|nblk_strm_din                      |  out|   64|     ap_fifo|           nblk_strm|       pointer|
|nblk_strm_full_n                   |   in|    1|     ap_fifo|           nblk_strm|       pointer|
|nblk_strm_write                    |  out|    1|     ap_fifo|           nblk_strm|       pointer|
|nblk_strm_num_data_valid           |   in|    6|     ap_fifo|           nblk_strm|       pointer|
|nblk_strm_fifo_cap                 |   in|    6|     ap_fifo|           nblk_strm|       pointer|
|end_nblk_strm_din                  |  out|    1|     ap_fifo|       end_nblk_strm|       pointer|
|end_nblk_strm_full_n               |   in|    1|     ap_fifo|       end_nblk_strm|       pointer|
|end_nblk_strm_write                |  out|    1|     ap_fifo|       end_nblk_strm|       pointer|
|end_nblk_strm_num_data_valid       |   in|    6|     ap_fifo|       end_nblk_strm|       pointer|
|end_nblk_strm_fifo_cap             |   in|    6|     ap_fifo|       end_nblk_strm|       pointer|
+-----------------------------------+-----+-----+------------+--------------------+--------------+

============================================================
+ Verbose Summary: Synthesis Manager
============================================================
InlineROM: 1
ExposeGlobal: 0
============================================================
+ Verbose Summary: CDFG Model
============================================================
IsTopModel: 0
ResetActiveHigh: 1
IsCombinational: 2
IsDatapathOnly: 0
HasWiredReturn: 1
HasMFsm: 0
HasVarLatency: 1
IsPipeline: 0
IsRtlPipelined: 0
IsInstanceOverlapped: 0
IsDontTouch: 0
HasImplIP: 0
IsGatedGlobalClock: 0


============================================================
+ Verbose Summary: Schedule
============================================================
* Number of FSM states : 23
* Pipeline : 0
* Dataflow Pipeline: 0

* FSM state transitions: 
1 --> 2 
2 --> 3 
3 --> 4 
4 --> 5 
5 --> 6 22 21 
6 --> 7 
7 --> 8 
8 --> 9 
9 --> 10 
10 --> 11 
11 --> 12 
12 --> 13 
13 --> 14 
14 --> 15 
15 --> 16 
16 --> 17 
17 --> 18 
18 --> 19 
19 --> 20 
20 --> 21 
21 --> 2 
22 --> 23 
23 --> 21 

* FSM state operations: 

State 1 <SV = 0> <Delay = 3.63>
ST_1 : Operation 24 [1/1] (0.00ns)   --->   "%b_loc = alloca i64 1"   --->   Operation 24 'alloca' 'b_loc' <Predicate = true> <Delay = 0.00>
ST_1 : Operation 25 [1/1] (0.00ns)   --->   "%b_4_loc = alloca i64 1"   --->   Operation 25 'alloca' 'b_4_loc' <Predicate = true> <Delay = 0.00>
ST_1 : Operation 26 [1/1] (0.00ns)   --->   "%b_5_loc = alloca i64 1"   --->   Operation 26 'alloca' 'b_5_loc' <Predicate = true> <Delay = 0.00>
ST_1 : Operation 27 [1/1] (0.00ns)   --->   "%b_6_loc = alloca i64 1"   --->   Operation 27 'alloca' 'b_6_loc' <Predicate = true> <Delay = 0.00>
ST_1 : Operation 28 [1/1] (0.00ns)   --->   "%b_7_loc = alloca i64 1"   --->   Operation 28 'alloca' 'b_7_loc' <Predicate = true> <Delay = 0.00>
ST_1 : Operation 29 [1/1] (0.00ns)   --->   "%b_8_loc = alloca i64 1"   --->   Operation 29 'alloca' 'b_8_loc' <Predicate = true> <Delay = 0.00>
ST_1 : Operation 30 [1/1] (0.00ns)   --->   "%b_9_loc = alloca i64 1"   --->   Operation 30 'alloca' 'b_9_loc' <Predicate = true> <Delay = 0.00>
ST_1 : Operation 31 [1/1] (0.00ns)   --->   "%b_10_loc = alloca i64 1"   --->   Operation 31 'alloca' 'b_10_loc' <Predicate = true> <Delay = 0.00>
ST_1 : Operation 32 [1/1] (0.00ns)   --->   "%b_11_loc = alloca i64 1"   --->   Operation 32 'alloca' 'b_11_loc' <Predicate = true> <Delay = 0.00>
ST_1 : Operation 33 [1/1] (0.00ns)   --->   "%b_12_loc = alloca i64 1"   --->   Operation 33 'alloca' 'b_12_loc' <Predicate = true> <Delay = 0.00>
ST_1 : Operation 34 [1/1] (0.00ns)   --->   "%b_13_loc = alloca i64 1"   --->   Operation 34 'alloca' 'b_13_loc' <Predicate = true> <Delay = 0.00>
ST_1 : Operation 35 [1/1] (0.00ns)   --->   "%b_14_loc = alloca i64 1"   --->   Operation 35 'alloca' 'b_14_loc' <Predicate = true> <Delay = 0.00>
ST_1 : Operation 36 [1/1] (0.00ns)   --->   "%b_15_loc = alloca i64 1"   --->   Operation 36 'alloca' 'b_15_loc' <Predicate = true> <Delay = 0.00>
ST_1 : Operation 37 [1/1] (0.00ns)   --->   "%b_16_loc = alloca i64 1"   --->   Operation 37 'alloca' 'b_16_loc' <Predicate = true> <Delay = 0.00>
ST_1 : Operation 38 [1/1] (0.00ns)   --->   "%specmemcore_ln0 = specmemcore void @_ssdm_op_SpecMemCore, i1 %end_nblk_strm, i64 666, i64 9, i64 18446744073709551615"   --->   Operation 38 'specmemcore' 'specmemcore_ln0' <Predicate = true> <Delay = 0.00>
ST_1 : Operation 39 [1/1] (0.00ns)   --->   "%specmemcore_ln0 = specmemcore void @_ssdm_op_SpecMemCore, i64 %nblk_strm, i64 666, i64 9, i64 18446744073709551615"   --->   Operation 39 'specmemcore' 'specmemcore_ln0' <Predicate = true> <Delay = 0.00>
ST_1 : Operation 40 [1/1] (0.00ns)   --->   "%specmemcore_ln0 = specmemcore void @_ssdm_op_SpecMemCore, i512 %blk_strm, i64 666, i64 9, i64 18446744073709551615"   --->   Operation 40 'specmemcore' 'specmemcore_ln0' <Predicate = true> <Delay = 0.00>
ST_1 : Operation 41 [1/1] (0.00ns)   --->   "%specmemcore_ln0 = specmemcore void @_ssdm_op_SpecMemCore, i1 %eMergeKipadLenStrm, i64 666, i64 9, i64 18446744073709551615"   --->   Operation 41 'specmemcore' 'specmemcore_ln0' <Predicate = true> <Delay = 0.00>
ST_1 : Operation 42 [1/1] (0.00ns)   --->   "%specmemcore_ln0 = specmemcore void @_ssdm_op_SpecMemCore, i64 %mergeKipadLenStrm, i64 666, i64 9, i64 18446744073709551615"   --->   Operation 42 'specmemcore' 'specmemcore_ln0' <Predicate = true> <Delay = 0.00>
ST_1 : Operation 43 [1/1] (0.00ns)   --->   "%specmemcore_ln0 = specmemcore void @_ssdm_op_SpecMemCore, i32 %mergeKipadStrm, i64 666, i64 9, i64 18446744073709551615"   --->   Operation 43 'specmemcore' 'specmemcore_ln0' <Predicate = true> <Delay = 0.00>
ST_1 : Operation 44 [1/1] (0.00ns)   --->   "%specinterface_ln0 = specinterface void @_ssdm_op_SpecInterface, i1 %end_nblk_strm, void @empty_3, i32 0, i32 0, void @empty_1, i32 0, i32 0, void @empty_1, void @empty_1, void @empty_1, i32 0, i32 0, i32 0, i32 0, void @empty_1, void @empty_1, i32 4294967295, i32 0, i32 0"   --->   Operation 44 'specinterface' 'specinterface_ln0' <Predicate = true> <Delay = 0.00>
ST_1 : Operation 45 [1/1] (0.00ns)   --->   "%specinterface_ln0 = specinterface void @_ssdm_op_SpecInterface, i64 %nblk_strm, void @empty_3, i32 0, i32 0, void @empty_1, i32 0, i32 0, void @empty_1, void @empty_1, void @empty_1, i32 0, i32 0, i32 0, i32 0, void @empty_1, void @empty_1, i32 4294967295, i32 0, i32 0"   --->   Operation 45 'specinterface' 'specinterface_ln0' <Predicate = true> <Delay = 0.00>
ST_1 : Operation 46 [1/1] (0.00ns)   --->   "%specinterface_ln0 = specinterface void @_ssdm_op_SpecInterface, i512 %blk_strm, void @empty_3, i32 0, i32 0, void @empty_1, i32 0, i32 0, void @empty_1, void @empty_1, void @empty_1, i32 0, i32 0, i32 0, i32 0, void @empty_1, void @empty_1, i32 4294967295, i32 0, i32 0"   --->   Operation 46 'specinterface' 'specinterface_ln0' <Predicate = true> <Delay = 0.00>
ST_1 : Operation 47 [1/1] (0.00ns)   --->   "%specinterface_ln0 = specinterface void @_ssdm_op_SpecInterface, i1 %eMergeKipadLenStrm, void @empty_3, i32 0, i32 0, void @empty_1, i32 0, i32 0, void @empty_1, void @empty_1, void @empty_1, i32 0, i32 0, i32 0, i32 0, void @empty_1, void @empty_1, i32 4294967295, i32 0, i32 0"   --->   Operation 47 'specinterface' 'specinterface_ln0' <Predicate = true> <Delay = 0.00>
ST_1 : Operation 48 [1/1] (0.00ns)   --->   "%specinterface_ln0 = specinterface void @_ssdm_op_SpecInterface, i64 %mergeKipadLenStrm, void @empty_3, i32 0, i32 0, void @empty_1, i32 0, i32 0, void @empty_1, void @empty_1, void @empty_1, i32 0, i32 0, i32 0, i32 0, void @empty_1, void @empty_1, i32 4294967295, i32 0, i32 0"   --->   Operation 48 'specinterface' 'specinterface_ln0' <Predicate = true> <Delay = 0.00>
ST_1 : Operation 49 [1/1] (0.00ns)   --->   "%specinterface_ln0 = specinterface void @_ssdm_op_SpecInterface, i32 %mergeKipadStrm, void @empty_3, i32 0, i32 0, void @empty_1, i32 0, i32 0, void @empty_1, void @empty_1, void @empty_1, i32 0, i32 0, i32 0, i32 0, void @empty_1, void @empty_1, i32 4294967295, i32 0, i32 0"   --->   Operation 49 'specinterface' 'specinterface_ln0' <Predicate = true> <Delay = 0.00>
ST_1 : Operation 50 [1/1] ( I:3.63ns O:3.63ns )   --->   "%end_flag = read i1 @_ssdm_op_Read.ap_fifo.volatile.i1P0A, i1 %eMergeKipadLenStrm" [D:/hlstrack/hlstrack2025-master/security/L1/tests/hmac/sha256/../../../../L1/include\xf_security/sha224_256.hpp:89]   --->   Operation 50 'read' 'end_flag' <Predicate = true> <Delay = 3.63> <CoreInst = "FIFO_LUTRAM">   --->   Core 79 'FIFO_LUTRAM' <Latency = 0> <II = 1> <Delay = 3.63> <Storage> <Opcode : 'read' 'write' 'nbread' 'nbwrite'> <Ports = 0> <Width = 1> <Depth = 4> <FIFO>
ST_1 : Operation 51 [1/1] (1.58ns)   --->   "%br_ln89 = br void %for.cond" [D:/hlstrack/hlstrack2025-master/security/L1/tests/hmac/sha256/../../../../L1/include\xf_security/sha224_256.hpp:89]   --->   Operation 51 'br' 'br_ln89' <Predicate = true> <Delay = 1.58>

State 2 <SV = 1> <Delay = 12.5>
ST_2 : Operation 52 [1/1] (0.00ns)   --->   "%end_flag_3 = phi i1 %end_flag, void %entry, i1 %end_flag_4, void %for.inc390"   --->   Operation 52 'phi' 'end_flag_3' <Predicate = true> <Delay = 0.00>
ST_2 : Operation 53 [1/1] (0.00ns)   --->   "%br_ln89 = br i1 %end_flag_3, void %LOOP_SHA256_GEN_FULL_BLKS, void %for.end392" [D:/hlstrack/hlstrack2025-master/security/L1/tests/hmac/sha256/../../../../L1/include\xf_security/sha224_256.hpp:89]   --->   Operation 53 'br' 'br_ln89' <Predicate = true> <Delay = 0.00>
ST_2 : Operation 54 [1/1] ( I:3.63ns O:3.63ns )   --->   "%len = read i64 @_ssdm_op_Read.ap_fifo.volatile.i64P0A, i64 %mergeKipadLenStrm" [D:/hlstrack/hlstrack2025-master/security/L1/tests/hmac/sha256/../../../../L1/include\xf_security/sha224_256.hpp:91]   --->   Operation 54 'read' 'len' <Predicate = (!end_flag_3)> <Delay = 3.63> <CoreInst = "FIFO_LUTRAM">   --->   Core 79 'FIFO_LUTRAM' <Latency = 0> <II = 1> <Delay = 3.63> <Storage> <Opcode : 'read' 'write' 'nbread' 'nbwrite'> <Ports = 0> <Width = 64> <Depth = 4> <FIFO>
ST_2 : Operation 55 [1/1] (0.00ns)   --->   "%trunc_ln91 = trunc i64 %len" [D:/hlstrack/hlstrack2025-master/security/L1/tests/hmac/sha256/../../../../L1/include\xf_security/sha224_256.hpp:91]   --->   Operation 55 'trunc' 'trunc_ln91' <Predicate = (!end_flag_3)> <Delay = 0.00>
ST_2 : Operation 56 [1/1] (0.00ns)   --->   "%left = trunc i64 %len" [D:/hlstrack/hlstrack2025-master/security/L1/tests/hmac/sha256/../../../../L1/include\xf_security/sha224_256.hpp:91]   --->   Operation 56 'trunc' 'left' <Predicate = (!end_flag_3)> <Delay = 0.00>
ST_2 : Operation 57 [1/1] (0.00ns)   --->   "%trunc_ln264 = trunc i64 %len" [D:/hlstrack/hlstrack2025-master/security/L1/tests/hmac/sha256/../../../../L1/include\xf_security/sha224_256.hpp:264]   --->   Operation 57 'trunc' 'trunc_ln264' <Predicate = (!end_flag_3)> <Delay = 0.00>
ST_2 : Operation 58 [1/1] (0.00ns)   --->   "%trunc_ln = partselect i58 @_ssdm_op_PartSelect.i58.i64.i32.i32, i64 %len, i32 6, i32 63" [D:/hlstrack/hlstrack2025-master/security/L1/tests/hmac/sha256/../../../../L1/include\xf_security/sha224_256.hpp:95]   --->   Operation 58 'partselect' 'trunc_ln' <Predicate = (!end_flag_3)> <Delay = 0.00>
ST_2 : Operation 59 [1/1] (0.00ns) (grouped into LUT with out node blk_num)   --->   "%zext_ln95_1 = zext i58 %trunc_ln" [D:/hlstrack/hlstrack2025-master/security/L1/tests/hmac/sha256/../../../../L1/include\xf_security/sha224_256.hpp:95]   --->   Operation 59 'zext' 'zext_ln95_1' <Predicate = (!end_flag_3)> <Delay = 0.00>
ST_2 : Operation 60 [1/1] (1.82ns)   --->   "%icmp_ln95 = icmp_ugt  i6 %left, i6 55" [D:/hlstrack/hlstrack2025-master/security/L1/tests/hmac/sha256/../../../../L1/include\xf_security/sha224_256.hpp:95]   --->   Operation 60 'icmp' 'icmp_ln95' <Predicate = (!end_flag_3)> <Delay = 1.82> <CoreInst = "Cmp">   --->   Core 9 'Cmp' <Latency = 0> <II = 1> <Delay = 1.82> <FuncUnit> <Opcode : 'seteq' 'setne' 'setle' 'setge' 'setlt' 'setgt'> <InPorts = 2> <OutPorts = 1>
ST_2 : Operation 61 [1/1] (0.00ns) (grouped into LUT with out node blk_num)   --->   "%select_ln95 = select i1 %icmp_ln95, i59 2, i59 1" [D:/hlstrack/hlstrack2025-master/security/L1/tests/hmac/sha256/../../../../L1/include\xf_security/sha224_256.hpp:95]   --->   Operation 61 'select' 'select_ln95' <Predicate = (!end_flag_3)> <Delay = 0.00> <CoreInst = "Sel">   --->   Core 73 'Sel' <Latency = 0> <II = 1> <Delay = 0.99> <FuncUnit> <Opcode : 'select'> <InPorts = 3> <OutPorts = 1>
ST_2 : Operation 62 [1/1] (3.36ns) (out node of the LUT)   --->   "%blk_num = add i59 %select_ln95, i59 %zext_ln95_1" [D:/hlstrack/hlstrack2025-master/security/L1/tests/hmac/sha256/../../../../L1/include\xf_security/sha224_256.hpp:95]   --->   Operation 62 'add' 'blk_num' <Predicate = (!end_flag_3)> <Delay = 3.36> <CoreInst = "Adder">   --->   Core 1 'Adder' <Latency = 0> <II = 1> <Delay = 3.39> <FuncUnit> <Opcode : 'add' 'sub'> <InPorts = 2> <OutPorts = 1>
ST_2 : Operation 63 [1/1] (0.00ns)   --->   "%zext_ln95 = zext i59 %blk_num" [D:/hlstrack/hlstrack2025-master/security/L1/tests/hmac/sha256/../../../../L1/include\xf_security/sha224_256.hpp:95]   --->   Operation 63 'zext' 'zext_ln95' <Predicate = (!end_flag_3)> <Delay = 0.00>
ST_2 : Operation 64 [1/1] ( I:3.72ns O:3.72ns )   --->   "%write_ln97 = write void @_ssdm_op_Write.ap_fifo.volatile.i64P0A, i64 %nblk_strm, i64 %zext_ln95" [D:/hlstrack/hlstrack2025-master/security/L1/tests/hmac/sha256/../../../../L1/include\xf_security/sha224_256.hpp:97]   --->   Operation 64 'write' 'write_ln97' <Predicate = (!end_flag_3)> <Delay = 3.72> <CoreInst = "FIFO_LUTRAM">   --->   Core 79 'FIFO_LUTRAM' <Latency = 0> <II = 1> <Delay = 3.72> <Storage> <Opcode : 'read' 'write' 'nbread' 'nbwrite'> <Ports = 0> <Width = 64> <Depth = 32> <FIFO>
ST_2 : Operation 65 [1/1] ( I:3.72ns O:3.72ns )   --->   "%write_ln98 = write void @_ssdm_op_Write.ap_fifo.volatile.i1P0A, i1 %end_nblk_strm, i1 0" [D:/hlstrack/hlstrack2025-master/security/L1/tests/hmac/sha256/../../../../L1/include\xf_security/sha224_256.hpp:98]   --->   Operation 65 'write' 'write_ln98' <Predicate = (!end_flag_3)> <Delay = 3.72> <CoreInst = "FIFO_LUTRAM">   --->   Core 79 'FIFO_LUTRAM' <Latency = 0> <II = 1> <Delay = 3.72> <Storage> <Opcode : 'read' 'write' 'nbread' 'nbwrite'> <Ports = 0> <Width = 1> <Depth = 32> <FIFO>
ST_2 : Operation 66 [1/1] ( I:3.72ns O:3.72ns )   --->   "%write_ln272 = write void @_ssdm_op_Write.ap_fifo.volatile.i1P0A, i1 %end_nblk_strm, i1 1" [D:/hlstrack/hlstrack2025-master/security/L1/tests/hmac/sha256/../../../../L1/include\xf_security/sha224_256.hpp:272]   --->   Operation 66 'write' 'write_ln272' <Predicate = (end_flag_3)> <Delay = 3.72> <CoreInst = "FIFO_LUTRAM">   --->   Core 79 'FIFO_LUTRAM' <Latency = 0> <II = 1> <Delay = 3.72> <Storage> <Opcode : 'read' 'write' 'nbread' 'nbwrite'> <Ports = 0> <Width = 1> <Depth = 32> <FIFO>
ST_2 : Operation 67 [1/1] (0.00ns)   --->   "%ret_ln274 = ret" [D:/hlstrack/hlstrack2025-master/security/L1/tests/hmac/sha256/../../../../L1/include\xf_security/sha224_256.hpp:274]   --->   Operation 67 'ret' 'ret_ln274' <Predicate = (end_flag_3)> <Delay = 0.00>

State 3 <SV = 2> <Delay = 0.00>
ST_3 : Operation 68 [1/1] (0.00ns)   --->   "%fence_ln101 = fence void @_ssdm_op_Fence, i64 %mergeKipadLenStrm, i64 %nblk_strm, i1 %end_nblk_strm, i32 4294967295, i32 %mergeKipadStrm, i512 %blk_strm" [D:/hlstrack/hlstrack2025-master/security/L1/tests/hmac/sha256/../../../../L1/include\xf_security/sha224_256.hpp:101]   --->   Operation 68 'fence' 'fence_ln101' <Predicate = true> <Delay = 0.00>
ST_3 : Operation 69 [2/2] (0.00ns)   --->   "%call_ln95 = call void @preProcessing_Pipeline_LOOP_SHA256_GEN_FULL_BLKS, i58 %trunc_ln, i32 %mergeKipadStrm, i512 %blk_strm" [D:/hlstrack/hlstrack2025-master/security/L1/tests/hmac/sha256/../../../../L1/include\xf_security/sha224_256.hpp:95]   --->   Operation 69 'call' 'call_ln95' <Predicate = true> <Delay = 0.00> <CoreType = "Generic">   --->   Generic Core

State 4 <SV = 3> <Delay = 4.95>
ST_4 : Operation 70 [1/2] (4.95ns)   --->   "%call_ln95 = call void @preProcessing_Pipeline_LOOP_SHA256_GEN_FULL_BLKS, i58 %trunc_ln, i32 %mergeKipadStrm, i512 %blk_strm" [D:/hlstrack/hlstrack2025-master/security/L1/tests/hmac/sha256/../../../../L1/include\xf_security/sha224_256.hpp:95]   --->   Operation 70 'call' 'call_ln95' <Predicate = true> <Delay = 4.95> <CoreType = "Generic">   --->   Generic Core

State 5 <SV = 4> <Delay = 5.55>
ST_5 : Operation 71 [1/1] (0.00ns)   --->   "%specloopname_ln89 = specloopname void @_ssdm_op_SpecLoopName, void @empty_20" [D:/hlstrack/hlstrack2025-master/security/L1/tests/hmac/sha256/../../../../L1/include\xf_security/sha224_256.hpp:89]   --->   Operation 71 'specloopname' 'specloopname_ln89' <Predicate = true> <Delay = 0.00>
ST_5 : Operation 72 [1/1] (0.00ns)   --->   "%fence_ln125 = fence void @_ssdm_op_Fence, i32 %mergeKipadStrm, i512 %blk_strm, i32 4294967295, i512 %blk_strm, i32 %mergeKipadStrm, i1 %eMergeKipadLenStrm" [D:/hlstrack/hlstrack2025-master/security/L1/tests/hmac/sha256/../../../../L1/include\xf_security/sha224_256.hpp:125]   --->   Operation 72 'fence' 'fence_ln125' <Predicate = true> <Delay = 0.00>
ST_5 : Operation 73 [1/1] (1.82ns)   --->   "%icmp_ln129 = icmp_eq  i6 %left, i6 0" [D:/hlstrack/hlstrack2025-master/security/L1/tests/hmac/sha256/../../../../L1/include\xf_security/sha224_256.hpp:129]   --->   Operation 73 'icmp' 'icmp_ln129' <Predicate = true> <Delay = 1.82> <CoreInst = "Cmp">   --->   Core 9 'Cmp' <Latency = 0> <II = 1> <Delay = 1.82> <FuncUnit> <Opcode : 'seteq' 'setne' 'setle' 'setge' 'setlt' 'setgt'> <InPorts = 2> <OutPorts = 1>
ST_5 : Operation 74 [1/1] (0.00ns)   --->   "%br_ln129 = br i1 %icmp_ln129, void %if.else, void %LOOP_SHA256_GEN_PAD_13_ZEROS" [D:/hlstrack/hlstrack2025-master/security/L1/tests/hmac/sha256/../../../../L1/include\xf_security/sha224_256.hpp:129]   --->   Operation 74 'br' 'br_ln129' <Predicate = true> <Delay = 0.00>
ST_5 : Operation 75 [1/1] (1.82ns)   --->   "%icmp_ln152 = icmp_ult  i6 %left, i6 56" [D:/hlstrack/hlstrack2025-master/security/L1/tests/hmac/sha256/../../../../L1/include\xf_security/sha224_256.hpp:152]   --->   Operation 75 'icmp' 'icmp_ln152' <Predicate = (!icmp_ln129)> <Delay = 1.82> <CoreInst = "Cmp">   --->   Core 9 'Cmp' <Latency = 0> <II = 1> <Delay = 1.82> <FuncUnit> <Opcode : 'seteq' 'setne' 'setle' 'setge' 'setlt' 'setgt'> <InPorts = 2> <OutPorts = 1>
ST_5 : Operation 76 [1/1] (0.00ns)   --->   "%p_cast = partselect i4 @_ssdm_op_PartSelect.i4.i64.i32.i32, i64 %len, i32 2, i32 5" [D:/hlstrack/hlstrack2025-master/security/L1/tests/hmac/sha256/../../../../L1/include\xf_security/sha224_256.hpp:91]   --->   Operation 76 'partselect' 'p_cast' <Predicate = (!icmp_ln129)> <Delay = 0.00>
ST_5 : Operation 77 [1/1] (0.00ns)   --->   "%br_ln152 = br i1 %icmp_ln152, void %LOOP_SHA256_GEN_COPY_TAIL_ONLY, void %for.body87.preheader" [D:/hlstrack/hlstrack2025-master/security/L1/tests/hmac/sha256/../../../../L1/include\xf_security/sha224_256.hpp:152]   --->   Operation 77 'br' 'br_ln152' <Predicate = (!icmp_ln129)> <Delay = 0.00>
ST_5 : Operation 78 [1/1] ( I:3.63ns O:3.63ns )   --->   "%l = read i32 @_ssdm_op_Read.ap_fifo.volatile.i32P0A, i32 %mergeKipadStrm" [D:/hlstrack/hlstrack2025-master/security/L1/tests/hmac/sha256/../../../../L1/include\xf_security/sha224_256.hpp:217]   --->   Operation 78 'read' 'l' <Predicate = (!icmp_ln129 & !icmp_ln152)> <Delay = 3.63> <CoreInst = "FIFO_LUTRAM">   --->   Core 79 'FIFO_LUTRAM' <Latency = 0> <II = 1> <Delay = 3.63> <Storage> <Opcode : 'read' 'write' 'nbread' 'nbwrite'> <Ports = 0> <Width = -1> <Depth = -1> <FIFO>
ST_5 : Operation 79 [1/1] (0.00ns)   --->   "%empty = trunc i32 %l" [D:/hlstrack/hlstrack2025-master/security/L1/tests/hmac/sha256/../../../../L1/include\xf_security/sha224_256.hpp:217]   --->   Operation 79 'trunc' 'empty' <Predicate = (!icmp_ln129 & !icmp_ln152)> <Delay = 0.00>
ST_5 : Operation 80 [1/1] (0.00ns)   --->   "%p_s = partselect i8 @_ssdm_op_PartSelect.i8.i32.i32.i32, i32 %l, i32 24, i32 31" [D:/hlstrack/hlstrack2025-master/security/L1/tests/hmac/sha256/../../../../L1/include\xf_security/sha224_256.hpp:217]   --->   Operation 80 'partselect' 'p_s' <Predicate = (!icmp_ln129 & !icmp_ln152)> <Delay = 0.00>
ST_5 : Operation 81 [1/1] (0.00ns)   --->   "%p_50 = partselect i8 @_ssdm_op_PartSelect.i8.i32.i32.i32, i32 %l, i32 8, i32 15" [D:/hlstrack/hlstrack2025-master/security/L1/tests/hmac/sha256/../../../../L1/include\xf_security/sha224_256.hpp:217]   --->   Operation 81 'partselect' 'p_50' <Predicate = (!icmp_ln129 & !icmp_ln152)> <Delay = 0.00>
ST_5 : Operation 82 [1/1] (0.00ns)   --->   "%p_51 = partselect i8 @_ssdm_op_PartSelect.i8.i32.i32.i32, i32 %l, i32 16, i32 23" [D:/hlstrack/hlstrack2025-master/security/L1/tests/hmac/sha256/../../../../L1/include\xf_security/sha224_256.hpp:217]   --->   Operation 82 'partselect' 'p_51' <Predicate = (!icmp_ln129 & !icmp_ln152)> <Delay = 0.00>
ST_5 : Operation 83 [1/1] (0.00ns)   --->   "%fence_ln160 = fence void @_ssdm_op_Fence, i64 %mergeKipadLenStrm, i64 %nblk_strm, i1 %end_nblk_strm, i32 %mergeKipadStrm, i512 %blk_strm, i32 4294967295, i32 %mergeKipadStrm" [D:/hlstrack/hlstrack2025-master/security/L1/tests/hmac/sha256/../../../../L1/include\xf_security/sha224_256.hpp:160]   --->   Operation 83 'fence' 'fence_ln160' <Predicate = (!icmp_ln129 & icmp_ln152)> <Delay = 0.00>
ST_5 : Operation 84 [2/2] (1.73ns)   --->   "%call_ln91 = call void @preProcessing_Pipeline_LOOP_SHA256_GEN_COPY_TAIL_AND_ONE, i32 %mergeKipadStrm, i4 %p_cast, i2 %trunc_ln91, i32 %b_16_loc, i32 %b_15_loc, i32 %b_14_loc, i32 %b_13_loc, i32 %b_12_loc, i32 %b_11_loc, i32 %b_10_loc, i32 %b_9_loc, i32 %b_8_loc, i32 %b_7_loc, i32 %b_6_loc, i32 %b_5_loc, i32 %b_4_loc, i32 %b_loc" [D:/hlstrack/hlstrack2025-master/security/L1/tests/hmac/sha256/../../../../L1/include\xf_security/sha224_256.hpp:91]   --->   Operation 84 'call' 'call_ln91' <Predicate = (!icmp_ln129 & icmp_ln152)> <Delay = 1.73> <CoreType = "Generic">   --->   Generic Core
ST_5 : Operation 85 [1/1] (0.00ns)   --->   "%tmp_3 = partselect i32 @_ssdm_op_PartSelect.i32.i64.i32.i32, i64 %len, i32 29, i32 60" [D:/hlstrack/hlstrack2025-master/security/L1/tests/hmac/sha256/../../../../L1/include\xf_security/sha224_256.hpp:151]   --->   Operation 85 'partselect' 'tmp_3' <Predicate = (icmp_ln129)> <Delay = 0.00>
ST_5 : Operation 86 [1/1] (0.00ns)   --->   "%or_ln151_1 = bitconcatenate i512 @_ssdm_op_BitConcatenate.i512.i29.i3.i32.i448, i29 %trunc_ln264, i3 0, i32 %tmp_3, i448 2147483648" [D:/hlstrack/hlstrack2025-master/security/L1/tests/hmac/sha256/../../../../L1/include\xf_security/sha224_256.hpp:151]   --->   Operation 86 'bitconcatenate' 'or_ln151_1' <Predicate = (icmp_ln129)> <Delay = 0.00>
ST_5 : Operation 87 [1/1] ( I:3.72ns O:3.72ns )   --->   "%write_ln151 = write void @_ssdm_op_Write.ap_fifo.volatile.i512P0A, i512 %blk_strm, i512 %or_ln151_1" [D:/hlstrack/hlstrack2025-master/security/L1/tests/hmac/sha256/../../../../L1/include\xf_security/sha224_256.hpp:151]   --->   Operation 87 'write' 'write_ln151' <Predicate = (icmp_ln129)> <Delay = 3.72> <CoreInst = "FIFO_LUTRAM">   --->   Core 79 'FIFO_LUTRAM' <Latency = 0> <II = 1> <Delay = 3.72> <Storage> <Opcode : 'read' 'write' 'nbread' 'nbwrite'> <Ports = 0> <Width = 512> <Depth = 32> <FIFO>
ST_5 : Operation 88 [1/1] (0.00ns)   --->   "%br_ln152 = br void %for.inc390" [D:/hlstrack/hlstrack2025-master/security/L1/tests/hmac/sha256/../../../../L1/include\xf_security/sha224_256.hpp:152]   --->   Operation 88 'br' 'br_ln152' <Predicate = (icmp_ln129)> <Delay = 0.00>

State 6 <SV = 5> <Delay = 3.63>
ST_6 : Operation 89 [1/1] ( I:3.63ns O:3.63ns )   --->   "%l_28 = read i32 @_ssdm_op_Read.ap_fifo.volatile.i32P0A, i32 %mergeKipadStrm" [D:/hlstrack/hlstrack2025-master/security/L1/tests/hmac/sha256/../../../../L1/include\xf_security/sha224_256.hpp:217]   --->   Operation 89 'read' 'l_28' <Predicate = true> <Delay = 3.63> <CoreInst = "FIFO_LUTRAM">   --->   Core 79 'FIFO_LUTRAM' <Latency = 0> <II = 1> <Delay = 3.63> <Storage> <Opcode : 'read' 'write' 'nbread' 'nbwrite'> <Ports = 0> <Width = -1> <Depth = -1> <FIFO>
ST_6 : Operation 90 [1/1] (0.00ns)   --->   "%empty_65 = trunc i32 %l_28" [D:/hlstrack/hlstrack2025-master/security/L1/tests/hmac/sha256/../../../../L1/include\xf_security/sha224_256.hpp:217]   --->   Operation 90 'trunc' 'empty_65' <Predicate = true> <Delay = 0.00>
ST_6 : Operation 91 [1/1] (0.00ns)   --->   "%p_52 = partselect i8 @_ssdm_op_PartSelect.i8.i32.i32.i32, i32 %l_28, i32 24, i32 31" [D:/hlstrack/hlstrack2025-master/security/L1/tests/hmac/sha256/../../../../L1/include\xf_security/sha224_256.hpp:217]   --->   Operation 91 'partselect' 'p_52' <Predicate = true> <Delay = 0.00>
ST_6 : Operation 92 [1/1] (0.00ns)   --->   "%p_53 = partselect i8 @_ssdm_op_PartSelect.i8.i32.i32.i32, i32 %l_28, i32 8, i32 15" [D:/hlstrack/hlstrack2025-master/security/L1/tests/hmac/sha256/../../../../L1/include\xf_security/sha224_256.hpp:217]   --->   Operation 92 'partselect' 'p_53' <Predicate = true> <Delay = 0.00>
ST_6 : Operation 93 [1/1] (0.00ns)   --->   "%p_54 = partselect i8 @_ssdm_op_PartSelect.i8.i32.i32.i32, i32 %l_28, i32 16, i32 23" [D:/hlstrack/hlstrack2025-master/security/L1/tests/hmac/sha256/../../../../L1/include\xf_security/sha224_256.hpp:217]   --->   Operation 93 'partselect' 'p_54' <Predicate = true> <Delay = 0.00>

State 7 <SV = 6> <Delay = 3.63>
ST_7 : Operation 94 [1/1] ( I:3.63ns O:3.63ns )   --->   "%l_29 = read i32 @_ssdm_op_Read.ap_fifo.volatile.i32P0A, i32 %mergeKipadStrm" [D:/hlstrack/hlstrack2025-master/security/L1/tests/hmac/sha256/../../../../L1/include\xf_security/sha224_256.hpp:217]   --->   Operation 94 'read' 'l_29' <Predicate = true> <Delay = 3.63> <CoreInst = "FIFO_LUTRAM">   --->   Core 79 'FIFO_LUTRAM' <Latency = 0> <II = 1> <Delay = 3.63> <Storage> <Opcode : 'read' 'write' 'nbread' 'nbwrite'> <Ports = 0> <Width = -1> <Depth = -1> <FIFO>
ST_7 : Operation 95 [1/1] (0.00ns)   --->   "%empty_66 = trunc i32 %l_29" [D:/hlstrack/hlstrack2025-master/security/L1/tests/hmac/sha256/../../../../L1/include\xf_security/sha224_256.hpp:217]   --->   Operation 95 'trunc' 'empty_66' <Predicate = true> <Delay = 0.00>
ST_7 : Operation 96 [1/1] (0.00ns)   --->   "%p_55 = partselect i8 @_ssdm_op_PartSelect.i8.i32.i32.i32, i32 %l_29, i32 24, i32 31" [D:/hlstrack/hlstrack2025-master/security/L1/tests/hmac/sha256/../../../../L1/include\xf_security/sha224_256.hpp:217]   --->   Operation 96 'partselect' 'p_55' <Predicate = true> <Delay = 0.00>
ST_7 : Operation 97 [1/1] (0.00ns)   --->   "%p_56 = partselect i8 @_ssdm_op_PartSelect.i8.i32.i32.i32, i32 %l_29, i32 8, i32 15" [D:/hlstrack/hlstrack2025-master/security/L1/tests/hmac/sha256/../../../../L1/include\xf_security/sha224_256.hpp:217]   --->   Operation 97 'partselect' 'p_56' <Predicate = true> <Delay = 0.00>
ST_7 : Operation 98 [1/1] (0.00ns)   --->   "%p_57 = partselect i8 @_ssdm_op_PartSelect.i8.i32.i32.i32, i32 %l_29, i32 16, i32 23" [D:/hlstrack/hlstrack2025-master/security/L1/tests/hmac/sha256/../../../../L1/include\xf_security/sha224_256.hpp:217]   --->   Operation 98 'partselect' 'p_57' <Predicate = true> <Delay = 0.00>

State 8 <SV = 7> <Delay = 3.63>
ST_8 : Operation 99 [1/1] ( I:3.63ns O:3.63ns )   --->   "%l_30 = read i32 @_ssdm_op_Read.ap_fifo.volatile.i32P0A, i32 %mergeKipadStrm" [D:/hlstrack/hlstrack2025-master/security/L1/tests/hmac/sha256/../../../../L1/include\xf_security/sha224_256.hpp:217]   --->   Operation 99 'read' 'l_30' <Predicate = true> <Delay = 3.63> <CoreInst = "FIFO_LUTRAM">   --->   Core 79 'FIFO_LUTRAM' <Latency = 0> <II = 1> <Delay = 3.63> <Storage> <Opcode : 'read' 'write' 'nbread' 'nbwrite'> <Ports = 0> <Width = -1> <Depth = -1> <FIFO>
ST_8 : Operation 100 [1/1] (0.00ns)   --->   "%empty_67 = trunc i32 %l_30" [D:/hlstrack/hlstrack2025-master/security/L1/tests/hmac/sha256/../../../../L1/include\xf_security/sha224_256.hpp:217]   --->   Operation 100 'trunc' 'empty_67' <Predicate = true> <Delay = 0.00>
ST_8 : Operation 101 [1/1] (0.00ns)   --->   "%p_58 = partselect i8 @_ssdm_op_PartSelect.i8.i32.i32.i32, i32 %l_30, i32 24, i32 31" [D:/hlstrack/hlstrack2025-master/security/L1/tests/hmac/sha256/../../../../L1/include\xf_security/sha224_256.hpp:217]   --->   Operation 101 'partselect' 'p_58' <Predicate = true> <Delay = 0.00>
ST_8 : Operation 102 [1/1] (0.00ns)   --->   "%p_59 = partselect i8 @_ssdm_op_PartSelect.i8.i32.i32.i32, i32 %l_30, i32 8, i32 15" [D:/hlstrack/hlstrack2025-master/security/L1/tests/hmac/sha256/../../../../L1/include\xf_security/sha224_256.hpp:217]   --->   Operation 102 'partselect' 'p_59' <Predicate = true> <Delay = 0.00>
ST_8 : Operation 103 [1/1] (0.00ns)   --->   "%p_60 = partselect i8 @_ssdm_op_PartSelect.i8.i32.i32.i32, i32 %l_30, i32 16, i32 23" [D:/hlstrack/hlstrack2025-master/security/L1/tests/hmac/sha256/../../../../L1/include\xf_security/sha224_256.hpp:217]   --->   Operation 103 'partselect' 'p_60' <Predicate = true> <Delay = 0.00>

State 9 <SV = 8> <Delay = 3.63>
ST_9 : Operation 104 [1/1] ( I:3.63ns O:3.63ns )   --->   "%l_31 = read i32 @_ssdm_op_Read.ap_fifo.volatile.i32P0A, i32 %mergeKipadStrm" [D:/hlstrack/hlstrack2025-master/security/L1/tests/hmac/sha256/../../../../L1/include\xf_security/sha224_256.hpp:217]   --->   Operation 104 'read' 'l_31' <Predicate = true> <Delay = 3.63> <CoreInst = "FIFO_LUTRAM">   --->   Core 79 'FIFO_LUTRAM' <Latency = 0> <II = 1> <Delay = 3.63> <Storage> <Opcode : 'read' 'write' 'nbread' 'nbwrite'> <Ports = 0> <Width = -1> <Depth = -1> <FIFO>
ST_9 : Operation 105 [1/1] (0.00ns)   --->   "%empty_68 = trunc i32 %l_31" [D:/hlstrack/hlstrack2025-master/security/L1/tests/hmac/sha256/../../../../L1/include\xf_security/sha224_256.hpp:217]   --->   Operation 105 'trunc' 'empty_68' <Predicate = true> <Delay = 0.00>
ST_9 : Operation 106 [1/1] (0.00ns)   --->   "%p_61 = partselect i8 @_ssdm_op_PartSelect.i8.i32.i32.i32, i32 %l_31, i32 24, i32 31" [D:/hlstrack/hlstrack2025-master/security/L1/tests/hmac/sha256/../../../../L1/include\xf_security/sha224_256.hpp:217]   --->   Operation 106 'partselect' 'p_61' <Predicate = true> <Delay = 0.00>
ST_9 : Operation 107 [1/1] (0.00ns)   --->   "%p_62 = partselect i8 @_ssdm_op_PartSelect.i8.i32.i32.i32, i32 %l_31, i32 8, i32 15" [D:/hlstrack/hlstrack2025-master/security/L1/tests/hmac/sha256/../../../../L1/include\xf_security/sha224_256.hpp:217]   --->   Operation 107 'partselect' 'p_62' <Predicate = true> <Delay = 0.00>
ST_9 : Operation 108 [1/1] (0.00ns)   --->   "%p_63 = partselect i8 @_ssdm_op_PartSelect.i8.i32.i32.i32, i32 %l_31, i32 16, i32 23" [D:/hlstrack/hlstrack2025-master/security/L1/tests/hmac/sha256/../../../../L1/include\xf_security/sha224_256.hpp:217]   --->   Operation 108 'partselect' 'p_63' <Predicate = true> <Delay = 0.00>

State 10 <SV = 9> <Delay = 3.63>
ST_10 : Operation 109 [1/1] ( I:3.63ns O:3.63ns )   --->   "%l_32 = read i32 @_ssdm_op_Read.ap_fifo.volatile.i32P0A, i32 %mergeKipadStrm" [D:/hlstrack/hlstrack2025-master/security/L1/tests/hmac/sha256/../../../../L1/include\xf_security/sha224_256.hpp:217]   --->   Operation 109 'read' 'l_32' <Predicate = true> <Delay = 3.63> <CoreInst = "FIFO_LUTRAM">   --->   Core 79 'FIFO_LUTRAM' <Latency = 0> <II = 1> <Delay = 3.63> <Storage> <Opcode : 'read' 'write' 'nbread' 'nbwrite'> <Ports = 0> <Width = -1> <Depth = -1> <FIFO>
ST_10 : Operation 110 [1/1] (0.00ns)   --->   "%empty_69 = trunc i32 %l_32" [D:/hlstrack/hlstrack2025-master/security/L1/tests/hmac/sha256/../../../../L1/include\xf_security/sha224_256.hpp:217]   --->   Operation 110 'trunc' 'empty_69' <Predicate = true> <Delay = 0.00>
ST_10 : Operation 111 [1/1] (0.00ns)   --->   "%p_64 = partselect i8 @_ssdm_op_PartSelect.i8.i32.i32.i32, i32 %l_32, i32 24, i32 31" [D:/hlstrack/hlstrack2025-master/security/L1/tests/hmac/sha256/../../../../L1/include\xf_security/sha224_256.hpp:217]   --->   Operation 111 'partselect' 'p_64' <Predicate = true> <Delay = 0.00>
ST_10 : Operation 112 [1/1] (0.00ns)   --->   "%p_65 = partselect i8 @_ssdm_op_PartSelect.i8.i32.i32.i32, i32 %l_32, i32 8, i32 15" [D:/hlstrack/hlstrack2025-master/security/L1/tests/hmac/sha256/../../../../L1/include\xf_security/sha224_256.hpp:217]   --->   Operation 112 'partselect' 'p_65' <Predicate = true> <Delay = 0.00>
ST_10 : Operation 113 [1/1] (0.00ns)   --->   "%p_66 = partselect i8 @_ssdm_op_PartSelect.i8.i32.i32.i32, i32 %l_32, i32 16, i32 23" [D:/hlstrack/hlstrack2025-master/security/L1/tests/hmac/sha256/../../../../L1/include\xf_security/sha224_256.hpp:217]   --->   Operation 113 'partselect' 'p_66' <Predicate = true> <Delay = 0.00>

State 11 <SV = 10> <Delay = 3.63>
ST_11 : Operation 114 [1/1] ( I:3.63ns O:3.63ns )   --->   "%l_33 = read i32 @_ssdm_op_Read.ap_fifo.volatile.i32P0A, i32 %mergeKipadStrm" [D:/hlstrack/hlstrack2025-master/security/L1/tests/hmac/sha256/../../../../L1/include\xf_security/sha224_256.hpp:217]   --->   Operation 114 'read' 'l_33' <Predicate = true> <Delay = 3.63> <CoreInst = "FIFO_LUTRAM">   --->   Core 79 'FIFO_LUTRAM' <Latency = 0> <II = 1> <Delay = 3.63> <Storage> <Opcode : 'read' 'write' 'nbread' 'nbwrite'> <Ports = 0> <Width = -1> <Depth = -1> <FIFO>
ST_11 : Operation 115 [1/1] (0.00ns)   --->   "%empty_70 = trunc i32 %l_33" [D:/hlstrack/hlstrack2025-master/security/L1/tests/hmac/sha256/../../../../L1/include\xf_security/sha224_256.hpp:217]   --->   Operation 115 'trunc' 'empty_70' <Predicate = true> <Delay = 0.00>
ST_11 : Operation 116 [1/1] (0.00ns)   --->   "%p_67 = partselect i8 @_ssdm_op_PartSelect.i8.i32.i32.i32, i32 %l_33, i32 24, i32 31" [D:/hlstrack/hlstrack2025-master/security/L1/tests/hmac/sha256/../../../../L1/include\xf_security/sha224_256.hpp:217]   --->   Operation 116 'partselect' 'p_67' <Predicate = true> <Delay = 0.00>
ST_11 : Operation 117 [1/1] (0.00ns)   --->   "%p_68 = partselect i8 @_ssdm_op_PartSelect.i8.i32.i32.i32, i32 %l_33, i32 8, i32 15" [D:/hlstrack/hlstrack2025-master/security/L1/tests/hmac/sha256/../../../../L1/include\xf_security/sha224_256.hpp:217]   --->   Operation 117 'partselect' 'p_68' <Predicate = true> <Delay = 0.00>
ST_11 : Operation 118 [1/1] (0.00ns)   --->   "%p_69 = partselect i8 @_ssdm_op_PartSelect.i8.i32.i32.i32, i32 %l_33, i32 16, i32 23" [D:/hlstrack/hlstrack2025-master/security/L1/tests/hmac/sha256/../../../../L1/include\xf_security/sha224_256.hpp:217]   --->   Operation 118 'partselect' 'p_69' <Predicate = true> <Delay = 0.00>

State 12 <SV = 11> <Delay = 3.63>
ST_12 : Operation 119 [1/1] ( I:3.63ns O:3.63ns )   --->   "%l_34 = read i32 @_ssdm_op_Read.ap_fifo.volatile.i32P0A, i32 %mergeKipadStrm" [D:/hlstrack/hlstrack2025-master/security/L1/tests/hmac/sha256/../../../../L1/include\xf_security/sha224_256.hpp:217]   --->   Operation 119 'read' 'l_34' <Predicate = true> <Delay = 3.63> <CoreInst = "FIFO_LUTRAM">   --->   Core 79 'FIFO_LUTRAM' <Latency = 0> <II = 1> <Delay = 3.63> <Storage> <Opcode : 'read' 'write' 'nbread' 'nbwrite'> <Ports = 0> <Width = -1> <Depth = -1> <FIFO>
ST_12 : Operation 120 [1/1] (0.00ns)   --->   "%empty_71 = trunc i32 %l_34" [D:/hlstrack/hlstrack2025-master/security/L1/tests/hmac/sha256/../../../../L1/include\xf_security/sha224_256.hpp:217]   --->   Operation 120 'trunc' 'empty_71' <Predicate = true> <Delay = 0.00>
ST_12 : Operation 121 [1/1] (0.00ns)   --->   "%p_70 = partselect i8 @_ssdm_op_PartSelect.i8.i32.i32.i32, i32 %l_34, i32 24, i32 31" [D:/hlstrack/hlstrack2025-master/security/L1/tests/hmac/sha256/../../../../L1/include\xf_security/sha224_256.hpp:217]   --->   Operation 121 'partselect' 'p_70' <Predicate = true> <Delay = 0.00>
ST_12 : Operation 122 [1/1] (0.00ns)   --->   "%p_71 = partselect i8 @_ssdm_op_PartSelect.i8.i32.i32.i32, i32 %l_34, i32 8, i32 15" [D:/hlstrack/hlstrack2025-master/security/L1/tests/hmac/sha256/../../../../L1/include\xf_security/sha224_256.hpp:217]   --->   Operation 122 'partselect' 'p_71' <Predicate = true> <Delay = 0.00>
ST_12 : Operation 123 [1/1] (0.00ns)   --->   "%p_72 = partselect i8 @_ssdm_op_PartSelect.i8.i32.i32.i32, i32 %l_34, i32 16, i32 23" [D:/hlstrack/hlstrack2025-master/security/L1/tests/hmac/sha256/../../../../L1/include\xf_security/sha224_256.hpp:217]   --->   Operation 123 'partselect' 'p_72' <Predicate = true> <Delay = 0.00>

State 13 <SV = 12> <Delay = 3.63>
ST_13 : Operation 124 [1/1] ( I:3.63ns O:3.63ns )   --->   "%l_35 = read i32 @_ssdm_op_Read.ap_fifo.volatile.i32P0A, i32 %mergeKipadStrm" [D:/hlstrack/hlstrack2025-master/security/L1/tests/hmac/sha256/../../../../L1/include\xf_security/sha224_256.hpp:217]   --->   Operation 124 'read' 'l_35' <Predicate = true> <Delay = 3.63> <CoreInst = "FIFO_LUTRAM">   --->   Core 79 'FIFO_LUTRAM' <Latency = 0> <II = 1> <Delay = 3.63> <Storage> <Opcode : 'read' 'write' 'nbread' 'nbwrite'> <Ports = 0> <Width = -1> <Depth = -1> <FIFO>
ST_13 : Operation 125 [1/1] (0.00ns)   --->   "%empty_72 = trunc i32 %l_35" [D:/hlstrack/hlstrack2025-master/security/L1/tests/hmac/sha256/../../../../L1/include\xf_security/sha224_256.hpp:217]   --->   Operation 125 'trunc' 'empty_72' <Predicate = true> <Delay = 0.00>
ST_13 : Operation 126 [1/1] (0.00ns)   --->   "%p_73 = partselect i8 @_ssdm_op_PartSelect.i8.i32.i32.i32, i32 %l_35, i32 24, i32 31" [D:/hlstrack/hlstrack2025-master/security/L1/tests/hmac/sha256/../../../../L1/include\xf_security/sha224_256.hpp:217]   --->   Operation 126 'partselect' 'p_73' <Predicate = true> <Delay = 0.00>
ST_13 : Operation 127 [1/1] (0.00ns)   --->   "%p_74 = partselect i8 @_ssdm_op_PartSelect.i8.i32.i32.i32, i32 %l_35, i32 8, i32 15" [D:/hlstrack/hlstrack2025-master/security/L1/tests/hmac/sha256/../../../../L1/include\xf_security/sha224_256.hpp:217]   --->   Operation 127 'partselect' 'p_74' <Predicate = true> <Delay = 0.00>
ST_13 : Operation 128 [1/1] (0.00ns)   --->   "%p_75 = partselect i8 @_ssdm_op_PartSelect.i8.i32.i32.i32, i32 %l_35, i32 16, i32 23" [D:/hlstrack/hlstrack2025-master/security/L1/tests/hmac/sha256/../../../../L1/include\xf_security/sha224_256.hpp:217]   --->   Operation 128 'partselect' 'p_75' <Predicate = true> <Delay = 0.00>

State 14 <SV = 13> <Delay = 3.63>
ST_14 : Operation 129 [1/1] ( I:3.63ns O:3.63ns )   --->   "%l_36 = read i32 @_ssdm_op_Read.ap_fifo.volatile.i32P0A, i32 %mergeKipadStrm" [D:/hlstrack/hlstrack2025-master/security/L1/tests/hmac/sha256/../../../../L1/include\xf_security/sha224_256.hpp:217]   --->   Operation 129 'read' 'l_36' <Predicate = true> <Delay = 3.63> <CoreInst = "FIFO_LUTRAM">   --->   Core 79 'FIFO_LUTRAM' <Latency = 0> <II = 1> <Delay = 3.63> <Storage> <Opcode : 'read' 'write' 'nbread' 'nbwrite'> <Ports = 0> <Width = -1> <Depth = -1> <FIFO>
ST_14 : Operation 130 [1/1] (0.00ns)   --->   "%empty_73 = trunc i32 %l_36" [D:/hlstrack/hlstrack2025-master/security/L1/tests/hmac/sha256/../../../../L1/include\xf_security/sha224_256.hpp:217]   --->   Operation 130 'trunc' 'empty_73' <Predicate = true> <Delay = 0.00>
ST_14 : Operation 131 [1/1] (0.00ns)   --->   "%p_76 = partselect i8 @_ssdm_op_PartSelect.i8.i32.i32.i32, i32 %l_36, i32 24, i32 31" [D:/hlstrack/hlstrack2025-master/security/L1/tests/hmac/sha256/../../../../L1/include\xf_security/sha224_256.hpp:217]   --->   Operation 131 'partselect' 'p_76' <Predicate = true> <Delay = 0.00>
ST_14 : Operation 132 [1/1] (0.00ns)   --->   "%p_77 = partselect i8 @_ssdm_op_PartSelect.i8.i32.i32.i32, i32 %l_36, i32 8, i32 15" [D:/hlstrack/hlstrack2025-master/security/L1/tests/hmac/sha256/../../../../L1/include\xf_security/sha224_256.hpp:217]   --->   Operation 132 'partselect' 'p_77' <Predicate = true> <Delay = 0.00>
ST_14 : Operation 133 [1/1] (0.00ns)   --->   "%p_78 = partselect i8 @_ssdm_op_PartSelect.i8.i32.i32.i32, i32 %l_36, i32 16, i32 23" [D:/hlstrack/hlstrack2025-master/security/L1/tests/hmac/sha256/../../../../L1/include\xf_security/sha224_256.hpp:217]   --->   Operation 133 'partselect' 'p_78' <Predicate = true> <Delay = 0.00>

State 15 <SV = 14> <Delay = 3.63>
ST_15 : Operation 134 [1/1] ( I:3.63ns O:3.63ns )   --->   "%l_37 = read i32 @_ssdm_op_Read.ap_fifo.volatile.i32P0A, i32 %mergeKipadStrm" [D:/hlstrack/hlstrack2025-master/security/L1/tests/hmac/sha256/../../../../L1/include\xf_security/sha224_256.hpp:217]   --->   Operation 134 'read' 'l_37' <Predicate = true> <Delay = 3.63> <CoreInst = "FIFO_LUTRAM">   --->   Core 79 'FIFO_LUTRAM' <Latency = 0> <II = 1> <Delay = 3.63> <Storage> <Opcode : 'read' 'write' 'nbread' 'nbwrite'> <Ports = 0> <Width = -1> <Depth = -1> <FIFO>
ST_15 : Operation 135 [1/1] (0.00ns)   --->   "%empty_74 = trunc i32 %l_37" [D:/hlstrack/hlstrack2025-master/security/L1/tests/hmac/sha256/../../../../L1/include\xf_security/sha224_256.hpp:217]   --->   Operation 135 'trunc' 'empty_74' <Predicate = true> <Delay = 0.00>
ST_15 : Operation 136 [1/1] (0.00ns)   --->   "%p_79 = partselect i8 @_ssdm_op_PartSelect.i8.i32.i32.i32, i32 %l_37, i32 24, i32 31" [D:/hlstrack/hlstrack2025-master/security/L1/tests/hmac/sha256/../../../../L1/include\xf_security/sha224_256.hpp:217]   --->   Operation 136 'partselect' 'p_79' <Predicate = true> <Delay = 0.00>
ST_15 : Operation 137 [1/1] (0.00ns)   --->   "%p_80 = partselect i8 @_ssdm_op_PartSelect.i8.i32.i32.i32, i32 %l_37, i32 8, i32 15" [D:/hlstrack/hlstrack2025-master/security/L1/tests/hmac/sha256/../../../../L1/include\xf_security/sha224_256.hpp:217]   --->   Operation 137 'partselect' 'p_80' <Predicate = true> <Delay = 0.00>
ST_15 : Operation 138 [1/1] (0.00ns)   --->   "%p_81 = partselect i8 @_ssdm_op_PartSelect.i8.i32.i32.i32, i32 %l_37, i32 16, i32 23" [D:/hlstrack/hlstrack2025-master/security/L1/tests/hmac/sha256/../../../../L1/include\xf_security/sha224_256.hpp:217]   --->   Operation 138 'partselect' 'p_81' <Predicate = true> <Delay = 0.00>

State 16 <SV = 15> <Delay = 3.63>
ST_16 : Operation 139 [1/1] ( I:3.63ns O:3.63ns )   --->   "%l_39 = read i32 @_ssdm_op_Read.ap_fifo.volatile.i32P0A, i32 %mergeKipadStrm" [D:/hlstrack/hlstrack2025-master/security/L1/tests/hmac/sha256/../../../../L1/include\xf_security/sha224_256.hpp:217]   --->   Operation 139 'read' 'l_39' <Predicate = true> <Delay = 3.63> <CoreInst = "FIFO_LUTRAM">   --->   Core 79 'FIFO_LUTRAM' <Latency = 0> <II = 1> <Delay = 3.63> <Storage> <Opcode : 'read' 'write' 'nbread' 'nbwrite'> <Ports = 0> <Width = -1> <Depth = -1> <FIFO>
ST_16 : Operation 140 [1/1] (0.00ns)   --->   "%empty_75 = trunc i32 %l_39" [D:/hlstrack/hlstrack2025-master/security/L1/tests/hmac/sha256/../../../../L1/include\xf_security/sha224_256.hpp:217]   --->   Operation 140 'trunc' 'empty_75' <Predicate = true> <Delay = 0.00>
ST_16 : Operation 141 [1/1] (0.00ns)   --->   "%p_82 = partselect i8 @_ssdm_op_PartSelect.i8.i32.i32.i32, i32 %l_39, i32 24, i32 31" [D:/hlstrack/hlstrack2025-master/security/L1/tests/hmac/sha256/../../../../L1/include\xf_security/sha224_256.hpp:217]   --->   Operation 141 'partselect' 'p_82' <Predicate = true> <Delay = 0.00>
ST_16 : Operation 142 [1/1] (0.00ns)   --->   "%p_83 = partselect i8 @_ssdm_op_PartSelect.i8.i32.i32.i32, i32 %l_39, i32 8, i32 15" [D:/hlstrack/hlstrack2025-master/security/L1/tests/hmac/sha256/../../../../L1/include\xf_security/sha224_256.hpp:217]   --->   Operation 142 'partselect' 'p_83' <Predicate = true> <Delay = 0.00>
ST_16 : Operation 143 [1/1] (0.00ns)   --->   "%p_84 = partselect i8 @_ssdm_op_PartSelect.i8.i32.i32.i32, i32 %l_39, i32 16, i32 23" [D:/hlstrack/hlstrack2025-master/security/L1/tests/hmac/sha256/../../../../L1/include\xf_security/sha224_256.hpp:217]   --->   Operation 143 'partselect' 'p_84' <Predicate = true> <Delay = 0.00>

State 17 <SV = 16> <Delay = 3.63>
ST_17 : Operation 144 [1/1] ( I:3.63ns O:3.63ns )   --->   "%l_40 = read i32 @_ssdm_op_Read.ap_fifo.volatile.i32P0A, i32 %mergeKipadStrm" [D:/hlstrack/hlstrack2025-master/security/L1/tests/hmac/sha256/../../../../L1/include\xf_security/sha224_256.hpp:217]   --->   Operation 144 'read' 'l_40' <Predicate = true> <Delay = 3.63> <CoreInst = "FIFO_LUTRAM">   --->   Core 79 'FIFO_LUTRAM' <Latency = 0> <II = 1> <Delay = 3.63> <Storage> <Opcode : 'read' 'write' 'nbread' 'nbwrite'> <Ports = 0> <Width = -1> <Depth = -1> <FIFO>
ST_17 : Operation 145 [1/1] (0.00ns)   --->   "%empty_76 = trunc i32 %l_40" [D:/hlstrack/hlstrack2025-master/security/L1/tests/hmac/sha256/../../../../L1/include\xf_security/sha224_256.hpp:217]   --->   Operation 145 'trunc' 'empty_76' <Predicate = true> <Delay = 0.00>
ST_17 : Operation 146 [1/1] (0.00ns)   --->   "%p_85 = partselect i8 @_ssdm_op_PartSelect.i8.i32.i32.i32, i32 %l_40, i32 24, i32 31" [D:/hlstrack/hlstrack2025-master/security/L1/tests/hmac/sha256/../../../../L1/include\xf_security/sha224_256.hpp:217]   --->   Operation 146 'partselect' 'p_85' <Predicate = true> <Delay = 0.00>
ST_17 : Operation 147 [1/1] (0.00ns)   --->   "%p_86 = partselect i8 @_ssdm_op_PartSelect.i8.i32.i32.i32, i32 %l_40, i32 8, i32 15" [D:/hlstrack/hlstrack2025-master/security/L1/tests/hmac/sha256/../../../../L1/include\xf_security/sha224_256.hpp:217]   --->   Operation 147 'partselect' 'p_86' <Predicate = true> <Delay = 0.00>
ST_17 : Operation 148 [1/1] (0.00ns)   --->   "%p_87 = partselect i8 @_ssdm_op_PartSelect.i8.i32.i32.i32, i32 %l_40, i32 16, i32 23" [D:/hlstrack/hlstrack2025-master/security/L1/tests/hmac/sha256/../../../../L1/include\xf_security/sha224_256.hpp:217]   --->   Operation 148 'partselect' 'p_87' <Predicate = true> <Delay = 0.00>

State 18 <SV = 17> <Delay = 3.63>
ST_18 : Operation 149 [1/1] ( I:3.63ns O:3.63ns )   --->   "%l_41 = read i32 @_ssdm_op_Read.ap_fifo.volatile.i32P0A, i32 %mergeKipadStrm" [D:/hlstrack/hlstrack2025-master/security/L1/tests/hmac/sha256/../../../../L1/include\xf_security/sha224_256.hpp:217]   --->   Operation 149 'read' 'l_41' <Predicate = true> <Delay = 3.63> <CoreInst = "FIFO_LUTRAM">   --->   Core 79 'FIFO_LUTRAM' <Latency = 0> <II = 1> <Delay = 3.63> <Storage> <Opcode : 'read' 'write' 'nbread' 'nbwrite'> <Ports = 0> <Width = -1> <Depth = -1> <FIFO>
ST_18 : Operation 150 [1/1] (0.00ns)   --->   "%empty_77 = trunc i32 %l_41" [D:/hlstrack/hlstrack2025-master/security/L1/tests/hmac/sha256/../../../../L1/include\xf_security/sha224_256.hpp:217]   --->   Operation 150 'trunc' 'empty_77' <Predicate = true> <Delay = 0.00>
ST_18 : Operation 151 [1/1] (0.00ns)   --->   "%p_88 = partselect i8 @_ssdm_op_PartSelect.i8.i32.i32.i32, i32 %l_41, i32 24, i32 31" [D:/hlstrack/hlstrack2025-master/security/L1/tests/hmac/sha256/../../../../L1/include\xf_security/sha224_256.hpp:217]   --->   Operation 151 'partselect' 'p_88' <Predicate = true> <Delay = 0.00>
ST_18 : Operation 152 [1/1] (0.00ns)   --->   "%p_89 = partselect i8 @_ssdm_op_PartSelect.i8.i32.i32.i32, i32 %l_41, i32 8, i32 15" [D:/hlstrack/hlstrack2025-master/security/L1/tests/hmac/sha256/../../../../L1/include\xf_security/sha224_256.hpp:217]   --->   Operation 152 'partselect' 'p_89' <Predicate = true> <Delay = 0.00>
ST_18 : Operation 153 [1/1] (0.00ns)   --->   "%p_90 = partselect i8 @_ssdm_op_PartSelect.i8.i32.i32.i32, i32 %l_41, i32 16, i32 23" [D:/hlstrack/hlstrack2025-master/security/L1/tests/hmac/sha256/../../../../L1/include\xf_security/sha224_256.hpp:217]   --->   Operation 153 'partselect' 'p_90' <Predicate = true> <Delay = 0.00>

State 19 <SV = 18> <Delay = 5.36>
ST_19 : Operation 154 [1/1] (1.56ns)   --->   "%cmp275 = icmp_eq  i2 %trunc_ln91, i2 0" [D:/hlstrack/hlstrack2025-master/security/L1/tests/hmac/sha256/../../../../L1/include\xf_security/sha224_256.hpp:91]   --->   Operation 154 'icmp' 'cmp275' <Predicate = true> <Delay = 1.56> <CoreInst = "Cmp">   --->   Core 9 'Cmp' <Latency = 0> <II = 1> <Delay = 1.56> <FuncUnit> <Opcode : 'seteq' 'setne' 'setle' 'setge' 'setlt' 'setgt'> <InPorts = 2> <OutPorts = 1>
ST_19 : Operation 155 [1/1] (1.56ns)   --->   "%cmp281 = icmp_eq  i2 %trunc_ln91, i2 1" [D:/hlstrack/hlstrack2025-master/security/L1/tests/hmac/sha256/../../../../L1/include\xf_security/sha224_256.hpp:91]   --->   Operation 155 'icmp' 'cmp281' <Predicate = true> <Delay = 1.56> <CoreInst = "Cmp">   --->   Core 9 'Cmp' <Latency = 0> <II = 1> <Delay = 1.56> <FuncUnit> <Opcode : 'seteq' 'setne' 'setle' 'setge' 'setlt' 'setgt'> <InPorts = 2> <OutPorts = 1>
ST_19 : Operation 156 [1/1] (1.56ns)   --->   "%cmp298 = icmp_eq  i2 %trunc_ln91, i2 2" [D:/hlstrack/hlstrack2025-master/security/L1/tests/hmac/sha256/../../../../L1/include\xf_security/sha224_256.hpp:91]   --->   Operation 156 'icmp' 'cmp298' <Predicate = true> <Delay = 1.56> <CoreInst = "Cmp">   --->   Core 9 'Cmp' <Latency = 0> <II = 1> <Delay = 1.65> <FuncUnit> <Opcode : 'seteq' 'setne' 'setle' 'setge' 'setlt' 'setgt'> <InPorts = 2> <OutPorts = 1>
ST_19 : Operation 157 [1/1] (1.73ns)   --->   "%icmp_ln215 = icmp_eq  i4 %p_cast, i4 15" [D:/hlstrack/hlstrack2025-master/security/L1/tests/hmac/sha256/../../../../L1/include\xf_security/sha224_256.hpp:215]   --->   Operation 157 'icmp' 'icmp_ln215' <Predicate = true> <Delay = 1.73> <CoreInst = "Cmp">   --->   Core 9 'Cmp' <Latency = 0> <II = 1> <Delay = 1.73> <FuncUnit> <Opcode : 'seteq' 'setne' 'setle' 'setge' 'setlt' 'setgt'> <InPorts = 2> <OutPorts = 1>
ST_19 : Operation 158 [1/1] (0.00ns)   --->   "%br_ln215 = br i1 %icmp_ln215, void %if.else262.14, void %do.end261.14" [D:/hlstrack/hlstrack2025-master/security/L1/tests/hmac/sha256/../../../../L1/include\xf_security/sha224_256.hpp:215]   --->   Operation 158 'br' 'br_ln215' <Predicate = true> <Delay = 0.00>
ST_19 : Operation 159 [1/1] (1.94ns)   --->   "%br_ln223 = br i1 %cmp275, void %if.else280.14, void %if.else262.15" [D:/hlstrack/hlstrack2025-master/security/L1/tests/hmac/sha256/../../../../L1/include\xf_security/sha224_256.hpp:223]   --->   Operation 159 'br' 'br_ln223' <Predicate = (!icmp_ln215)> <Delay = 1.94>
ST_19 : Operation 160 [1/1] ( I:3.63ns O:3.63ns )   --->   "%l_44 = read i32 @_ssdm_op_Read.ap_fifo.volatile.i32P0A, i32 %mergeKipadStrm" [D:/hlstrack/hlstrack2025-master/security/L1/tests/hmac/sha256/../../../../L1/include\xf_security/sha224_256.hpp:232]   --->   Operation 160 'read' 'l_44' <Predicate = (!icmp_ln215 & !cmp275)> <Delay = 3.63> <CoreInst = "FIFO_LUTRAM">   --->   Core 79 'FIFO_LUTRAM' <Latency = 0> <II = 1> <Delay = 3.63> <Storage> <Opcode : 'read' 'write' 'nbread' 'nbwrite'> <Ports = 0> <Width = -1> <Depth = -1> <FIFO>
ST_19 : Operation 161 [1/1] (0.00ns)   --->   "%br_ln231 = br i1 %cmp281, void %if.else297.14, void %if.then282.14" [D:/hlstrack/hlstrack2025-master/security/L1/tests/hmac/sha256/../../../../L1/include\xf_security/sha224_256.hpp:231]   --->   Operation 161 'br' 'br_ln231' <Predicate = (!icmp_ln215 & !cmp275)> <Delay = 0.00>
ST_19 : Operation 162 [1/1] (0.00ns)   --->   "%tmp_4 = partselect i8 @_ssdm_op_PartSelect.i8.i32.i32.i32, i32 %l_44, i32 8, i32 15" [D:/hlstrack/hlstrack2025-master/security/L1/tests/hmac/sha256/../../../../L1/include\xf_security/sha224_256.hpp:239]   --->   Operation 162 'partselect' 'tmp_4' <Predicate = (!icmp_ln215 & !cmp275 & !cmp281)> <Delay = 0.00>
ST_19 : Operation 163 [1/1] (0.00ns)   --->   "%br_ln236 = br i1 %cmp298, void %if.else318.14, void %if.then299.14" [D:/hlstrack/hlstrack2025-master/security/L1/tests/hmac/sha256/../../../../L1/include\xf_security/sha224_256.hpp:236]   --->   Operation 163 'br' 'br_ln236' <Predicate = (!icmp_ln215 & !cmp275 & !cmp281)> <Delay = 0.00>
ST_19 : Operation 164 [1/1] (0.00ns)   --->   "%tmp_5 = partselect i8 @_ssdm_op_PartSelect.i8.i32.i32.i32, i32 %l_44, i32 16, i32 23" [D:/hlstrack/hlstrack2025-master/security/L1/tests/hmac/sha256/../../../../L1/include\xf_security/sha224_256.hpp:244]   --->   Operation 164 'partselect' 'tmp_5' <Predicate = (!icmp_ln215 & !cmp275 & !cmp281 & !cmp298)> <Delay = 0.00>
ST_19 : Operation 165 [1/1] (0.00ns)   --->   "%trunc_ln245 = trunc i32 %l_44" [D:/hlstrack/hlstrack2025-master/security/L1/tests/hmac/sha256/../../../../L1/include\xf_security/sha224_256.hpp:245]   --->   Operation 165 'trunc' 'trunc_ln245' <Predicate = (!icmp_ln215 & !cmp275 & !cmp281 & !cmp298)> <Delay = 0.00>
ST_19 : Operation 166 [1/1] (0.00ns)   --->   "%or_ln3 = bitconcatenate i32 @_ssdm_op_BitConcatenate.i32.i8.i8.i8.i8, i8 %trunc_ln245, i8 %tmp_4, i8 %tmp_5, i8 128" [D:/hlstrack/hlstrack2025-master/security/L1/tests/hmac/sha256/../../../../L1/include\xf_security/sha224_256.hpp:245]   --->   Operation 166 'bitconcatenate' 'or_ln3' <Predicate = (!icmp_ln215 & !cmp275 & !cmp281 & !cmp298)> <Delay = 0.00>
ST_19 : Operation 167 [1/1] (1.94ns)   --->   "%br_ln0 = br void %if.else262.15"   --->   Operation 167 'br' 'br_ln0' <Predicate = (!icmp_ln215 & !cmp275 & !cmp281 & !cmp298)> <Delay = 1.94>
ST_19 : Operation 168 [1/1] (0.00ns)   --->   "%trunc_ln240 = trunc i32 %l_44" [D:/hlstrack/hlstrack2025-master/security/L1/tests/hmac/sha256/../../../../L1/include\xf_security/sha224_256.hpp:240]   --->   Operation 168 'trunc' 'trunc_ln240' <Predicate = (!icmp_ln215 & !cmp275 & !cmp281 & cmp298)> <Delay = 0.00>
ST_19 : Operation 169 [1/1] (0.00ns)   --->   "%or_ln2 = bitconcatenate i32 @_ssdm_op_BitConcatenate.i32.i8.i8.i16, i8 %trunc_ln240, i8 %tmp_4, i16 32768" [D:/hlstrack/hlstrack2025-master/security/L1/tests/hmac/sha256/../../../../L1/include\xf_security/sha224_256.hpp:240]   --->   Operation 169 'bitconcatenate' 'or_ln2' <Predicate = (!icmp_ln215 & !cmp275 & !cmp281 & cmp298)> <Delay = 0.00>
ST_19 : Operation 170 [1/1] (1.94ns)   --->   "%br_ln241 = br void %if.else262.15" [D:/hlstrack/hlstrack2025-master/security/L1/tests/hmac/sha256/../../../../L1/include\xf_security/sha224_256.hpp:241]   --->   Operation 170 'br' 'br_ln241' <Predicate = (!icmp_ln215 & !cmp275 & !cmp281 & cmp298)> <Delay = 1.94>
ST_19 : Operation 171 [1/1] (0.00ns)   --->   "%trunc_ln234 = trunc i32 %l_44" [D:/hlstrack/hlstrack2025-master/security/L1/tests/hmac/sha256/../../../../L1/include\xf_security/sha224_256.hpp:234]   --->   Operation 171 'trunc' 'trunc_ln234' <Predicate = (!icmp_ln215 & !cmp275 & cmp281)> <Delay = 0.00>
ST_19 : Operation 172 [1/1] (0.00ns)   --->   "%or_ln = bitconcatenate i32 @_ssdm_op_BitConcatenate.i32.i8.i24, i8 %trunc_ln234, i24 8388608" [D:/hlstrack/hlstrack2025-master/security/L1/tests/hmac/sha256/../../../../L1/include\xf_security/sha224_256.hpp:235]   --->   Operation 172 'bitconcatenate' 'or_ln' <Predicate = (!icmp_ln215 & !cmp275 & cmp281)> <Delay = 0.00>
ST_19 : Operation 173 [1/1] (1.94ns)   --->   "%br_ln236 = br void %if.else262.15" [D:/hlstrack/hlstrack2025-master/security/L1/tests/hmac/sha256/../../../../L1/include\xf_security/sha224_256.hpp:236]   --->   Operation 173 'br' 'br_ln236' <Predicate = (!icmp_ln215 & !cmp275 & cmp281)> <Delay = 1.94>
ST_19 : Operation 174 [1/1] ( I:3.63ns O:3.63ns )   --->   "%l_42 = read i32 @_ssdm_op_Read.ap_fifo.volatile.i32P0A, i32 %mergeKipadStrm" [D:/hlstrack/hlstrack2025-master/security/L1/tests/hmac/sha256/../../../../L1/include\xf_security/sha224_256.hpp:217]   --->   Operation 174 'read' 'l_42' <Predicate = (icmp_ln215)> <Delay = 3.63> <CoreInst = "FIFO_LUTRAM">   --->   Core 79 'FIFO_LUTRAM' <Latency = 0> <II = 1> <Delay = 3.63> <Storage> <Opcode : 'read' 'write' 'nbread' 'nbwrite'> <Ports = 0> <Width = -1> <Depth = -1> <FIFO>
ST_19 : Operation 175 [1/1] (0.00ns)   --->   "%empty_78 = trunc i32 %l_42" [D:/hlstrack/hlstrack2025-master/security/L1/tests/hmac/sha256/../../../../L1/include\xf_security/sha224_256.hpp:217]   --->   Operation 175 'trunc' 'empty_78' <Predicate = (icmp_ln215)> <Delay = 0.00>
ST_19 : Operation 176 [1/1] (0.00ns)   --->   "%p_91 = partselect i8 @_ssdm_op_PartSelect.i8.i32.i32.i32, i32 %l_42, i32 24, i32 31" [D:/hlstrack/hlstrack2025-master/security/L1/tests/hmac/sha256/../../../../L1/include\xf_security/sha224_256.hpp:217]   --->   Operation 176 'partselect' 'p_91' <Predicate = (icmp_ln215)> <Delay = 0.00>
ST_19 : Operation 177 [1/1] (0.00ns)   --->   "%p_92 = partselect i8 @_ssdm_op_PartSelect.i8.i32.i32.i32, i32 %l_42, i32 8, i32 15" [D:/hlstrack/hlstrack2025-master/security/L1/tests/hmac/sha256/../../../../L1/include\xf_security/sha224_256.hpp:217]   --->   Operation 177 'partselect' 'p_92' <Predicate = (icmp_ln215)> <Delay = 0.00>
ST_19 : Operation 178 [1/1] (0.00ns)   --->   "%p_93 = partselect i8 @_ssdm_op_PartSelect.i8.i32.i32.i32, i32 %l_42, i32 16, i32 23" [D:/hlstrack/hlstrack2025-master/security/L1/tests/hmac/sha256/../../../../L1/include\xf_security/sha224_256.hpp:217]   --->   Operation 178 'partselect' 'p_93' <Predicate = (icmp_ln215)> <Delay = 0.00>
ST_19 : Operation 179 [1/1] (0.00ns)   --->   "%l_43 = bitconcatenate i32 @_ssdm_op_BitConcatenate.i32.i8.i8.i8.i8, i8 %empty_78, i8 %p_92, i8 %p_93, i8 %p_91" [D:/hlstrack/hlstrack2025-master/security/L1/tests/hmac/sha256/../../../../L1/include\xf_security/sha224_256.hpp:217]   --->   Operation 179 'bitconcatenate' 'l_43' <Predicate = (icmp_ln215)> <Delay = 0.00>
ST_19 : Operation 180 [1/1] (1.94ns)   --->   "%br_ln223 = br void %if.else262.15" [D:/hlstrack/hlstrack2025-master/security/L1/tests/hmac/sha256/../../../../L1/include\xf_security/sha224_256.hpp:223]   --->   Operation 180 'br' 'br_ln223' <Predicate = (icmp_ln215)> <Delay = 1.94>
ST_19 : Operation 181 [1/1] (1.73ns)   --->   "%icmp_ln223 = icmp_ne  i4 %p_cast, i4 15" [D:/hlstrack/hlstrack2025-master/security/L1/tests/hmac/sha256/../../../../L1/include\xf_security/sha224_256.hpp:223]   --->   Operation 181 'icmp' 'icmp_ln223' <Predicate = true> <Delay = 1.73> <CoreInst = "Cmp">   --->   Core 9 'Cmp' <Latency = 0> <II = 1> <Delay = 1.73> <FuncUnit> <Opcode : 'seteq' 'setne' 'setle' 'setge' 'setlt' 'setgt'> <InPorts = 2> <OutPorts = 1>
ST_19 : Operation 182 [1/1] (0.97ns)   --->   "%or_ln223 = or i1 %icmp_ln223, i1 %cmp275" [D:/hlstrack/hlstrack2025-master/security/L1/tests/hmac/sha256/../../../../L1/include\xf_security/sha224_256.hpp:223]   --->   Operation 182 'or' 'or_ln223' <Predicate = true> <Delay = 0.97> <CoreInst = "LogicGate">   --->   Core 74 'LogicGate' <Latency = 0> <II = 1> <Delay = 0.97> <FuncUnit> <Opcode : 'and' 'or' 'xor'> <InPorts = 2> <OutPorts = 1>

State 20 <SV = 19> <Delay = 9.18>
ST_20 : Operation 183 [1/1] (0.00ns)   --->   "%b225_0_14_load = phi i32 %l_43, void %do.end261.14, i32 %or_ln, void %if.then282.14, i32 %or_ln3, void %if.else318.14, i32 %or_ln2, void %if.then299.14, i32 2147483648, void %if.else262.14"   --->   Operation 183 'phi' 'b225_0_14_load' <Predicate = true> <Delay = 0.00>
ST_20 : Operation 184 [1/1] (0.69ns)   --->   "%select_ln223 = select i1 %icmp_ln223, i32 0, i32 2147483648" [D:/hlstrack/hlstrack2025-master/security/L1/tests/hmac/sha256/../../../../L1/include\xf_security/sha224_256.hpp:223]   --->   Operation 184 'select' 'select_ln223' <Predicate = true> <Delay = 0.69> <CoreInst = "Sel">   --->   Core 73 'Sel' <Latency = 0> <II = 1> <Delay = 0.80> <FuncUnit> <Opcode : 'select'> <InPorts = 3> <OutPorts = 1>
ST_20 : Operation 185 [1/1] (1.82ns)   --->   "%br_ln223 = br i1 %or_ln223, void %if.else280.15, void %for.inc349.15" [D:/hlstrack/hlstrack2025-master/security/L1/tests/hmac/sha256/../../../../L1/include\xf_security/sha224_256.hpp:223]   --->   Operation 185 'br' 'br_ln223' <Predicate = true> <Delay = 1.82>
ST_20 : Operation 186 [1/1] ( I:3.63ns O:3.63ns )   --->   "%l_45 = read i32 @_ssdm_op_Read.ap_fifo.volatile.i32P0A, i32 %mergeKipadStrm" [D:/hlstrack/hlstrack2025-master/security/L1/tests/hmac/sha256/../../../../L1/include\xf_security/sha224_256.hpp:232]   --->   Operation 186 'read' 'l_45' <Predicate = (!or_ln223)> <Delay = 3.63> <CoreInst = "FIFO_LUTRAM">   --->   Core 79 'FIFO_LUTRAM' <Latency = 0> <II = 1> <Delay = 3.63> <Storage> <Opcode : 'read' 'write' 'nbread' 'nbwrite'> <Ports = 0> <Width = -1> <Depth = -1> <FIFO>
ST_20 : Operation 187 [1/1] (0.00ns)   --->   "%br_ln231 = br i1 %cmp281, void %if.else297.15, void %if.then282.15" [D:/hlstrack/hlstrack2025-master/security/L1/tests/hmac/sha256/../../../../L1/include\xf_security/sha224_256.hpp:231]   --->   Operation 187 'br' 'br_ln231' <Predicate = (!or_ln223)> <Delay = 0.00>
ST_20 : Operation 188 [1/1] (0.00ns)   --->   "%tmp_6 = partselect i8 @_ssdm_op_PartSelect.i8.i32.i32.i32, i32 %l_45, i32 8, i32 15" [D:/hlstrack/hlstrack2025-master/security/L1/tests/hmac/sha256/../../../../L1/include\xf_security/sha224_256.hpp:239]   --->   Operation 188 'partselect' 'tmp_6' <Predicate = (!cmp281 & !or_ln223)> <Delay = 0.00>
ST_20 : Operation 189 [1/1] (0.00ns)   --->   "%br_ln236 = br i1 %cmp298, void %if.else318.15, void %if.then299.15" [D:/hlstrack/hlstrack2025-master/security/L1/tests/hmac/sha256/../../../../L1/include\xf_security/sha224_256.hpp:236]   --->   Operation 189 'br' 'br_ln236' <Predicate = (!cmp281 & !or_ln223)> <Delay = 0.00>
ST_20 : Operation 190 [1/1] (0.00ns)   --->   "%tmp_8 = partselect i8 @_ssdm_op_PartSelect.i8.i32.i32.i32, i32 %l_45, i32 16, i32 23" [D:/hlstrack/hlstrack2025-master/security/L1/tests/hmac/sha256/../../../../L1/include\xf_security/sha224_256.hpp:244]   --->   Operation 190 'partselect' 'tmp_8' <Predicate = (!cmp281 & !cmp298 & !or_ln223)> <Delay = 0.00>
ST_20 : Operation 191 [1/1] (0.00ns)   --->   "%trunc_ln245_1 = trunc i32 %l_45" [D:/hlstrack/hlstrack2025-master/security/L1/tests/hmac/sha256/../../../../L1/include\xf_security/sha224_256.hpp:245]   --->   Operation 191 'trunc' 'trunc_ln245_1' <Predicate = (!cmp281 & !cmp298 & !or_ln223)> <Delay = 0.00>
ST_20 : Operation 192 [1/1] (0.00ns)   --->   "%or_ln245_2 = bitconcatenate i32 @_ssdm_op_BitConcatenate.i32.i8.i8.i8.i8, i8 %trunc_ln245_1, i8 %tmp_6, i8 %tmp_8, i8 128" [D:/hlstrack/hlstrack2025-master/security/L1/tests/hmac/sha256/../../../../L1/include\xf_security/sha224_256.hpp:245]   --->   Operation 192 'bitconcatenate' 'or_ln245_2' <Predicate = (!cmp281 & !cmp298 & !or_ln223)> <Delay = 0.00>
ST_20 : Operation 193 [1/1] (1.82ns)   --->   "%br_ln0 = br void %for.inc349.15"   --->   Operation 193 'br' 'br_ln0' <Predicate = (!cmp281 & !cmp298 & !or_ln223)> <Delay = 1.82>
ST_20 : Operation 194 [1/1] (0.00ns)   --->   "%trunc_ln240_1 = trunc i32 %l_45" [D:/hlstrack/hlstrack2025-master/security/L1/tests/hmac/sha256/../../../../L1/include\xf_security/sha224_256.hpp:240]   --->   Operation 194 'trunc' 'trunc_ln240_1' <Predicate = (!cmp281 & cmp298 & !or_ln223)> <Delay = 0.00>
ST_20 : Operation 195 [1/1] (0.00ns)   --->   "%or_ln240_1 = bitconcatenate i32 @_ssdm_op_BitConcatenate.i32.i8.i8.i16, i8 %trunc_ln240_1, i8 %tmp_6, i16 32768" [D:/hlstrack/hlstrack2025-master/security/L1/tests/hmac/sha256/../../../../L1/include\xf_security/sha224_256.hpp:240]   --->   Operation 195 'bitconcatenate' 'or_ln240_1' <Predicate = (!cmp281 & cmp298 & !or_ln223)> <Delay = 0.00>
ST_20 : Operation 196 [1/1] (1.82ns)   --->   "%br_ln241 = br void %for.inc349.15" [D:/hlstrack/hlstrack2025-master/security/L1/tests/hmac/sha256/../../../../L1/include\xf_security/sha224_256.hpp:241]   --->   Operation 196 'br' 'br_ln241' <Predicate = (!cmp281 & cmp298 & !or_ln223)> <Delay = 1.82>
ST_20 : Operation 197 [1/1] (0.00ns)   --->   "%trunc_ln234_1 = trunc i32 %l_45" [D:/hlstrack/hlstrack2025-master/security/L1/tests/hmac/sha256/../../../../L1/include\xf_security/sha224_256.hpp:234]   --->   Operation 197 'trunc' 'trunc_ln234_1' <Predicate = (cmp281 & !or_ln223)> <Delay = 0.00>
ST_20 : Operation 198 [1/1] (0.00ns)   --->   "%or_ln235_1 = bitconcatenate i32 @_ssdm_op_BitConcatenate.i32.i8.i24, i8 %trunc_ln234_1, i24 8388608" [D:/hlstrack/hlstrack2025-master/security/L1/tests/hmac/sha256/../../../../L1/include\xf_security/sha224_256.hpp:235]   --->   Operation 198 'bitconcatenate' 'or_ln235_1' <Predicate = (cmp281 & !or_ln223)> <Delay = 0.00>
ST_20 : Operation 199 [1/1] (1.82ns)   --->   "%br_ln236 = br void %for.inc349.15" [D:/hlstrack/hlstrack2025-master/security/L1/tests/hmac/sha256/../../../../L1/include\xf_security/sha224_256.hpp:236]   --->   Operation 199 'br' 'br_ln236' <Predicate = (cmp281 & !or_ln223)> <Delay = 1.82>
ST_20 : Operation 200 [1/1] (0.00ns)   --->   "%storemerge93 = phi i32 %or_ln235_1, void %if.then282.15, i32 %or_ln245_2, void %if.else318.15, i32 %or_ln240_1, void %if.then299.15, i32 %select_ln223, void %if.else262.15" [D:/hlstrack/hlstrack2025-master/security/L1/tests/hmac/sha256/../../../../L1/include\xf_security/sha224_256.hpp:235]   --->   Operation 200 'phi' 'storemerge93' <Predicate = true> <Delay = 0.00>
ST_20 : Operation 201 [1/1] (0.00ns)   --->   "%or_ln250_s = bitconcatenate i512 @_ssdm_op_BitConcatenate.i512.i32.i32.i8.i8.i8.i8.i8.i8.i8.i8.i8.i8.i8.i8.i8.i8.i8.i8.i8.i8.i8.i8.i8.i8.i8.i8.i8.i8.i8.i8.i8.i8.i8.i8.i8.i8.i8.i8.i8.i8.i8.i8.i8.i8.i8.i8.i8.i8.i8.i8.i8.i8.i8.i8.i8.i8.i8.i8, i32 %storemerge93, i32 %b225_0_14_load, i8 %empty_77, i8 %p_89, i8 %p_90, i8 %p_88, i8 %empty_76, i8 %p_86, i8 %p_87, i8 %p_85, i8 %empty_75, i8 %p_83, i8 %p_84, i8 %p_82, i8 %empty_74, i8 %p_80, i8 %p_81, i8 %p_79, i8 %empty_73, i8 %p_77, i8 %p_78, i8 %p_76, i8 %empty_72, i8 %p_74, i8 %p_75, i8 %p_73, i8 %empty_71, i8 %p_71, i8 %p_72, i8 %p_70, i8 %empty_70, i8 %p_68, i8 %p_69, i8 %p_67, i8 %empty_69, i8 %p_65, i8 %p_66, i8 %p_64, i8 %empty_68, i8 %p_62, i8 %p_63, i8 %p_61, i8 %empty_67, i8 %p_59, i8 %p_60, i8 %p_58, i8 %empty_66, i8 %p_56, i8 %p_57, i8 %p_55, i8 %empty_65, i8 %p_53, i8 %p_54, i8 %p_52, i8 %empty, i8 %p_50, i8 %p_51, i8 %p_s" [D:/hlstrack/hlstrack2025-master/security/L1/tests/hmac/sha256/../../../../L1/include\xf_security/sha224_256.hpp:250]   --->   Operation 201 'bitconcatenate' 'or_ln250_s' <Predicate = true> <Delay = 0.00>
ST_20 : Operation 202 [1/1] ( I:3.72ns O:3.72ns )   --->   "%write_ln250 = write void @_ssdm_op_Write.ap_fifo.volatile.i512P0A, i512 %blk_strm, i512 %or_ln250_s" [D:/hlstrack/hlstrack2025-master/security/L1/tests/hmac/sha256/../../../../L1/include\xf_security/sha224_256.hpp:250]   --->   Operation 202 'write' 'write_ln250' <Predicate = true> <Delay = 3.72> <CoreInst = "FIFO_LUTRAM">   --->   Core 79 'FIFO_LUTRAM' <Latency = 0> <II = 1> <Delay = 3.72> <Storage> <Opcode : 'read' 'write' 'nbread' 'nbwrite'> <Ports = 0> <Width = 512> <Depth = 32> <FIFO>
ST_20 : Operation 203 [1/1] (0.00ns)   --->   "%tmp_7 = partselect i32 @_ssdm_op_PartSelect.i32.i64.i32.i32, i64 %len, i32 29, i32 60" [D:/hlstrack/hlstrack2025-master/security/L1/tests/hmac/sha256/../../../../L1/include\xf_security/sha224_256.hpp:268]   --->   Operation 203 'partselect' 'tmp_7' <Predicate = true> <Delay = 0.00>

State 21 <SV = 20> <Delay = 3.72>
ST_21 : Operation 204 [1/1] (0.00ns)   --->   "%or_ln268_s = bitconcatenate i512 @_ssdm_op_BitConcatenate.i512.i29.i3.i32.i448, i29 %trunc_ln264, i3 0, i32 %tmp_7, i448 0" [D:/hlstrack/hlstrack2025-master/security/L1/tests/hmac/sha256/../../../../L1/include\xf_security/sha224_256.hpp:268]   --->   Operation 204 'bitconcatenate' 'or_ln268_s' <Predicate = (!icmp_ln129 & !icmp_ln152)> <Delay = 0.00>
ST_21 : Operation 205 [1/1] ( I:3.72ns O:3.72ns )   --->   "%write_ln268 = write void @_ssdm_op_Write.ap_fifo.volatile.i512P0A, i512 %blk_strm, i512 %or_ln268_s" [D:/hlstrack/hlstrack2025-master/security/L1/tests/hmac/sha256/../../../../L1/include\xf_security/sha224_256.hpp:268]   --->   Operation 205 'write' 'write_ln268' <Predicate = (!icmp_ln129 & !icmp_ln152)> <Delay = 3.72> <CoreInst = "FIFO_LUTRAM">   --->   Core 79 'FIFO_LUTRAM' <Latency = 0> <II = 1> <Delay = 3.72> <Storage> <Opcode : 'read' 'write' 'nbread' 'nbwrite'> <Ports = 0> <Width = 512> <Depth = 32> <FIFO>
ST_21 : Operation 206 [1/1] (0.00ns)   --->   "%br_ln0 = br void %if.end388"   --->   Operation 206 'br' 'br_ln0' <Predicate = (!icmp_ln129 & !icmp_ln152)> <Delay = 0.00>
ST_21 : Operation 207 [1/1] (0.00ns)   --->   "%br_ln0 = br void %for.inc390"   --->   Operation 207 'br' 'br_ln0' <Predicate = (!icmp_ln129)> <Delay = 0.00>
ST_21 : Operation 208 [1/1] ( I:3.63ns O:3.63ns )   --->   "%end_flag_4 = read i1 @_ssdm_op_Read.ap_fifo.volatile.i1P0A, i1 %eMergeKipadLenStrm" [D:/hlstrack/hlstrack2025-master/security/L1/tests/hmac/sha256/../../../../L1/include\xf_security/sha224_256.hpp:89]   --->   Operation 208 'read' 'end_flag_4' <Predicate = true> <Delay = 3.63> <CoreInst = "FIFO_LUTRAM">   --->   Core 79 'FIFO_LUTRAM' <Latency = 0> <II = 1> <Delay = 3.63> <Storage> <Opcode : 'read' 'write' 'nbread' 'nbwrite'> <Ports = 0> <Width = 1> <Depth = 4> <FIFO>
ST_21 : Operation 209 [1/1] (0.00ns)   --->   "%br_ln89 = br void %for.cond" [D:/hlstrack/hlstrack2025-master/security/L1/tests/hmac/sha256/../../../../L1/include\xf_security/sha224_256.hpp:89]   --->   Operation 209 'br' 'br_ln89' <Predicate = true> <Delay = 0.00>

State 22 <SV = 5> <Delay = 4.91>
ST_22 : Operation 210 [1/2] (4.91ns)   --->   "%call_ln91 = call void @preProcessing_Pipeline_LOOP_SHA256_GEN_COPY_TAIL_AND_ONE, i32 %mergeKipadStrm, i4 %p_cast, i2 %trunc_ln91, i32 %b_16_loc, i32 %b_15_loc, i32 %b_14_loc, i32 %b_13_loc, i32 %b_12_loc, i32 %b_11_loc, i32 %b_10_loc, i32 %b_9_loc, i32 %b_8_loc, i32 %b_7_loc, i32 %b_6_loc, i32 %b_5_loc, i32 %b_4_loc, i32 %b_loc" [D:/hlstrack/hlstrack2025-master/security/L1/tests/hmac/sha256/../../../../L1/include\xf_security/sha224_256.hpp:91]   --->   Operation 210 'call' 'call_ln91' <Predicate = true> <Delay = 4.91> <CoreType = "Generic">   --->   Generic Core

State 23 <SV = 6> <Delay = 3.72>
ST_23 : Operation 211 [1/1] (0.00ns)   --->   "%fence_ln203 = fence void @_ssdm_op_Fence, i32 %mergeKipadStrm, i32 4294967295, i512 %blk_strm" [D:/hlstrack/hlstrack2025-master/security/L1/tests/hmac/sha256/../../../../L1/include\xf_security/sha224_256.hpp:203]   --->   Operation 211 'fence' 'fence_ln203' <Predicate = true> <Delay = 0.00>
ST_23 : Operation 212 [1/1] (0.00ns)   --->   "%b_16_loc_load = load i32 %b_16_loc"   --->   Operation 212 'load' 'b_16_loc_load' <Predicate = true> <Delay = 0.00>
ST_23 : Operation 213 [1/1] (0.00ns)   --->   "%b_15_loc_load = load i32 %b_15_loc"   --->   Operation 213 'load' 'b_15_loc_load' <Predicate = true> <Delay = 0.00>
ST_23 : Operation 214 [1/1] (0.00ns)   --->   "%b_14_loc_load = load i32 %b_14_loc"   --->   Operation 214 'load' 'b_14_loc_load' <Predicate = true> <Delay = 0.00>
ST_23 : Operation 215 [1/1] (0.00ns)   --->   "%b_13_loc_load = load i32 %b_13_loc"   --->   Operation 215 'load' 'b_13_loc_load' <Predicate = true> <Delay = 0.00>
ST_23 : Operation 216 [1/1] (0.00ns)   --->   "%b_12_loc_load = load i32 %b_12_loc"   --->   Operation 216 'load' 'b_12_loc_load' <Predicate = true> <Delay = 0.00>
ST_23 : Operation 217 [1/1] (0.00ns)   --->   "%b_11_loc_load = load i32 %b_11_loc"   --->   Operation 217 'load' 'b_11_loc_load' <Predicate = true> <Delay = 0.00>
ST_23 : Operation 218 [1/1] (0.00ns)   --->   "%b_10_loc_load = load i32 %b_10_loc"   --->   Operation 218 'load' 'b_10_loc_load' <Predicate = true> <Delay = 0.00>
ST_23 : Operation 219 [1/1] (0.00ns)   --->   "%b_9_loc_load = load i32 %b_9_loc"   --->   Operation 219 'load' 'b_9_loc_load' <Predicate = true> <Delay = 0.00>
ST_23 : Operation 220 [1/1] (0.00ns)   --->   "%b_8_loc_load = load i32 %b_8_loc"   --->   Operation 220 'load' 'b_8_loc_load' <Predicate = true> <Delay = 0.00>
ST_23 : Operation 221 [1/1] (0.00ns)   --->   "%b_7_loc_load = load i32 %b_7_loc"   --->   Operation 221 'load' 'b_7_loc_load' <Predicate = true> <Delay = 0.00>
ST_23 : Operation 222 [1/1] (0.00ns)   --->   "%b_6_loc_load = load i32 %b_6_loc"   --->   Operation 222 'load' 'b_6_loc_load' <Predicate = true> <Delay = 0.00>
ST_23 : Operation 223 [1/1] (0.00ns)   --->   "%b_5_loc_load = load i32 %b_5_loc"   --->   Operation 223 'load' 'b_5_loc_load' <Predicate = true> <Delay = 0.00>
ST_23 : Operation 224 [1/1] (0.00ns)   --->   "%b_4_loc_load = load i32 %b_4_loc"   --->   Operation 224 'load' 'b_4_loc_load' <Predicate = true> <Delay = 0.00>
ST_23 : Operation 225 [1/1] (0.00ns)   --->   "%b_loc_load = load i32 %b_loc"   --->   Operation 225 'load' 'b_loc_load' <Predicate = true> <Delay = 0.00>
ST_23 : Operation 226 [1/1] (0.00ns)   --->   "%tmp_s = partselect i32 @_ssdm_op_PartSelect.i32.i64.i32.i32, i64 %len, i32 29, i32 60" [D:/hlstrack/hlstrack2025-master/security/L1/tests/hmac/sha256/../../../../L1/include\xf_security/sha224_256.hpp:203]   --->   Operation 226 'partselect' 'tmp_s' <Predicate = true> <Delay = 0.00>
ST_23 : Operation 227 [1/1] (0.00ns)   --->   "%or_ln203_s = bitconcatenate i512 @_ssdm_op_BitConcatenate.i512.i29.i3.i32.i32.i32.i32.i32.i32.i32.i32.i32.i32.i32.i32.i32.i32.i32, i29 %trunc_ln264, i3 0, i32 %tmp_s, i32 %b_16_loc_load, i32 %b_15_loc_load, i32 %b_14_loc_load, i32 %b_13_loc_load, i32 %b_12_loc_load, i32 %b_11_loc_load, i32 %b_10_loc_load, i32 %b_9_loc_load, i32 %b_8_loc_load, i32 %b_7_loc_load, i32 %b_6_loc_load, i32 %b_5_loc_load, i32 %b_4_loc_load, i32 %b_loc_load" [D:/hlstrack/hlstrack2025-master/security/L1/tests/hmac/sha256/../../../../L1/include\xf_security/sha224_256.hpp:203]   --->   Operation 227 'bitconcatenate' 'or_ln203_s' <Predicate = true> <Delay = 0.00>
ST_23 : Operation 228 [1/1] ( I:3.72ns O:3.72ns )   --->   "%write_ln203 = write void @_ssdm_op_Write.ap_fifo.volatile.i512P0A, i512 %blk_strm, i512 %or_ln203_s" [D:/hlstrack/hlstrack2025-master/security/L1/tests/hmac/sha256/../../../../L1/include\xf_security/sha224_256.hpp:203]   --->   Operation 228 'write' 'write_ln203' <Predicate = true> <Delay = 3.72> <CoreInst = "FIFO_LUTRAM">   --->   Core 79 'FIFO_LUTRAM' <Latency = 0> <II = 1> <Delay = 3.72> <Storage> <Opcode : 'read' 'write' 'nbread' 'nbwrite'> <Ports = 0> <Width = 512> <Depth = 32> <FIFO>
ST_23 : Operation 229 [1/1] (0.00ns)   --->   "%br_ln205 = br void %if.end388" [D:/hlstrack/hlstrack2025-master/security/L1/tests/hmac/sha256/../../../../L1/include\xf_security/sha224_256.hpp:205]   --->   Operation 229 'br' 'br_ln205' <Predicate = true> <Delay = 0.00>


============================================================
+ Verbose Summary: Binding
============================================================
STG Binding: 
---------------- STG Properties BEGIN ----------------
- Is combinational: 0
- Is one-state seq: 0
- Is datapath-only: 0
- Is pipelined: 0
- Is top level: 0
Port [ Return ] is wired: 1; IO mode=ap_ctrl_hs:ce=0
Port [ mergeKipadStrm]:  wired=1; compound=1; hidden=0; nouse=0; global=0; static=0; extern=0; dir=0; type=3; pingpong=0; private_global=0; IO mode=ap_fifo:ce=0
Port [ mergeKipadLenStrm]:  wired=1; compound=1; hidden=0; nouse=0; global=0; static=0; extern=0; dir=0; type=3; pingpong=0; private_global=0; IO mode=ap_fifo:ce=0
Port [ eMergeKipadLenStrm]:  wired=1; compound=1; hidden=0; nouse=0; global=0; static=0; extern=0; dir=0; type=3; pingpong=0; private_global=0; IO mode=ap_fifo:ce=0
Port [ blk_strm]:  wired=1; compound=1; hidden=0; nouse=0; global=0; static=0; extern=0; dir=1; type=3; pingpong=0; private_global=0; IO mode=ap_fifo:ce=0
Port [ nblk_strm]:  wired=1; compound=1; hidden=0; nouse=0; global=0; static=0; extern=0; dir=1; type=3; pingpong=0; private_global=0; IO mode=ap_fifo:ce=0
Port [ end_nblk_strm]:  wired=1; compound=1; hidden=0; nouse=0; global=0; static=0; extern=0; dir=1; type=3; pingpong=0; private_global=0; IO mode=ap_fifo:ce=0
---------------- STG Properties END ------------------

---------------- Datapath Model BEGIN ----------------

<LifeTime>
<method=bitvector/>
b_loc             (alloca        ) [ 001111111111111111111111]
b_4_loc           (alloca        ) [ 001111111111111111111111]
b_5_loc           (alloca        ) [ 001111111111111111111111]
b_6_loc           (alloca        ) [ 001111111111111111111111]
b_7_loc           (alloca        ) [ 001111111111111111111111]
b_8_loc           (alloca        ) [ 001111111111111111111111]
b_9_loc           (alloca        ) [ 001111111111111111111111]
b_10_loc          (alloca        ) [ 001111111111111111111111]
b_11_loc          (alloca        ) [ 001111111111111111111111]
b_12_loc          (alloca        ) [ 001111111111111111111111]
b_13_loc          (alloca        ) [ 001111111111111111111111]
b_14_loc          (alloca        ) [ 001111111111111111111111]
b_15_loc          (alloca        ) [ 001111111111111111111111]
b_16_loc          (alloca        ) [ 001111111111111111111111]
specmemcore_ln0   (specmemcore   ) [ 000000000000000000000000]
specmemcore_ln0   (specmemcore   ) [ 000000000000000000000000]
specmemcore_ln0   (specmemcore   ) [ 000000000000000000000000]
specmemcore_ln0   (specmemcore   ) [ 000000000000000000000000]
specmemcore_ln0   (specmemcore   ) [ 000000000000000000000000]
specmemcore_ln0   (specmemcore   ) [ 000000000000000000000000]
specinterface_ln0 (specinterface ) [ 000000000000000000000000]
specinterface_ln0 (specinterface ) [ 000000000000000000000000]
specinterface_ln0 (specinterface ) [ 000000000000000000000000]
specinterface_ln0 (specinterface ) [ 000000000000000000000000]
specinterface_ln0 (specinterface ) [ 000000000000000000000000]
specinterface_ln0 (specinterface ) [ 000000000000000000000000]
end_flag          (read          ) [ 011111111111111111111111]
br_ln89           (br            ) [ 011111111111111111111111]
end_flag_3        (phi           ) [ 001111111111111111111111]
br_ln89           (br            ) [ 000000000000000000000000]
len               (read          ) [ 000111111111111111111011]
trunc_ln91        (trunc         ) [ 000111111111111111110010]
left              (trunc         ) [ 000111000000000000000000]
trunc_ln264       (trunc         ) [ 000111111111111111111111]
trunc_ln          (partselect    ) [ 000110000000000000000000]
zext_ln95_1       (zext          ) [ 000000000000000000000000]
icmp_ln95         (icmp          ) [ 000000000000000000000000]
select_ln95       (select        ) [ 000000000000000000000000]
blk_num           (add           ) [ 000000000000000000000000]
zext_ln95         (zext          ) [ 000000000000000000000000]
write_ln97        (write         ) [ 000000000000000000000000]
write_ln98        (write         ) [ 000000000000000000000000]
write_ln272       (write         ) [ 000000000000000000000000]
ret_ln274         (ret           ) [ 000000000000000000000000]
fence_ln101       (fence         ) [ 000000000000000000000000]
call_ln95         (call          ) [ 000000000000000000000000]
specloopname_ln89 (specloopname  ) [ 000000000000000000000000]
fence_ln125       (fence         ) [ 000000000000000000000000]
icmp_ln129        (icmp          ) [ 001111111111111111111111]
br_ln129          (br            ) [ 000000000000000000000000]
icmp_ln152        (icmp          ) [ 001111111111111111111111]
p_cast            (partselect    ) [ 000000111111111111110010]
br_ln152          (br            ) [ 000000000000000000000000]
l                 (read          ) [ 000000000000000000000000]
empty             (trunc         ) [ 000000111111111111111000]
p_s               (partselect    ) [ 000000111111111111111000]
p_50              (partselect    ) [ 000000111111111111111000]
p_51              (partselect    ) [ 000000111111111111111000]
fence_ln160       (fence         ) [ 000000000000000000000000]
tmp_3             (partselect    ) [ 000000000000000000000000]
or_ln151_1        (bitconcatenate) [ 000000000000000000000000]
write_ln151       (write         ) [ 000000000000000000000000]
br_ln152          (br            ) [ 000000000000000000000000]
l_28              (read          ) [ 000000000000000000000000]
empty_65          (trunc         ) [ 000000011111111111111000]
p_52              (partselect    ) [ 000000011111111111111000]
p_53              (partselect    ) [ 000000011111111111111000]
p_54              (partselect    ) [ 000000011111111111111000]
l_29              (read          ) [ 000000000000000000000000]
empty_66          (trunc         ) [ 000000001111111111111000]
p_55              (partselect    ) [ 000000001111111111111000]
p_56              (partselect    ) [ 000000001111111111111000]
p_57              (partselect    ) [ 000000001111111111111000]
l_30              (read          ) [ 000000000000000000000000]
empty_67          (trunc         ) [ 000000000111111111111000]
p_58              (partselect    ) [ 000000000111111111111000]
p_59              (partselect    ) [ 000000000111111111111000]
p_60              (partselect    ) [ 000000000111111111111000]
l_31              (read          ) [ 000000000000000000000000]
empty_68          (trunc         ) [ 000000000011111111111000]
p_61              (partselect    ) [ 000000000011111111111000]
p_62              (partselect    ) [ 000000000011111111111000]
p_63              (partselect    ) [ 000000000011111111111000]
l_32              (read          ) [ 000000000000000000000000]
empty_69          (trunc         ) [ 000000000001111111111000]
p_64              (partselect    ) [ 000000000001111111111000]
p_65              (partselect    ) [ 000000000001111111111000]
p_66              (partselect    ) [ 000000000001111111111000]
l_33              (read          ) [ 000000000000000000000000]
empty_70          (trunc         ) [ 000000000000111111111000]
p_67              (partselect    ) [ 000000000000111111111000]
p_68              (partselect    ) [ 000000000000111111111000]
p_69              (partselect    ) [ 000000000000111111111000]
l_34              (read          ) [ 000000000000000000000000]
empty_71          (trunc         ) [ 000000000000011111111000]
p_70              (partselect    ) [ 000000000000011111111000]
p_71              (partselect    ) [ 000000000000011111111000]
p_72              (partselect    ) [ 000000000000011111111000]
l_35              (read          ) [ 000000000000000000000000]
empty_72          (trunc         ) [ 000000000000001111111000]
p_73              (partselect    ) [ 000000000000001111111000]
p_74              (partselect    ) [ 000000000000001111111000]
p_75              (partselect    ) [ 000000000000001111111000]
l_36              (read          ) [ 000000000000000000000000]
empty_73          (trunc         ) [ 000000000000000111111000]
p_76              (partselect    ) [ 000000000000000111111000]
p_77              (partselect    ) [ 000000000000000111111000]
p_78              (partselect    ) [ 000000000000000111111000]
l_37              (read          ) [ 000000000000000000000000]
empty_74          (trunc         ) [ 000000000000000011111000]
p_79              (partselect    ) [ 000000000000000011111000]
p_80              (partselect    ) [ 000000000000000011111000]
p_81              (partselect    ) [ 000000000000000011111000]
l_39              (read          ) [ 000000000000000000000000]
empty_75          (trunc         ) [ 000000000000000001111000]
p_82              (partselect    ) [ 000000000000000001111000]
p_83              (partselect    ) [ 000000000000000001111000]
p_84              (partselect    ) [ 000000000000000001111000]
l_40              (read          ) [ 000000000000000000000000]
empty_76          (trunc         ) [ 000000000000000000111000]
p_85              (partselect    ) [ 000000000000000000111000]
p_86              (partselect    ) [ 000000000000000000111000]
p_87              (partselect    ) [ 000000000000000000111000]
l_41              (read          ) [ 000000000000000000000000]
empty_77          (trunc         ) [ 000000000000000000011000]
p_88              (partselect    ) [ 000000000000000000011000]
p_89              (partselect    ) [ 000000000000000000011000]
p_90              (partselect    ) [ 000000000000000000011000]
cmp275            (icmp          ) [ 001111111111111111111111]
cmp281            (icmp          ) [ 001111111111111111111111]
cmp298            (icmp          ) [ 001111111111111111111111]
icmp_ln215        (icmp          ) [ 001111111111111111111111]
br_ln215          (br            ) [ 000000000000000000000000]
br_ln223          (br            ) [ 001111111111111111111111]
l_44              (read          ) [ 000000000000000000000000]
br_ln231          (br            ) [ 000000000000000000000000]
tmp_4             (partselect    ) [ 000000000000000000000000]
br_ln236          (br            ) [ 000000000000000000000000]
tmp_5             (partselect    ) [ 000000000000000000000000]
trunc_ln245       (trunc         ) [ 000000000000000000000000]
or_ln3            (bitconcatenate) [ 001111111111111111111111]
br_ln0            (br            ) [ 001111111111111111111111]
trunc_ln240       (trunc         ) [ 000000000000000000000000]
or_ln2            (bitconcatenate) [ 001111111111111111111111]
br_ln241          (br            ) [ 001111111111111111111111]
trunc_ln234       (trunc         ) [ 000000000000000000000000]
or_ln             (bitconcatenate) [ 001111111111111111111111]
br_ln236          (br            ) [ 001111111111111111111111]
l_42              (read          ) [ 000000000000000000000000]
empty_78          (trunc         ) [ 000000000000000000000000]
p_91              (partselect    ) [ 000000000000000000000000]
p_92              (partselect    ) [ 000000000000000000000000]
p_93              (partselect    ) [ 000000000000000000000000]
l_43              (bitconcatenate) [ 001111111111111111111111]
br_ln223          (br            ) [ 001111111111111111111111]
icmp_ln223        (icmp          ) [ 000000000000000000001000]
or_ln223          (or            ) [ 000000000000000000001000]
b225_0_14_load    (phi           ) [ 000000000000000000001000]
select_ln223      (select        ) [ 000000000000000000000000]
br_ln223          (br            ) [ 000000000000000000000000]
l_45              (read          ) [ 000000000000000000000000]
br_ln231          (br            ) [ 000000000000000000000000]
tmp_6             (partselect    ) [ 000000000000000000000000]
br_ln236          (br            ) [ 000000000000000000000000]
tmp_8             (partselect    ) [ 000000000000000000000000]
trunc_ln245_1     (trunc         ) [ 000000000000000000000000]
or_ln245_2        (bitconcatenate) [ 000000000000000000000000]
br_ln0            (br            ) [ 000000000000000000000000]
trunc_ln240_1     (trunc         ) [ 000000000000000000000000]
or_ln240_1        (bitconcatenate) [ 000000000000000000000000]
br_ln241          (br            ) [ 000000000000000000000000]
trunc_ln234_1     (trunc         ) [ 000000000000000000000000]
or_ln235_1        (bitconcatenate) [ 000000000000000000000000]
br_ln236          (br            ) [ 000000000000000000000000]
storemerge93      (phi           ) [ 000000000000000000000000]
or_ln250_s        (bitconcatenate) [ 000000000000000000000000]
write_ln250       (write         ) [ 000000000000000000000000]
tmp_7             (partselect    ) [ 001111000000000000000111]
or_ln268_s        (bitconcatenate) [ 000000000000000000000000]
write_ln268       (write         ) [ 000000000000000000000000]
br_ln0            (br            ) [ 000000000000000000000000]
br_ln0            (br            ) [ 000000000000000000000000]
end_flag_4        (read          ) [ 011111111111111111111111]
br_ln89           (br            ) [ 011111111111111111111111]
call_ln91         (call          ) [ 000000000000000000000000]
fence_ln203       (fence         ) [ 000000000000000000000000]
b_16_loc_load     (load          ) [ 000000000000000000000000]
b_15_loc_load     (load          ) [ 000000000000000000000000]
b_14_loc_load     (load          ) [ 000000000000000000000000]
b_13_loc_load     (load          ) [ 000000000000000000000000]
b_12_loc_load     (load          ) [ 000000000000000000000000]
b_11_loc_load     (load          ) [ 000000000000000000000000]
b_10_loc_load     (load          ) [ 000000000000000000000000]
b_9_loc_load      (load          ) [ 000000000000000000000000]
b_8_loc_load      (load          ) [ 000000000000000000000000]
b_7_loc_load      (load          ) [ 000000000000000000000000]
b_6_loc_load      (load          ) [ 000000000000000000000000]
b_5_loc_load      (load          ) [ 000000000000000000000000]
b_4_loc_load      (load          ) [ 000000000000000000000000]
b_loc_load        (load          ) [ 000000000000000000000000]
tmp_s             (partselect    ) [ 000000000000000000000000]
or_ln203_s        (bitconcatenate) [ 000000000000000000000000]
write_ln203       (write         ) [ 000000000000000000000000]
br_ln205          (br            ) [ 000000000000000000000000]
</LifeTime>

<model>

<comp_list>
<comp id="0" class="1000" name="mergeKipadStrm">
<pin_list>
<pin id="1" dir="1" index="0" bw="1" slack="0"/>
</pin_list>
<bind>
<StgValue><ssdm name="mergeKipadStrm"/></StgValue>
</bind>
</comp>

<comp id="2" class="1000" name="mergeKipadLenStrm">
<pin_list>
<pin id="3" dir="1" index="0" bw="1" slack="0"/>
</pin_list>
<bind>
<StgValue><ssdm name="mergeKipadLenStrm"/></StgValue>
</bind>
</comp>

<comp id="4" class="1000" name="eMergeKipadLenStrm">
<pin_list>
<pin id="5" dir="1" index="0" bw="1" slack="0"/>
</pin_list>
<bind>
<StgValue><ssdm name="eMergeKipadLenStrm"/></StgValue>
</bind>
</comp>

<comp id="6" class="1000" name="blk_strm">
<pin_list>
<pin id="7" dir="1" index="0" bw="1" slack="0"/>
</pin_list>
<bind>
<StgValue><ssdm name="blk_strm"/></StgValue>
</bind>
</comp>

<comp id="8" class="1000" name="nblk_strm">
<pin_list>
<pin id="9" dir="1" index="0" bw="1" slack="0"/>
</pin_list>
<bind>
<StgValue><ssdm name="nblk_strm"/></StgValue>
</bind>
</comp>

<comp id="10" class="1000" name="end_nblk_strm">
<pin_list>
<pin id="11" dir="1" index="0" bw="1" slack="0"/>
</pin_list>
<bind>
<StgValue><ssdm name="end_nblk_strm"/></StgValue>
</bind>
</comp>

<comp id="12" class="1001" name="const_12">
<pin_list>
<pin id="13" dir="1" index="0" bw="1" slack="0"/>
</pin_list>
<bind>
<StgValue><ssdm name=""/></StgValue>
</bind>
</comp>

<comp id="14" class="1001" name="const_14">
<pin_list>
<pin id="15" dir="1" index="0" bw="1" slack="2147483647"/>
</pin_list>
<bind>
<StgValue><ssdm name="_ssdm_op_SpecMemCore"/></StgValue>
</bind>
</comp>

<comp id="16" class="1001" name="const_16">
<pin_list>
<pin id="17" dir="1" index="0" bw="1" slack="2147483647"/>
</pin_list>
<bind>
<StgValue><ssdm name=""/></StgValue>
</bind>
</comp>

<comp id="18" class="1001" name="const_18">
<pin_list>
<pin id="19" dir="1" index="0" bw="1" slack="2147483647"/>
</pin_list>
<bind>
<StgValue><ssdm name=""/></StgValue>
</bind>
</comp>

<comp id="20" class="1001" name="const_20">
<pin_list>
<pin id="21" dir="1" index="0" bw="1" slack="2147483647"/>
</pin_list>
<bind>
<StgValue><ssdm name=""/></StgValue>
</bind>
</comp>

<comp id="22" class="1001" name="const_22">
<pin_list>
<pin id="23" dir="1" index="0" bw="1" slack="2147483647"/>
</pin_list>
<bind>
<StgValue><ssdm name="_ssdm_op_SpecInterface"/></StgValue>
</bind>
</comp>

<comp id="24" class="1001" name="const_24">
<pin_list>
<pin id="25" dir="1" index="0" bw="1" slack="2147483647"/>
</pin_list>
<bind>
<StgValue><ssdm name="empty_3"/></StgValue>
</bind>
</comp>

<comp id="26" class="1001" name="const_26">
<pin_list>
<pin id="27" dir="1" index="0" bw="1" slack="0"/>
</pin_list>
<bind>
<StgValue><ssdm name=""/></StgValue>
</bind>
</comp>

<comp id="28" class="1001" name="const_28">
<pin_list>
<pin id="29" dir="1" index="0" bw="1" slack="2147483647"/>
</pin_list>
<bind>
<StgValue><ssdm name="empty_1"/></StgValue>
</bind>
</comp>

<comp id="30" class="1001" name="const_30">
<pin_list>
<pin id="31" dir="1" index="0" bw="1" slack="0"/>
</pin_list>
<bind>
<StgValue><ssdm name=""/></StgValue>
</bind>
</comp>

<comp id="32" class="1001" name="const_32">
<pin_list>
<pin id="33" dir="1" index="0" bw="1" slack="0"/>
</pin_list>
<bind>
<StgValue><ssdm name="_ssdm_op_Read.ap_fifo.volatile.i1P0A"/></StgValue>
</bind>
</comp>

<comp id="34" class="1001" name="const_34">
<pin_list>
<pin id="35" dir="1" index="0" bw="1" slack="0"/>
</pin_list>
<bind>
<StgValue><ssdm name="_ssdm_op_Read.ap_fifo.volatile.i64P0A"/></StgValue>
</bind>
</comp>

<comp id="36" class="1001" name="const_36">
<pin_list>
<pin id="37" dir="1" index="0" bw="1" slack="0"/>
</pin_list>
<bind>
<StgValue><ssdm name="_ssdm_op_PartSelect.i58.i64.i32.i32"/></StgValue>
</bind>
</comp>

<comp id="38" class="1001" name="const_38">
<pin_list>
<pin id="39" dir="1" index="0" bw="1" slack="0"/>
</pin_list>
<bind>
<StgValue><ssdm name=""/></StgValue>
</bind>
</comp>

<comp id="40" class="1001" name="const_40">
<pin_list>
<pin id="41" dir="1" index="0" bw="1" slack="0"/>
</pin_list>
<bind>
<StgValue><ssdm name=""/></StgValue>
</bind>
</comp>

<comp id="42" class="1001" name="const_42">
<pin_list>
<pin id="43" dir="1" index="0" bw="1" slack="0"/>
</pin_list>
<bind>
<StgValue><ssdm name=""/></StgValue>
</bind>
</comp>

<comp id="44" class="1001" name="const_44">
<pin_list>
<pin id="45" dir="1" index="0" bw="1" slack="0"/>
</pin_list>
<bind>
<StgValue><ssdm name=""/></StgValue>
</bind>
</comp>

<comp id="46" class="1001" name="const_46">
<pin_list>
<pin id="47" dir="1" index="0" bw="1" slack="0"/>
</pin_list>
<bind>
<StgValue><ssdm name=""/></StgValue>
</bind>
</comp>

<comp id="48" class="1001" name="const_48">
<pin_list>
<pin id="49" dir="1" index="0" bw="1" slack="0"/>
</pin_list>
<bind>
<StgValue><ssdm name="_ssdm_op_Write.ap_fifo.volatile.i64P0A"/></StgValue>
</bind>
</comp>

<comp id="50" class="1001" name="const_50">
<pin_list>
<pin id="51" dir="1" index="0" bw="1" slack="0"/>
</pin_list>
<bind>
<StgValue><ssdm name="_ssdm_op_Write.ap_fifo.volatile.i1P0A"/></StgValue>
</bind>
</comp>

<comp id="52" class="1001" name="const_52">
<pin_list>
<pin id="53" dir="1" index="0" bw="1" slack="0"/>
</pin_list>
<bind>
<StgValue><ssdm name=""/></StgValue>
</bind>
</comp>

<comp id="54" class="1001" name="const_54">
<pin_list>
<pin id="55" dir="1" index="0" bw="1" slack="0"/>
</pin_list>
<bind>
<StgValue><ssdm name=""/></StgValue>
</bind>
</comp>

<comp id="56" class="1001" name="const_56">
<pin_list>
<pin id="57" dir="1" index="0" bw="1" slack="0"/>
</pin_list>
<bind>
<StgValue><ssdm name="_ssdm_op_Fence"/></StgValue>
</bind>
</comp>

<comp id="58" class="1001" name="const_58">
<pin_list>
<pin id="59" dir="1" index="0" bw="1" slack="0"/>
</pin_list>
<bind>
<StgValue><ssdm name="preProcessing_Pipeline_LOOP_SHA256_GEN_FULL_BLKS"/></StgValue>
</bind>
</comp>

<comp id="60" class="1001" name="const_60">
<pin_list>
<pin id="61" dir="1" index="0" bw="1" slack="2147483647"/>
</pin_list>
<bind>
<StgValue><ssdm name="_ssdm_op_SpecLoopName"/></StgValue>
</bind>
</comp>

<comp id="62" class="1001" name="const_62">
<pin_list>
<pin id="63" dir="1" index="0" bw="1" slack="2147483647"/>
</pin_list>
<bind>
<StgValue><ssdm name="empty_20"/></StgValue>
</bind>
</comp>

<comp id="64" class="1001" name="const_64">
<pin_list>
<pin id="65" dir="1" index="0" bw="1" slack="0"/>
</pin_list>
<bind>
<StgValue><ssdm name=""/></StgValue>
</bind>
</comp>

<comp id="66" class="1001" name="const_66">
<pin_list>
<pin id="67" dir="1" index="0" bw="1" slack="0"/>
</pin_list>
<bind>
<StgValue><ssdm name=""/></StgValue>
</bind>
</comp>

<comp id="68" class="1001" name="const_68">
<pin_list>
<pin id="69" dir="1" index="0" bw="1" slack="0"/>
</pin_list>
<bind>
<StgValue><ssdm name="_ssdm_op_PartSelect.i4.i64.i32.i32"/></StgValue>
</bind>
</comp>

<comp id="70" class="1001" name="const_70">
<pin_list>
<pin id="71" dir="1" index="0" bw="1" slack="0"/>
</pin_list>
<bind>
<StgValue><ssdm name=""/></StgValue>
</bind>
</comp>

<comp id="72" class="1001" name="const_72">
<pin_list>
<pin id="73" dir="1" index="0" bw="1" slack="0"/>
</pin_list>
<bind>
<StgValue><ssdm name=""/></StgValue>
</bind>
</comp>

<comp id="74" class="1001" name="const_74">
<pin_list>
<pin id="75" dir="1" index="0" bw="1" slack="0"/>
</pin_list>
<bind>
<StgValue><ssdm name="_ssdm_op_Read.ap_fifo.volatile.i32P0A"/></StgValue>
</bind>
</comp>

<comp id="76" class="1001" name="const_76">
<pin_list>
<pin id="77" dir="1" index="0" bw="1" slack="0"/>
</pin_list>
<bind>
<StgValue><ssdm name="_ssdm_op_PartSelect.i8.i32.i32.i32"/></StgValue>
</bind>
</comp>

<comp id="78" class="1001" name="const_78">
<pin_list>
<pin id="79" dir="1" index="0" bw="1" slack="0"/>
</pin_list>
<bind>
<StgValue><ssdm name=""/></StgValue>
</bind>
</comp>

<comp id="80" class="1001" name="const_80">
<pin_list>
<pin id="81" dir="1" index="0" bw="1" slack="0"/>
</pin_list>
<bind>
<StgValue><ssdm name=""/></StgValue>
</bind>
</comp>

<comp id="82" class="1001" name="const_82">
<pin_list>
<pin id="83" dir="1" index="0" bw="1" slack="0"/>
</pin_list>
<bind>
<StgValue><ssdm name=""/></StgValue>
</bind>
</comp>

<comp id="84" class="1001" name="const_84">
<pin_list>
<pin id="85" dir="1" index="0" bw="1" slack="0"/>
</pin_list>
<bind>
<StgValue><ssdm name=""/></StgValue>
</bind>
</comp>

<comp id="86" class="1001" name="const_86">
<pin_list>
<pin id="87" dir="1" index="0" bw="1" slack="0"/>
</pin_list>
<bind>
<StgValue><ssdm name=""/></StgValue>
</bind>
</comp>

<comp id="88" class="1001" name="const_88">
<pin_list>
<pin id="89" dir="1" index="0" bw="1" slack="0"/>
</pin_list>
<bind>
<StgValue><ssdm name=""/></StgValue>
</bind>
</comp>

<comp id="90" class="1001" name="const_90">
<pin_list>
<pin id="91" dir="1" index="0" bw="1" slack="0"/>
</pin_list>
<bind>
<StgValue><ssdm name="preProcessing_Pipeline_LOOP_SHA256_GEN_COPY_TAIL_AND_ONE"/></StgValue>
</bind>
</comp>

<comp id="92" class="1001" name="const_92">
<pin_list>
<pin id="93" dir="1" index="0" bw="1" slack="0"/>
</pin_list>
<bind>
<StgValue><ssdm name="_ssdm_op_PartSelect.i32.i64.i32.i32"/></StgValue>
</bind>
</comp>

<comp id="94" class="1001" name="const_94">
<pin_list>
<pin id="95" dir="1" index="0" bw="1" slack="0"/>
</pin_list>
<bind>
<StgValue><ssdm name=""/></StgValue>
</bind>
</comp>

<comp id="96" class="1001" name="const_96">
<pin_list>
<pin id="97" dir="1" index="0" bw="1" slack="0"/>
</pin_list>
<bind>
<StgValue><ssdm name=""/></StgValue>
</bind>
</comp>

<comp id="98" class="1001" name="const_98">
<pin_list>
<pin id="99" dir="1" index="0" bw="1" slack="0"/>
</pin_list>
<bind>
<StgValue><ssdm name="_ssdm_op_BitConcatenate.i512.i29.i3.i32.i448"/></StgValue>
</bind>
</comp>

<comp id="100" class="1001" name="const_100">
<pin_list>
<pin id="101" dir="1" index="0" bw="1" slack="0"/>
</pin_list>
<bind>
<StgValue><ssdm name=""/></StgValue>
</bind>
</comp>

<comp id="102" class="1001" name="const_102">
<pin_list>
<pin id="103" dir="1" index="0" bw="1" slack="0"/>
</pin_list>
<bind>
<StgValue><ssdm name=""/></StgValue>
</bind>
</comp>

<comp id="104" class="1001" name="const_104">
<pin_list>
<pin id="105" dir="1" index="0" bw="1" slack="0"/>
</pin_list>
<bind>
<StgValue><ssdm name="_ssdm_op_Write.ap_fifo.volatile.i512P0A"/></StgValue>
</bind>
</comp>

<comp id="106" class="1001" name="const_106">
<pin_list>
<pin id="107" dir="1" index="0" bw="1" slack="0"/>
</pin_list>
<bind>
<StgValue><ssdm name=""/></StgValue>
</bind>
</comp>

<comp id="108" class="1001" name="const_108">
<pin_list>
<pin id="109" dir="1" index="0" bw="1" slack="0"/>
</pin_list>
<bind>
<StgValue><ssdm name=""/></StgValue>
</bind>
</comp>

<comp id="110" class="1001" name="const_110">
<pin_list>
<pin id="111" dir="1" index="0" bw="1" slack="0"/>
</pin_list>
<bind>
<StgValue><ssdm name=""/></StgValue>
</bind>
</comp>

<comp id="112" class="1001" name="const_112">
<pin_list>
<pin id="113" dir="1" index="0" bw="1" slack="0"/>
</pin_list>
<bind>
<StgValue><ssdm name=""/></StgValue>
</bind>
</comp>

<comp id="114" class="1001" name="const_114">
<pin_list>
<pin id="115" dir="1" index="0" bw="1" slack="0"/>
</pin_list>
<bind>
<StgValue><ssdm name="_ssdm_op_BitConcatenate.i32.i8.i8.i8.i8"/></StgValue>
</bind>
</comp>

<comp id="116" class="1001" name="const_116">
<pin_list>
<pin id="117" dir="1" index="0" bw="1" slack="0"/>
</pin_list>
<bind>
<StgValue><ssdm name=""/></StgValue>
</bind>
</comp>

<comp id="118" class="1001" name="const_118">
<pin_list>
<pin id="119" dir="1" index="0" bw="1" slack="0"/>
</pin_list>
<bind>
<StgValue><ssdm name="_ssdm_op_BitConcatenate.i32.i8.i8.i16"/></StgValue>
</bind>
</comp>

<comp id="120" class="1001" name="const_120">
<pin_list>
<pin id="121" dir="1" index="0" bw="1" slack="0"/>
</pin_list>
<bind>
<StgValue><ssdm name=""/></StgValue>
</bind>
</comp>

<comp id="122" class="1001" name="const_122">
<pin_list>
<pin id="123" dir="1" index="0" bw="1" slack="0"/>
</pin_list>
<bind>
<StgValue><ssdm name="_ssdm_op_BitConcatenate.i32.i8.i24"/></StgValue>
</bind>
</comp>

<comp id="124" class="1001" name="const_124">
<pin_list>
<pin id="125" dir="1" index="0" bw="1" slack="0"/>
</pin_list>
<bind>
<StgValue><ssdm name=""/></StgValue>
</bind>
</comp>

<comp id="126" class="1001" name="const_126">
<pin_list>
<pin id="127" dir="1" index="0" bw="1" slack="0"/>
</pin_list>
<bind>
<StgValue><ssdm name=""/></StgValue>
</bind>
</comp>

<comp id="128" class="1001" name="const_128">
<pin_list>
<pin id="129" dir="1" index="0" bw="1" slack="0"/>
</pin_list>
<bind>
<StgValue><ssdm name="_ssdm_op_BitConcatenate.i512.i32.i32.i8.i8.i8.i8.i8.i8.i8.i8.i8.i8.i8.i8.i8.i8.i8.i8.i8.i8.i8.i8.i8.i8.i8.i8.i8.i8.i8.i8.i8.i8.i8.i8.i8.i8.i8.i8.i8.i8.i8.i8.i8.i8.i8.i8.i8.i8.i8.i8.i8.i8.i8.i8.i8.i8.i8.i8"/></StgValue>
</bind>
</comp>

<comp id="130" class="1001" name="const_130">
<pin_list>
<pin id="131" dir="1" index="0" bw="1" slack="0"/>
</pin_list>
<bind>
<StgValue><ssdm name=""/></StgValue>
</bind>
</comp>

<comp id="132" class="1001" name="const_132">
<pin_list>
<pin id="133" dir="1" index="0" bw="1" slack="0"/>
</pin_list>
<bind>
<StgValue><ssdm name="_ssdm_op_BitConcatenate.i512.i29.i3.i32.i32.i32.i32.i32.i32.i32.i32.i32.i32.i32.i32.i32.i32.i32"/></StgValue>
</bind>
</comp>

<comp id="134" class="1004" name="b_loc_fu_134">
<pin_list>
<pin id="135" dir="0" index="0" bw="1" slack="0"/>
<pin id="136" dir="1" index="1" bw="32" slack="4"/>
</pin_list>
<bind>
<opcode="alloca(26) " fcode="alloca"/>
<opset="b_loc/1 "/>
</bind>
</comp>

<comp id="138" class="1004" name="b_4_loc_fu_138">
<pin_list>
<pin id="139" dir="0" index="0" bw="1" slack="0"/>
<pin id="140" dir="1" index="1" bw="32" slack="4"/>
</pin_list>
<bind>
<opcode="alloca(26) " fcode="alloca"/>
<opset="b_4_loc/1 "/>
</bind>
</comp>

<comp id="142" class="1004" name="b_5_loc_fu_142">
<pin_list>
<pin id="143" dir="0" index="0" bw="1" slack="0"/>
<pin id="144" dir="1" index="1" bw="32" slack="4"/>
</pin_list>
<bind>
<opcode="alloca(26) " fcode="alloca"/>
<opset="b_5_loc/1 "/>
</bind>
</comp>

<comp id="146" class="1004" name="b_6_loc_fu_146">
<pin_list>
<pin id="147" dir="0" index="0" bw="1" slack="0"/>
<pin id="148" dir="1" index="1" bw="32" slack="4"/>
</pin_list>
<bind>
<opcode="alloca(26) " fcode="alloca"/>
<opset="b_6_loc/1 "/>
</bind>
</comp>

<comp id="150" class="1004" name="b_7_loc_fu_150">
<pin_list>
<pin id="151" dir="0" index="0" bw="1" slack="0"/>
<pin id="152" dir="1" index="1" bw="32" slack="4"/>
</pin_list>
<bind>
<opcode="alloca(26) " fcode="alloca"/>
<opset="b_7_loc/1 "/>
</bind>
</comp>

<comp id="154" class="1004" name="b_8_loc_fu_154">
<pin_list>
<pin id="155" dir="0" index="0" bw="1" slack="0"/>
<pin id="156" dir="1" index="1" bw="32" slack="4"/>
</pin_list>
<bind>
<opcode="alloca(26) " fcode="alloca"/>
<opset="b_8_loc/1 "/>
</bind>
</comp>

<comp id="158" class="1004" name="b_9_loc_fu_158">
<pin_list>
<pin id="159" dir="0" index="0" bw="1" slack="0"/>
<pin id="160" dir="1" index="1" bw="32" slack="4"/>
</pin_list>
<bind>
<opcode="alloca(26) " fcode="alloca"/>
<opset="b_9_loc/1 "/>
</bind>
</comp>

<comp id="162" class="1004" name="b_10_loc_fu_162">
<pin_list>
<pin id="163" dir="0" index="0" bw="1" slack="0"/>
<pin id="164" dir="1" index="1" bw="32" slack="4"/>
</pin_list>
<bind>
<opcode="alloca(26) " fcode="alloca"/>
<opset="b_10_loc/1 "/>
</bind>
</comp>

<comp id="166" class="1004" name="b_11_loc_fu_166">
<pin_list>
<pin id="167" dir="0" index="0" bw="1" slack="0"/>
<pin id="168" dir="1" index="1" bw="32" slack="4"/>
</pin_list>
<bind>
<opcode="alloca(26) " fcode="alloca"/>
<opset="b_11_loc/1 "/>
</bind>
</comp>

<comp id="170" class="1004" name="b_12_loc_fu_170">
<pin_list>
<pin id="171" dir="0" index="0" bw="1" slack="0"/>
<pin id="172" dir="1" index="1" bw="32" slack="4"/>
</pin_list>
<bind>
<opcode="alloca(26) " fcode="alloca"/>
<opset="b_12_loc/1 "/>
</bind>
</comp>

<comp id="174" class="1004" name="b_13_loc_fu_174">
<pin_list>
<pin id="175" dir="0" index="0" bw="1" slack="0"/>
<pin id="176" dir="1" index="1" bw="32" slack="4"/>
</pin_list>
<bind>
<opcode="alloca(26) " fcode="alloca"/>
<opset="b_13_loc/1 "/>
</bind>
</comp>

<comp id="178" class="1004" name="b_14_loc_fu_178">
<pin_list>
<pin id="179" dir="0" index="0" bw="1" slack="0"/>
<pin id="180" dir="1" index="1" bw="32" slack="4"/>
</pin_list>
<bind>
<opcode="alloca(26) " fcode="alloca"/>
<opset="b_14_loc/1 "/>
</bind>
</comp>

<comp id="182" class="1004" name="b_15_loc_fu_182">
<pin_list>
<pin id="183" dir="0" index="0" bw="1" slack="0"/>
<pin id="184" dir="1" index="1" bw="32" slack="4"/>
</pin_list>
<bind>
<opcode="alloca(26) " fcode="alloca"/>
<opset="b_15_loc/1 "/>
</bind>
</comp>

<comp id="186" class="1004" name="b_16_loc_fu_186">
<pin_list>
<pin id="187" dir="0" index="0" bw="1" slack="0"/>
<pin id="188" dir="1" index="1" bw="32" slack="4"/>
</pin_list>
<bind>
<opcode="alloca(26) " fcode="alloca"/>
<opset="b_16_loc/1 "/>
</bind>
</comp>

<comp id="190" class="1004" name="grp_read_fu_190">
<pin_list>
<pin id="191" dir="0" index="0" bw="1" slack="0"/>
<pin id="192" dir="0" index="1" bw="1" slack="0"/>
<pin id="193" dir="1" index="2" bw="1" slack="1"/>
</pin_list>
<bind>
<opcode="read(1150) " fcode="read"/>
<opset="end_flag/1 end_flag_4/21 "/>
</bind>
</comp>

<comp id="196" class="1004" name="len_read_fu_196">
<pin_list>
<pin id="197" dir="0" index="0" bw="64" slack="0"/>
<pin id="198" dir="0" index="1" bw="64" slack="0"/>
<pin id="199" dir="1" index="2" bw="64" slack="0"/>
</pin_list>
<bind>
<opcode="read(1150) " fcode="read"/>
<opset="len/2 "/>
</bind>
</comp>

<comp id="202" class="1004" name="write_ln97_write_fu_202">
<pin_list>
<pin id="203" dir="0" index="0" bw="0" slack="0"/>
<pin id="204" dir="0" index="1" bw="64" slack="0"/>
<pin id="205" dir="0" index="2" bw="59" slack="0"/>
<pin id="206" dir="1" index="3" bw="0" slack="2147483647"/>
</pin_list>
<bind>
<opcode="write(1151) " fcode="write"/>
<opset="write_ln97/2 "/>
</bind>
</comp>

<comp id="209" class="1004" name="grp_write_fu_209">
<pin_list>
<pin id="210" dir="0" index="0" bw="0" slack="0"/>
<pin id="211" dir="0" index="1" bw="1" slack="0"/>
<pin id="212" dir="0" index="2" bw="1" slack="0"/>
<pin id="213" dir="1" index="3" bw="0" slack="2147483647"/>
</pin_list>
<bind>
<opcode="write(1151) " fcode="write"/>
<opset="write_ln98/2 write_ln272/2 "/>
</bind>
</comp>

<comp id="218" class="1004" name="grp_read_fu_218">
<pin_list>
<pin id="219" dir="0" index="0" bw="32" slack="0"/>
<pin id="220" dir="0" index="1" bw="32" slack="0"/>
<pin id="221" dir="1" index="2" bw="32" slack="0"/>
</pin_list>
<bind>
<opcode="read(1150) " fcode="read"/>
<opset="l/5 l_28/6 l_29/7 l_30/8 l_31/9 l_32/10 l_33/11 l_34/12 l_35/13 l_36/14 l_37/15 l_39/16 l_40/17 l_41/18 l_44/19 l_42/19 l_45/20 "/>
</bind>
</comp>

<comp id="224" class="1004" name="grp_write_fu_224">
<pin_list>
<pin id="225" dir="0" index="0" bw="0" slack="0"/>
<pin id="226" dir="0" index="1" bw="512" slack="0"/>
<pin id="227" dir="0" index="2" bw="512" slack="0"/>
<pin id="228" dir="1" index="3" bw="0" slack="2147483647"/>
</pin_list>
<bind>
<opcode="write(1151) " fcode="write"/>
<opset="write_ln151/5 write_ln250/20 write_ln268/21 write_ln203/23 "/>
</bind>
</comp>

<comp id="231" class="1005" name="end_flag_3_reg_231">
<pin_list>
<pin id="232" dir="0" index="0" bw="1" slack="2147483647"/>
<pin id="233" dir="1" index="1" bw="1" slack="2147483647"/>
</pin_list>
<bind>
<opset="end_flag_3 (phireg) "/>
</bind>
</comp>

<comp id="234" class="1004" name="end_flag_3_phi_fu_234">
<pin_list>
<pin id="235" dir="0" index="0" bw="1" slack="1"/>
<pin id="236" dir="0" index="1" bw="0" slack="2147483647"/>
<pin id="237" dir="0" index="2" bw="1" slack="1"/>
<pin id="238" dir="0" index="3" bw="0" slack="2147483647"/>
<pin id="239" dir="1" index="4" bw="1" slack="2147483647"/>
</pin_list>
<bind>
<opcode="phi(47) " fcode="phi"/>
<opset="end_flag_3/2 "/>
</bind>
</comp>

<comp id="240" class="1005" name="b225_0_14_load_reg_240">
<pin_list>
<pin id="241" dir="0" index="0" bw="32" slack="1"/>
<pin id="242" dir="1" index="1" bw="32" slack="1"/>
</pin_list>
<bind>
<opset="b225_0_14_load (phireg) "/>
</bind>
</comp>

<comp id="244" class="1004" name="b225_0_14_load_phi_fu_244">
<pin_list>
<pin id="245" dir="0" index="0" bw="32" slack="1"/>
<pin id="246" dir="0" index="1" bw="0" slack="2147483647"/>
<pin id="247" dir="0" index="2" bw="32" slack="1"/>
<pin id="248" dir="0" index="3" bw="0" slack="2147483647"/>
<pin id="249" dir="0" index="4" bw="32" slack="1"/>
<pin id="250" dir="0" index="5" bw="0" slack="2147483647"/>
<pin id="251" dir="0" index="6" bw="32" slack="1"/>
<pin id="252" dir="0" index="7" bw="0" slack="2147483647"/>
<pin id="253" dir="0" index="8" bw="32" slack="1"/>
<pin id="254" dir="0" index="9" bw="0" slack="2147483647"/>
<pin id="255" dir="1" index="10" bw="32" slack="0"/>
</pin_list>
<bind>
<opcode="phi(47) " fcode="phi"/>
<opset="b225_0_14_load/20 "/>
</bind>
</comp>

<comp id="257" class="1005" name="storemerge93_reg_257">
<pin_list>
<pin id="258" dir="0" index="0" bw="32" slack="2147483647"/>
<pin id="259" dir="1" index="1" bw="32" slack="2147483647"/>
</pin_list>
<bind>
<opset="storemerge93 (phireg) "/>
</bind>
</comp>

<comp id="260" class="1004" name="storemerge93_phi_fu_260">
<pin_list>
<pin id="261" dir="0" index="0" bw="32" slack="0"/>
<pin id="262" dir="0" index="1" bw="0" slack="2147483647"/>
<pin id="263" dir="0" index="2" bw="32" slack="0"/>
<pin id="264" dir="0" index="3" bw="0" slack="2147483647"/>
<pin id="265" dir="0" index="4" bw="32" slack="0"/>
<pin id="266" dir="0" index="5" bw="0" slack="2147483647"/>
<pin id="267" dir="0" index="6" bw="32" slack="0"/>
<pin id="268" dir="0" index="7" bw="0" slack="2147483647"/>
<pin id="269" dir="1" index="8" bw="32" slack="0"/>
</pin_list>
<bind>
<opcode="phi(47) " fcode="phi"/>
<opset="storemerge93/20 "/>
</bind>
</comp>

<comp id="270" class="1004" name="grp_preProcessing_Pipeline_LOOP_SHA256_GEN_FULL_BLKS_fu_270">
<pin_list>
<pin id="271" dir="0" index="0" bw="0" slack="0"/>
<pin id="272" dir="0" index="1" bw="58" slack="1"/>
<pin id="273" dir="0" index="2" bw="32" slack="0"/>
<pin id="274" dir="0" index="3" bw="512" slack="0"/>
<pin id="275" dir="1" index="4" bw="0" slack="2147483647"/>
</pin_list>
<bind>
<opcode="call(48) " fcode="call"/>
<opset="call_ln95/3 "/>
</bind>
</comp>

<comp id="279" class="1004" name="grp_preProcessing_Pipeline_LOOP_SHA256_GEN_COPY_TAIL_AND_ONE_fu_279">
<pin_list>
<pin id="280" dir="0" index="0" bw="0" slack="0"/>
<pin id="281" dir="0" index="1" bw="32" slack="0"/>
<pin id="282" dir="0" index="2" bw="4" slack="0"/>
<pin id="283" dir="0" index="3" bw="2" slack="3"/>
<pin id="284" dir="0" index="4" bw="32" slack="4"/>
<pin id="285" dir="0" index="5" bw="32" slack="4"/>
<pin id="286" dir="0" index="6" bw="32" slack="4"/>
<pin id="287" dir="0" index="7" bw="32" slack="4"/>
<pin id="288" dir="0" index="8" bw="32" slack="4"/>
<pin id="289" dir="0" index="9" bw="32" slack="4"/>
<pin id="290" dir="0" index="10" bw="32" slack="4"/>
<pin id="291" dir="0" index="11" bw="32" slack="4"/>
<pin id="292" dir="0" index="12" bw="32" slack="4"/>
<pin id="293" dir="0" index="13" bw="32" slack="4"/>
<pin id="294" dir="0" index="14" bw="32" slack="4"/>
<pin id="295" dir="0" index="15" bw="32" slack="4"/>
<pin id="296" dir="0" index="16" bw="32" slack="4"/>
<pin id="297" dir="0" index="17" bw="32" slack="4"/>
<pin id="298" dir="1" index="18" bw="0" slack="2147483647"/>
</pin_list>
<bind>
<opcode="call(48) " fcode="call"/>
<opset="call_ln91/5 "/>
</bind>
</comp>

<comp id="301" class="1004" name="grp_fu_301">
<pin_list>
<pin id="302" dir="0" index="0" bw="8" slack="0"/>
<pin id="303" dir="0" index="1" bw="32" slack="0"/>
<pin id="304" dir="0" index="2" bw="6" slack="0"/>
<pin id="305" dir="0" index="3" bw="6" slack="0"/>
<pin id="306" dir="1" index="4" bw="8" slack="0"/>
</pin_list>
<bind>
<opcode="partselect(1002) " fcode="partselect"/>
<opset="p_s/5 p_52/6 p_55/7 p_58/8 p_61/9 p_64/10 p_67/11 p_70/12 p_73/13 p_76/14 p_79/15 p_82/16 p_85/17 p_88/18 p_91/19 "/>
</bind>
</comp>

<comp id="311" class="1004" name="grp_fu_311">
<pin_list>
<pin id="312" dir="0" index="0" bw="8" slack="0"/>
<pin id="313" dir="0" index="1" bw="32" slack="0"/>
<pin id="314" dir="0" index="2" bw="5" slack="0"/>
<pin id="315" dir="0" index="3" bw="5" slack="0"/>
<pin id="316" dir="1" index="4" bw="8" slack="0"/>
</pin_list>
<bind>
<opcode="partselect(1002) " fcode="partselect"/>
<opset="p_50/5 p_53/6 p_56/7 p_59/8 p_62/9 p_65/10 p_68/11 p_71/12 p_74/13 p_77/14 p_80/15 p_83/16 p_86/17 p_89/18 tmp_4/19 p_92/19 tmp_6/20 "/>
</bind>
</comp>

<comp id="321" class="1004" name="grp_fu_321">
<pin_list>
<pin id="322" dir="0" index="0" bw="8" slack="0"/>
<pin id="323" dir="0" index="1" bw="32" slack="0"/>
<pin id="324" dir="0" index="2" bw="6" slack="0"/>
<pin id="325" dir="0" index="3" bw="6" slack="0"/>
<pin id="326" dir="1" index="4" bw="8" slack="0"/>
</pin_list>
<bind>
<opcode="partselect(1002) " fcode="partselect"/>
<opset="p_51/5 p_54/6 p_57/7 p_60/8 p_63/9 p_66/10 p_69/11 p_72/12 p_75/13 p_78/14 p_81/15 p_84/16 p_87/17 p_90/18 tmp_5/19 p_93/19 tmp_8/20 "/>
</bind>
</comp>

<comp id="331" class="1004" name="grp_fu_331">
<pin_list>
<pin id="332" dir="0" index="0" bw="32" slack="0"/>
<pin id="333" dir="0" index="1" bw="64" slack="3"/>
<pin id="334" dir="0" index="2" bw="6" slack="0"/>
<pin id="335" dir="0" index="3" bw="7" slack="0"/>
<pin id="336" dir="1" index="4" bw="32" slack="0"/>
</pin_list>
<bind>
<opcode="partselect(1002) " fcode="partselect"/>
<opset="tmp_3/5 tmp_7/20 tmp_s/23 "/>
</bind>
</comp>

<comp id="340" class="1004" name="trunc_ln91_fu_340">
<pin_list>
<pin id="341" dir="0" index="0" bw="64" slack="0"/>
<pin id="342" dir="1" index="1" bw="2" slack="3"/>
</pin_list>
<bind>
<opcode="trunc(33) " fcode="trunc"/>
<opset="trunc_ln91/2 "/>
</bind>
</comp>

<comp id="344" class="1004" name="left_fu_344">
<pin_list>
<pin id="345" dir="0" index="0" bw="64" slack="0"/>
<pin id="346" dir="1" index="1" bw="6" slack="0"/>
</pin_list>
<bind>
<opcode="trunc(33) " fcode="trunc"/>
<opset="left/2 "/>
</bind>
</comp>

<comp id="348" class="1004" name="trunc_ln264_fu_348">
<pin_list>
<pin id="349" dir="0" index="0" bw="64" slack="0"/>
<pin id="350" dir="1" index="1" bw="29" slack="3"/>
</pin_list>
<bind>
<opcode="trunc(33) " fcode="trunc"/>
<opset="trunc_ln264/2 "/>
</bind>
</comp>

<comp id="352" class="1004" name="trunc_ln_fu_352">
<pin_list>
<pin id="353" dir="0" index="0" bw="58" slack="0"/>
<pin id="354" dir="0" index="1" bw="64" slack="0"/>
<pin id="355" dir="0" index="2" bw="4" slack="0"/>
<pin id="356" dir="0" index="3" bw="7" slack="0"/>
<pin id="357" dir="1" index="4" bw="58" slack="0"/>
</pin_list>
<bind>
<opcode="partselect(1002) " fcode="partselect"/>
<opset="trunc_ln/2 "/>
</bind>
</comp>

<comp id="362" class="1004" name="zext_ln95_1_fu_362">
<pin_list>
<pin id="363" dir="0" index="0" bw="58" slack="0"/>
<pin id="364" dir="1" index="1" bw="59" slack="0"/>
</pin_list>
<bind>
<opcode="zext(34) " fcode="zext"/>
<opset="zext_ln95_1/2 "/>
</bind>
</comp>

<comp id="366" class="1004" name="icmp_ln95_fu_366">
<pin_list>
<pin id="367" dir="0" index="0" bw="6" slack="0"/>
<pin id="368" dir="0" index="1" bw="6" slack="0"/>
<pin id="369" dir="1" index="2" bw="1" slack="0"/>
</pin_list>
<bind>
<opcode="icmp(45) " fcode="icmp"/>
<opset="icmp_ln95/2 "/>
</bind>
</comp>

<comp id="372" class="1004" name="select_ln95_fu_372">
<pin_list>
<pin id="373" dir="0" index="0" bw="1" slack="0"/>
<pin id="374" dir="0" index="1" bw="59" slack="0"/>
<pin id="375" dir="0" index="2" bw="59" slack="0"/>
<pin id="376" dir="1" index="3" bw="59" slack="0"/>
</pin_list>
<bind>
<opcode="select(49) " fcode="select"/>
<opset="select_ln95/2 "/>
</bind>
</comp>

<comp id="380" class="1004" name="blk_num_fu_380">
<pin_list>
<pin id="381" dir="0" index="0" bw="3" slack="0"/>
<pin id="382" dir="0" index="1" bw="58" slack="0"/>
<pin id="383" dir="1" index="2" bw="59" slack="0"/>
</pin_list>
<bind>
<opcode="add(8) " fcode="add"/>
<opset="blk_num/2 "/>
</bind>
</comp>

<comp id="386" class="1004" name="zext_ln95_fu_386">
<pin_list>
<pin id="387" dir="0" index="0" bw="59" slack="0"/>
<pin id="388" dir="1" index="1" bw="64" slack="0"/>
</pin_list>
<bind>
<opcode="zext(34) " fcode="zext"/>
<opset="zext_ln95/2 "/>
</bind>
</comp>

<comp id="391" class="1004" name="fence_ln101_fu_391">
<pin_list>
<pin id="392" dir="0" index="0" bw="0" slack="0"/>
<pin id="393" dir="0" index="1" bw="64" slack="0"/>
<pin id="394" dir="0" index="2" bw="64" slack="0"/>
<pin id="395" dir="0" index="3" bw="1" slack="0"/>
<pin id="396" dir="0" index="4" bw="1" slack="0"/>
<pin id="397" dir="0" index="5" bw="32" slack="0"/>
<pin id="398" dir="0" index="6" bw="512" slack="0"/>
<pin id="399" dir="1" index="7" bw="0" slack="2147483647"/>
</pin_list>
<bind>
<opcode="fence(30) " fcode="fence"/>
<opset="fence_ln101/3 "/>
</bind>
</comp>

<comp id="407" class="1004" name="fence_ln125_fu_407">
<pin_list>
<pin id="408" dir="0" index="0" bw="0" slack="0"/>
<pin id="409" dir="0" index="1" bw="32" slack="0"/>
<pin id="410" dir="0" index="2" bw="512" slack="0"/>
<pin id="411" dir="0" index="3" bw="1" slack="0"/>
<pin id="412" dir="0" index="4" bw="512" slack="0"/>
<pin id="413" dir="0" index="5" bw="32" slack="0"/>
<pin id="414" dir="0" index="6" bw="1" slack="0"/>
<pin id="415" dir="1" index="7" bw="0" slack="2147483647"/>
</pin_list>
<bind>
<opcode="fence(30) " fcode="fence"/>
<opset="fence_ln125/5 "/>
</bind>
</comp>

<comp id="423" class="1004" name="icmp_ln129_fu_423">
<pin_list>
<pin id="424" dir="0" index="0" bw="6" slack="3"/>
<pin id="425" dir="0" index="1" bw="6" slack="0"/>
<pin id="426" dir="1" index="2" bw="1" slack="16"/>
</pin_list>
<bind>
<opcode="icmp(45) " fcode="icmp"/>
<opset="icmp_ln129/5 "/>
</bind>
</comp>

<comp id="428" class="1004" name="icmp_ln152_fu_428">
<pin_list>
<pin id="429" dir="0" index="0" bw="6" slack="3"/>
<pin id="430" dir="0" index="1" bw="6" slack="0"/>
<pin id="431" dir="1" index="2" bw="1" slack="16"/>
</pin_list>
<bind>
<opcode="icmp(45) " fcode="icmp"/>
<opset="icmp_ln152/5 "/>
</bind>
</comp>

<comp id="433" class="1004" name="p_cast_fu_433">
<pin_list>
<pin id="434" dir="0" index="0" bw="4" slack="0"/>
<pin id="435" dir="0" index="1" bw="64" slack="3"/>
<pin id="436" dir="0" index="2" bw="3" slack="0"/>
<pin id="437" dir="0" index="3" bw="4" slack="0"/>
<pin id="438" dir="1" index="4" bw="4" slack="0"/>
</pin_list>
<bind>
<opcode="partselect(1002) " fcode="partselect"/>
<opset="p_cast/5 "/>
</bind>
</comp>

<comp id="443" class="1004" name="empty_fu_443">
<pin_list>
<pin id="444" dir="0" index="0" bw="32" slack="0"/>
<pin id="445" dir="1" index="1" bw="8" slack="15"/>
</pin_list>
<bind>
<opcode="trunc(33) " fcode="trunc"/>
<opset="empty/5 "/>
</bind>
</comp>

<comp id="447" class="1004" name="fence_ln160_fu_447">
<pin_list>
<pin id="448" dir="0" index="0" bw="0" slack="0"/>
<pin id="449" dir="0" index="1" bw="64" slack="0"/>
<pin id="450" dir="0" index="2" bw="64" slack="0"/>
<pin id="451" dir="0" index="3" bw="1" slack="0"/>
<pin id="452" dir="0" index="4" bw="32" slack="0"/>
<pin id="453" dir="0" index="5" bw="512" slack="0"/>
<pin id="454" dir="0" index="6" bw="1" slack="0"/>
<pin id="455" dir="0" index="7" bw="32" slack="0"/>
<pin id="456" dir="1" index="8" bw="0" slack="2147483647"/>
</pin_list>
<bind>
<opcode="fence(30) " fcode="fence"/>
<opset="fence_ln160/5 "/>
</bind>
</comp>

<comp id="465" class="1004" name="or_ln151_1_fu_465">
<pin_list>
<pin id="466" dir="0" index="0" bw="512" slack="0"/>
<pin id="467" dir="0" index="1" bw="29" slack="3"/>
<pin id="468" dir="0" index="2" bw="1" slack="0"/>
<pin id="469" dir="0" index="3" bw="32" slack="0"/>
<pin id="470" dir="0" index="4" bw="33" slack="0"/>
<pin id="471" dir="1" index="5" bw="512" slack="0"/>
</pin_list>
<bind>
<opcode="bitconcatenate(1004) " fcode="bitconcatenate"/>
<opset="or_ln151_1/5 "/>
</bind>
</comp>

<comp id="477" class="1004" name="empty_65_fu_477">
<pin_list>
<pin id="478" dir="0" index="0" bw="32" slack="0"/>
<pin id="479" dir="1" index="1" bw="8" slack="14"/>
</pin_list>
<bind>
<opcode="trunc(33) " fcode="trunc"/>
<opset="empty_65/6 "/>
</bind>
</comp>

<comp id="481" class="1004" name="empty_66_fu_481">
<pin_list>
<pin id="482" dir="0" index="0" bw="32" slack="0"/>
<pin id="483" dir="1" index="1" bw="8" slack="13"/>
</pin_list>
<bind>
<opcode="trunc(33) " fcode="trunc"/>
<opset="empty_66/7 "/>
</bind>
</comp>

<comp id="485" class="1004" name="empty_67_fu_485">
<pin_list>
<pin id="486" dir="0" index="0" bw="32" slack="0"/>
<pin id="487" dir="1" index="1" bw="8" slack="12"/>
</pin_list>
<bind>
<opcode="trunc(33) " fcode="trunc"/>
<opset="empty_67/8 "/>
</bind>
</comp>

<comp id="489" class="1004" name="empty_68_fu_489">
<pin_list>
<pin id="490" dir="0" index="0" bw="32" slack="0"/>
<pin id="491" dir="1" index="1" bw="8" slack="11"/>
</pin_list>
<bind>
<opcode="trunc(33) " fcode="trunc"/>
<opset="empty_68/9 "/>
</bind>
</comp>

<comp id="493" class="1004" name="empty_69_fu_493">
<pin_list>
<pin id="494" dir="0" index="0" bw="32" slack="0"/>
<pin id="495" dir="1" index="1" bw="8" slack="10"/>
</pin_list>
<bind>
<opcode="trunc(33) " fcode="trunc"/>
<opset="empty_69/10 "/>
</bind>
</comp>

<comp id="497" class="1004" name="empty_70_fu_497">
<pin_list>
<pin id="498" dir="0" index="0" bw="32" slack="0"/>
<pin id="499" dir="1" index="1" bw="8" slack="9"/>
</pin_list>
<bind>
<opcode="trunc(33) " fcode="trunc"/>
<opset="empty_70/11 "/>
</bind>
</comp>

<comp id="501" class="1004" name="empty_71_fu_501">
<pin_list>
<pin id="502" dir="0" index="0" bw="32" slack="0"/>
<pin id="503" dir="1" index="1" bw="8" slack="8"/>
</pin_list>
<bind>
<opcode="trunc(33) " fcode="trunc"/>
<opset="empty_71/12 "/>
</bind>
</comp>

<comp id="505" class="1004" name="empty_72_fu_505">
<pin_list>
<pin id="506" dir="0" index="0" bw="32" slack="0"/>
<pin id="507" dir="1" index="1" bw="8" slack="7"/>
</pin_list>
<bind>
<opcode="trunc(33) " fcode="trunc"/>
<opset="empty_72/13 "/>
</bind>
</comp>

<comp id="509" class="1004" name="empty_73_fu_509">
<pin_list>
<pin id="510" dir="0" index="0" bw="32" slack="0"/>
<pin id="511" dir="1" index="1" bw="8" slack="6"/>
</pin_list>
<bind>
<opcode="trunc(33) " fcode="trunc"/>
<opset="empty_73/14 "/>
</bind>
</comp>

<comp id="513" class="1004" name="empty_74_fu_513">
<pin_list>
<pin id="514" dir="0" index="0" bw="32" slack="0"/>
<pin id="515" dir="1" index="1" bw="8" slack="5"/>
</pin_list>
<bind>
<opcode="trunc(33) " fcode="trunc"/>
<opset="empty_74/15 "/>
</bind>
</comp>

<comp id="517" class="1004" name="empty_75_fu_517">
<pin_list>
<pin id="518" dir="0" index="0" bw="32" slack="0"/>
<pin id="519" dir="1" index="1" bw="8" slack="4"/>
</pin_list>
<bind>
<opcode="trunc(33) " fcode="trunc"/>
<opset="empty_75/16 "/>
</bind>
</comp>

<comp id="521" class="1004" name="empty_76_fu_521">
<pin_list>
<pin id="522" dir="0" index="0" bw="32" slack="0"/>
<pin id="523" dir="1" index="1" bw="8" slack="3"/>
</pin_list>
<bind>
<opcode="trunc(33) " fcode="trunc"/>
<opset="empty_76/17 "/>
</bind>
</comp>

<comp id="525" class="1004" name="empty_77_fu_525">
<pin_list>
<pin id="526" dir="0" index="0" bw="32" slack="0"/>
<pin id="527" dir="1" index="1" bw="8" slack="2"/>
</pin_list>
<bind>
<opcode="trunc(33) " fcode="trunc"/>
<opset="empty_77/18 "/>
</bind>
</comp>

<comp id="529" class="1004" name="cmp275_fu_529">
<pin_list>
<pin id="530" dir="0" index="0" bw="2" slack="17"/>
<pin id="531" dir="0" index="1" bw="2" slack="0"/>
<pin id="532" dir="1" index="2" bw="1" slack="0"/>
</pin_list>
<bind>
<opcode="icmp(45) " fcode="icmp"/>
<opset="cmp275/19 "/>
</bind>
</comp>

<comp id="534" class="1004" name="cmp281_fu_534">
<pin_list>
<pin id="535" dir="0" index="0" bw="2" slack="17"/>
<pin id="536" dir="0" index="1" bw="2" slack="0"/>
<pin id="537" dir="1" index="2" bw="1" slack="1"/>
</pin_list>
<bind>
<opcode="icmp(45) " fcode="icmp"/>
<opset="cmp281/19 "/>
</bind>
</comp>

<comp id="539" class="1004" name="cmp298_fu_539">
<pin_list>
<pin id="540" dir="0" index="0" bw="2" slack="17"/>
<pin id="541" dir="0" index="1" bw="2" slack="0"/>
<pin id="542" dir="1" index="2" bw="1" slack="1"/>
</pin_list>
<bind>
<opcode="icmp(45) " fcode="icmp"/>
<opset="cmp298/19 "/>
</bind>
</comp>

<comp id="544" class="1004" name="icmp_ln215_fu_544">
<pin_list>
<pin id="545" dir="0" index="0" bw="4" slack="14"/>
<pin id="546" dir="0" index="1" bw="4" slack="0"/>
<pin id="547" dir="1" index="2" bw="1" slack="2147483647"/>
</pin_list>
<bind>
<opcode="icmp(45) " fcode="icmp"/>
<opset="icmp_ln215/19 "/>
</bind>
</comp>

<comp id="549" class="1004" name="trunc_ln245_fu_549">
<pin_list>
<pin id="550" dir="0" index="0" bw="32" slack="0"/>
<pin id="551" dir="1" index="1" bw="8" slack="0"/>
</pin_list>
<bind>
<opcode="trunc(33) " fcode="trunc"/>
<opset="trunc_ln245/19 "/>
</bind>
</comp>

<comp id="553" class="1004" name="or_ln3_fu_553">
<pin_list>
<pin id="554" dir="0" index="0" bw="32" slack="0"/>
<pin id="555" dir="0" index="1" bw="8" slack="0"/>
<pin id="556" dir="0" index="2" bw="8" slack="0"/>
<pin id="557" dir="0" index="3" bw="8" slack="0"/>
<pin id="558" dir="0" index="4" bw="8" slack="0"/>
<pin id="559" dir="1" index="5" bw="32" slack="1"/>
</pin_list>
<bind>
<opcode="bitconcatenate(1004) " fcode="bitconcatenate"/>
<opset="or_ln3/19 "/>
</bind>
</comp>

<comp id="565" class="1004" name="trunc_ln240_fu_565">
<pin_list>
<pin id="566" dir="0" index="0" bw="32" slack="0"/>
<pin id="567" dir="1" index="1" bw="8" slack="0"/>
</pin_list>
<bind>
<opcode="trunc(33) " fcode="trunc"/>
<opset="trunc_ln240/19 "/>
</bind>
</comp>

<comp id="569" class="1004" name="or_ln2_fu_569">
<pin_list>
<pin id="570" dir="0" index="0" bw="32" slack="0"/>
<pin id="571" dir="0" index="1" bw="8" slack="0"/>
<pin id="572" dir="0" index="2" bw="8" slack="0"/>
<pin id="573" dir="0" index="3" bw="16" slack="0"/>
<pin id="574" dir="1" index="4" bw="32" slack="1"/>
</pin_list>
<bind>
<opcode="bitconcatenate(1004) " fcode="bitconcatenate"/>
<opset="or_ln2/19 "/>
</bind>
</comp>

<comp id="579" class="1004" name="trunc_ln234_fu_579">
<pin_list>
<pin id="580" dir="0" index="0" bw="32" slack="0"/>
<pin id="581" dir="1" index="1" bw="8" slack="0"/>
</pin_list>
<bind>
<opcode="trunc(33) " fcode="trunc"/>
<opset="trunc_ln234/19 "/>
</bind>
</comp>

<comp id="583" class="1004" name="or_ln_fu_583">
<pin_list>
<pin id="584" dir="0" index="0" bw="32" slack="0"/>
<pin id="585" dir="0" index="1" bw="8" slack="0"/>
<pin id="586" dir="0" index="2" bw="24" slack="0"/>
<pin id="587" dir="1" index="3" bw="32" slack="1"/>
</pin_list>
<bind>
<opcode="bitconcatenate(1004) " fcode="bitconcatenate"/>
<opset="or_ln/19 "/>
</bind>
</comp>

<comp id="591" class="1004" name="empty_78_fu_591">
<pin_list>
<pin id="592" dir="0" index="0" bw="32" slack="0"/>
<pin id="593" dir="1" index="1" bw="8" slack="0"/>
</pin_list>
<bind>
<opcode="trunc(33) " fcode="trunc"/>
<opset="empty_78/19 "/>
</bind>
</comp>

<comp id="595" class="1004" name="l_43_fu_595">
<pin_list>
<pin id="596" dir="0" index="0" bw="32" slack="0"/>
<pin id="597" dir="0" index="1" bw="8" slack="0"/>
<pin id="598" dir="0" index="2" bw="8" slack="0"/>
<pin id="599" dir="0" index="3" bw="8" slack="0"/>
<pin id="600" dir="0" index="4" bw="8" slack="0"/>
<pin id="601" dir="1" index="5" bw="32" slack="1"/>
</pin_list>
<bind>
<opcode="bitconcatenate(1004) " fcode="bitconcatenate"/>
<opset="l_43/19 "/>
</bind>
</comp>

<comp id="607" class="1004" name="icmp_ln223_fu_607">
<pin_list>
<pin id="608" dir="0" index="0" bw="4" slack="14"/>
<pin id="609" dir="0" index="1" bw="4" slack="0"/>
<pin id="610" dir="1" index="2" bw="1" slack="0"/>
</pin_list>
<bind>
<opcode="icmp(45) " fcode="icmp"/>
<opset="icmp_ln223/19 "/>
</bind>
</comp>

<comp id="612" class="1004" name="or_ln223_fu_612">
<pin_list>
<pin id="613" dir="0" index="0" bw="1" slack="0"/>
<pin id="614" dir="0" index="1" bw="1" slack="0"/>
<pin id="615" dir="1" index="2" bw="1" slack="1"/>
</pin_list>
<bind>
<opcode="or(24) " fcode="or"/>
<opset="or_ln223/19 "/>
</bind>
</comp>

<comp id="618" class="1004" name="select_ln223_fu_618">
<pin_list>
<pin id="619" dir="0" index="0" bw="1" slack="1"/>
<pin id="620" dir="0" index="1" bw="32" slack="0"/>
<pin id="621" dir="0" index="2" bw="32" slack="0"/>
<pin id="622" dir="1" index="3" bw="32" slack="0"/>
</pin_list>
<bind>
<opcode="select(49) " fcode="select"/>
<opset="select_ln223/20 "/>
</bind>
</comp>

<comp id="626" class="1004" name="trunc_ln245_1_fu_626">
<pin_list>
<pin id="627" dir="0" index="0" bw="32" slack="0"/>
<pin id="628" dir="1" index="1" bw="8" slack="0"/>
</pin_list>
<bind>
<opcode="trunc(33) " fcode="trunc"/>
<opset="trunc_ln245_1/20 "/>
</bind>
</comp>

<comp id="630" class="1004" name="or_ln245_2_fu_630">
<pin_list>
<pin id="631" dir="0" index="0" bw="32" slack="0"/>
<pin id="632" dir="0" index="1" bw="8" slack="0"/>
<pin id="633" dir="0" index="2" bw="8" slack="0"/>
<pin id="634" dir="0" index="3" bw="8" slack="0"/>
<pin id="635" dir="0" index="4" bw="8" slack="0"/>
<pin id="636" dir="1" index="5" bw="32" slack="0"/>
</pin_list>
<bind>
<opcode="bitconcatenate(1004) " fcode="bitconcatenate"/>
<opset="or_ln245_2/20 "/>
</bind>
</comp>

<comp id="643" class="1004" name="trunc_ln240_1_fu_643">
<pin_list>
<pin id="644" dir="0" index="0" bw="32" slack="0"/>
<pin id="645" dir="1" index="1" bw="8" slack="0"/>
</pin_list>
<bind>
<opcode="trunc(33) " fcode="trunc"/>
<opset="trunc_ln240_1/20 "/>
</bind>
</comp>

<comp id="647" class="1004" name="or_ln240_1_fu_647">
<pin_list>
<pin id="648" dir="0" index="0" bw="32" slack="0"/>
<pin id="649" dir="0" index="1" bw="8" slack="0"/>
<pin id="650" dir="0" index="2" bw="8" slack="0"/>
<pin id="651" dir="0" index="3" bw="16" slack="0"/>
<pin id="652" dir="1" index="4" bw="32" slack="0"/>
</pin_list>
<bind>
<opcode="bitconcatenate(1004) " fcode="bitconcatenate"/>
<opset="or_ln240_1/20 "/>
</bind>
</comp>

<comp id="658" class="1004" name="trunc_ln234_1_fu_658">
<pin_list>
<pin id="659" dir="0" index="0" bw="32" slack="0"/>
<pin id="660" dir="1" index="1" bw="8" slack="0"/>
</pin_list>
<bind>
<opcode="trunc(33) " fcode="trunc"/>
<opset="trunc_ln234_1/20 "/>
</bind>
</comp>

<comp id="662" class="1004" name="or_ln235_1_fu_662">
<pin_list>
<pin id="663" dir="0" index="0" bw="32" slack="0"/>
<pin id="664" dir="0" index="1" bw="8" slack="0"/>
<pin id="665" dir="0" index="2" bw="24" slack="0"/>
<pin id="666" dir="1" index="3" bw="32" slack="0"/>
</pin_list>
<bind>
<opcode="bitconcatenate(1004) " fcode="bitconcatenate"/>
<opset="or_ln235_1/20 "/>
</bind>
</comp>

<comp id="671" class="1004" name="or_ln250_s_fu_671">
<pin_list>
<pin id="672" dir="0" index="0" bw="512" slack="0"/>
<pin id="673" dir="0" index="1" bw="32" slack="0"/>
<pin id="674" dir="0" index="2" bw="32" slack="0"/>
<pin id="675" dir="0" index="3" bw="8" slack="2"/>
<pin id="676" dir="0" index="4" bw="8" slack="2"/>
<pin id="677" dir="0" index="5" bw="8" slack="2"/>
<pin id="678" dir="0" index="6" bw="8" slack="2"/>
<pin id="679" dir="0" index="7" bw="8" slack="3"/>
<pin id="680" dir="0" index="8" bw="8" slack="3"/>
<pin id="681" dir="0" index="9" bw="8" slack="3"/>
<pin id="682" dir="0" index="10" bw="8" slack="3"/>
<pin id="683" dir="0" index="11" bw="8" slack="4"/>
<pin id="684" dir="0" index="12" bw="8" slack="4"/>
<pin id="685" dir="0" index="13" bw="8" slack="4"/>
<pin id="686" dir="0" index="14" bw="8" slack="4"/>
<pin id="687" dir="0" index="15" bw="8" slack="5"/>
<pin id="688" dir="0" index="16" bw="8" slack="5"/>
<pin id="689" dir="0" index="17" bw="8" slack="5"/>
<pin id="690" dir="0" index="18" bw="8" slack="5"/>
<pin id="691" dir="0" index="19" bw="8" slack="6"/>
<pin id="692" dir="0" index="20" bw="8" slack="6"/>
<pin id="693" dir="0" index="21" bw="8" slack="6"/>
<pin id="694" dir="0" index="22" bw="8" slack="6"/>
<pin id="695" dir="0" index="23" bw="8" slack="7"/>
<pin id="696" dir="0" index="24" bw="8" slack="7"/>
<pin id="697" dir="0" index="25" bw="8" slack="7"/>
<pin id="698" dir="0" index="26" bw="8" slack="7"/>
<pin id="699" dir="0" index="27" bw="8" slack="8"/>
<pin id="700" dir="0" index="28" bw="8" slack="8"/>
<pin id="701" dir="0" index="29" bw="8" slack="8"/>
<pin id="702" dir="0" index="30" bw="8" slack="8"/>
<pin id="703" dir="0" index="31" bw="8" slack="9"/>
<pin id="704" dir="0" index="32" bw="8" slack="9"/>
<pin id="705" dir="0" index="33" bw="8" slack="9"/>
<pin id="706" dir="0" index="34" bw="8" slack="9"/>
<pin id="707" dir="0" index="35" bw="8" slack="10"/>
<pin id="708" dir="0" index="36" bw="8" slack="10"/>
<pin id="709" dir="0" index="37" bw="8" slack="10"/>
<pin id="710" dir="0" index="38" bw="8" slack="10"/>
<pin id="711" dir="0" index="39" bw="8" slack="11"/>
<pin id="712" dir="0" index="40" bw="8" slack="11"/>
<pin id="713" dir="0" index="41" bw="8" slack="11"/>
<pin id="714" dir="0" index="42" bw="8" slack="11"/>
<pin id="715" dir="0" index="43" bw="8" slack="12"/>
<pin id="716" dir="0" index="44" bw="8" slack="12"/>
<pin id="717" dir="0" index="45" bw="8" slack="12"/>
<pin id="718" dir="0" index="46" bw="8" slack="12"/>
<pin id="719" dir="0" index="47" bw="8" slack="13"/>
<pin id="720" dir="0" index="48" bw="8" slack="13"/>
<pin id="721" dir="0" index="49" bw="8" slack="13"/>
<pin id="722" dir="0" index="50" bw="8" slack="13"/>
<pin id="723" dir="0" index="51" bw="8" slack="14"/>
<pin id="724" dir="0" index="52" bw="8" slack="14"/>
<pin id="725" dir="0" index="53" bw="8" slack="14"/>
<pin id="726" dir="0" index="54" bw="8" slack="14"/>
<pin id="727" dir="0" index="55" bw="8" slack="15"/>
<pin id="728" dir="0" index="56" bw="8" slack="15"/>
<pin id="729" dir="0" index="57" bw="8" slack="15"/>
<pin id="730" dir="0" index="58" bw="8" slack="15"/>
<pin id="731" dir="1" index="59" bw="512" slack="0"/>
</pin_list>
<bind>
<opcode="bitconcatenate(1004) " fcode="bitconcatenate"/>
<opset="or_ln250_s/20 "/>
</bind>
</comp>

<comp id="736" class="1004" name="or_ln268_s_fu_736">
<pin_list>
<pin id="737" dir="0" index="0" bw="512" slack="0"/>
<pin id="738" dir="0" index="1" bw="29" slack="19"/>
<pin id="739" dir="0" index="2" bw="1" slack="0"/>
<pin id="740" dir="0" index="3" bw="32" slack="1"/>
<pin id="741" dir="0" index="4" bw="1" slack="0"/>
<pin id="742" dir="1" index="5" bw="512" slack="0"/>
</pin_list>
<bind>
<opcode="bitconcatenate(1004) " fcode="bitconcatenate"/>
<opset="or_ln268_s/21 "/>
</bind>
</comp>

<comp id="747" class="1004" name="fence_ln203_fu_747">
<pin_list>
<pin id="748" dir="0" index="0" bw="0" slack="0"/>
<pin id="749" dir="0" index="1" bw="32" slack="0"/>
<pin id="750" dir="0" index="2" bw="1" slack="0"/>
<pin id="751" dir="0" index="3" bw="512" slack="0"/>
<pin id="752" dir="1" index="4" bw="0" slack="2147483647"/>
</pin_list>
<bind>
<opcode="fence(30) " fcode="fence"/>
<opset="fence_ln203/23 "/>
</bind>
</comp>

<comp id="757" class="1004" name="b_16_loc_load_load_fu_757">
<pin_list>
<pin id="758" dir="0" index="0" bw="32" slack="6"/>
<pin id="759" dir="1" index="1" bw="32" slack="0"/>
</pin_list>
<bind>
<opcode="load(27) " fcode="load"/>
<opset="b_16_loc_load/23 "/>
</bind>
</comp>

<comp id="760" class="1004" name="b_15_loc_load_load_fu_760">
<pin_list>
<pin id="761" dir="0" index="0" bw="32" slack="6"/>
<pin id="762" dir="1" index="1" bw="32" slack="0"/>
</pin_list>
<bind>
<opcode="load(27) " fcode="load"/>
<opset="b_15_loc_load/23 "/>
</bind>
</comp>

<comp id="763" class="1004" name="b_14_loc_load_load_fu_763">
<pin_list>
<pin id="764" dir="0" index="0" bw="32" slack="6"/>
<pin id="765" dir="1" index="1" bw="32" slack="0"/>
</pin_list>
<bind>
<opcode="load(27) " fcode="load"/>
<opset="b_14_loc_load/23 "/>
</bind>
</comp>

<comp id="766" class="1004" name="b_13_loc_load_load_fu_766">
<pin_list>
<pin id="767" dir="0" index="0" bw="32" slack="6"/>
<pin id="768" dir="1" index="1" bw="32" slack="0"/>
</pin_list>
<bind>
<opcode="load(27) " fcode="load"/>
<opset="b_13_loc_load/23 "/>
</bind>
</comp>

<comp id="769" class="1004" name="b_12_loc_load_load_fu_769">
<pin_list>
<pin id="770" dir="0" index="0" bw="32" slack="6"/>
<pin id="771" dir="1" index="1" bw="32" slack="0"/>
</pin_list>
<bind>
<opcode="load(27) " fcode="load"/>
<opset="b_12_loc_load/23 "/>
</bind>
</comp>

<comp id="772" class="1004" name="b_11_loc_load_load_fu_772">
<pin_list>
<pin id="773" dir="0" index="0" bw="32" slack="6"/>
<pin id="774" dir="1" index="1" bw="32" slack="0"/>
</pin_list>
<bind>
<opcode="load(27) " fcode="load"/>
<opset="b_11_loc_load/23 "/>
</bind>
</comp>

<comp id="775" class="1004" name="b_10_loc_load_load_fu_775">
<pin_list>
<pin id="776" dir="0" index="0" bw="32" slack="6"/>
<pin id="777" dir="1" index="1" bw="32" slack="0"/>
</pin_list>
<bind>
<opcode="load(27) " fcode="load"/>
<opset="b_10_loc_load/23 "/>
</bind>
</comp>

<comp id="778" class="1004" name="b_9_loc_load_load_fu_778">
<pin_list>
<pin id="779" dir="0" index="0" bw="32" slack="6"/>
<pin id="780" dir="1" index="1" bw="32" slack="0"/>
</pin_list>
<bind>
<opcode="load(27) " fcode="load"/>
<opset="b_9_loc_load/23 "/>
</bind>
</comp>

<comp id="781" class="1004" name="b_8_loc_load_load_fu_781">
<pin_list>
<pin id="782" dir="0" index="0" bw="32" slack="6"/>
<pin id="783" dir="1" index="1" bw="32" slack="0"/>
</pin_list>
<bind>
<opcode="load(27) " fcode="load"/>
<opset="b_8_loc_load/23 "/>
</bind>
</comp>

<comp id="784" class="1004" name="b_7_loc_load_load_fu_784">
<pin_list>
<pin id="785" dir="0" index="0" bw="32" slack="6"/>
<pin id="786" dir="1" index="1" bw="32" slack="0"/>
</pin_list>
<bind>
<opcode="load(27) " fcode="load"/>
<opset="b_7_loc_load/23 "/>
</bind>
</comp>

<comp id="787" class="1004" name="b_6_loc_load_load_fu_787">
<pin_list>
<pin id="788" dir="0" index="0" bw="32" slack="6"/>
<pin id="789" dir="1" index="1" bw="32" slack="0"/>
</pin_list>
<bind>
<opcode="load(27) " fcode="load"/>
<opset="b_6_loc_load/23 "/>
</bind>
</comp>

<comp id="790" class="1004" name="b_5_loc_load_load_fu_790">
<pin_list>
<pin id="791" dir="0" index="0" bw="32" slack="6"/>
<pin id="792" dir="1" index="1" bw="32" slack="0"/>
</pin_list>
<bind>
<opcode="load(27) " fcode="load"/>
<opset="b_5_loc_load/23 "/>
</bind>
</comp>

<comp id="793" class="1004" name="b_4_loc_load_load_fu_793">
<pin_list>
<pin id="794" dir="0" index="0" bw="32" slack="6"/>
<pin id="795" dir="1" index="1" bw="32" slack="0"/>
</pin_list>
<bind>
<opcode="load(27) " fcode="load"/>
<opset="b_4_loc_load/23 "/>
</bind>
</comp>

<comp id="796" class="1004" name="b_loc_load_load_fu_796">
<pin_list>
<pin id="797" dir="0" index="0" bw="32" slack="6"/>
<pin id="798" dir="1" index="1" bw="32" slack="0"/>
</pin_list>
<bind>
<opcode="load(27) " fcode="load"/>
<opset="b_loc_load/23 "/>
</bind>
</comp>

<comp id="799" class="1004" name="or_ln203_s_fu_799">
<pin_list>
<pin id="800" dir="0" index="0" bw="512" slack="0"/>
<pin id="801" dir="0" index="1" bw="29" slack="5"/>
<pin id="802" dir="0" index="2" bw="1" slack="0"/>
<pin id="803" dir="0" index="3" bw="32" slack="0"/>
<pin id="804" dir="0" index="4" bw="32" slack="0"/>
<pin id="805" dir="0" index="5" bw="32" slack="0"/>
<pin id="806" dir="0" index="6" bw="32" slack="0"/>
<pin id="807" dir="0" index="7" bw="32" slack="0"/>
<pin id="808" dir="0" index="8" bw="32" slack="0"/>
<pin id="809" dir="0" index="9" bw="32" slack="0"/>
<pin id="810" dir="0" index="10" bw="32" slack="0"/>
<pin id="811" dir="0" index="11" bw="32" slack="0"/>
<pin id="812" dir="0" index="12" bw="32" slack="0"/>
<pin id="813" dir="0" index="13" bw="32" slack="0"/>
<pin id="814" dir="0" index="14" bw="32" slack="0"/>
<pin id="815" dir="0" index="15" bw="32" slack="0"/>
<pin id="816" dir="0" index="16" bw="32" slack="0"/>
<pin id="817" dir="0" index="17" bw="32" slack="0"/>
<pin id="818" dir="1" index="18" bw="512" slack="0"/>
</pin_list>
<bind>
<opcode="bitconcatenate(1004) " fcode="bitconcatenate"/>
<opset="or_ln203_s/23 "/>
</bind>
</comp>

<comp id="837" class="1005" name="b_loc_reg_837">
<pin_list>
<pin id="838" dir="0" index="0" bw="32" slack="4"/>
<pin id="839" dir="1" index="1" bw="32" slack="4"/>
</pin_list>
<bind>
<opset="b_loc "/>
</bind>
</comp>

<comp id="843" class="1005" name="b_4_loc_reg_843">
<pin_list>
<pin id="844" dir="0" index="0" bw="32" slack="4"/>
<pin id="845" dir="1" index="1" bw="32" slack="4"/>
</pin_list>
<bind>
<opset="b_4_loc "/>
</bind>
</comp>

<comp id="849" class="1005" name="b_5_loc_reg_849">
<pin_list>
<pin id="850" dir="0" index="0" bw="32" slack="4"/>
<pin id="851" dir="1" index="1" bw="32" slack="4"/>
</pin_list>
<bind>
<opset="b_5_loc "/>
</bind>
</comp>

<comp id="855" class="1005" name="b_6_loc_reg_855">
<pin_list>
<pin id="856" dir="0" index="0" bw="32" slack="4"/>
<pin id="857" dir="1" index="1" bw="32" slack="4"/>
</pin_list>
<bind>
<opset="b_6_loc "/>
</bind>
</comp>

<comp id="861" class="1005" name="b_7_loc_reg_861">
<pin_list>
<pin id="862" dir="0" index="0" bw="32" slack="4"/>
<pin id="863" dir="1" index="1" bw="32" slack="4"/>
</pin_list>
<bind>
<opset="b_7_loc "/>
</bind>
</comp>

<comp id="867" class="1005" name="b_8_loc_reg_867">
<pin_list>
<pin id="868" dir="0" index="0" bw="32" slack="4"/>
<pin id="869" dir="1" index="1" bw="32" slack="4"/>
</pin_list>
<bind>
<opset="b_8_loc "/>
</bind>
</comp>

<comp id="873" class="1005" name="b_9_loc_reg_873">
<pin_list>
<pin id="874" dir="0" index="0" bw="32" slack="4"/>
<pin id="875" dir="1" index="1" bw="32" slack="4"/>
</pin_list>
<bind>
<opset="b_9_loc "/>
</bind>
</comp>

<comp id="879" class="1005" name="b_10_loc_reg_879">
<pin_list>
<pin id="880" dir="0" index="0" bw="32" slack="4"/>
<pin id="881" dir="1" index="1" bw="32" slack="4"/>
</pin_list>
<bind>
<opset="b_10_loc "/>
</bind>
</comp>

<comp id="885" class="1005" name="b_11_loc_reg_885">
<pin_list>
<pin id="886" dir="0" index="0" bw="32" slack="4"/>
<pin id="887" dir="1" index="1" bw="32" slack="4"/>
</pin_list>
<bind>
<opset="b_11_loc "/>
</bind>
</comp>

<comp id="891" class="1005" name="b_12_loc_reg_891">
<pin_list>
<pin id="892" dir="0" index="0" bw="32" slack="4"/>
<pin id="893" dir="1" index="1" bw="32" slack="4"/>
</pin_list>
<bind>
<opset="b_12_loc "/>
</bind>
</comp>

<comp id="897" class="1005" name="b_13_loc_reg_897">
<pin_list>
<pin id="898" dir="0" index="0" bw="32" slack="4"/>
<pin id="899" dir="1" index="1" bw="32" slack="4"/>
</pin_list>
<bind>
<opset="b_13_loc "/>
</bind>
</comp>

<comp id="903" class="1005" name="b_14_loc_reg_903">
<pin_list>
<pin id="904" dir="0" index="0" bw="32" slack="4"/>
<pin id="905" dir="1" index="1" bw="32" slack="4"/>
</pin_list>
<bind>
<opset="b_14_loc "/>
</bind>
</comp>

<comp id="909" class="1005" name="b_15_loc_reg_909">
<pin_list>
<pin id="910" dir="0" index="0" bw="32" slack="4"/>
<pin id="911" dir="1" index="1" bw="32" slack="4"/>
</pin_list>
<bind>
<opset="b_15_loc "/>
</bind>
</comp>

<comp id="915" class="1005" name="b_16_loc_reg_915">
<pin_list>
<pin id="916" dir="0" index="0" bw="32" slack="4"/>
<pin id="917" dir="1" index="1" bw="32" slack="4"/>
</pin_list>
<bind>
<opset="b_16_loc "/>
</bind>
</comp>

<comp id="921" class="1005" name="end_flag_reg_921">
<pin_list>
<pin id="922" dir="0" index="0" bw="1" slack="1"/>
<pin id="923" dir="1" index="1" bw="1" slack="1"/>
</pin_list>
<bind>
<opset="end_flag "/>
</bind>
</comp>

<comp id="926" class="1005" name="len_reg_926">
<pin_list>
<pin id="927" dir="0" index="0" bw="64" slack="3"/>
<pin id="928" dir="1" index="1" bw="64" slack="3"/>
</pin_list>
<bind>
<opset="len "/>
</bind>
</comp>

<comp id="932" class="1005" name="trunc_ln91_reg_932">
<pin_list>
<pin id="933" dir="0" index="0" bw="2" slack="3"/>
<pin id="934" dir="1" index="1" bw="2" slack="3"/>
</pin_list>
<bind>
<opset="trunc_ln91 "/>
</bind>
</comp>

<comp id="940" class="1005" name="left_reg_940">
<pin_list>
<pin id="941" dir="0" index="0" bw="6" slack="3"/>
<pin id="942" dir="1" index="1" bw="6" slack="3"/>
</pin_list>
<bind>
<opset="left "/>
</bind>
</comp>

<comp id="946" class="1005" name="trunc_ln264_reg_946">
<pin_list>
<pin id="947" dir="0" index="0" bw="29" slack="3"/>
<pin id="948" dir="1" index="1" bw="29" slack="3"/>
</pin_list>
<bind>
<opset="trunc_ln264 "/>
</bind>
</comp>

<comp id="953" class="1005" name="trunc_ln_reg_953">
<pin_list>
<pin id="954" dir="0" index="0" bw="58" slack="1"/>
<pin id="955" dir="1" index="1" bw="58" slack="1"/>
</pin_list>
<bind>
<opset="trunc_ln "/>
</bind>
</comp>

<comp id="958" class="1005" name="icmp_ln129_reg_958">
<pin_list>
<pin id="959" dir="0" index="0" bw="1" slack="16"/>
<pin id="960" dir="1" index="1" bw="1" slack="2147483647"/>
</pin_list>
<bind>
<opset="icmp_ln129 "/>
</bind>
</comp>

<comp id="962" class="1005" name="icmp_ln152_reg_962">
<pin_list>
<pin id="963" dir="0" index="0" bw="1" slack="16"/>
<pin id="964" dir="1" index="1" bw="1" slack="2147483647"/>
</pin_list>
<bind>
<opset="icmp_ln152 "/>
</bind>
</comp>

<comp id="966" class="1005" name="p_cast_reg_966">
<pin_list>
<pin id="967" dir="0" index="0" bw="4" slack="1"/>
<pin id="968" dir="1" index="1" bw="4" slack="1"/>
</pin_list>
<bind>
<opset="p_cast "/>
</bind>
</comp>

<comp id="973" class="1005" name="empty_reg_973">
<pin_list>
<pin id="974" dir="0" index="0" bw="8" slack="15"/>
<pin id="975" dir="1" index="1" bw="8" slack="15"/>
</pin_list>
<bind>
<opset="empty "/>
</bind>
</comp>

<comp id="978" class="1005" name="p_s_reg_978">
<pin_list>
<pin id="979" dir="0" index="0" bw="8" slack="15"/>
<pin id="980" dir="1" index="1" bw="8" slack="15"/>
</pin_list>
<bind>
<opset="p_s "/>
</bind>
</comp>

<comp id="983" class="1005" name="p_50_reg_983">
<pin_list>
<pin id="984" dir="0" index="0" bw="8" slack="15"/>
<pin id="985" dir="1" index="1" bw="8" slack="15"/>
</pin_list>
<bind>
<opset="p_50 "/>
</bind>
</comp>

<comp id="988" class="1005" name="p_51_reg_988">
<pin_list>
<pin id="989" dir="0" index="0" bw="8" slack="15"/>
<pin id="990" dir="1" index="1" bw="8" slack="15"/>
</pin_list>
<bind>
<opset="p_51 "/>
</bind>
</comp>

<comp id="993" class="1005" name="empty_65_reg_993">
<pin_list>
<pin id="994" dir="0" index="0" bw="8" slack="14"/>
<pin id="995" dir="1" index="1" bw="8" slack="14"/>
</pin_list>
<bind>
<opset="empty_65 "/>
</bind>
</comp>

<comp id="998" class="1005" name="p_52_reg_998">
<pin_list>
<pin id="999" dir="0" index="0" bw="8" slack="14"/>
<pin id="1000" dir="1" index="1" bw="8" slack="14"/>
</pin_list>
<bind>
<opset="p_52 "/>
</bind>
</comp>

<comp id="1003" class="1005" name="p_53_reg_1003">
<pin_list>
<pin id="1004" dir="0" index="0" bw="8" slack="14"/>
<pin id="1005" dir="1" index="1" bw="8" slack="14"/>
</pin_list>
<bind>
<opset="p_53 "/>
</bind>
</comp>

<comp id="1008" class="1005" name="p_54_reg_1008">
<pin_list>
<pin id="1009" dir="0" index="0" bw="8" slack="14"/>
<pin id="1010" dir="1" index="1" bw="8" slack="14"/>
</pin_list>
<bind>
<opset="p_54 "/>
</bind>
</comp>

<comp id="1013" class="1005" name="empty_66_reg_1013">
<pin_list>
<pin id="1014" dir="0" index="0" bw="8" slack="13"/>
<pin id="1015" dir="1" index="1" bw="8" slack="13"/>
</pin_list>
<bind>
<opset="empty_66 "/>
</bind>
</comp>

<comp id="1018" class="1005" name="p_55_reg_1018">
<pin_list>
<pin id="1019" dir="0" index="0" bw="8" slack="13"/>
<pin id="1020" dir="1" index="1" bw="8" slack="13"/>
</pin_list>
<bind>
<opset="p_55 "/>
</bind>
</comp>

<comp id="1023" class="1005" name="p_56_reg_1023">
<pin_list>
<pin id="1024" dir="0" index="0" bw="8" slack="13"/>
<pin id="1025" dir="1" index="1" bw="8" slack="13"/>
</pin_list>
<bind>
<opset="p_56 "/>
</bind>
</comp>

<comp id="1028" class="1005" name="p_57_reg_1028">
<pin_list>
<pin id="1029" dir="0" index="0" bw="8" slack="13"/>
<pin id="1030" dir="1" index="1" bw="8" slack="13"/>
</pin_list>
<bind>
<opset="p_57 "/>
</bind>
</comp>

<comp id="1033" class="1005" name="empty_67_reg_1033">
<pin_list>
<pin id="1034" dir="0" index="0" bw="8" slack="12"/>
<pin id="1035" dir="1" index="1" bw="8" slack="12"/>
</pin_list>
<bind>
<opset="empty_67 "/>
</bind>
</comp>

<comp id="1038" class="1005" name="p_58_reg_1038">
<pin_list>
<pin id="1039" dir="0" index="0" bw="8" slack="12"/>
<pin id="1040" dir="1" index="1" bw="8" slack="12"/>
</pin_list>
<bind>
<opset="p_58 "/>
</bind>
</comp>

<comp id="1043" class="1005" name="p_59_reg_1043">
<pin_list>
<pin id="1044" dir="0" index="0" bw="8" slack="12"/>
<pin id="1045" dir="1" index="1" bw="8" slack="12"/>
</pin_list>
<bind>
<opset="p_59 "/>
</bind>
</comp>

<comp id="1048" class="1005" name="p_60_reg_1048">
<pin_list>
<pin id="1049" dir="0" index="0" bw="8" slack="12"/>
<pin id="1050" dir="1" index="1" bw="8" slack="12"/>
</pin_list>
<bind>
<opset="p_60 "/>
</bind>
</comp>

<comp id="1053" class="1005" name="empty_68_reg_1053">
<pin_list>
<pin id="1054" dir="0" index="0" bw="8" slack="11"/>
<pin id="1055" dir="1" index="1" bw="8" slack="11"/>
</pin_list>
<bind>
<opset="empty_68 "/>
</bind>
</comp>

<comp id="1058" class="1005" name="p_61_reg_1058">
<pin_list>
<pin id="1059" dir="0" index="0" bw="8" slack="11"/>
<pin id="1060" dir="1" index="1" bw="8" slack="11"/>
</pin_list>
<bind>
<opset="p_61 "/>
</bind>
</comp>

<comp id="1063" class="1005" name="p_62_reg_1063">
<pin_list>
<pin id="1064" dir="0" index="0" bw="8" slack="11"/>
<pin id="1065" dir="1" index="1" bw="8" slack="11"/>
</pin_list>
<bind>
<opset="p_62 "/>
</bind>
</comp>

<comp id="1068" class="1005" name="p_63_reg_1068">
<pin_list>
<pin id="1069" dir="0" index="0" bw="8" slack="11"/>
<pin id="1070" dir="1" index="1" bw="8" slack="11"/>
</pin_list>
<bind>
<opset="p_63 "/>
</bind>
</comp>

<comp id="1073" class="1005" name="empty_69_reg_1073">
<pin_list>
<pin id="1074" dir="0" index="0" bw="8" slack="10"/>
<pin id="1075" dir="1" index="1" bw="8" slack="10"/>
</pin_list>
<bind>
<opset="empty_69 "/>
</bind>
</comp>

<comp id="1078" class="1005" name="p_64_reg_1078">
<pin_list>
<pin id="1079" dir="0" index="0" bw="8" slack="10"/>
<pin id="1080" dir="1" index="1" bw="8" slack="10"/>
</pin_list>
<bind>
<opset="p_64 "/>
</bind>
</comp>

<comp id="1083" class="1005" name="p_65_reg_1083">
<pin_list>
<pin id="1084" dir="0" index="0" bw="8" slack="10"/>
<pin id="1085" dir="1" index="1" bw="8" slack="10"/>
</pin_list>
<bind>
<opset="p_65 "/>
</bind>
</comp>

<comp id="1088" class="1005" name="p_66_reg_1088">
<pin_list>
<pin id="1089" dir="0" index="0" bw="8" slack="10"/>
<pin id="1090" dir="1" index="1" bw="8" slack="10"/>
</pin_list>
<bind>
<opset="p_66 "/>
</bind>
</comp>

<comp id="1093" class="1005" name="empty_70_reg_1093">
<pin_list>
<pin id="1094" dir="0" index="0" bw="8" slack="9"/>
<pin id="1095" dir="1" index="1" bw="8" slack="9"/>
</pin_list>
<bind>
<opset="empty_70 "/>
</bind>
</comp>

<comp id="1098" class="1005" name="p_67_reg_1098">
<pin_list>
<pin id="1099" dir="0" index="0" bw="8" slack="9"/>
<pin id="1100" dir="1" index="1" bw="8" slack="9"/>
</pin_list>
<bind>
<opset="p_67 "/>
</bind>
</comp>

<comp id="1103" class="1005" name="p_68_reg_1103">
<pin_list>
<pin id="1104" dir="0" index="0" bw="8" slack="9"/>
<pin id="1105" dir="1" index="1" bw="8" slack="9"/>
</pin_list>
<bind>
<opset="p_68 "/>
</bind>
</comp>

<comp id="1108" class="1005" name="p_69_reg_1108">
<pin_list>
<pin id="1109" dir="0" index="0" bw="8" slack="9"/>
<pin id="1110" dir="1" index="1" bw="8" slack="9"/>
</pin_list>
<bind>
<opset="p_69 "/>
</bind>
</comp>

<comp id="1113" class="1005" name="empty_71_reg_1113">
<pin_list>
<pin id="1114" dir="0" index="0" bw="8" slack="8"/>
<pin id="1115" dir="1" index="1" bw="8" slack="8"/>
</pin_list>
<bind>
<opset="empty_71 "/>
</bind>
</comp>

<comp id="1118" class="1005" name="p_70_reg_1118">
<pin_list>
<pin id="1119" dir="0" index="0" bw="8" slack="8"/>
<pin id="1120" dir="1" index="1" bw="8" slack="8"/>
</pin_list>
<bind>
<opset="p_70 "/>
</bind>
</comp>

<comp id="1123" class="1005" name="p_71_reg_1123">
<pin_list>
<pin id="1124" dir="0" index="0" bw="8" slack="8"/>
<pin id="1125" dir="1" index="1" bw="8" slack="8"/>
</pin_list>
<bind>
<opset="p_71 "/>
</bind>
</comp>

<comp id="1128" class="1005" name="p_72_reg_1128">
<pin_list>
<pin id="1129" dir="0" index="0" bw="8" slack="8"/>
<pin id="1130" dir="1" index="1" bw="8" slack="8"/>
</pin_list>
<bind>
<opset="p_72 "/>
</bind>
</comp>

<comp id="1133" class="1005" name="empty_72_reg_1133">
<pin_list>
<pin id="1134" dir="0" index="0" bw="8" slack="7"/>
<pin id="1135" dir="1" index="1" bw="8" slack="7"/>
</pin_list>
<bind>
<opset="empty_72 "/>
</bind>
</comp>

<comp id="1138" class="1005" name="p_73_reg_1138">
<pin_list>
<pin id="1139" dir="0" index="0" bw="8" slack="7"/>
<pin id="1140" dir="1" index="1" bw="8" slack="7"/>
</pin_list>
<bind>
<opset="p_73 "/>
</bind>
</comp>

<comp id="1143" class="1005" name="p_74_reg_1143">
<pin_list>
<pin id="1144" dir="0" index="0" bw="8" slack="7"/>
<pin id="1145" dir="1" index="1" bw="8" slack="7"/>
</pin_list>
<bind>
<opset="p_74 "/>
</bind>
</comp>

<comp id="1148" class="1005" name="p_75_reg_1148">
<pin_list>
<pin id="1149" dir="0" index="0" bw="8" slack="7"/>
<pin id="1150" dir="1" index="1" bw="8" slack="7"/>
</pin_list>
<bind>
<opset="p_75 "/>
</bind>
</comp>

<comp id="1153" class="1005" name="empty_73_reg_1153">
<pin_list>
<pin id="1154" dir="0" index="0" bw="8" slack="6"/>
<pin id="1155" dir="1" index="1" bw="8" slack="6"/>
</pin_list>
<bind>
<opset="empty_73 "/>
</bind>
</comp>

<comp id="1158" class="1005" name="p_76_reg_1158">
<pin_list>
<pin id="1159" dir="0" index="0" bw="8" slack="6"/>
<pin id="1160" dir="1" index="1" bw="8" slack="6"/>
</pin_list>
<bind>
<opset="p_76 "/>
</bind>
</comp>

<comp id="1163" class="1005" name="p_77_reg_1163">
<pin_list>
<pin id="1164" dir="0" index="0" bw="8" slack="6"/>
<pin id="1165" dir="1" index="1" bw="8" slack="6"/>
</pin_list>
<bind>
<opset="p_77 "/>
</bind>
</comp>

<comp id="1168" class="1005" name="p_78_reg_1168">
<pin_list>
<pin id="1169" dir="0" index="0" bw="8" slack="6"/>
<pin id="1170" dir="1" index="1" bw="8" slack="6"/>
</pin_list>
<bind>
<opset="p_78 "/>
</bind>
</comp>

<comp id="1173" class="1005" name="empty_74_reg_1173">
<pin_list>
<pin id="1174" dir="0" index="0" bw="8" slack="5"/>
<pin id="1175" dir="1" index="1" bw="8" slack="5"/>
</pin_list>
<bind>
<opset="empty_74 "/>
</bind>
</comp>

<comp id="1178" class="1005" name="p_79_reg_1178">
<pin_list>
<pin id="1179" dir="0" index="0" bw="8" slack="5"/>
<pin id="1180" dir="1" index="1" bw="8" slack="5"/>
</pin_list>
<bind>
<opset="p_79 "/>
</bind>
</comp>

<comp id="1183" class="1005" name="p_80_reg_1183">
<pin_list>
<pin id="1184" dir="0" index="0" bw="8" slack="5"/>
<pin id="1185" dir="1" index="1" bw="8" slack="5"/>
</pin_list>
<bind>
<opset="p_80 "/>
</bind>
</comp>

<comp id="1188" class="1005" name="p_81_reg_1188">
<pin_list>
<pin id="1189" dir="0" index="0" bw="8" slack="5"/>
<pin id="1190" dir="1" index="1" bw="8" slack="5"/>
</pin_list>
<bind>
<opset="p_81 "/>
</bind>
</comp>

<comp id="1193" class="1005" name="empty_75_reg_1193">
<pin_list>
<pin id="1194" dir="0" index="0" bw="8" slack="4"/>
<pin id="1195" dir="1" index="1" bw="8" slack="4"/>
</pin_list>
<bind>
<opset="empty_75 "/>
</bind>
</comp>

<comp id="1198" class="1005" name="p_82_reg_1198">
<pin_list>
<pin id="1199" dir="0" index="0" bw="8" slack="4"/>
<pin id="1200" dir="1" index="1" bw="8" slack="4"/>
</pin_list>
<bind>
<opset="p_82 "/>
</bind>
</comp>

<comp id="1203" class="1005" name="p_83_reg_1203">
<pin_list>
<pin id="1204" dir="0" index="0" bw="8" slack="4"/>
<pin id="1205" dir="1" index="1" bw="8" slack="4"/>
</pin_list>
<bind>
<opset="p_83 "/>
</bind>
</comp>

<comp id="1208" class="1005" name="p_84_reg_1208">
<pin_list>
<pin id="1209" dir="0" index="0" bw="8" slack="4"/>
<pin id="1210" dir="1" index="1" bw="8" slack="4"/>
</pin_list>
<bind>
<opset="p_84 "/>
</bind>
</comp>

<comp id="1213" class="1005" name="empty_76_reg_1213">
<pin_list>
<pin id="1214" dir="0" index="0" bw="8" slack="3"/>
<pin id="1215" dir="1" index="1" bw="8" slack="3"/>
</pin_list>
<bind>
<opset="empty_76 "/>
</bind>
</comp>

<comp id="1218" class="1005" name="p_85_reg_1218">
<pin_list>
<pin id="1219" dir="0" index="0" bw="8" slack="3"/>
<pin id="1220" dir="1" index="1" bw="8" slack="3"/>
</pin_list>
<bind>
<opset="p_85 "/>
</bind>
</comp>

<comp id="1223" class="1005" name="p_86_reg_1223">
<pin_list>
<pin id="1224" dir="0" index="0" bw="8" slack="3"/>
<pin id="1225" dir="1" index="1" bw="8" slack="3"/>
</pin_list>
<bind>
<opset="p_86 "/>
</bind>
</comp>

<comp id="1228" class="1005" name="p_87_reg_1228">
<pin_list>
<pin id="1229" dir="0" index="0" bw="8" slack="3"/>
<pin id="1230" dir="1" index="1" bw="8" slack="3"/>
</pin_list>
<bind>
<opset="p_87 "/>
</bind>
</comp>

<comp id="1233" class="1005" name="empty_77_reg_1233">
<pin_list>
<pin id="1234" dir="0" index="0" bw="8" slack="2"/>
<pin id="1235" dir="1" index="1" bw="8" slack="2"/>
</pin_list>
<bind>
<opset="empty_77 "/>
</bind>
</comp>

<comp id="1238" class="1005" name="p_88_reg_1238">
<pin_list>
<pin id="1239" dir="0" index="0" bw="8" slack="2"/>
<pin id="1240" dir="1" index="1" bw="8" slack="2"/>
</pin_list>
<bind>
<opset="p_88 "/>
</bind>
</comp>

<comp id="1243" class="1005" name="p_89_reg_1243">
<pin_list>
<pin id="1244" dir="0" index="0" bw="8" slack="2"/>
<pin id="1245" dir="1" index="1" bw="8" slack="2"/>
</pin_list>
<bind>
<opset="p_89 "/>
</bind>
</comp>

<comp id="1248" class="1005" name="p_90_reg_1248">
<pin_list>
<pin id="1249" dir="0" index="0" bw="8" slack="2"/>
<pin id="1250" dir="1" index="1" bw="8" slack="2"/>
</pin_list>
<bind>
<opset="p_90 "/>
</bind>
</comp>

<comp id="1256" class="1005" name="cmp281_reg_1256">
<pin_list>
<pin id="1257" dir="0" index="0" bw="1" slack="1"/>
<pin id="1258" dir="1" index="1" bw="1" slack="2147483647"/>
</pin_list>
<bind>
<opset="cmp281 "/>
</bind>
</comp>

<comp id="1260" class="1005" name="cmp298_reg_1260">
<pin_list>
<pin id="1261" dir="0" index="0" bw="1" slack="1"/>
<pin id="1262" dir="1" index="1" bw="1" slack="2147483647"/>
</pin_list>
<bind>
<opset="cmp298 "/>
</bind>
</comp>

<comp id="1267" class="1005" name="or_ln3_reg_1267">
<pin_list>
<pin id="1268" dir="0" index="0" bw="32" slack="1"/>
<pin id="1269" dir="1" index="1" bw="32" slack="1"/>
</pin_list>
<bind>
<opset="or_ln3 "/>
</bind>
</comp>

<comp id="1272" class="1005" name="or_ln2_reg_1272">
<pin_list>
<pin id="1273" dir="0" index="0" bw="32" slack="1"/>
<pin id="1274" dir="1" index="1" bw="32" slack="1"/>
</pin_list>
<bind>
<opset="or_ln2 "/>
</bind>
</comp>

<comp id="1277" class="1005" name="or_ln_reg_1277">
<pin_list>
<pin id="1278" dir="0" index="0" bw="32" slack="1"/>
<pin id="1279" dir="1" index="1" bw="32" slack="1"/>
</pin_list>
<bind>
<opset="or_ln "/>
</bind>
</comp>

<comp id="1282" class="1005" name="l_43_reg_1282">
<pin_list>
<pin id="1283" dir="0" index="0" bw="32" slack="1"/>
<pin id="1284" dir="1" index="1" bw="32" slack="1"/>
</pin_list>
<bind>
<opset="l_43 "/>
</bind>
</comp>

<comp id="1287" class="1005" name="icmp_ln223_reg_1287">
<pin_list>
<pin id="1288" dir="0" index="0" bw="1" slack="1"/>
<pin id="1289" dir="1" index="1" bw="1" slack="1"/>
</pin_list>
<bind>
<opset="icmp_ln223 "/>
</bind>
</comp>

<comp id="1292" class="1005" name="or_ln223_reg_1292">
<pin_list>
<pin id="1293" dir="0" index="0" bw="1" slack="1"/>
<pin id="1294" dir="1" index="1" bw="1" slack="2147483647"/>
</pin_list>
<bind>
<opset="or_ln223 "/>
</bind>
</comp>

<comp id="1296" class="1005" name="tmp_7_reg_1296">
<pin_list>
<pin id="1297" dir="0" index="0" bw="32" slack="1"/>
<pin id="1298" dir="1" index="1" bw="32" slack="1"/>
</pin_list>
<bind>
<opset="tmp_7 "/>
</bind>
</comp>

<comp id="1301" class="1005" name="end_flag_4_reg_1301">
<pin_list>
<pin id="1302" dir="0" index="0" bw="1" slack="1"/>
<pin id="1303" dir="1" index="1" bw="1" slack="1"/>
</pin_list>
<bind>
<opset="end_flag_4 "/>
</bind>
</comp>

</comp_list>

<net_list>
<net id="137"><net_src comp="12" pin="0"/><net_sink comp="134" pin=0"/></net>

<net id="141"><net_src comp="12" pin="0"/><net_sink comp="138" pin=0"/></net>

<net id="145"><net_src comp="12" pin="0"/><net_sink comp="142" pin=0"/></net>

<net id="149"><net_src comp="12" pin="0"/><net_sink comp="146" pin=0"/></net>

<net id="153"><net_src comp="12" pin="0"/><net_sink comp="150" pin=0"/></net>

<net id="157"><net_src comp="12" pin="0"/><net_sink comp="154" pin=0"/></net>

<net id="161"><net_src comp="12" pin="0"/><net_sink comp="158" pin=0"/></net>

<net id="165"><net_src comp="12" pin="0"/><net_sink comp="162" pin=0"/></net>

<net id="169"><net_src comp="12" pin="0"/><net_sink comp="166" pin=0"/></net>

<net id="173"><net_src comp="12" pin="0"/><net_sink comp="170" pin=0"/></net>

<net id="177"><net_src comp="12" pin="0"/><net_sink comp="174" pin=0"/></net>

<net id="181"><net_src comp="12" pin="0"/><net_sink comp="178" pin=0"/></net>

<net id="185"><net_src comp="12" pin="0"/><net_sink comp="182" pin=0"/></net>

<net id="189"><net_src comp="12" pin="0"/><net_sink comp="186" pin=0"/></net>

<net id="194"><net_src comp="32" pin="0"/><net_sink comp="190" pin=0"/></net>

<net id="195"><net_src comp="4" pin="0"/><net_sink comp="190" pin=1"/></net>

<net id="200"><net_src comp="34" pin="0"/><net_sink comp="196" pin=0"/></net>

<net id="201"><net_src comp="2" pin="0"/><net_sink comp="196" pin=1"/></net>

<net id="207"><net_src comp="48" pin="0"/><net_sink comp="202" pin=0"/></net>

<net id="208"><net_src comp="8" pin="0"/><net_sink comp="202" pin=1"/></net>

<net id="214"><net_src comp="50" pin="0"/><net_sink comp="209" pin=0"/></net>

<net id="215"><net_src comp="10" pin="0"/><net_sink comp="209" pin=1"/></net>

<net id="216"><net_src comp="52" pin="0"/><net_sink comp="209" pin=2"/></net>

<net id="217"><net_src comp="54" pin="0"/><net_sink comp="209" pin=2"/></net>

<net id="222"><net_src comp="74" pin="0"/><net_sink comp="218" pin=0"/></net>

<net id="223"><net_src comp="0" pin="0"/><net_sink comp="218" pin=1"/></net>

<net id="229"><net_src comp="104" pin="0"/><net_sink comp="224" pin=0"/></net>

<net id="230"><net_src comp="6" pin="0"/><net_sink comp="224" pin=1"/></net>

<net id="243"><net_src comp="126" pin="0"/><net_sink comp="240" pin=0"/></net>

<net id="256"><net_src comp="240" pin="1"/><net_sink comp="244" pin=8"/></net>

<net id="276"><net_src comp="58" pin="0"/><net_sink comp="270" pin=0"/></net>

<net id="277"><net_src comp="0" pin="0"/><net_sink comp="270" pin=2"/></net>

<net id="278"><net_src comp="6" pin="0"/><net_sink comp="270" pin=3"/></net>

<net id="299"><net_src comp="90" pin="0"/><net_sink comp="279" pin=0"/></net>

<net id="300"><net_src comp="0" pin="0"/><net_sink comp="279" pin=1"/></net>

<net id="307"><net_src comp="76" pin="0"/><net_sink comp="301" pin=0"/></net>

<net id="308"><net_src comp="218" pin="2"/><net_sink comp="301" pin=1"/></net>

<net id="309"><net_src comp="78" pin="0"/><net_sink comp="301" pin=2"/></net>

<net id="310"><net_src comp="80" pin="0"/><net_sink comp="301" pin=3"/></net>

<net id="317"><net_src comp="76" pin="0"/><net_sink comp="311" pin=0"/></net>

<net id="318"><net_src comp="218" pin="2"/><net_sink comp="311" pin=1"/></net>

<net id="319"><net_src comp="82" pin="0"/><net_sink comp="311" pin=2"/></net>

<net id="320"><net_src comp="84" pin="0"/><net_sink comp="311" pin=3"/></net>

<net id="327"><net_src comp="76" pin="0"/><net_sink comp="321" pin=0"/></net>

<net id="328"><net_src comp="218" pin="2"/><net_sink comp="321" pin=1"/></net>

<net id="329"><net_src comp="86" pin="0"/><net_sink comp="321" pin=2"/></net>

<net id="330"><net_src comp="88" pin="0"/><net_sink comp="321" pin=3"/></net>

<net id="337"><net_src comp="92" pin="0"/><net_sink comp="331" pin=0"/></net>

<net id="338"><net_src comp="94" pin="0"/><net_sink comp="331" pin=2"/></net>

<net id="339"><net_src comp="96" pin="0"/><net_sink comp="331" pin=3"/></net>

<net id="343"><net_src comp="196" pin="2"/><net_sink comp="340" pin=0"/></net>

<net id="347"><net_src comp="196" pin="2"/><net_sink comp="344" pin=0"/></net>

<net id="351"><net_src comp="196" pin="2"/><net_sink comp="348" pin=0"/></net>

<net id="358"><net_src comp="36" pin="0"/><net_sink comp="352" pin=0"/></net>

<net id="359"><net_src comp="196" pin="2"/><net_sink comp="352" pin=1"/></net>

<net id="360"><net_src comp="38" pin="0"/><net_sink comp="352" pin=2"/></net>

<net id="361"><net_src comp="40" pin="0"/><net_sink comp="352" pin=3"/></net>

<net id="365"><net_src comp="352" pin="4"/><net_sink comp="362" pin=0"/></net>

<net id="370"><net_src comp="344" pin="1"/><net_sink comp="366" pin=0"/></net>

<net id="371"><net_src comp="42" pin="0"/><net_sink comp="366" pin=1"/></net>

<net id="377"><net_src comp="366" pin="2"/><net_sink comp="372" pin=0"/></net>

<net id="378"><net_src comp="44" pin="0"/><net_sink comp="372" pin=1"/></net>

<net id="379"><net_src comp="46" pin="0"/><net_sink comp="372" pin=2"/></net>

<net id="384"><net_src comp="372" pin="3"/><net_sink comp="380" pin=0"/></net>

<net id="385"><net_src comp="362" pin="1"/><net_sink comp="380" pin=1"/></net>

<net id="389"><net_src comp="380" pin="2"/><net_sink comp="386" pin=0"/></net>

<net id="390"><net_src comp="386" pin="1"/><net_sink comp="202" pin=2"/></net>

<net id="400"><net_src comp="56" pin="0"/><net_sink comp="391" pin=0"/></net>

<net id="401"><net_src comp="2" pin="0"/><net_sink comp="391" pin=1"/></net>

<net id="402"><net_src comp="8" pin="0"/><net_sink comp="391" pin=2"/></net>

<net id="403"><net_src comp="10" pin="0"/><net_sink comp="391" pin=3"/></net>

<net id="404"><net_src comp="30" pin="0"/><net_sink comp="391" pin=4"/></net>

<net id="405"><net_src comp="0" pin="0"/><net_sink comp="391" pin=5"/></net>

<net id="406"><net_src comp="6" pin="0"/><net_sink comp="391" pin=6"/></net>

<net id="416"><net_src comp="56" pin="0"/><net_sink comp="407" pin=0"/></net>

<net id="417"><net_src comp="0" pin="0"/><net_sink comp="407" pin=1"/></net>

<net id="418"><net_src comp="6" pin="0"/><net_sink comp="407" pin=2"/></net>

<net id="419"><net_src comp="30" pin="0"/><net_sink comp="407" pin=3"/></net>

<net id="420"><net_src comp="6" pin="0"/><net_sink comp="407" pin=4"/></net>

<net id="421"><net_src comp="0" pin="0"/><net_sink comp="407" pin=5"/></net>

<net id="422"><net_src comp="4" pin="0"/><net_sink comp="407" pin=6"/></net>

<net id="427"><net_src comp="64" pin="0"/><net_sink comp="423" pin=1"/></net>

<net id="432"><net_src comp="66" pin="0"/><net_sink comp="428" pin=1"/></net>

<net id="439"><net_src comp="68" pin="0"/><net_sink comp="433" pin=0"/></net>

<net id="440"><net_src comp="70" pin="0"/><net_sink comp="433" pin=2"/></net>

<net id="441"><net_src comp="72" pin="0"/><net_sink comp="433" pin=3"/></net>

<net id="442"><net_src comp="433" pin="4"/><net_sink comp="279" pin=2"/></net>

<net id="446"><net_src comp="218" pin="2"/><net_sink comp="443" pin=0"/></net>

<net id="457"><net_src comp="56" pin="0"/><net_sink comp="447" pin=0"/></net>

<net id="458"><net_src comp="2" pin="0"/><net_sink comp="447" pin=1"/></net>

<net id="459"><net_src comp="8" pin="0"/><net_sink comp="447" pin=2"/></net>

<net id="460"><net_src comp="10" pin="0"/><net_sink comp="447" pin=3"/></net>

<net id="461"><net_src comp="0" pin="0"/><net_sink comp="447" pin=4"/></net>

<net id="462"><net_src comp="6" pin="0"/><net_sink comp="447" pin=5"/></net>

<net id="463"><net_src comp="30" pin="0"/><net_sink comp="447" pin=6"/></net>

<net id="464"><net_src comp="0" pin="0"/><net_sink comp="447" pin=7"/></net>

<net id="472"><net_src comp="98" pin="0"/><net_sink comp="465" pin=0"/></net>

<net id="473"><net_src comp="100" pin="0"/><net_sink comp="465" pin=2"/></net>

<net id="474"><net_src comp="331" pin="4"/><net_sink comp="465" pin=3"/></net>

<net id="475"><net_src comp="102" pin="0"/><net_sink comp="465" pin=4"/></net>

<net id="476"><net_src comp="465" pin="5"/><net_sink comp="224" pin=2"/></net>

<net id="480"><net_src comp="218" pin="2"/><net_sink comp="477" pin=0"/></net>

<net id="484"><net_src comp="218" pin="2"/><net_sink comp="481" pin=0"/></net>

<net id="488"><net_src comp="218" pin="2"/><net_sink comp="485" pin=0"/></net>

<net id="492"><net_src comp="218" pin="2"/><net_sink comp="489" pin=0"/></net>

<net id="496"><net_src comp="218" pin="2"/><net_sink comp="493" pin=0"/></net>

<net id="500"><net_src comp="218" pin="2"/><net_sink comp="497" pin=0"/></net>

<net id="504"><net_src comp="218" pin="2"/><net_sink comp="501" pin=0"/></net>

<net id="508"><net_src comp="218" pin="2"/><net_sink comp="505" pin=0"/></net>

<net id="512"><net_src comp="218" pin="2"/><net_sink comp="509" pin=0"/></net>

<net id="516"><net_src comp="218" pin="2"/><net_sink comp="513" pin=0"/></net>

<net id="520"><net_src comp="218" pin="2"/><net_sink comp="517" pin=0"/></net>

<net id="524"><net_src comp="218" pin="2"/><net_sink comp="521" pin=0"/></net>

<net id="528"><net_src comp="218" pin="2"/><net_sink comp="525" pin=0"/></net>

<net id="533"><net_src comp="106" pin="0"/><net_sink comp="529" pin=1"/></net>

<net id="538"><net_src comp="108" pin="0"/><net_sink comp="534" pin=1"/></net>

<net id="543"><net_src comp="110" pin="0"/><net_sink comp="539" pin=1"/></net>

<net id="548"><net_src comp="112" pin="0"/><net_sink comp="544" pin=1"/></net>

<net id="552"><net_src comp="218" pin="2"/><net_sink comp="549" pin=0"/></net>

<net id="560"><net_src comp="114" pin="0"/><net_sink comp="553" pin=0"/></net>

<net id="561"><net_src comp="549" pin="1"/><net_sink comp="553" pin=1"/></net>

<net id="562"><net_src comp="311" pin="4"/><net_sink comp="553" pin=2"/></net>

<net id="563"><net_src comp="321" pin="4"/><net_sink comp="553" pin=3"/></net>

<net id="564"><net_src comp="116" pin="0"/><net_sink comp="553" pin=4"/></net>

<net id="568"><net_src comp="218" pin="2"/><net_sink comp="565" pin=0"/></net>

<net id="575"><net_src comp="118" pin="0"/><net_sink comp="569" pin=0"/></net>

<net id="576"><net_src comp="565" pin="1"/><net_sink comp="569" pin=1"/></net>

<net id="577"><net_src comp="311" pin="4"/><net_sink comp="569" pin=2"/></net>

<net id="578"><net_src comp="120" pin="0"/><net_sink comp="569" pin=3"/></net>

<net id="582"><net_src comp="218" pin="2"/><net_sink comp="579" pin=0"/></net>

<net id="588"><net_src comp="122" pin="0"/><net_sink comp="583" pin=0"/></net>

<net id="589"><net_src comp="579" pin="1"/><net_sink comp="583" pin=1"/></net>

<net id="590"><net_src comp="124" pin="0"/><net_sink comp="583" pin=2"/></net>

<net id="594"><net_src comp="218" pin="2"/><net_sink comp="591" pin=0"/></net>

<net id="602"><net_src comp="114" pin="0"/><net_sink comp="595" pin=0"/></net>

<net id="603"><net_src comp="591" pin="1"/><net_sink comp="595" pin=1"/></net>

<net id="604"><net_src comp="311" pin="4"/><net_sink comp="595" pin=2"/></net>

<net id="605"><net_src comp="321" pin="4"/><net_sink comp="595" pin=3"/></net>

<net id="606"><net_src comp="301" pin="4"/><net_sink comp="595" pin=4"/></net>

<net id="611"><net_src comp="112" pin="0"/><net_sink comp="607" pin=1"/></net>

<net id="616"><net_src comp="607" pin="2"/><net_sink comp="612" pin=0"/></net>

<net id="617"><net_src comp="529" pin="2"/><net_sink comp="612" pin=1"/></net>

<net id="623"><net_src comp="26" pin="0"/><net_sink comp="618" pin=1"/></net>

<net id="624"><net_src comp="126" pin="0"/><net_sink comp="618" pin=2"/></net>

<net id="625"><net_src comp="618" pin="3"/><net_sink comp="260" pin=6"/></net>

<net id="629"><net_src comp="218" pin="2"/><net_sink comp="626" pin=0"/></net>

<net id="637"><net_src comp="114" pin="0"/><net_sink comp="630" pin=0"/></net>

<net id="638"><net_src comp="626" pin="1"/><net_sink comp="630" pin=1"/></net>

<net id="639"><net_src comp="311" pin="4"/><net_sink comp="630" pin=2"/></net>

<net id="640"><net_src comp="321" pin="4"/><net_sink comp="630" pin=3"/></net>

<net id="641"><net_src comp="116" pin="0"/><net_sink comp="630" pin=4"/></net>

<net id="642"><net_src comp="630" pin="5"/><net_sink comp="260" pin=2"/></net>

<net id="646"><net_src comp="218" pin="2"/><net_sink comp="643" pin=0"/></net>

<net id="653"><net_src comp="118" pin="0"/><net_sink comp="647" pin=0"/></net>

<net id="654"><net_src comp="643" pin="1"/><net_sink comp="647" pin=1"/></net>

<net id="655"><net_src comp="311" pin="4"/><net_sink comp="647" pin=2"/></net>

<net id="656"><net_src comp="120" pin="0"/><net_sink comp="647" pin=3"/></net>

<net id="657"><net_src comp="647" pin="4"/><net_sink comp="260" pin=4"/></net>

<net id="661"><net_src comp="218" pin="2"/><net_sink comp="658" pin=0"/></net>

<net id="667"><net_src comp="122" pin="0"/><net_sink comp="662" pin=0"/></net>

<net id="668"><net_src comp="658" pin="1"/><net_sink comp="662" pin=1"/></net>

<net id="669"><net_src comp="124" pin="0"/><net_sink comp="662" pin=2"/></net>

<net id="670"><net_src comp="662" pin="3"/><net_sink comp="260" pin=0"/></net>

<net id="732"><net_src comp="128" pin="0"/><net_sink comp="671" pin=0"/></net>

<net id="733"><net_src comp="260" pin="8"/><net_sink comp="671" pin=1"/></net>

<net id="734"><net_src comp="244" pin="10"/><net_sink comp="671" pin=2"/></net>

<net id="735"><net_src comp="671" pin="59"/><net_sink comp="224" pin=2"/></net>

<net id="743"><net_src comp="98" pin="0"/><net_sink comp="736" pin=0"/></net>

<net id="744"><net_src comp="100" pin="0"/><net_sink comp="736" pin=2"/></net>

<net id="745"><net_src comp="130" pin="0"/><net_sink comp="736" pin=4"/></net>

<net id="746"><net_src comp="736" pin="5"/><net_sink comp="224" pin=2"/></net>

<net id="753"><net_src comp="56" pin="0"/><net_sink comp="747" pin=0"/></net>

<net id="754"><net_src comp="0" pin="0"/><net_sink comp="747" pin=1"/></net>

<net id="755"><net_src comp="30" pin="0"/><net_sink comp="747" pin=2"/></net>

<net id="756"><net_src comp="6" pin="0"/><net_sink comp="747" pin=3"/></net>

<net id="819"><net_src comp="132" pin="0"/><net_sink comp="799" pin=0"/></net>

<net id="820"><net_src comp="100" pin="0"/><net_sink comp="799" pin=2"/></net>

<net id="821"><net_src comp="331" pin="4"/><net_sink comp="799" pin=3"/></net>

<net id="822"><net_src comp="757" pin="1"/><net_sink comp="799" pin=4"/></net>

<net id="823"><net_src comp="760" pin="1"/><net_sink comp="799" pin=5"/></net>

<net id="824"><net_src comp="763" pin="1"/><net_sink comp="799" pin=6"/></net>

<net id="825"><net_src comp="766" pin="1"/><net_sink comp="799" pin=7"/></net>

<net id="826"><net_src comp="769" pin="1"/><net_sink comp="799" pin=8"/></net>

<net id="827"><net_src comp="772" pin="1"/><net_sink comp="799" pin=9"/></net>

<net id="828"><net_src comp="775" pin="1"/><net_sink comp="799" pin=10"/></net>

<net id="829"><net_src comp="778" pin="1"/><net_sink comp="799" pin=11"/></net>

<net id="830"><net_src comp="781" pin="1"/><net_sink comp="799" pin=12"/></net>

<net id="831"><net_src comp="784" pin="1"/><net_sink comp="799" pin=13"/></net>

<net id="832"><net_src comp="787" pin="1"/><net_sink comp="799" pin=14"/></net>

<net id="833"><net_src comp="790" pin="1"/><net_sink comp="799" pin=15"/></net>

<net id="834"><net_src comp="793" pin="1"/><net_sink comp="799" pin=16"/></net>

<net id="835"><net_src comp="796" pin="1"/><net_sink comp="799" pin=17"/></net>

<net id="836"><net_src comp="799" pin="18"/><net_sink comp="224" pin=2"/></net>

<net id="840"><net_src comp="134" pin="1"/><net_sink comp="837" pin=0"/></net>

<net id="841"><net_src comp="837" pin="1"/><net_sink comp="279" pin=17"/></net>

<net id="842"><net_src comp="837" pin="1"/><net_sink comp="796" pin=0"/></net>

<net id="846"><net_src comp="138" pin="1"/><net_sink comp="843" pin=0"/></net>

<net id="847"><net_src comp="843" pin="1"/><net_sink comp="279" pin=16"/></net>

<net id="848"><net_src comp="843" pin="1"/><net_sink comp="793" pin=0"/></net>

<net id="852"><net_src comp="142" pin="1"/><net_sink comp="849" pin=0"/></net>

<net id="853"><net_src comp="849" pin="1"/><net_sink comp="279" pin=15"/></net>

<net id="854"><net_src comp="849" pin="1"/><net_sink comp="790" pin=0"/></net>

<net id="858"><net_src comp="146" pin="1"/><net_sink comp="855" pin=0"/></net>

<net id="859"><net_src comp="855" pin="1"/><net_sink comp="279" pin=14"/></net>

<net id="860"><net_src comp="855" pin="1"/><net_sink comp="787" pin=0"/></net>

<net id="864"><net_src comp="150" pin="1"/><net_sink comp="861" pin=0"/></net>

<net id="865"><net_src comp="861" pin="1"/><net_sink comp="279" pin=13"/></net>

<net id="866"><net_src comp="861" pin="1"/><net_sink comp="784" pin=0"/></net>

<net id="870"><net_src comp="154" pin="1"/><net_sink comp="867" pin=0"/></net>

<net id="871"><net_src comp="867" pin="1"/><net_sink comp="279" pin=12"/></net>

<net id="872"><net_src comp="867" pin="1"/><net_sink comp="781" pin=0"/></net>

<net id="876"><net_src comp="158" pin="1"/><net_sink comp="873" pin=0"/></net>

<net id="877"><net_src comp="873" pin="1"/><net_sink comp="279" pin=11"/></net>

<net id="878"><net_src comp="873" pin="1"/><net_sink comp="778" pin=0"/></net>

<net id="882"><net_src comp="162" pin="1"/><net_sink comp="879" pin=0"/></net>

<net id="883"><net_src comp="879" pin="1"/><net_sink comp="279" pin=10"/></net>

<net id="884"><net_src comp="879" pin="1"/><net_sink comp="775" pin=0"/></net>

<net id="888"><net_src comp="166" pin="1"/><net_sink comp="885" pin=0"/></net>

<net id="889"><net_src comp="885" pin="1"/><net_sink comp="279" pin=9"/></net>

<net id="890"><net_src comp="885" pin="1"/><net_sink comp="772" pin=0"/></net>

<net id="894"><net_src comp="170" pin="1"/><net_sink comp="891" pin=0"/></net>

<net id="895"><net_src comp="891" pin="1"/><net_sink comp="279" pin=8"/></net>

<net id="896"><net_src comp="891" pin="1"/><net_sink comp="769" pin=0"/></net>

<net id="900"><net_src comp="174" pin="1"/><net_sink comp="897" pin=0"/></net>

<net id="901"><net_src comp="897" pin="1"/><net_sink comp="279" pin=7"/></net>

<net id="902"><net_src comp="897" pin="1"/><net_sink comp="766" pin=0"/></net>

<net id="906"><net_src comp="178" pin="1"/><net_sink comp="903" pin=0"/></net>

<net id="907"><net_src comp="903" pin="1"/><net_sink comp="279" pin=6"/></net>

<net id="908"><net_src comp="903" pin="1"/><net_sink comp="763" pin=0"/></net>

<net id="912"><net_src comp="182" pin="1"/><net_sink comp="909" pin=0"/></net>

<net id="913"><net_src comp="909" pin="1"/><net_sink comp="279" pin=5"/></net>

<net id="914"><net_src comp="909" pin="1"/><net_sink comp="760" pin=0"/></net>

<net id="918"><net_src comp="186" pin="1"/><net_sink comp="915" pin=0"/></net>

<net id="919"><net_src comp="915" pin="1"/><net_sink comp="279" pin=4"/></net>

<net id="920"><net_src comp="915" pin="1"/><net_sink comp="757" pin=0"/></net>

<net id="924"><net_src comp="190" pin="2"/><net_sink comp="921" pin=0"/></net>

<net id="925"><net_src comp="921" pin="1"/><net_sink comp="234" pin=0"/></net>

<net id="929"><net_src comp="196" pin="2"/><net_sink comp="926" pin=0"/></net>

<net id="930"><net_src comp="926" pin="1"/><net_sink comp="433" pin=1"/></net>

<net id="931"><net_src comp="926" pin="1"/><net_sink comp="331" pin=1"/></net>

<net id="935"><net_src comp="340" pin="1"/><net_sink comp="932" pin=0"/></net>

<net id="936"><net_src comp="932" pin="1"/><net_sink comp="279" pin=3"/></net>

<net id="937"><net_src comp="932" pin="1"/><net_sink comp="529" pin=0"/></net>

<net id="938"><net_src comp="932" pin="1"/><net_sink comp="534" pin=0"/></net>

<net id="939"><net_src comp="932" pin="1"/><net_sink comp="539" pin=0"/></net>

<net id="943"><net_src comp="344" pin="1"/><net_sink comp="940" pin=0"/></net>

<net id="944"><net_src comp="940" pin="1"/><net_sink comp="423" pin=0"/></net>

<net id="945"><net_src comp="940" pin="1"/><net_sink comp="428" pin=0"/></net>

<net id="949"><net_src comp="348" pin="1"/><net_sink comp="946" pin=0"/></net>

<net id="950"><net_src comp="946" pin="1"/><net_sink comp="465" pin=1"/></net>

<net id="951"><net_src comp="946" pin="1"/><net_sink comp="736" pin=1"/></net>

<net id="952"><net_src comp="946" pin="1"/><net_sink comp="799" pin=1"/></net>

<net id="956"><net_src comp="352" pin="4"/><net_sink comp="953" pin=0"/></net>

<net id="957"><net_src comp="953" pin="1"/><net_sink comp="270" pin=1"/></net>

<net id="961"><net_src comp="423" pin="2"/><net_sink comp="958" pin=0"/></net>

<net id="965"><net_src comp="428" pin="2"/><net_sink comp="962" pin=0"/></net>

<net id="969"><net_src comp="433" pin="4"/><net_sink comp="966" pin=0"/></net>

<net id="970"><net_src comp="966" pin="1"/><net_sink comp="544" pin=0"/></net>

<net id="971"><net_src comp="966" pin="1"/><net_sink comp="607" pin=0"/></net>

<net id="972"><net_src comp="966" pin="1"/><net_sink comp="279" pin=2"/></net>

<net id="976"><net_src comp="443" pin="1"/><net_sink comp="973" pin=0"/></net>

<net id="977"><net_src comp="973" pin="1"/><net_sink comp="671" pin=55"/></net>

<net id="981"><net_src comp="301" pin="4"/><net_sink comp="978" pin=0"/></net>

<net id="982"><net_src comp="978" pin="1"/><net_sink comp="671" pin=58"/></net>

<net id="986"><net_src comp="311" pin="4"/><net_sink comp="983" pin=0"/></net>

<net id="987"><net_src comp="983" pin="1"/><net_sink comp="671" pin=56"/></net>

<net id="991"><net_src comp="321" pin="4"/><net_sink comp="988" pin=0"/></net>

<net id="992"><net_src comp="988" pin="1"/><net_sink comp="671" pin=57"/></net>

<net id="996"><net_src comp="477" pin="1"/><net_sink comp="993" pin=0"/></net>

<net id="997"><net_src comp="993" pin="1"/><net_sink comp="671" pin=51"/></net>

<net id="1001"><net_src comp="301" pin="4"/><net_sink comp="998" pin=0"/></net>

<net id="1002"><net_src comp="998" pin="1"/><net_sink comp="671" pin=54"/></net>

<net id="1006"><net_src comp="311" pin="4"/><net_sink comp="1003" pin=0"/></net>

<net id="1007"><net_src comp="1003" pin="1"/><net_sink comp="671" pin=52"/></net>

<net id="1011"><net_src comp="321" pin="4"/><net_sink comp="1008" pin=0"/></net>

<net id="1012"><net_src comp="1008" pin="1"/><net_sink comp="671" pin=53"/></net>

<net id="1016"><net_src comp="481" pin="1"/><net_sink comp="1013" pin=0"/></net>

<net id="1017"><net_src comp="1013" pin="1"/><net_sink comp="671" pin=47"/></net>

<net id="1021"><net_src comp="301" pin="4"/><net_sink comp="1018" pin=0"/></net>

<net id="1022"><net_src comp="1018" pin="1"/><net_sink comp="671" pin=50"/></net>

<net id="1026"><net_src comp="311" pin="4"/><net_sink comp="1023" pin=0"/></net>

<net id="1027"><net_src comp="1023" pin="1"/><net_sink comp="671" pin=48"/></net>

<net id="1031"><net_src comp="321" pin="4"/><net_sink comp="1028" pin=0"/></net>

<net id="1032"><net_src comp="1028" pin="1"/><net_sink comp="671" pin=49"/></net>

<net id="1036"><net_src comp="485" pin="1"/><net_sink comp="1033" pin=0"/></net>

<net id="1037"><net_src comp="1033" pin="1"/><net_sink comp="671" pin=43"/></net>

<net id="1041"><net_src comp="301" pin="4"/><net_sink comp="1038" pin=0"/></net>

<net id="1042"><net_src comp="1038" pin="1"/><net_sink comp="671" pin=46"/></net>

<net id="1046"><net_src comp="311" pin="4"/><net_sink comp="1043" pin=0"/></net>

<net id="1047"><net_src comp="1043" pin="1"/><net_sink comp="671" pin=44"/></net>

<net id="1051"><net_src comp="321" pin="4"/><net_sink comp="1048" pin=0"/></net>

<net id="1052"><net_src comp="1048" pin="1"/><net_sink comp="671" pin=45"/></net>

<net id="1056"><net_src comp="489" pin="1"/><net_sink comp="1053" pin=0"/></net>

<net id="1057"><net_src comp="1053" pin="1"/><net_sink comp="671" pin=39"/></net>

<net id="1061"><net_src comp="301" pin="4"/><net_sink comp="1058" pin=0"/></net>

<net id="1062"><net_src comp="1058" pin="1"/><net_sink comp="671" pin=42"/></net>

<net id="1066"><net_src comp="311" pin="4"/><net_sink comp="1063" pin=0"/></net>

<net id="1067"><net_src comp="1063" pin="1"/><net_sink comp="671" pin=40"/></net>

<net id="1071"><net_src comp="321" pin="4"/><net_sink comp="1068" pin=0"/></net>

<net id="1072"><net_src comp="1068" pin="1"/><net_sink comp="671" pin=41"/></net>

<net id="1076"><net_src comp="493" pin="1"/><net_sink comp="1073" pin=0"/></net>

<net id="1077"><net_src comp="1073" pin="1"/><net_sink comp="671" pin=35"/></net>

<net id="1081"><net_src comp="301" pin="4"/><net_sink comp="1078" pin=0"/></net>

<net id="1082"><net_src comp="1078" pin="1"/><net_sink comp="671" pin=38"/></net>

<net id="1086"><net_src comp="311" pin="4"/><net_sink comp="1083" pin=0"/></net>

<net id="1087"><net_src comp="1083" pin="1"/><net_sink comp="671" pin=36"/></net>

<net id="1091"><net_src comp="321" pin="4"/><net_sink comp="1088" pin=0"/></net>

<net id="1092"><net_src comp="1088" pin="1"/><net_sink comp="671" pin=37"/></net>

<net id="1096"><net_src comp="497" pin="1"/><net_sink comp="1093" pin=0"/></net>

<net id="1097"><net_src comp="1093" pin="1"/><net_sink comp="671" pin=31"/></net>

<net id="1101"><net_src comp="301" pin="4"/><net_sink comp="1098" pin=0"/></net>

<net id="1102"><net_src comp="1098" pin="1"/><net_sink comp="671" pin=34"/></net>

<net id="1106"><net_src comp="311" pin="4"/><net_sink comp="1103" pin=0"/></net>

<net id="1107"><net_src comp="1103" pin="1"/><net_sink comp="671" pin=32"/></net>

<net id="1111"><net_src comp="321" pin="4"/><net_sink comp="1108" pin=0"/></net>

<net id="1112"><net_src comp="1108" pin="1"/><net_sink comp="671" pin=33"/></net>

<net id="1116"><net_src comp="501" pin="1"/><net_sink comp="1113" pin=0"/></net>

<net id="1117"><net_src comp="1113" pin="1"/><net_sink comp="671" pin=27"/></net>

<net id="1121"><net_src comp="301" pin="4"/><net_sink comp="1118" pin=0"/></net>

<net id="1122"><net_src comp="1118" pin="1"/><net_sink comp="671" pin=30"/></net>

<net id="1126"><net_src comp="311" pin="4"/><net_sink comp="1123" pin=0"/></net>

<net id="1127"><net_src comp="1123" pin="1"/><net_sink comp="671" pin=28"/></net>

<net id="1131"><net_src comp="321" pin="4"/><net_sink comp="1128" pin=0"/></net>

<net id="1132"><net_src comp="1128" pin="1"/><net_sink comp="671" pin=29"/></net>

<net id="1136"><net_src comp="505" pin="1"/><net_sink comp="1133" pin=0"/></net>

<net id="1137"><net_src comp="1133" pin="1"/><net_sink comp="671" pin=23"/></net>

<net id="1141"><net_src comp="301" pin="4"/><net_sink comp="1138" pin=0"/></net>

<net id="1142"><net_src comp="1138" pin="1"/><net_sink comp="671" pin=26"/></net>

<net id="1146"><net_src comp="311" pin="4"/><net_sink comp="1143" pin=0"/></net>

<net id="1147"><net_src comp="1143" pin="1"/><net_sink comp="671" pin=24"/></net>

<net id="1151"><net_src comp="321" pin="4"/><net_sink comp="1148" pin=0"/></net>

<net id="1152"><net_src comp="1148" pin="1"/><net_sink comp="671" pin=25"/></net>

<net id="1156"><net_src comp="509" pin="1"/><net_sink comp="1153" pin=0"/></net>

<net id="1157"><net_src comp="1153" pin="1"/><net_sink comp="671" pin=19"/></net>

<net id="1161"><net_src comp="301" pin="4"/><net_sink comp="1158" pin=0"/></net>

<net id="1162"><net_src comp="1158" pin="1"/><net_sink comp="671" pin=22"/></net>

<net id="1166"><net_src comp="311" pin="4"/><net_sink comp="1163" pin=0"/></net>

<net id="1167"><net_src comp="1163" pin="1"/><net_sink comp="671" pin=20"/></net>

<net id="1171"><net_src comp="321" pin="4"/><net_sink comp="1168" pin=0"/></net>

<net id="1172"><net_src comp="1168" pin="1"/><net_sink comp="671" pin=21"/></net>

<net id="1176"><net_src comp="513" pin="1"/><net_sink comp="1173" pin=0"/></net>

<net id="1177"><net_src comp="1173" pin="1"/><net_sink comp="671" pin=15"/></net>

<net id="1181"><net_src comp="301" pin="4"/><net_sink comp="1178" pin=0"/></net>

<net id="1182"><net_src comp="1178" pin="1"/><net_sink comp="671" pin=18"/></net>

<net id="1186"><net_src comp="311" pin="4"/><net_sink comp="1183" pin=0"/></net>

<net id="1187"><net_src comp="1183" pin="1"/><net_sink comp="671" pin=16"/></net>

<net id="1191"><net_src comp="321" pin="4"/><net_sink comp="1188" pin=0"/></net>

<net id="1192"><net_src comp="1188" pin="1"/><net_sink comp="671" pin=17"/></net>

<net id="1196"><net_src comp="517" pin="1"/><net_sink comp="1193" pin=0"/></net>

<net id="1197"><net_src comp="1193" pin="1"/><net_sink comp="671" pin=11"/></net>

<net id="1201"><net_src comp="301" pin="4"/><net_sink comp="1198" pin=0"/></net>

<net id="1202"><net_src comp="1198" pin="1"/><net_sink comp="671" pin=14"/></net>

<net id="1206"><net_src comp="311" pin="4"/><net_sink comp="1203" pin=0"/></net>

<net id="1207"><net_src comp="1203" pin="1"/><net_sink comp="671" pin=12"/></net>

<net id="1211"><net_src comp="321" pin="4"/><net_sink comp="1208" pin=0"/></net>

<net id="1212"><net_src comp="1208" pin="1"/><net_sink comp="671" pin=13"/></net>

<net id="1216"><net_src comp="521" pin="1"/><net_sink comp="1213" pin=0"/></net>

<net id="1217"><net_src comp="1213" pin="1"/><net_sink comp="671" pin=7"/></net>

<net id="1221"><net_src comp="301" pin="4"/><net_sink comp="1218" pin=0"/></net>

<net id="1222"><net_src comp="1218" pin="1"/><net_sink comp="671" pin=10"/></net>

<net id="1226"><net_src comp="311" pin="4"/><net_sink comp="1223" pin=0"/></net>

<net id="1227"><net_src comp="1223" pin="1"/><net_sink comp="671" pin=8"/></net>

<net id="1231"><net_src comp="321" pin="4"/><net_sink comp="1228" pin=0"/></net>

<net id="1232"><net_src comp="1228" pin="1"/><net_sink comp="671" pin=9"/></net>

<net id="1236"><net_src comp="525" pin="1"/><net_sink comp="1233" pin=0"/></net>

<net id="1237"><net_src comp="1233" pin="1"/><net_sink comp="671" pin=3"/></net>

<net id="1241"><net_src comp="301" pin="4"/><net_sink comp="1238" pin=0"/></net>

<net id="1242"><net_src comp="1238" pin="1"/><net_sink comp="671" pin=6"/></net>

<net id="1246"><net_src comp="311" pin="4"/><net_sink comp="1243" pin=0"/></net>

<net id="1247"><net_src comp="1243" pin="1"/><net_sink comp="671" pin=4"/></net>

<net id="1251"><net_src comp="321" pin="4"/><net_sink comp="1248" pin=0"/></net>

<net id="1252"><net_src comp="1248" pin="1"/><net_sink comp="671" pin=5"/></net>

<net id="1259"><net_src comp="534" pin="2"/><net_sink comp="1256" pin=0"/></net>

<net id="1263"><net_src comp="539" pin="2"/><net_sink comp="1260" pin=0"/></net>

<net id="1270"><net_src comp="553" pin="5"/><net_sink comp="1267" pin=0"/></net>

<net id="1271"><net_src comp="1267" pin="1"/><net_sink comp="244" pin=4"/></net>

<net id="1275"><net_src comp="569" pin="4"/><net_sink comp="1272" pin=0"/></net>

<net id="1276"><net_src comp="1272" pin="1"/><net_sink comp="244" pin=6"/></net>

<net id="1280"><net_src comp="583" pin="3"/><net_sink comp="1277" pin=0"/></net>

<net id="1281"><net_src comp="1277" pin="1"/><net_sink comp="244" pin=2"/></net>

<net id="1285"><net_src comp="595" pin="5"/><net_sink comp="1282" pin=0"/></net>

<net id="1286"><net_src comp="1282" pin="1"/><net_sink comp="244" pin=0"/></net>

<net id="1290"><net_src comp="607" pin="2"/><net_sink comp="1287" pin=0"/></net>

<net id="1291"><net_src comp="1287" pin="1"/><net_sink comp="618" pin=0"/></net>

<net id="1295"><net_src comp="612" pin="2"/><net_sink comp="1292" pin=0"/></net>

<net id="1299"><net_src comp="331" pin="4"/><net_sink comp="1296" pin=0"/></net>

<net id="1300"><net_src comp="1296" pin="1"/><net_sink comp="736" pin=3"/></net>

<net id="1304"><net_src comp="190" pin="2"/><net_sink comp="1301" pin=0"/></net>

<net id="1305"><net_src comp="1301" pin="1"/><net_sink comp="234" pin=2"/></net>

</net_list>

</model> 
---------------- Datapath Model END ------------------

* FSMD analyzer results:
  - Output states:
	Port: mergeKipadStrm | {}
	Port: mergeKipadLenStrm | {}
	Port: eMergeKipadLenStrm | {}
	Port: blk_strm | {3 4 5 20 21 23 }
	Port: nblk_strm | {2 }
	Port: end_nblk_strm | {2 }
 - Input state : 
	Port: preProcessing : mergeKipadStrm | {3 4 5 6 7 8 9 10 11 12 13 14 15 16 17 18 19 20 22 }
	Port: preProcessing : mergeKipadLenStrm | {2 }
	Port: preProcessing : eMergeKipadLenStrm | {1 21 }
  - Chain level:
	State 1
	State 2
		br_ln89 : 1
		zext_ln95_1 : 1
		icmp_ln95 : 1
		select_ln95 : 2
		blk_num : 3
		zext_ln95 : 4
		write_ln97 : 5
	State 3
	State 4
	State 5
		br_ln129 : 1
		br_ln152 : 1
		call_ln91 : 1
		or_ln151_1 : 1
		write_ln151 : 2
	State 6
	State 7
	State 8
	State 9
	State 10
	State 11
	State 12
	State 13
	State 14
	State 15
	State 16
	State 17
	State 18
	State 19
		br_ln215 : 1
		br_ln223 : 1
		br_ln231 : 1
		br_ln236 : 1
		or_ln3 : 1
		or_ln2 : 1
		or_ln : 1
		l_43 : 1
		or_ln223 : 1
	State 20
		or_ln245_2 : 1
		or_ln240_1 : 1
		or_ln235_1 : 1
		storemerge93 : 2
		or_ln250_s : 3
		write_ln250 : 4
	State 21
		write_ln268 : 1
	State 22
	State 23
		or_ln203_s : 1
		write_ln203 : 2


============================================================
+ Verbose Summary: Datapath Resource usage 
============================================================

* Functional unit list:
|----------|---------------------------------------------------------------------|---------|---------|
| Operation|                           Functional Unit                           |    FF   |   LUT   |
|----------|---------------------------------------------------------------------|---------|---------|
|   call   |     grp_preProcessing_Pipeline_LOOP_SHA256_GEN_FULL_BLKS_fu_270     |   597   |   130   |
|          | grp_preProcessing_Pipeline_LOOP_SHA256_GEN_COPY_TAIL_AND_ONE_fu_279 |   460   |    52   |
|----------|---------------------------------------------------------------------|---------|---------|
|          |                           icmp_ln95_fu_366                          |    0    |    14   |
|          |                          icmp_ln129_fu_423                          |    0    |    14   |
|          |                          icmp_ln152_fu_428                          |    0    |    14   |
|   icmp   |                            cmp275_fu_529                            |    0    |    10   |
|          |                            cmp281_fu_534                            |    0    |    10   |
|          |                            cmp298_fu_539                            |    0    |    10   |
|          |                          icmp_ln215_fu_544                          |    0    |    13   |
|          |                          icmp_ln223_fu_607                          |    0    |    13   |
|----------|---------------------------------------------------------------------|---------|---------|
|  select  |                          select_ln95_fu_372                         |    0    |    59   |
|          |                         select_ln223_fu_618                         |    0    |    32   |
|----------|---------------------------------------------------------------------|---------|---------|
|    add   |                            blk_num_fu_380                           |    0    |    65   |
|----------|---------------------------------------------------------------------|---------|---------|
|    or    |                           or_ln223_fu_612                           |    0    |    2    |
|----------|---------------------------------------------------------------------|---------|---------|
|          |                           grp_read_fu_190                           |    0    |    0    |
|   read   |                           len_read_fu_196                           |    0    |    0    |
|          |                           grp_read_fu_218                           |    0    |    0    |
|----------|---------------------------------------------------------------------|---------|---------|
|          |                       write_ln97_write_fu_202                       |    0    |    0    |
|   write  |                           grp_write_fu_209                          |    0    |    0    |
|          |                           grp_write_fu_224                          |    0    |    0    |
|----------|---------------------------------------------------------------------|---------|---------|
|          |                              grp_fu_301                             |    0    |    0    |
|          |                              grp_fu_311                             |    0    |    0    |
|partselect|                              grp_fu_321                             |    0    |    0    |
|          |                              grp_fu_331                             |    0    |    0    |
|          |                           trunc_ln_fu_352                           |    0    |    0    |
|          |                            p_cast_fu_433                            |    0    |    0    |
|----------|---------------------------------------------------------------------|---------|---------|
|          |                          trunc_ln91_fu_340                          |    0    |    0    |
|          |                             left_fu_344                             |    0    |    0    |
|          |                          trunc_ln264_fu_348                         |    0    |    0    |
|          |                             empty_fu_443                            |    0    |    0    |
|          |                           empty_65_fu_477                           |    0    |    0    |
|          |                           empty_66_fu_481                           |    0    |    0    |
|          |                           empty_67_fu_485                           |    0    |    0    |
|          |                           empty_68_fu_489                           |    0    |    0    |
|          |                           empty_69_fu_493                           |    0    |    0    |
|          |                           empty_70_fu_497                           |    0    |    0    |
|          |                           empty_71_fu_501                           |    0    |    0    |
|   trunc  |                           empty_72_fu_505                           |    0    |    0    |
|          |                           empty_73_fu_509                           |    0    |    0    |
|          |                           empty_74_fu_513                           |    0    |    0    |
|          |                           empty_75_fu_517                           |    0    |    0    |
|          |                           empty_76_fu_521                           |    0    |    0    |
|          |                           empty_77_fu_525                           |    0    |    0    |
|          |                          trunc_ln245_fu_549                         |    0    |    0    |
|          |                          trunc_ln240_fu_565                         |    0    |    0    |
|          |                          trunc_ln234_fu_579                         |    0    |    0    |
|          |                           empty_78_fu_591                           |    0    |    0    |
|          |                         trunc_ln245_1_fu_626                        |    0    |    0    |
|          |                         trunc_ln240_1_fu_643                        |    0    |    0    |
|          |                         trunc_ln234_1_fu_658                        |    0    |    0    |
|----------|---------------------------------------------------------------------|---------|---------|
|   zext   |                          zext_ln95_1_fu_362                         |    0    |    0    |
|          |                           zext_ln95_fu_386                          |    0    |    0    |
|----------|---------------------------------------------------------------------|---------|---------|
|          |                          fence_ln101_fu_391                         |    0    |    0    |
|   fence  |                          fence_ln125_fu_407                         |    0    |    0    |
|          |                          fence_ln160_fu_447                         |    0    |    0    |
|          |                          fence_ln203_fu_747                         |    0    |    0    |
|----------|---------------------------------------------------------------------|---------|---------|
|          |                          or_ln151_1_fu_465                          |    0    |    0    |
|          |                            or_ln3_fu_553                            |    0    |    0    |
|          |                            or_ln2_fu_569                            |    0    |    0    |
|          |                             or_ln_fu_583                            |    0    |    0    |
|          |                             l_43_fu_595                             |    0    |    0    |
|bitconcatenate|                          or_ln245_2_fu_630                          |    0    |    0    |
|          |                          or_ln240_1_fu_647                          |    0    |    0    |
|          |                          or_ln235_1_fu_662                          |    0    |    0    |
|          |                          or_ln250_s_fu_671                          |    0    |    0    |
|          |                          or_ln268_s_fu_736                          |    0    |    0    |
|          |                          or_ln203_s_fu_799                          |    0    |    0    |
|----------|---------------------------------------------------------------------|---------|---------|
|   Total  |                                                                     |   1057  |   438   |
|----------|---------------------------------------------------------------------|---------|---------|

Memories:
N/A

* Register list:
+----------------------+--------+
|                      |   FF   |
+----------------------+--------+
|b225_0_14_load_reg_240|   32   |
|   b_10_loc_reg_879   |   32   |
|   b_11_loc_reg_885   |   32   |
|   b_12_loc_reg_891   |   32   |
|   b_13_loc_reg_897   |   32   |
|   b_14_loc_reg_903   |   32   |
|   b_15_loc_reg_909   |   32   |
|   b_16_loc_reg_915   |   32   |
|    b_4_loc_reg_843   |   32   |
|    b_5_loc_reg_849   |   32   |
|    b_6_loc_reg_855   |   32   |
|    b_7_loc_reg_861   |   32   |
|    b_8_loc_reg_867   |   32   |
|    b_9_loc_reg_873   |   32   |
|     b_loc_reg_837    |   32   |
|    cmp281_reg_1256   |    1   |
|    cmp298_reg_1260   |    1   |
|   empty_65_reg_993   |    8   |
|   empty_66_reg_1013  |    8   |
|   empty_67_reg_1033  |    8   |
|   empty_68_reg_1053  |    8   |
|   empty_69_reg_1073  |    8   |
|   empty_70_reg_1093  |    8   |
|   empty_71_reg_1113  |    8   |
|   empty_72_reg_1133  |    8   |
|   empty_73_reg_1153  |    8   |
|   empty_74_reg_1173  |    8   |
|   empty_75_reg_1193  |    8   |
|   empty_76_reg_1213  |    8   |
|   empty_77_reg_1233  |    8   |
|     empty_reg_973    |    8   |
|  end_flag_3_reg_231  |    1   |
|  end_flag_4_reg_1301 |    1   |
|   end_flag_reg_921   |    1   |
|  icmp_ln129_reg_958  |    1   |
|  icmp_ln152_reg_962  |    1   |
|  icmp_ln223_reg_1287 |    1   |
|     l_43_reg_1282    |   32   |
|     left_reg_940     |    6   |
|      len_reg_926     |   64   |
|   or_ln223_reg_1292  |    1   |
|    or_ln2_reg_1272   |   32   |
|    or_ln3_reg_1267   |   32   |
|    or_ln_reg_1277    |   32   |
|     p_50_reg_983     |    8   |
|     p_51_reg_988     |    8   |
|     p_52_reg_998     |    8   |
|     p_53_reg_1003    |    8   |
|     p_54_reg_1008    |    8   |
|     p_55_reg_1018    |    8   |
|     p_56_reg_1023    |    8   |
|     p_57_reg_1028    |    8   |
|     p_58_reg_1038    |    8   |
|     p_59_reg_1043    |    8   |
|     p_60_reg_1048    |    8   |
|     p_61_reg_1058    |    8   |
|     p_62_reg_1063    |    8   |
|     p_63_reg_1068    |    8   |
|     p_64_reg_1078    |    8   |
|     p_65_reg_1083    |    8   |
|     p_66_reg_1088    |    8   |
|     p_67_reg_1098    |    8   |
|     p_68_reg_1103    |    8   |
|     p_69_reg_1108    |    8   |
|     p_70_reg_1118    |    8   |
|     p_71_reg_1123    |    8   |
|     p_72_reg_1128    |    8   |
|     p_73_reg_1138    |    8   |
|     p_74_reg_1143    |    8   |
|     p_75_reg_1148    |    8   |
|     p_76_reg_1158    |    8   |
|     p_77_reg_1163    |    8   |
|     p_78_reg_1168    |    8   |
|     p_79_reg_1178    |    8   |
|     p_80_reg_1183    |    8   |
|     p_81_reg_1188    |    8   |
|     p_82_reg_1198    |    8   |
|     p_83_reg_1203    |    8   |
|     p_84_reg_1208    |    8   |
|     p_85_reg_1218    |    8   |
|     p_86_reg_1223    |    8   |
|     p_87_reg_1228    |    8   |
|     p_88_reg_1238    |    8   |
|     p_89_reg_1243    |    8   |
|     p_90_reg_1248    |    8   |
|    p_cast_reg_966    |    4   |
|      p_s_reg_978     |    8   |
| storemerge93_reg_257 |   32   |
|    tmp_7_reg_1296    |   32   |
|  trunc_ln264_reg_946 |   29   |
|  trunc_ln91_reg_932  |    2   |
|   trunc_ln_reg_953   |   58   |
+----------------------+--------+
|         Total        |  1292  |
+----------------------+--------+

* Multiplexer (MUX) list: 
|---------------------------------------------------------------------|------|------|------|--------||---------||---------||---------|
|                                 Comp                                |  Pin | Size |  BW  | S x BW ||  Delay  ||    FF   ||   LUT   |
|---------------------------------------------------------------------|------|------|------|--------||---------||---------||---------|
|                           grp_write_fu_209                          |  p2  |   2  |   1  |    2   |
|                           grp_write_fu_224                          |  p2  |   4  |  512 |  2048  ||    0    ||    20   |
| grp_preProcessing_Pipeline_LOOP_SHA256_GEN_COPY_TAIL_AND_ONE_fu_279 |  p2  |   2  |   4  |    8   ||    0    ||    9    |
|---------------------------------------------------------------------|------|------|------|--------||---------||---------||---------|
|                                Total                                |      |      |      |  2058  ||  5.0026 ||    0    ||    29   |
|---------------------------------------------------------------------|------|------|------|--------||---------||---------||---------|



* Summary:
+-----------+--------+--------+--------+
|           |  Delay |   FF   |   LUT  |
+-----------+--------+--------+--------+
|  Function |    -   |  1057  |   438  |
|   Memory  |    -   |    -   |    -   |
|Multiplexer|    5   |    0   |   29   |
|  Register |    -   |  1292  |    -   |
+-----------+--------+--------+--------+
|   Total   |    5   |  2349  |   467  |
+-----------+--------+--------+--------+
