

================================================================
== Vitis HLS Report for 'preProcessing_Pipeline_LOOP_SHA256_GEN_COPY_TAIL_AND_ONE'
================================================================
* Date:           Sat Oct 18 18:24:29 2025

* Version:        2024.2 (Build 5238294 on Nov  8 2024)
* Project:        hmac_sha256_test.prj
* Solution:       solution1 (Vivado IP Flow Target)
* Product family: zynq
* Target device:  xc7z020-clg484-1


================================================================
== Performance Estimates
================================================================
+ Timing: 
    * Summary: 
    +--------+---------+----------+------------+
    |  Clock |  Target | Estimated| Uncertainty|
    +--------+---------+----------+------------+
    |ap_clk  |  3.33 ns|  2.065 ns|     1.05 ns|
    +--------+---------+----------+------------+

+ Latency: 
    * Summary: 
    +---------+---------+----------+----------+-----+-----+------------------------------------------------+
    |  Latency (cycles) |  Latency (absolute) |  Interval |                    Pipeline                    |
    |   min   |   max   |    min   |    max   | min | max |                      Type                      |
    +---------+---------+----------+----------+-----+-----+------------------------------------------------+
    |       31|       31|  0.103 us|  0.103 us|   30|   30|  loop auto-rewind stp (delay=0 clock cycles(s))|
    +---------+---------+----------+----------+-----+-----+------------------------------------------------+

    + Detail: 
        * Instance: 
        N/A

        * Loop: 
        +-------------------------------------+---------+---------+----------+-----------+-----------+------+----------+
        |                                     |  Latency (cycles) | Iteration|  Initiation Interval  | Trip |          |
        |              Loop Name              |   min   |   max   |  Latency |  achieved |   target  | Count| Pipelined|
        +-------------------------------------+---------+---------+----------+-----------+-----------+------+----------+
        |- LOOP_SHA256_GEN_COPY_TAIL_AND_ONE  |       29|       29|         4|          2|          1|    14|       yes|
        +-------------------------------------+---------+---------+----------+-----------+-----------+------+----------+



================================================================
== Utilization Estimates
================================================================
* Summary: 
+-----------------+---------+-----+--------+-------+-----+
|       Name      | BRAM_18K| DSP |   FF   |  LUT  | URAM|
+-----------------+---------+-----+--------+-------+-----+
|DSP              |        -|    -|       -|      -|    -|
|Expression       |        -|    -|       0|    340|    -|
|FIFO             |        -|    -|       -|      -|    -|
|Instance         |        -|    -|       -|      -|    -|
|Memory           |        -|    -|       -|      -|    -|
|Multiplexer      |        -|    -|       0|    481|    -|
|Register         |        -|    -|     588|      -|    -|
+-----------------+---------+-----+--------+-------+-----+
|Total            |        0|    0|     588|    821|    0|
+-----------------+---------+-----+--------+-------+-----+
|Available        |      280|  220|  106400|  53200|    0|
+-----------------+---------+-----+--------+-------+-----+
|Utilization (%)  |        0|    0|      ~0|      1|    0|
+-----------------+---------+-----+--------+-------+-----+

+ Detail: 
    * Instance: 
    N/A

    * DSP: 
    N/A

    * Memory: 
    N/A

    * FIFO: 
    N/A

    * Expression: 
    +---------------------------------------+----------+----+---+----+------------+------------+
    |             Variable Name             | Operation| DSP| FF| LUT| Bitwidth P0| Bitwidth P1|
    +---------------------------------------+----------+----+---+----+------------+------------+
    |add_ln160_fu_348_p2                    |         +|   0|  0|  13|           4|           1|
    |ap_block_pp0_stage0_11001              |       and|   0|  0|   2|           1|           1|
    |ap_condition_1001                      |       and|   0|  0|   2|           1|           1|
    |ap_condition_1005                      |       and|   0|  0|   2|           1|           1|
    |ap_condition_1009                      |       and|   0|  0|   2|           1|           1|
    |ap_condition_1013                      |       and|   0|  0|   2|           1|           1|
    |ap_condition_1017                      |       and|   0|  0|   2|           1|           1|
    |ap_condition_1020                      |       and|   0|  0|   2|           1|           1|
    |ap_condition_1024                      |       and|   0|  0|   2|           1|           1|
    |ap_condition_1028                      |       and|   0|  0|   2|           1|           1|
    |ap_condition_1032                      |       and|   0|  0|   2|           1|           1|
    |ap_condition_1036                      |       and|   0|  0|   2|           1|           1|
    |ap_condition_1041                      |       and|   0|  0|   2|           1|           1|
    |ap_condition_1045                      |       and|   0|  0|   2|           1|           1|
    |ap_condition_1049                      |       and|   0|  0|   2|           1|           1|
    |ap_condition_1053                      |       and|   0|  0|   2|           1|           1|
    |ap_condition_1057                      |       and|   0|  0|   2|           1|           1|
    |ap_condition_1061                      |       and|   0|  0|   2|           1|           1|
    |ap_condition_1066                      |       and|   0|  0|   2|           1|           1|
    |ap_condition_1070                      |       and|   0|  0|   2|           1|           1|
    |ap_condition_1074                      |       and|   0|  0|   2|           1|           1|
    |ap_condition_1078                      |       and|   0|  0|   2|           1|           1|
    |ap_condition_1082                      |       and|   0|  0|   2|           1|           1|
    |ap_condition_1086                      |       and|   0|  0|   2|           1|           1|
    |ap_condition_1091                      |       and|   0|  0|   2|           1|           1|
    |ap_condition_1095                      |       and|   0|  0|   2|           1|           1|
    |ap_condition_1099                      |       and|   0|  0|   2|           1|           1|
    |ap_condition_1103                      |       and|   0|  0|   2|           1|           1|
    |ap_condition_1107                      |       and|   0|  0|   2|           1|           1|
    |ap_condition_1111                      |       and|   0|  0|   2|           1|           1|
    |ap_condition_1116                      |       and|   0|  0|   2|           1|           1|
    |ap_condition_1120                      |       and|   0|  0|   2|           1|           1|
    |ap_condition_1124                      |       and|   0|  0|   2|           1|           1|
    |ap_condition_1128                      |       and|   0|  0|   2|           1|           1|
    |ap_condition_1132                      |       and|   0|  0|   2|           1|           1|
    |ap_condition_1136                      |       and|   0|  0|   2|           1|           1|
    |ap_condition_1141                      |       and|   0|  0|   2|           1|           1|
    |ap_condition_1145                      |       and|   0|  0|   2|           1|           1|
    |ap_condition_1149                      |       and|   0|  0|   2|           1|           1|
    |ap_condition_1153                      |       and|   0|  0|   2|           1|           1|
    |ap_condition_1157                      |       and|   0|  0|   2|           1|           1|
    |ap_condition_1161                      |       and|   0|  0|   2|           1|           1|
    |ap_condition_1166                      |       and|   0|  0|   2|           1|           1|
    |ap_condition_1170                      |       and|   0|  0|   2|           1|           1|
    |ap_condition_1174                      |       and|   0|  0|   2|           1|           1|
    |ap_condition_1178                      |       and|   0|  0|   2|           1|           1|
    |ap_condition_1182                      |       and|   0|  0|   2|           1|           1|
    |ap_condition_1186                      |       and|   0|  0|   2|           1|           1|
    |ap_condition_1191                      |       and|   0|  0|   2|           1|           1|
    |ap_condition_158                       |       and|   0|  0|   2|           1|           1|
    |ap_condition_851                       |       and|   0|  0|   2|           1|           1|
    |ap_condition_855                       |       and|   0|  0|   2|           1|           1|
    |ap_condition_859                       |       and|   0|  0|   2|           1|           1|
    |ap_condition_863                       |       and|   0|  0|   2|           1|           1|
    |ap_condition_870                       |       and|   0|  0|   2|           1|           1|
    |ap_condition_876                       |       and|   0|  0|   2|           1|           1|
    |ap_condition_880                       |       and|   0|  0|   2|           1|           1|
    |ap_condition_884                       |       and|   0|  0|   2|           1|           1|
    |ap_condition_888                       |       and|   0|  0|   2|           1|           1|
    |ap_condition_892                       |       and|   0|  0|   2|           1|           1|
    |ap_condition_897                       |       and|   0|  0|   2|           1|           1|
    |ap_condition_901                       |       and|   0|  0|   2|           1|           1|
    |ap_condition_905                       |       and|   0|  0|   2|           1|           1|
    |ap_condition_909                       |       and|   0|  0|   2|           1|           1|
    |ap_condition_913                       |       and|   0|  0|   2|           1|           1|
    |ap_condition_917                       |       and|   0|  0|   2|           1|           1|
    |ap_condition_922                       |       and|   0|  0|   2|           1|           1|
    |ap_condition_926                       |       and|   0|  0|   2|           1|           1|
    |ap_condition_930                       |       and|   0|  0|   2|           1|           1|
    |ap_condition_934                       |       and|   0|  0|   2|           1|           1|
    |ap_condition_938                       |       and|   0|  0|   2|           1|           1|
    |ap_condition_942                       |       and|   0|  0|   2|           1|           1|
    |ap_condition_947                       |       and|   0|  0|   2|           1|           1|
    |ap_condition_951                       |       and|   0|  0|   2|           1|           1|
    |ap_condition_955                       |       and|   0|  0|   2|           1|           1|
    |ap_condition_959                       |       and|   0|  0|   2|           1|           1|
    |ap_condition_963                       |       and|   0|  0|   2|           1|           1|
    |ap_condition_967                       |       and|   0|  0|   2|           1|           1|
    |ap_condition_972                       |       and|   0|  0|   2|           1|           1|
    |ap_condition_976                       |       and|   0|  0|   2|           1|           1|
    |ap_condition_980                       |       and|   0|  0|   2|           1|           1|
    |ap_condition_984                       |       and|   0|  0|   2|           1|           1|
    |ap_condition_988                       |       and|   0|  0|   2|           1|           1|
    |ap_condition_992                       |       and|   0|  0|   2|           1|           1|
    |ap_condition_997                       |       and|   0|  0|   2|           1|           1|
    |ap_predicate_op128_read_state3         |       and|   0|  0|   2|           1|           1|
    |ap_predicate_op131_read_state3         |       and|   0|  0|   2|           1|           1|
    |ap_predicate_op147_read_state3         |       and|   0|  0|   2|           1|           1|
    |ap_predicate_pred249_state4            |       and|   0|  0|   2|           1|           1|
    |ap_predicate_pred256_state4            |       and|   0|  0|   2|           1|           1|
    |ap_predicate_pred261_state4            |       and|   0|  0|   2|           1|           1|
    |ap_predicate_pred349_state4            |       and|   0|  0|   2|           1|           1|
    |ap_predicate_pred355_state4            |       and|   0|  0|   2|           1|           1|
    |ap_predicate_pred360_state4            |       and|   0|  0|   2|           1|           1|
    |ap_predicate_pred365_state4            |       and|   0|  0|   2|           1|           1|
    |ap_predicate_pred380_state4            |       and|   0|  0|   2|           1|           1|
    |ap_predicate_pred386_state4            |       and|   0|  0|   2|           1|           1|
    |ap_predicate_pred391_state4            |       and|   0|  0|   2|           1|           1|
    |ap_predicate_pred396_state4            |       and|   0|  0|   2|           1|           1|
    |ap_predicate_pred411_state4            |       and|   0|  0|   2|           1|           1|
    |ap_predicate_pred417_state4            |       and|   0|  0|   2|           1|           1|
    |ap_predicate_pred422_state4            |       and|   0|  0|   2|           1|           1|
    |ap_predicate_pred427_state4            |       and|   0|  0|   2|           1|           1|
    |ap_predicate_pred442_state4            |       and|   0|  0|   2|           1|           1|
    |ap_predicate_pred448_state4            |       and|   0|  0|   2|           1|           1|
    |ap_predicate_pred453_state4            |       and|   0|  0|   2|           1|           1|
    |ap_predicate_pred458_state4            |       and|   0|  0|   2|           1|           1|
    |ap_predicate_pred473_state4            |       and|   0|  0|   2|           1|           1|
    |ap_predicate_pred479_state4            |       and|   0|  0|   2|           1|           1|
    |ap_predicate_pred484_state4            |       and|   0|  0|   2|           1|           1|
    |ap_predicate_pred489_state4            |       and|   0|  0|   2|           1|           1|
    |ap_predicate_pred504_state4            |       and|   0|  0|   2|           1|           1|
    |ap_predicate_pred510_state4            |       and|   0|  0|   2|           1|           1|
    |ap_predicate_pred515_state4            |       and|   0|  0|   2|           1|           1|
    |ap_predicate_pred520_state4            |       and|   0|  0|   2|           1|           1|
    |ap_predicate_pred535_state4            |       and|   0|  0|   2|           1|           1|
    |ap_predicate_pred541_state4            |       and|   0|  0|   2|           1|           1|
    |ap_predicate_pred546_state4            |       and|   0|  0|   2|           1|           1|
    |ap_predicate_pred551_state4            |       and|   0|  0|   2|           1|           1|
    |ap_predicate_pred566_state4            |       and|   0|  0|   2|           1|           1|
    |ap_predicate_pred572_state4            |       and|   0|  0|   2|           1|           1|
    |ap_predicate_pred577_state4            |       and|   0|  0|   2|           1|           1|
    |ap_predicate_pred582_state4            |       and|   0|  0|   2|           1|           1|
    |ap_predicate_pred597_state4            |       and|   0|  0|   2|           1|           1|
    |ap_predicate_pred603_state4            |       and|   0|  0|   2|           1|           1|
    |ap_predicate_pred608_state4            |       and|   0|  0|   2|           1|           1|
    |ap_predicate_pred613_state4            |       and|   0|  0|   2|           1|           1|
    |ap_predicate_pred628_state4            |       and|   0|  0|   2|           1|           1|
    |ap_predicate_pred634_state4            |       and|   0|  0|   2|           1|           1|
    |ap_predicate_pred639_state4            |       and|   0|  0|   2|           1|           1|
    |ap_predicate_pred644_state4            |       and|   0|  0|   2|           1|           1|
    |ap_predicate_pred659_state4            |       and|   0|  0|   2|           1|           1|
    |ap_predicate_pred665_state4            |       and|   0|  0|   2|           1|           1|
    |ap_predicate_pred670_state4            |       and|   0|  0|   2|           1|           1|
    |ap_predicate_pred675_state4            |       and|   0|  0|   2|           1|           1|
    |ap_predicate_pred690_state4            |       and|   0|  0|   2|           1|           1|
    |ap_predicate_pred696_state4            |       and|   0|  0|   2|           1|           1|
    |ap_predicate_pred701_state4            |       and|   0|  0|   2|           1|           1|
    |ap_predicate_pred706_state4            |       and|   0|  0|   2|           1|           1|
    |icmp_ln160_fu_342_p2                   |      icmp|   0|  0|  13|           4|           3|
    |icmp_ln162_fu_354_p2                   |      icmp|   0|  0|  13|           4|           4|
    |icmp_ln170_fu_359_p2                   |      icmp|   0|  0|  13|           4|           4|
    |ap_block_state3_pp0_stage0_iter1_grp1  |        or|   0|  0|   2|           1|           1|
    |ap_predicate_pred278_state4            |        or|   0|  0|   2|           1|           1|
    |ap_predicate_pred303_state4            |        or|   0|  0|   2|           1|           1|
    |ap_predicate_pred313_state4            |        or|   0|  0|   2|           1|           1|
    |ap_predicate_pred322_state4            |        or|   0|  0|   2|           1|           1|
    |ap_enable_pp0                          |       xor|   0|  0|   2|           1|           2|
    +---------------------------------------+----------+----+---+----+------------+------------+
    |Total                                  |          |   0|  0| 340|         160|         157|
    +---------------------------------------+----------+----+---+----+------------+------------+

    * Multiplexer: 
    +-------------------------+----+-----------+-----+-----------+
    |           Name          | LUT| Input Size| Bits| Total Bits|
    +-------------------------+----+-----------+-----+-----------+
    |ap_NS_fsm                |  14|          3|    1|          3|
    |ap_done_int              |   9|          2|    1|          2|
    |ap_enable_reg_pp0_iter0  |   9|          2|    1|          2|
    |ap_enable_reg_pp0_iter1  |   9|          2|    1|          2|
    |b_10_fu_170              |  31|          6|   32|        192|
    |b_11_fu_174              |  31|          6|   32|        192|
    |b_12_fu_178              |  31|          6|   32|        192|
    |b_13_fu_182              |  31|          6|   32|        192|
    |b_14_fu_186              |  31|          6|   32|        192|
    |b_15_fu_190              |  31|          6|   32|        192|
    |b_3_fu_142               |  25|          5|   25|        125|
    |b_4_fu_146               |  31|          6|   32|        192|
    |b_5_fu_150               |  31|          6|   32|        192|
    |b_6_fu_154               |  31|          6|   32|        192|
    |b_7_fu_158               |  31|          6|   32|        192|
    |b_8_fu_162               |  31|          6|   32|        192|
    |b_9_fu_166               |  31|          6|   32|        192|
    |b_fu_138                 |  25|          5|   32|        160|
    |i_fu_134                 |   9|          2|    4|          8|
    |mergeKipadStrm_blk_n     |   9|          2|    1|          2|
    +-------------------------+----+-----------+-----+-----------+
    |Total                    | 481|         95|  450|       2608|
    +-------------------------+----+-----------+-----+-----------+

    * Register: 
    +-------------------------------------------+----+----+-----+-----------+
    |                    Name                   | FF | LUT| Bits| Const Bits|
    +-------------------------------------------+----+----+-----+-----------+
    |add_ln160_reg_1061                         |   4|   0|    4|          0|
    |ap_CS_fsm                                  |   2|   0|    2|          0|
    |ap_block_pp0_stage0_subdone_grp0_done_reg  |   1|   0|    1|          0|
    |ap_done_reg                                |   1|   0|    1|          0|
    |ap_enable_reg_pp0_iter0_reg                |   1|   0|    1|          0|
    |ap_enable_reg_pp0_iter1                    |   1|   0|    1|          0|
    |ap_predicate_pred249_state4                |   1|   0|    1|          0|
    |ap_predicate_pred256_state4                |   1|   0|    1|          0|
    |ap_predicate_pred261_state4                |   1|   0|    1|          0|
    |ap_predicate_pred278_state4                |   1|   0|    1|          0|
    |ap_predicate_pred303_state4                |   1|   0|    1|          0|
    |ap_predicate_pred313_state4                |   1|   0|    1|          0|
    |ap_predicate_pred322_state4                |   1|   0|    1|          0|
    |ap_predicate_pred349_state4                |   1|   0|    1|          0|
    |ap_predicate_pred355_state4                |   1|   0|    1|          0|
    |ap_predicate_pred360_state4                |   1|   0|    1|          0|
    |ap_predicate_pred365_state4                |   1|   0|    1|          0|
    |ap_predicate_pred380_state4                |   1|   0|    1|          0|
    |ap_predicate_pred386_state4                |   1|   0|    1|          0|
    |ap_predicate_pred391_state4                |   1|   0|    1|          0|
    |ap_predicate_pred396_state4                |   1|   0|    1|          0|
    |ap_predicate_pred411_state4                |   1|   0|    1|          0|
    |ap_predicate_pred417_state4                |   1|   0|    1|          0|
    |ap_predicate_pred422_state4                |   1|   0|    1|          0|
    |ap_predicate_pred427_state4                |   1|   0|    1|          0|
    |ap_predicate_pred442_state4                |   1|   0|    1|          0|
    |ap_predicate_pred448_state4                |   1|   0|    1|          0|
    |ap_predicate_pred453_state4                |   1|   0|    1|          0|
    |ap_predicate_pred458_state4                |   1|   0|    1|          0|
    |ap_predicate_pred473_state4                |   1|   0|    1|          0|
    |ap_predicate_pred479_state4                |   1|   0|    1|          0|
    |ap_predicate_pred484_state4                |   1|   0|    1|          0|
    |ap_predicate_pred489_state4                |   1|   0|    1|          0|
    |ap_predicate_pred504_state4                |   1|   0|    1|          0|
    |ap_predicate_pred510_state4                |   1|   0|    1|          0|
    |ap_predicate_pred515_state4                |   1|   0|    1|          0|
    |ap_predicate_pred520_state4                |   1|   0|    1|          0|
    |ap_predicate_pred535_state4                |   1|   0|    1|          0|
    |ap_predicate_pred541_state4                |   1|   0|    1|          0|
    |ap_predicate_pred546_state4                |   1|   0|    1|          0|
    |ap_predicate_pred551_state4                |   1|   0|    1|          0|
    |ap_predicate_pred566_state4                |   1|   0|    1|          0|
    |ap_predicate_pred572_state4                |   1|   0|    1|          0|
    |ap_predicate_pred577_state4                |   1|   0|    1|          0|
    |ap_predicate_pred582_state4                |   1|   0|    1|          0|
    |ap_predicate_pred597_state4                |   1|   0|    1|          0|
    |ap_predicate_pred603_state4                |   1|   0|    1|          0|
    |ap_predicate_pred608_state4                |   1|   0|    1|          0|
    |ap_predicate_pred613_state4                |   1|   0|    1|          0|
    |ap_predicate_pred628_state4                |   1|   0|    1|          0|
    |ap_predicate_pred634_state4                |   1|   0|    1|          0|
    |ap_predicate_pred639_state4                |   1|   0|    1|          0|
    |ap_predicate_pred644_state4                |   1|   0|    1|          0|
    |ap_predicate_pred659_state4                |   1|   0|    1|          0|
    |ap_predicate_pred665_state4                |   1|   0|    1|          0|
    |ap_predicate_pred670_state4                |   1|   0|    1|          0|
    |ap_predicate_pred675_state4                |   1|   0|    1|          0|
    |ap_predicate_pred690_state4                |   1|   0|    1|          0|
    |ap_predicate_pred696_state4                |   1|   0|    1|          0|
    |ap_predicate_pred701_state4                |   1|   0|    1|          0|
    |ap_predicate_pred706_state4                |   1|   0|    1|          0|
    |b_10_fu_170                                |  32|   0|   32|          0|
    |b_11_fu_174                                |  32|   0|   32|          0|
    |b_12_fu_178                                |  32|   0|   32|          0|
    |b_13_fu_182                                |  32|   0|   32|          0|
    |b_14_fu_186                                |  32|   0|   32|          0|
    |b_15_fu_190                                |  32|   0|   32|          0|
    |b_3_fu_142                                 |  25|   0|   32|          7|
    |b_4_fu_146                                 |  32|   0|   32|          0|
    |b_5_fu_150                                 |  32|   0|   32|          0|
    |b_6_fu_154                                 |  32|   0|   32|          0|
    |b_7_fu_158                                 |  32|   0|   32|          0|
    |b_8_fu_162                                 |  32|   0|   32|          0|
    |b_9_fu_166                                 |  32|   0|   32|          0|
    |b_fu_138                                   |  32|   0|   32|          0|
    |i_1_reg_1054                               |   4|   0|    4|          0|
    |i_fu_134                                   |   4|   0|    4|          0|
    |icmp_ln162_reg_1066                        |   1|   0|    1|          0|
    |icmp_ln170_reg_1070                        |   1|   0|    1|          0|
    |l_27_reg_1094                              |  32|   0|   32|          0|
    |reg_330                                    |   8|   0|    8|          0|
    |tmp_1_reg_1084                             |   8|   0|    8|          0|
    |trunc_ln181_reg_1079                       |   8|   0|    8|          0|
    |trunc_ln187_reg_1074                       |   8|   0|    8|          0|
    |trunc_ln192_reg_1089                       |   8|   0|    8|          0|
    +-------------------------------------------+----+----+-----+-----------+
    |Total                                      | 588|   0|  595|          7|
    +-------------------------------------------+----+----+-----+-----------+



================================================================
== Interface
================================================================
* Summary: 
+-------------------------------+-----+-----+------------+----------------------------------------------------------+--------------+
|           RTL Ports           | Dir | Bits|  Protocol  |                       Source Object                      |    C Type    |
+-------------------------------+-----+-----+------------+----------------------------------------------------------+--------------+
|ap_clk                         |   in|    1|  ap_ctrl_hs|  preProcessing_Pipeline_LOOP_SHA256_GEN_COPY_TAIL_AND_ONE|  return value|
|ap_rst                         |   in|    1|  ap_ctrl_hs|  preProcessing_Pipeline_LOOP_SHA256_GEN_COPY_TAIL_AND_ONE|  return value|
|ap_start                       |   in|    1|  ap_ctrl_hs|  preProcessing_Pipeline_LOOP_SHA256_GEN_COPY_TAIL_AND_ONE|  return value|
|ap_done                        |  out|    1|  ap_ctrl_hs|  preProcessing_Pipeline_LOOP_SHA256_GEN_COPY_TAIL_AND_ONE|  return value|
|ap_idle                        |  out|    1|  ap_ctrl_hs|  preProcessing_Pipeline_LOOP_SHA256_GEN_COPY_TAIL_AND_ONE|  return value|
|ap_ready                       |  out|    1|  ap_ctrl_hs|  preProcessing_Pipeline_LOOP_SHA256_GEN_COPY_TAIL_AND_ONE|  return value|
|mergeKipadStrm_dout            |   in|   32|     ap_fifo|                                            mergeKipadStrm|       pointer|
|mergeKipadStrm_empty_n         |   in|    1|     ap_fifo|                                            mergeKipadStrm|       pointer|
|mergeKipadStrm_read            |  out|    1|     ap_fifo|                                            mergeKipadStrm|       pointer|
|mergeKipadStrm_num_data_valid  |   in|    8|     ap_fifo|                                            mergeKipadStrm|       pointer|
|mergeKipadStrm_fifo_cap        |   in|    8|     ap_fifo|                                            mergeKipadStrm|       pointer|
|p_cast                         |   in|    4|     ap_none|                                                    p_cast|        scalar|
|len                            |   in|    2|     ap_none|                                                       len|        scalar|
|b_16_out                       |  out|   32|      ap_vld|                                                  b_16_out|       pointer|
|b_16_out_ap_vld                |  out|    1|      ap_vld|                                                  b_16_out|       pointer|
|b_15_out                       |  out|   32|      ap_vld|                                                  b_15_out|       pointer|
|b_15_out_ap_vld                |  out|    1|      ap_vld|                                                  b_15_out|       pointer|
|b_14_out                       |  out|   32|      ap_vld|                                                  b_14_out|       pointer|
|b_14_out_ap_vld                |  out|    1|      ap_vld|                                                  b_14_out|       pointer|
|b_13_out                       |  out|   32|      ap_vld|                                                  b_13_out|       pointer|
|b_13_out_ap_vld                |  out|    1|      ap_vld|                                                  b_13_out|       pointer|
|b_12_out                       |  out|   32|      ap_vld|                                                  b_12_out|       pointer|
|b_12_out_ap_vld                |  out|    1|      ap_vld|                                                  b_12_out|       pointer|
|b_11_out                       |  out|   32|      ap_vld|                                                  b_11_out|       pointer|
|b_11_out_ap_vld                |  out|    1|      ap_vld|                                                  b_11_out|       pointer|
|b_10_out                       |  out|   32|      ap_vld|                                                  b_10_out|       pointer|
|b_10_out_ap_vld                |  out|    1|      ap_vld|                                                  b_10_out|       pointer|
|b_9_out                        |  out|   32|      ap_vld|                                                   b_9_out|       pointer|
|b_9_out_ap_vld                 |  out|    1|      ap_vld|                                                   b_9_out|       pointer|
|b_8_out                        |  out|   32|      ap_vld|                                                   b_8_out|       pointer|
|b_8_out_ap_vld                 |  out|    1|      ap_vld|                                                   b_8_out|       pointer|
|b_7_out                        |  out|   32|      ap_vld|                                                   b_7_out|       pointer|
|b_7_out_ap_vld                 |  out|    1|      ap_vld|                                                   b_7_out|       pointer|
|b_6_out                        |  out|   32|      ap_vld|                                                   b_6_out|       pointer|
|b_6_out_ap_vld                 |  out|    1|      ap_vld|                                                   b_6_out|       pointer|
|b_5_out                        |  out|   32|      ap_vld|                                                   b_5_out|       pointer|
|b_5_out_ap_vld                 |  out|    1|      ap_vld|                                                   b_5_out|       pointer|
|b_4_out                        |  out|   32|      ap_vld|                                                   b_4_out|       pointer|
|b_4_out_ap_vld                 |  out|    1|      ap_vld|                                                   b_4_out|       pointer|
|b_out                          |  out|   32|      ap_vld|                                                     b_out|       pointer|
|b_out_ap_vld                   |  out|    1|      ap_vld|                                                     b_out|       pointer|
+-------------------------------+-----+-----+------------+----------------------------------------------------------+--------------+

============================================================
+ Verbose Summary: Synthesis Manager
============================================================
InlineROM: 1
ExposeGlobal: 0
============================================================
+ Verbose Summary: CDFG Model
============================================================
IsTopModel: 0
ResetActiveHigh: 1
IsCombinational: 2
IsDatapathOnly: 2
HasWiredReturn: 1
HasMFsm: 2
HasVarLatency: 1
IsPipeline: 0
IsRtlPipelined: 0
IsInstanceOverlapped: 0
IsDontTouch: 0
HasImplIP: 0
IsGatedGlobalClock: 0

+ Individual pipeline summary: 
  * Pipeline-0: initiation interval (II) = 2, depth = 4


============================================================
+ Verbose Summary: Schedule
============================================================
* Number of FSM states : 4
* Pipeline : 1
  Pipeline-0 : II = 2, D = 4, States = { 1 2 3 4 }
* Dataflow Pipeline: 0

* FSM state transitions: 
1 --> 2 
2 --> 3 
3 --> 4 
4 --> 

* FSM state operations: 

State 1 <SV = 0> <Delay = 1.58>
ST_1 : Operation 7 [1/1] (0.00ns)   --->   "%i = alloca i32 1" [D:/hlstrack/hlstrack2025-master/security/L1/tests/hmac/sha256/../../../../L1/include\xf_security/sha224_256.hpp:160]   --->   Operation 7 'alloca' 'i' <Predicate = true> <Delay = 0.00>
ST_1 : Operation 8 [1/1] (0.00ns)   --->   "%b = alloca i32 1" [D:/hlstrack/hlstrack2025-master/security/L1/tests/hmac/sha256/../../../../L1/include\xf_security/sha224_256.hpp:156]   --->   Operation 8 'alloca' 'b' <Predicate = true> <Delay = 0.00>
ST_1 : Operation 9 [1/1] (0.00ns)   --->   "%b_3 = alloca i32 1" [D:/hlstrack/hlstrack2025-master/security/L1/tests/hmac/sha256/../../../../L1/include\xf_security/sha224_256.hpp:156]   --->   Operation 9 'alloca' 'b_3' <Predicate = true> <Delay = 0.00>
ST_1 : Operation 10 [1/1] (0.00ns)   --->   "%b_4 = alloca i32 1" [D:/hlstrack/hlstrack2025-master/security/L1/tests/hmac/sha256/../../../../L1/include\xf_security/sha224_256.hpp:156]   --->   Operation 10 'alloca' 'b_4' <Predicate = true> <Delay = 0.00>
ST_1 : Operation 11 [1/1] (0.00ns)   --->   "%b_5 = alloca i32 1" [D:/hlstrack/hlstrack2025-master/security/L1/tests/hmac/sha256/../../../../L1/include\xf_security/sha224_256.hpp:156]   --->   Operation 11 'alloca' 'b_5' <Predicate = true> <Delay = 0.00>
ST_1 : Operation 12 [1/1] (0.00ns)   --->   "%b_6 = alloca i32 1" [D:/hlstrack/hlstrack2025-master/security/L1/tests/hmac/sha256/../../../../L1/include\xf_security/sha224_256.hpp:156]   --->   Operation 12 'alloca' 'b_6' <Predicate = true> <Delay = 0.00>
ST_1 : Operation 13 [1/1] (0.00ns)   --->   "%b_7 = alloca i32 1" [D:/hlstrack/hlstrack2025-master/security/L1/tests/hmac/sha256/../../../../L1/include\xf_security/sha224_256.hpp:156]   --->   Operation 13 'alloca' 'b_7' <Predicate = true> <Delay = 0.00>
ST_1 : Operation 14 [1/1] (0.00ns)   --->   "%b_8 = alloca i32 1" [D:/hlstrack/hlstrack2025-master/security/L1/tests/hmac/sha256/../../../../L1/include\xf_security/sha224_256.hpp:156]   --->   Operation 14 'alloca' 'b_8' <Predicate = true> <Delay = 0.00>
ST_1 : Operation 15 [1/1] (0.00ns)   --->   "%b_9 = alloca i32 1" [D:/hlstrack/hlstrack2025-master/security/L1/tests/hmac/sha256/../../../../L1/include\xf_security/sha224_256.hpp:156]   --->   Operation 15 'alloca' 'b_9' <Predicate = true> <Delay = 0.00>
ST_1 : Operation 16 [1/1] (0.00ns)   --->   "%b_10 = alloca i32 1" [D:/hlstrack/hlstrack2025-master/security/L1/tests/hmac/sha256/../../../../L1/include\xf_security/sha224_256.hpp:156]   --->   Operation 16 'alloca' 'b_10' <Predicate = true> <Delay = 0.00>
ST_1 : Operation 17 [1/1] (0.00ns)   --->   "%b_11 = alloca i32 1" [D:/hlstrack/hlstrack2025-master/security/L1/tests/hmac/sha256/../../../../L1/include\xf_security/sha224_256.hpp:156]   --->   Operation 17 'alloca' 'b_11' <Predicate = true> <Delay = 0.00>
ST_1 : Operation 18 [1/1] (0.00ns)   --->   "%b_12 = alloca i32 1" [D:/hlstrack/hlstrack2025-master/security/L1/tests/hmac/sha256/../../../../L1/include\xf_security/sha224_256.hpp:156]   --->   Operation 18 'alloca' 'b_12' <Predicate = true> <Delay = 0.00>
ST_1 : Operation 19 [1/1] (0.00ns)   --->   "%b_13 = alloca i32 1" [D:/hlstrack/hlstrack2025-master/security/L1/tests/hmac/sha256/../../../../L1/include\xf_security/sha224_256.hpp:156]   --->   Operation 19 'alloca' 'b_13' <Predicate = true> <Delay = 0.00>
ST_1 : Operation 20 [1/1] (0.00ns)   --->   "%b_14 = alloca i32 1" [D:/hlstrack/hlstrack2025-master/security/L1/tests/hmac/sha256/../../../../L1/include\xf_security/sha224_256.hpp:156]   --->   Operation 20 'alloca' 'b_14' <Predicate = true> <Delay = 0.00>
ST_1 : Operation 21 [1/1] (0.00ns)   --->   "%b_15 = alloca i32 1" [D:/hlstrack/hlstrack2025-master/security/L1/tests/hmac/sha256/../../../../L1/include\xf_security/sha224_256.hpp:156]   --->   Operation 21 'alloca' 'b_15' <Predicate = true> <Delay = 0.00>
ST_1 : Operation 22 [1/1] (0.00ns)   --->   "%specmemcore_ln0 = specmemcore void @_ssdm_op_SpecMemCore, i32 %mergeKipadStrm, i64 666, i64 9, i64 18446744073709551615"   --->   Operation 22 'specmemcore' 'specmemcore_ln0' <Predicate = true> <Delay = 0.00>
ST_1 : Operation 23 [1/1] (0.00ns)   --->   "%specinterface_ln0 = specinterface void @_ssdm_op_SpecInterface, i32 %mergeKipadStrm, void @empty_3, i32 0, i32 0, void @empty_1, i32 0, i32 0, void @empty_1, void @empty_1, void @empty_1, i32 0, i32 0, i32 0, i32 0, void @empty_1, void @empty_1, i32 4294967295, i32 0, i32 0"   --->   Operation 23 'specinterface' 'specinterface_ln0' <Predicate = true> <Delay = 0.00>
ST_1 : Operation 24 [1/1] (0.00ns)   --->   "%len_read = read i2 @_ssdm_op_Read.ap_auto.i2, i2 %len" [D:/hlstrack/hlstrack2025-master/security/L1/tests/hmac/sha256/../../../../L1/include\xf_security/sha224_256.hpp:82]   --->   Operation 24 'read' 'len_read' <Predicate = true> <Delay = 0.00>
ST_1 : Operation 25 [1/1] (0.00ns)   --->   "%p_cast_read = read i4 @_ssdm_op_Read.ap_auto.i4, i4 %p_cast" [D:/hlstrack/hlstrack2025-master/security/L1/tests/hmac/sha256/../../../../L1/include\xf_security/sha224_256.hpp:82]   --->   Operation 25 'read' 'p_cast_read' <Predicate = true> <Delay = 0.00>
ST_1 : Operation 26 [1/1] (1.58ns)   --->   "%store_ln160 = store i4 0, i4 %i" [D:/hlstrack/hlstrack2025-master/security/L1/tests/hmac/sha256/../../../../L1/include\xf_security/sha224_256.hpp:160]   --->   Operation 26 'store' 'store_ln160' <Predicate = true> <Delay = 1.58>
ST_1 : Operation 27 [1/1] (0.00ns)   --->   "%br_ln160 = br void %for.body87" [D:/hlstrack/hlstrack2025-master/security/L1/tests/hmac/sha256/../../../../L1/include\xf_security/sha224_256.hpp:160]   --->   Operation 27 'br' 'br_ln160' <Predicate = true> <Delay = 0.00>

State 2 <SV = 1> <Delay = 1.73>
ST_2 : Operation 28 [1/1] (0.00ns)   --->   "%i_1 = load i4 %i" [D:/hlstrack/hlstrack2025-master/security/L1/tests/hmac/sha256/../../../../L1/include\xf_security/sha224_256.hpp:160]   --->   Operation 28 'load' 'i_1' <Predicate = true> <Delay = 0.00>
ST_2 : Operation 29 [1/1] (1.73ns)   --->   "%icmp_ln160 = icmp_eq  i4 %i_1, i4 14" [D:/hlstrack/hlstrack2025-master/security/L1/tests/hmac/sha256/../../../../L1/include\xf_security/sha224_256.hpp:160]   --->   Operation 29 'icmp' 'icmp_ln160' <Predicate = true> <Delay = 1.73> <CoreInst = "Cmp">   --->   Core 9 'Cmp' <Latency = 0> <II = 1> <Delay = 1.73> <FuncUnit> <Opcode : 'seteq' 'setne' 'setle' 'setge' 'setlt' 'setgt'> <InPorts = 2> <OutPorts = 1>
ST_2 : Operation 30 [1/1] (1.73ns)   --->   "%add_ln160 = add i4 %i_1, i4 1" [D:/hlstrack/hlstrack2025-master/security/L1/tests/hmac/sha256/../../../../L1/include\xf_security/sha224_256.hpp:160]   --->   Operation 30 'add' 'add_ln160' <Predicate = true> <Delay = 1.73> <CoreInst = "Adder">   --->   Core 1 'Adder' <Latency = 0> <II = 1> <Delay = 1.73> <FuncUnit> <Opcode : 'add' 'sub'> <InPorts = 2> <OutPorts = 1>
ST_2 : Operation 31 [1/1] (0.00ns)   --->   "%br_ln160 = br i1 %icmp_ln160, void %for.body87.split, void %do.end223.exitStub" [D:/hlstrack/hlstrack2025-master/security/L1/tests/hmac/sha256/../../../../L1/include\xf_security/sha224_256.hpp:160]   --->   Operation 31 'br' 'br_ln160' <Predicate = true> <Delay = 0.00>
ST_2 : Operation 32 [1/1] (0.00ns)   --->   "%specpipeline_ln161 = specpipeline void @_ssdm_op_SpecPipeline, i32 4294967295, i32 0, i32 0, i32 0, void @empty_1" [D:/hlstrack/hlstrack2025-master/security/L1/tests/hmac/sha256/../../../../L1/include\xf_security/sha224_256.hpp:161]   --->   Operation 32 'specpipeline' 'specpipeline_ln161' <Predicate = (!icmp_ln160)> <Delay = 0.00>
ST_2 : Operation 33 [1/1] (0.00ns)   --->   "%speclooptripcount_ln156 = speclooptripcount void @_ssdm_op_SpecLoopTripCount, i64 14, i64 14, i64 14" [D:/hlstrack/hlstrack2025-master/security/L1/tests/hmac/sha256/../../../../L1/include\xf_security/sha224_256.hpp:156]   --->   Operation 33 'speclooptripcount' 'speclooptripcount_ln156' <Predicate = (!icmp_ln160)> <Delay = 0.00>
ST_2 : Operation 34 [1/1] (0.00ns)   --->   "%specloopname_ln160 = specloopname void @_ssdm_op_SpecLoopName, void @empty_19" [D:/hlstrack/hlstrack2025-master/security/L1/tests/hmac/sha256/../../../../L1/include\xf_security/sha224_256.hpp:160]   --->   Operation 34 'specloopname' 'specloopname_ln160' <Predicate = (!icmp_ln160)> <Delay = 0.00>
ST_2 : Operation 35 [1/1] (1.73ns)   --->   "%icmp_ln162 = icmp_ult  i4 %i_1, i4 %p_cast_read" [D:/hlstrack/hlstrack2025-master/security/L1/tests/hmac/sha256/../../../../L1/include\xf_security/sha224_256.hpp:162]   --->   Operation 35 'icmp' 'icmp_ln162' <Predicate = (!icmp_ln160)> <Delay = 1.73> <CoreInst = "Cmp">   --->   Core 9 'Cmp' <Latency = 0> <II = 1> <Delay = 1.73> <FuncUnit> <Opcode : 'seteq' 'setne' 'setle' 'setge' 'setlt' 'setgt'> <InPorts = 2> <OutPorts = 1>
ST_2 : Operation 36 [1/1] (0.00ns)   --->   "%br_ln162 = br i1 %icmp_ln162, void %if.else118, void %do.end117" [D:/hlstrack/hlstrack2025-master/security/L1/tests/hmac/sha256/../../../../L1/include\xf_security/sha224_256.hpp:162]   --->   Operation 36 'br' 'br_ln162' <Predicate = (!icmp_ln160)> <Delay = 0.00>
ST_2 : Operation 37 [1/1] (1.73ns)   --->   "%icmp_ln170 = icmp_ugt  i4 %i_1, i4 %p_cast_read" [D:/hlstrack/hlstrack2025-master/security/L1/tests/hmac/sha256/../../../../L1/include\xf_security/sha224_256.hpp:170]   --->   Operation 37 'icmp' 'icmp_ln170' <Predicate = (!icmp_ln160 & !icmp_ln162)> <Delay = 1.73> <CoreInst = "Cmp">   --->   Core 9 'Cmp' <Latency = 0> <II = 1> <Delay = 1.73> <FuncUnit> <Opcode : 'seteq' 'setne' 'setle' 'setge' 'setlt' 'setgt'> <InPorts = 2> <OutPorts = 1>
ST_2 : Operation 38 [1/1] (0.00ns)   --->   "%br_ln170 = br i1 %icmp_ln170, void %if.else126, void %if.then122" [D:/hlstrack/hlstrack2025-master/security/L1/tests/hmac/sha256/../../../../L1/include\xf_security/sha224_256.hpp:170]   --->   Operation 38 'br' 'br_ln170' <Predicate = (!icmp_ln160 & !icmp_ln162)> <Delay = 0.00>
ST_2 : Operation 39 [1/1] (1.56ns)   --->   "%switch_ln176 = switch i2 %len_read, void %if.else173, i2 0, void %if.then131, i2 1, void %if.then137, i2 2, void %if.then154" [D:/hlstrack/hlstrack2025-master/security/L1/tests/hmac/sha256/../../../../L1/include\xf_security/sha224_256.hpp:176]   --->   Operation 39 'switch' 'switch_ln176' <Predicate = (!icmp_ln160 & !icmp_ln162 & !icmp_ln170)> <Delay = 1.56>
ST_2 : Operation 40 [1/1] (1.73ns)   --->   "%switch_ln187 = switch i4 %i_1, void %arrayidx17221.case.13, i4 0, void %arrayidx17221.case.0, i4 1, void %arrayidx17221.case.1, i4 2, void %arrayidx17221.case.2, i4 3, void %arrayidx17221.case.3, i4 4, void %arrayidx17221.case.4, i4 5, void %arrayidx17221.case.5, i4 6, void %arrayidx17221.case.6, i4 7, void %arrayidx17221.case.7, i4 8, void %arrayidx17221.case.8, i4 9, void %arrayidx17221.case.9, i4 10, void %arrayidx17221.case.10, i4 11, void %arrayidx17221.case.11, i4 12, void %if.then154.for.inc203_crit_edge" [D:/hlstrack/hlstrack2025-master/security/L1/tests/hmac/sha256/../../../../L1/include\xf_security/sha224_256.hpp:187]   --->   Operation 40 'switch' 'switch_ln187' <Predicate = (!icmp_ln160 & !icmp_ln162 & !icmp_ln170 & len_read == 2)> <Delay = 1.73>
ST_2 : Operation 41 [1/1] (0.00ns)   --->   "%br_ln187 = br void %for.inc203" [D:/hlstrack/hlstrack2025-master/security/L1/tests/hmac/sha256/../../../../L1/include\xf_security/sha224_256.hpp:187]   --->   Operation 41 'br' 'br_ln187' <Predicate = (!icmp_ln160 & !icmp_ln162 & !icmp_ln170 & len_read == 2 & i_1 == 12)> <Delay = 0.00>
ST_2 : Operation 42 [1/1] (0.00ns)   --->   "%br_ln187 = br void %for.inc203" [D:/hlstrack/hlstrack2025-master/security/L1/tests/hmac/sha256/../../../../L1/include\xf_security/sha224_256.hpp:187]   --->   Operation 42 'br' 'br_ln187' <Predicate = (!icmp_ln160 & !icmp_ln162 & !icmp_ln170 & len_read == 2 & i_1 == 11)> <Delay = 0.00>
ST_2 : Operation 43 [1/1] (0.00ns)   --->   "%br_ln187 = br void %for.inc203" [D:/hlstrack/hlstrack2025-master/security/L1/tests/hmac/sha256/../../../../L1/include\xf_security/sha224_256.hpp:187]   --->   Operation 43 'br' 'br_ln187' <Predicate = (!icmp_ln160 & !icmp_ln162 & !icmp_ln170 & len_read == 2 & i_1 == 10)> <Delay = 0.00>
ST_2 : Operation 44 [1/1] (0.00ns)   --->   "%br_ln187 = br void %for.inc203" [D:/hlstrack/hlstrack2025-master/security/L1/tests/hmac/sha256/../../../../L1/include\xf_security/sha224_256.hpp:187]   --->   Operation 44 'br' 'br_ln187' <Predicate = (!icmp_ln160 & !icmp_ln162 & !icmp_ln170 & len_read == 2 & i_1 == 9)> <Delay = 0.00>
ST_2 : Operation 45 [1/1] (0.00ns)   --->   "%br_ln187 = br void %for.inc203" [D:/hlstrack/hlstrack2025-master/security/L1/tests/hmac/sha256/../../../../L1/include\xf_security/sha224_256.hpp:187]   --->   Operation 45 'br' 'br_ln187' <Predicate = (!icmp_ln160 & !icmp_ln162 & !icmp_ln170 & len_read == 2 & i_1 == 8)> <Delay = 0.00>
ST_2 : Operation 46 [1/1] (0.00ns)   --->   "%br_ln187 = br void %for.inc203" [D:/hlstrack/hlstrack2025-master/security/L1/tests/hmac/sha256/../../../../L1/include\xf_security/sha224_256.hpp:187]   --->   Operation 46 'br' 'br_ln187' <Predicate = (!icmp_ln160 & !icmp_ln162 & !icmp_ln170 & len_read == 2 & i_1 == 7)> <Delay = 0.00>
ST_2 : Operation 47 [1/1] (0.00ns)   --->   "%br_ln187 = br void %for.inc203" [D:/hlstrack/hlstrack2025-master/security/L1/tests/hmac/sha256/../../../../L1/include\xf_security/sha224_256.hpp:187]   --->   Operation 47 'br' 'br_ln187' <Predicate = (!icmp_ln160 & !icmp_ln162 & !icmp_ln170 & len_read == 2 & i_1 == 6)> <Delay = 0.00>
ST_2 : Operation 48 [1/1] (0.00ns)   --->   "%br_ln187 = br void %for.inc203" [D:/hlstrack/hlstrack2025-master/security/L1/tests/hmac/sha256/../../../../L1/include\xf_security/sha224_256.hpp:187]   --->   Operation 48 'br' 'br_ln187' <Predicate = (!icmp_ln160 & !icmp_ln162 & !icmp_ln170 & len_read == 2 & i_1 == 5)> <Delay = 0.00>
ST_2 : Operation 49 [1/1] (0.00ns)   --->   "%br_ln187 = br void %for.inc203" [D:/hlstrack/hlstrack2025-master/security/L1/tests/hmac/sha256/../../../../L1/include\xf_security/sha224_256.hpp:187]   --->   Operation 49 'br' 'br_ln187' <Predicate = (!icmp_ln160 & !icmp_ln162 & !icmp_ln170 & len_read == 2 & i_1 == 4)> <Delay = 0.00>
ST_2 : Operation 50 [1/1] (0.00ns)   --->   "%br_ln187 = br void %for.inc203" [D:/hlstrack/hlstrack2025-master/security/L1/tests/hmac/sha256/../../../../L1/include\xf_security/sha224_256.hpp:187]   --->   Operation 50 'br' 'br_ln187' <Predicate = (!icmp_ln160 & !icmp_ln162 & !icmp_ln170 & len_read == 2 & i_1 == 3)> <Delay = 0.00>
ST_2 : Operation 51 [1/1] (0.00ns)   --->   "%br_ln187 = br void %for.inc203" [D:/hlstrack/hlstrack2025-master/security/L1/tests/hmac/sha256/../../../../L1/include\xf_security/sha224_256.hpp:187]   --->   Operation 51 'br' 'br_ln187' <Predicate = (!icmp_ln160 & !icmp_ln162 & !icmp_ln170 & len_read == 2 & i_1 == 2)> <Delay = 0.00>
ST_2 : Operation 52 [1/1] (0.00ns)   --->   "%br_ln187 = br void %for.inc203" [D:/hlstrack/hlstrack2025-master/security/L1/tests/hmac/sha256/../../../../L1/include\xf_security/sha224_256.hpp:187]   --->   Operation 52 'br' 'br_ln187' <Predicate = (!icmp_ln160 & !icmp_ln162 & !icmp_ln170 & len_read == 2 & i_1 == 1)> <Delay = 0.00>
ST_2 : Operation 53 [1/1] (0.00ns)   --->   "%br_ln187 = br void %for.inc203" [D:/hlstrack/hlstrack2025-master/security/L1/tests/hmac/sha256/../../../../L1/include\xf_security/sha224_256.hpp:187]   --->   Operation 53 'br' 'br_ln187' <Predicate = (!icmp_ln160 & !icmp_ln162 & !icmp_ln170 & len_read == 2 & i_1 == 0)> <Delay = 0.00>
ST_2 : Operation 54 [1/1] (0.00ns)   --->   "%br_ln187 = br void %for.inc203" [D:/hlstrack/hlstrack2025-master/security/L1/tests/hmac/sha256/../../../../L1/include\xf_security/sha224_256.hpp:187]   --->   Operation 54 'br' 'br_ln187' <Predicate = (!icmp_ln160 & !icmp_ln162 & !icmp_ln170 & len_read == 2 & i_1 == 15) | (!icmp_ln160 & !icmp_ln162 & !icmp_ln170 & len_read == 2 & i_1 == 13)> <Delay = 0.00>
ST_2 : Operation 55 [1/1] (1.73ns)   --->   "%switch_ln182 = switch i4 %i_1, void %arrayidx15122.case.13, i4 0, void %arrayidx15122.case.0, i4 1, void %arrayidx15122.case.1, i4 2, void %arrayidx15122.case.2, i4 3, void %arrayidx15122.case.3, i4 4, void %arrayidx15122.case.4, i4 5, void %arrayidx15122.case.5, i4 6, void %arrayidx15122.case.6, i4 7, void %arrayidx15122.case.7, i4 8, void %arrayidx15122.case.8, i4 9, void %arrayidx15122.case.9, i4 10, void %arrayidx15122.case.10, i4 11, void %arrayidx15122.case.11, i4 12, void %if.then137.for.inc203_crit_edge" [D:/hlstrack/hlstrack2025-master/security/L1/tests/hmac/sha256/../../../../L1/include\xf_security/sha224_256.hpp:182]   --->   Operation 55 'switch' 'switch_ln182' <Predicate = (!icmp_ln160 & !icmp_ln162 & !icmp_ln170 & len_read == 1)> <Delay = 1.73>
ST_2 : Operation 56 [1/1] (0.00ns)   --->   "%br_ln182 = br void %for.inc203" [D:/hlstrack/hlstrack2025-master/security/L1/tests/hmac/sha256/../../../../L1/include\xf_security/sha224_256.hpp:182]   --->   Operation 56 'br' 'br_ln182' <Predicate = (!icmp_ln160 & !icmp_ln162 & !icmp_ln170 & len_read == 1 & i_1 == 12)> <Delay = 0.00>
ST_2 : Operation 57 [1/1] (0.00ns)   --->   "%br_ln182 = br void %for.inc203" [D:/hlstrack/hlstrack2025-master/security/L1/tests/hmac/sha256/../../../../L1/include\xf_security/sha224_256.hpp:182]   --->   Operation 57 'br' 'br_ln182' <Predicate = (!icmp_ln160 & !icmp_ln162 & !icmp_ln170 & len_read == 1 & i_1 == 11)> <Delay = 0.00>
ST_2 : Operation 58 [1/1] (0.00ns)   --->   "%br_ln182 = br void %for.inc203" [D:/hlstrack/hlstrack2025-master/security/L1/tests/hmac/sha256/../../../../L1/include\xf_security/sha224_256.hpp:182]   --->   Operation 58 'br' 'br_ln182' <Predicate = (!icmp_ln160 & !icmp_ln162 & !icmp_ln170 & len_read == 1 & i_1 == 10)> <Delay = 0.00>
ST_2 : Operation 59 [1/1] (0.00ns)   --->   "%br_ln182 = br void %for.inc203" [D:/hlstrack/hlstrack2025-master/security/L1/tests/hmac/sha256/../../../../L1/include\xf_security/sha224_256.hpp:182]   --->   Operation 59 'br' 'br_ln182' <Predicate = (!icmp_ln160 & !icmp_ln162 & !icmp_ln170 & len_read == 1 & i_1 == 9)> <Delay = 0.00>
ST_2 : Operation 60 [1/1] (0.00ns)   --->   "%br_ln182 = br void %for.inc203" [D:/hlstrack/hlstrack2025-master/security/L1/tests/hmac/sha256/../../../../L1/include\xf_security/sha224_256.hpp:182]   --->   Operation 60 'br' 'br_ln182' <Predicate = (!icmp_ln160 & !icmp_ln162 & !icmp_ln170 & len_read == 1 & i_1 == 8)> <Delay = 0.00>
ST_2 : Operation 61 [1/1] (0.00ns)   --->   "%br_ln182 = br void %for.inc203" [D:/hlstrack/hlstrack2025-master/security/L1/tests/hmac/sha256/../../../../L1/include\xf_security/sha224_256.hpp:182]   --->   Operation 61 'br' 'br_ln182' <Predicate = (!icmp_ln160 & !icmp_ln162 & !icmp_ln170 & len_read == 1 & i_1 == 7)> <Delay = 0.00>
ST_2 : Operation 62 [1/1] (0.00ns)   --->   "%br_ln182 = br void %for.inc203" [D:/hlstrack/hlstrack2025-master/security/L1/tests/hmac/sha256/../../../../L1/include\xf_security/sha224_256.hpp:182]   --->   Operation 62 'br' 'br_ln182' <Predicate = (!icmp_ln160 & !icmp_ln162 & !icmp_ln170 & len_read == 1 & i_1 == 6)> <Delay = 0.00>
ST_2 : Operation 63 [1/1] (0.00ns)   --->   "%br_ln182 = br void %for.inc203" [D:/hlstrack/hlstrack2025-master/security/L1/tests/hmac/sha256/../../../../L1/include\xf_security/sha224_256.hpp:182]   --->   Operation 63 'br' 'br_ln182' <Predicate = (!icmp_ln160 & !icmp_ln162 & !icmp_ln170 & len_read == 1 & i_1 == 5)> <Delay = 0.00>
ST_2 : Operation 64 [1/1] (0.00ns)   --->   "%br_ln182 = br void %for.inc203" [D:/hlstrack/hlstrack2025-master/security/L1/tests/hmac/sha256/../../../../L1/include\xf_security/sha224_256.hpp:182]   --->   Operation 64 'br' 'br_ln182' <Predicate = (!icmp_ln160 & !icmp_ln162 & !icmp_ln170 & len_read == 1 & i_1 == 4)> <Delay = 0.00>
ST_2 : Operation 65 [1/1] (0.00ns)   --->   "%br_ln182 = br void %for.inc203" [D:/hlstrack/hlstrack2025-master/security/L1/tests/hmac/sha256/../../../../L1/include\xf_security/sha224_256.hpp:182]   --->   Operation 65 'br' 'br_ln182' <Predicate = (!icmp_ln160 & !icmp_ln162 & !icmp_ln170 & len_read == 1 & i_1 == 3)> <Delay = 0.00>
ST_2 : Operation 66 [1/1] (0.00ns)   --->   "%br_ln182 = br void %for.inc203" [D:/hlstrack/hlstrack2025-master/security/L1/tests/hmac/sha256/../../../../L1/include\xf_security/sha224_256.hpp:182]   --->   Operation 66 'br' 'br_ln182' <Predicate = (!icmp_ln160 & !icmp_ln162 & !icmp_ln170 & len_read == 1 & i_1 == 2)> <Delay = 0.00>
ST_2 : Operation 67 [1/1] (0.00ns)   --->   "%br_ln182 = br void %for.inc203" [D:/hlstrack/hlstrack2025-master/security/L1/tests/hmac/sha256/../../../../L1/include\xf_security/sha224_256.hpp:182]   --->   Operation 67 'br' 'br_ln182' <Predicate = (!icmp_ln160 & !icmp_ln162 & !icmp_ln170 & len_read == 1 & i_1 == 1)> <Delay = 0.00>
ST_2 : Operation 68 [1/1] (0.00ns)   --->   "%br_ln182 = br void %for.inc203" [D:/hlstrack/hlstrack2025-master/security/L1/tests/hmac/sha256/../../../../L1/include\xf_security/sha224_256.hpp:182]   --->   Operation 68 'br' 'br_ln182' <Predicate = (!icmp_ln160 & !icmp_ln162 & !icmp_ln170 & len_read == 1 & i_1 == 0)> <Delay = 0.00>
ST_2 : Operation 69 [1/1] (0.00ns)   --->   "%br_ln182 = br void %for.inc203" [D:/hlstrack/hlstrack2025-master/security/L1/tests/hmac/sha256/../../../../L1/include\xf_security/sha224_256.hpp:182]   --->   Operation 69 'br' 'br_ln182' <Predicate = (!icmp_ln160 & !icmp_ln162 & !icmp_ln170 & len_read == 1 & i_1 == 15) | (!icmp_ln160 & !icmp_ln162 & !icmp_ln170 & len_read == 1 & i_1 == 13)> <Delay = 0.00>
ST_2 : Operation 70 [1/1] (1.73ns)   --->   "%switch_ln177 = switch i4 %i_1, void %arrayidx13423.case.13, i4 0, void %arrayidx13423.case.0, i4 1, void %arrayidx13423.case.1, i4 2, void %arrayidx13423.case.2, i4 3, void %arrayidx13423.case.3, i4 4, void %arrayidx13423.case.4, i4 5, void %arrayidx13423.case.5, i4 6, void %arrayidx13423.case.6, i4 7, void %arrayidx13423.case.7, i4 8, void %arrayidx13423.case.8, i4 9, void %arrayidx13423.case.9, i4 10, void %arrayidx13423.case.10, i4 11, void %arrayidx13423.case.11, i4 12, void %if.then131.for.inc203_crit_edge" [D:/hlstrack/hlstrack2025-master/security/L1/tests/hmac/sha256/../../../../L1/include\xf_security/sha224_256.hpp:177]   --->   Operation 70 'switch' 'switch_ln177' <Predicate = (!icmp_ln160 & !icmp_ln162 & !icmp_ln170 & len_read == 0)> <Delay = 1.73>
ST_2 : Operation 71 [1/1] (0.00ns)   --->   "%br_ln177 = br void %for.inc203" [D:/hlstrack/hlstrack2025-master/security/L1/tests/hmac/sha256/../../../../L1/include\xf_security/sha224_256.hpp:177]   --->   Operation 71 'br' 'br_ln177' <Predicate = (!icmp_ln160 & !icmp_ln162 & !icmp_ln170 & len_read == 0 & i_1 == 12)> <Delay = 0.00>
ST_2 : Operation 72 [1/1] (0.00ns)   --->   "%br_ln177 = br void %for.inc203" [D:/hlstrack/hlstrack2025-master/security/L1/tests/hmac/sha256/../../../../L1/include\xf_security/sha224_256.hpp:177]   --->   Operation 72 'br' 'br_ln177' <Predicate = (!icmp_ln160 & !icmp_ln162 & !icmp_ln170 & len_read == 0 & i_1 == 11)> <Delay = 0.00>
ST_2 : Operation 73 [1/1] (0.00ns)   --->   "%br_ln177 = br void %for.inc203" [D:/hlstrack/hlstrack2025-master/security/L1/tests/hmac/sha256/../../../../L1/include\xf_security/sha224_256.hpp:177]   --->   Operation 73 'br' 'br_ln177' <Predicate = (!icmp_ln160 & !icmp_ln162 & !icmp_ln170 & len_read == 0 & i_1 == 10)> <Delay = 0.00>
ST_2 : Operation 74 [1/1] (0.00ns)   --->   "%br_ln177 = br void %for.inc203" [D:/hlstrack/hlstrack2025-master/security/L1/tests/hmac/sha256/../../../../L1/include\xf_security/sha224_256.hpp:177]   --->   Operation 74 'br' 'br_ln177' <Predicate = (!icmp_ln160 & !icmp_ln162 & !icmp_ln170 & len_read == 0 & i_1 == 9)> <Delay = 0.00>
ST_2 : Operation 75 [1/1] (0.00ns)   --->   "%br_ln177 = br void %for.inc203" [D:/hlstrack/hlstrack2025-master/security/L1/tests/hmac/sha256/../../../../L1/include\xf_security/sha224_256.hpp:177]   --->   Operation 75 'br' 'br_ln177' <Predicate = (!icmp_ln160 & !icmp_ln162 & !icmp_ln170 & len_read == 0 & i_1 == 8)> <Delay = 0.00>
ST_2 : Operation 76 [1/1] (0.00ns)   --->   "%br_ln177 = br void %for.inc203" [D:/hlstrack/hlstrack2025-master/security/L1/tests/hmac/sha256/../../../../L1/include\xf_security/sha224_256.hpp:177]   --->   Operation 76 'br' 'br_ln177' <Predicate = (!icmp_ln160 & !icmp_ln162 & !icmp_ln170 & len_read == 0 & i_1 == 7)> <Delay = 0.00>
ST_2 : Operation 77 [1/1] (0.00ns)   --->   "%br_ln177 = br void %for.inc203" [D:/hlstrack/hlstrack2025-master/security/L1/tests/hmac/sha256/../../../../L1/include\xf_security/sha224_256.hpp:177]   --->   Operation 77 'br' 'br_ln177' <Predicate = (!icmp_ln160 & !icmp_ln162 & !icmp_ln170 & len_read == 0 & i_1 == 6)> <Delay = 0.00>
ST_2 : Operation 78 [1/1] (0.00ns)   --->   "%br_ln177 = br void %for.inc203" [D:/hlstrack/hlstrack2025-master/security/L1/tests/hmac/sha256/../../../../L1/include\xf_security/sha224_256.hpp:177]   --->   Operation 78 'br' 'br_ln177' <Predicate = (!icmp_ln160 & !icmp_ln162 & !icmp_ln170 & len_read == 0 & i_1 == 5)> <Delay = 0.00>
ST_2 : Operation 79 [1/1] (0.00ns)   --->   "%br_ln177 = br void %for.inc203" [D:/hlstrack/hlstrack2025-master/security/L1/tests/hmac/sha256/../../../../L1/include\xf_security/sha224_256.hpp:177]   --->   Operation 79 'br' 'br_ln177' <Predicate = (!icmp_ln160 & !icmp_ln162 & !icmp_ln170 & len_read == 0 & i_1 == 4)> <Delay = 0.00>
ST_2 : Operation 80 [1/1] (0.00ns)   --->   "%br_ln177 = br void %for.inc203" [D:/hlstrack/hlstrack2025-master/security/L1/tests/hmac/sha256/../../../../L1/include\xf_security/sha224_256.hpp:177]   --->   Operation 80 'br' 'br_ln177' <Predicate = (!icmp_ln160 & !icmp_ln162 & !icmp_ln170 & len_read == 0 & i_1 == 3)> <Delay = 0.00>
ST_2 : Operation 81 [1/1] (0.00ns)   --->   "%br_ln177 = br void %for.inc203" [D:/hlstrack/hlstrack2025-master/security/L1/tests/hmac/sha256/../../../../L1/include\xf_security/sha224_256.hpp:177]   --->   Operation 81 'br' 'br_ln177' <Predicate = (!icmp_ln160 & !icmp_ln162 & !icmp_ln170 & len_read == 0 & i_1 == 2)> <Delay = 0.00>
ST_2 : Operation 82 [1/1] (0.00ns)   --->   "%br_ln177 = br void %for.inc203" [D:/hlstrack/hlstrack2025-master/security/L1/tests/hmac/sha256/../../../../L1/include\xf_security/sha224_256.hpp:177]   --->   Operation 82 'br' 'br_ln177' <Predicate = (!icmp_ln160 & !icmp_ln162 & !icmp_ln170 & len_read == 0 & i_1 == 1)> <Delay = 0.00>
ST_2 : Operation 83 [1/1] (0.00ns)   --->   "%br_ln177 = br void %for.inc203" [D:/hlstrack/hlstrack2025-master/security/L1/tests/hmac/sha256/../../../../L1/include\xf_security/sha224_256.hpp:177]   --->   Operation 83 'br' 'br_ln177' <Predicate = (!icmp_ln160 & !icmp_ln162 & !icmp_ln170 & len_read == 0 & i_1 == 0)> <Delay = 0.00>
ST_2 : Operation 84 [1/1] (0.00ns)   --->   "%br_ln177 = br void %for.inc203" [D:/hlstrack/hlstrack2025-master/security/L1/tests/hmac/sha256/../../../../L1/include\xf_security/sha224_256.hpp:177]   --->   Operation 84 'br' 'br_ln177' <Predicate = (!icmp_ln160 & !icmp_ln162 & !icmp_ln170 & len_read == 0 & i_1 == 15) | (!icmp_ln160 & !icmp_ln162 & !icmp_ln170 & len_read == 0 & i_1 == 13)> <Delay = 0.00>
ST_2 : Operation 85 [1/1] (1.73ns)   --->   "%switch_ln192 = switch i4 %i_1, void %arrayidx19520.case.13, i4 0, void %arrayidx19520.case.0, i4 1, void %arrayidx19520.case.1, i4 2, void %arrayidx19520.case.2, i4 3, void %arrayidx19520.case.3, i4 4, void %arrayidx19520.case.4, i4 5, void %arrayidx19520.case.5, i4 6, void %arrayidx19520.case.6, i4 7, void %arrayidx19520.case.7, i4 8, void %arrayidx19520.case.8, i4 9, void %arrayidx19520.case.9, i4 10, void %arrayidx19520.case.10, i4 11, void %arrayidx19520.case.11, i4 12, void %if.else173.for.inc203_crit_edge" [D:/hlstrack/hlstrack2025-master/security/L1/tests/hmac/sha256/../../../../L1/include\xf_security/sha224_256.hpp:192]   --->   Operation 85 'switch' 'switch_ln192' <Predicate = (!icmp_ln160 & !icmp_ln162 & !icmp_ln170 & len_read == 3)> <Delay = 1.73>
ST_2 : Operation 86 [1/1] (0.00ns)   --->   "%br_ln192 = br void %for.inc203" [D:/hlstrack/hlstrack2025-master/security/L1/tests/hmac/sha256/../../../../L1/include\xf_security/sha224_256.hpp:192]   --->   Operation 86 'br' 'br_ln192' <Predicate = (!icmp_ln160 & !icmp_ln162 & !icmp_ln170 & len_read == 3 & i_1 == 12)> <Delay = 0.00>
ST_2 : Operation 87 [1/1] (0.00ns)   --->   "%br_ln192 = br void %for.inc203" [D:/hlstrack/hlstrack2025-master/security/L1/tests/hmac/sha256/../../../../L1/include\xf_security/sha224_256.hpp:192]   --->   Operation 87 'br' 'br_ln192' <Predicate = (!icmp_ln160 & !icmp_ln162 & !icmp_ln170 & len_read == 3 & i_1 == 11)> <Delay = 0.00>
ST_2 : Operation 88 [1/1] (0.00ns)   --->   "%br_ln192 = br void %for.inc203" [D:/hlstrack/hlstrack2025-master/security/L1/tests/hmac/sha256/../../../../L1/include\xf_security/sha224_256.hpp:192]   --->   Operation 88 'br' 'br_ln192' <Predicate = (!icmp_ln160 & !icmp_ln162 & !icmp_ln170 & len_read == 3 & i_1 == 10)> <Delay = 0.00>
ST_2 : Operation 89 [1/1] (0.00ns)   --->   "%br_ln192 = br void %for.inc203" [D:/hlstrack/hlstrack2025-master/security/L1/tests/hmac/sha256/../../../../L1/include\xf_security/sha224_256.hpp:192]   --->   Operation 89 'br' 'br_ln192' <Predicate = (!icmp_ln160 & !icmp_ln162 & !icmp_ln170 & len_read == 3 & i_1 == 9)> <Delay = 0.00>
ST_2 : Operation 90 [1/1] (0.00ns)   --->   "%br_ln192 = br void %for.inc203" [D:/hlstrack/hlstrack2025-master/security/L1/tests/hmac/sha256/../../../../L1/include\xf_security/sha224_256.hpp:192]   --->   Operation 90 'br' 'br_ln192' <Predicate = (!icmp_ln160 & !icmp_ln162 & !icmp_ln170 & len_read == 3 & i_1 == 8)> <Delay = 0.00>
ST_2 : Operation 91 [1/1] (0.00ns)   --->   "%br_ln192 = br void %for.inc203" [D:/hlstrack/hlstrack2025-master/security/L1/tests/hmac/sha256/../../../../L1/include\xf_security/sha224_256.hpp:192]   --->   Operation 91 'br' 'br_ln192' <Predicate = (!icmp_ln160 & !icmp_ln162 & !icmp_ln170 & len_read == 3 & i_1 == 7)> <Delay = 0.00>
ST_2 : Operation 92 [1/1] (0.00ns)   --->   "%br_ln192 = br void %for.inc203" [D:/hlstrack/hlstrack2025-master/security/L1/tests/hmac/sha256/../../../../L1/include\xf_security/sha224_256.hpp:192]   --->   Operation 92 'br' 'br_ln192' <Predicate = (!icmp_ln160 & !icmp_ln162 & !icmp_ln170 & len_read == 3 & i_1 == 6)> <Delay = 0.00>
ST_2 : Operation 93 [1/1] (0.00ns)   --->   "%br_ln192 = br void %for.inc203" [D:/hlstrack/hlstrack2025-master/security/L1/tests/hmac/sha256/../../../../L1/include\xf_security/sha224_256.hpp:192]   --->   Operation 93 'br' 'br_ln192' <Predicate = (!icmp_ln160 & !icmp_ln162 & !icmp_ln170 & len_read == 3 & i_1 == 5)> <Delay = 0.00>
ST_2 : Operation 94 [1/1] (0.00ns)   --->   "%br_ln192 = br void %for.inc203" [D:/hlstrack/hlstrack2025-master/security/L1/tests/hmac/sha256/../../../../L1/include\xf_security/sha224_256.hpp:192]   --->   Operation 94 'br' 'br_ln192' <Predicate = (!icmp_ln160 & !icmp_ln162 & !icmp_ln170 & len_read == 3 & i_1 == 4)> <Delay = 0.00>
ST_2 : Operation 95 [1/1] (0.00ns)   --->   "%br_ln192 = br void %for.inc203" [D:/hlstrack/hlstrack2025-master/security/L1/tests/hmac/sha256/../../../../L1/include\xf_security/sha224_256.hpp:192]   --->   Operation 95 'br' 'br_ln192' <Predicate = (!icmp_ln160 & !icmp_ln162 & !icmp_ln170 & len_read == 3 & i_1 == 3)> <Delay = 0.00>
ST_2 : Operation 96 [1/1] (0.00ns)   --->   "%br_ln192 = br void %for.inc203" [D:/hlstrack/hlstrack2025-master/security/L1/tests/hmac/sha256/../../../../L1/include\xf_security/sha224_256.hpp:192]   --->   Operation 96 'br' 'br_ln192' <Predicate = (!icmp_ln160 & !icmp_ln162 & !icmp_ln170 & len_read == 3 & i_1 == 2)> <Delay = 0.00>
ST_2 : Operation 97 [1/1] (0.00ns)   --->   "%br_ln192 = br void %for.inc203" [D:/hlstrack/hlstrack2025-master/security/L1/tests/hmac/sha256/../../../../L1/include\xf_security/sha224_256.hpp:192]   --->   Operation 97 'br' 'br_ln192' <Predicate = (!icmp_ln160 & !icmp_ln162 & !icmp_ln170 & len_read == 3 & i_1 == 1)> <Delay = 0.00>
ST_2 : Operation 98 [1/1] (0.00ns)   --->   "%br_ln192 = br void %for.inc203" [D:/hlstrack/hlstrack2025-master/security/L1/tests/hmac/sha256/../../../../L1/include\xf_security/sha224_256.hpp:192]   --->   Operation 98 'br' 'br_ln192' <Predicate = (!icmp_ln160 & !icmp_ln162 & !icmp_ln170 & len_read == 3 & i_1 == 0)> <Delay = 0.00>
ST_2 : Operation 99 [1/1] (0.00ns)   --->   "%br_ln192 = br void %for.inc203" [D:/hlstrack/hlstrack2025-master/security/L1/tests/hmac/sha256/../../../../L1/include\xf_security/sha224_256.hpp:192]   --->   Operation 99 'br' 'br_ln192' <Predicate = (!icmp_ln160 & !icmp_ln162 & !icmp_ln170 & len_read == 3 & i_1 == 15) | (!icmp_ln160 & !icmp_ln162 & !icmp_ln170 & len_read == 3 & i_1 == 13)> <Delay = 0.00>
ST_2 : Operation 100 [1/1] (1.73ns)   --->   "%switch_ln172 = switch i4 %i_1, void %arrayidx12524.case.13, i4 12, void %if.then122.for.inc203_crit_edge, i4 1, void %arrayidx12524.case.1, i4 2, void %arrayidx12524.case.2, i4 3, void %arrayidx12524.case.3, i4 4, void %arrayidx12524.case.4, i4 5, void %arrayidx12524.case.5, i4 6, void %arrayidx12524.case.6, i4 7, void %arrayidx12524.case.7, i4 8, void %arrayidx12524.case.8, i4 9, void %arrayidx12524.case.9, i4 10, void %arrayidx12524.case.10, i4 11, void %arrayidx12524.case.11" [D:/hlstrack/hlstrack2025-master/security/L1/tests/hmac/sha256/../../../../L1/include\xf_security/sha224_256.hpp:172]   --->   Operation 100 'switch' 'switch_ln172' <Predicate = (!icmp_ln160 & !icmp_ln162 & icmp_ln170)> <Delay = 1.73>
ST_2 : Operation 101 [1/1] (0.00ns)   --->   "%br_ln172 = br void %for.inc203" [D:/hlstrack/hlstrack2025-master/security/L1/tests/hmac/sha256/../../../../L1/include\xf_security/sha224_256.hpp:172]   --->   Operation 101 'br' 'br_ln172' <Predicate = (!icmp_ln160 & !icmp_ln162 & icmp_ln170 & i_1 == 11)> <Delay = 0.00>
ST_2 : Operation 102 [1/1] (0.00ns)   --->   "%br_ln172 = br void %for.inc203" [D:/hlstrack/hlstrack2025-master/security/L1/tests/hmac/sha256/../../../../L1/include\xf_security/sha224_256.hpp:172]   --->   Operation 102 'br' 'br_ln172' <Predicate = (!icmp_ln160 & !icmp_ln162 & icmp_ln170 & i_1 == 10)> <Delay = 0.00>
ST_2 : Operation 103 [1/1] (0.00ns)   --->   "%br_ln172 = br void %for.inc203" [D:/hlstrack/hlstrack2025-master/security/L1/tests/hmac/sha256/../../../../L1/include\xf_security/sha224_256.hpp:172]   --->   Operation 103 'br' 'br_ln172' <Predicate = (!icmp_ln160 & !icmp_ln162 & icmp_ln170 & i_1 == 9)> <Delay = 0.00>
ST_2 : Operation 104 [1/1] (0.00ns)   --->   "%br_ln172 = br void %for.inc203" [D:/hlstrack/hlstrack2025-master/security/L1/tests/hmac/sha256/../../../../L1/include\xf_security/sha224_256.hpp:172]   --->   Operation 104 'br' 'br_ln172' <Predicate = (!icmp_ln160 & !icmp_ln162 & icmp_ln170 & i_1 == 8)> <Delay = 0.00>
ST_2 : Operation 105 [1/1] (0.00ns)   --->   "%br_ln172 = br void %for.inc203" [D:/hlstrack/hlstrack2025-master/security/L1/tests/hmac/sha256/../../../../L1/include\xf_security/sha224_256.hpp:172]   --->   Operation 105 'br' 'br_ln172' <Predicate = (!icmp_ln160 & !icmp_ln162 & icmp_ln170 & i_1 == 7)> <Delay = 0.00>
ST_2 : Operation 106 [1/1] (0.00ns)   --->   "%br_ln172 = br void %for.inc203" [D:/hlstrack/hlstrack2025-master/security/L1/tests/hmac/sha256/../../../../L1/include\xf_security/sha224_256.hpp:172]   --->   Operation 106 'br' 'br_ln172' <Predicate = (!icmp_ln160 & !icmp_ln162 & icmp_ln170 & i_1 == 6)> <Delay = 0.00>
ST_2 : Operation 107 [1/1] (0.00ns)   --->   "%br_ln172 = br void %for.inc203" [D:/hlstrack/hlstrack2025-master/security/L1/tests/hmac/sha256/../../../../L1/include\xf_security/sha224_256.hpp:172]   --->   Operation 107 'br' 'br_ln172' <Predicate = (!icmp_ln160 & !icmp_ln162 & icmp_ln170 & i_1 == 5)> <Delay = 0.00>
ST_2 : Operation 108 [1/1] (0.00ns)   --->   "%br_ln172 = br void %for.inc203" [D:/hlstrack/hlstrack2025-master/security/L1/tests/hmac/sha256/../../../../L1/include\xf_security/sha224_256.hpp:172]   --->   Operation 108 'br' 'br_ln172' <Predicate = (!icmp_ln160 & !icmp_ln162 & icmp_ln170 & i_1 == 4)> <Delay = 0.00>
ST_2 : Operation 109 [1/1] (0.00ns)   --->   "%br_ln172 = br void %for.inc203" [D:/hlstrack/hlstrack2025-master/security/L1/tests/hmac/sha256/../../../../L1/include\xf_security/sha224_256.hpp:172]   --->   Operation 109 'br' 'br_ln172' <Predicate = (!icmp_ln160 & !icmp_ln162 & icmp_ln170 & i_1 == 3)> <Delay = 0.00>
ST_2 : Operation 110 [1/1] (0.00ns)   --->   "%br_ln172 = br void %for.inc203" [D:/hlstrack/hlstrack2025-master/security/L1/tests/hmac/sha256/../../../../L1/include\xf_security/sha224_256.hpp:172]   --->   Operation 110 'br' 'br_ln172' <Predicate = (!icmp_ln160 & !icmp_ln162 & icmp_ln170 & i_1 == 2)> <Delay = 0.00>
ST_2 : Operation 111 [1/1] (0.00ns)   --->   "%br_ln172 = br void %for.inc203" [D:/hlstrack/hlstrack2025-master/security/L1/tests/hmac/sha256/../../../../L1/include\xf_security/sha224_256.hpp:172]   --->   Operation 111 'br' 'br_ln172' <Predicate = (!icmp_ln160 & !icmp_ln162 & icmp_ln170 & i_1 == 1)> <Delay = 0.00>
ST_2 : Operation 112 [1/1] (0.00ns)   --->   "%br_ln172 = br void %for.inc203" [D:/hlstrack/hlstrack2025-master/security/L1/tests/hmac/sha256/../../../../L1/include\xf_security/sha224_256.hpp:172]   --->   Operation 112 'br' 'br_ln172' <Predicate = (!icmp_ln160 & !icmp_ln162 & icmp_ln170 & i_1 == 12)> <Delay = 0.00>
ST_2 : Operation 113 [1/1] (0.00ns)   --->   "%br_ln172 = br void %for.inc203" [D:/hlstrack/hlstrack2025-master/security/L1/tests/hmac/sha256/../../../../L1/include\xf_security/sha224_256.hpp:172]   --->   Operation 113 'br' 'br_ln172' <Predicate = (!icmp_ln160 & !icmp_ln162 & icmp_ln170 & i_1 == 15) | (!icmp_ln160 & !icmp_ln162 & icmp_ln170 & i_1 == 13) | (!icmp_ln160 & !icmp_ln162 & icmp_ln170 & i_1 == 0)> <Delay = 0.00>
ST_2 : Operation 114 [1/1] (1.73ns)   --->   "%switch_ln168 = switch i4 %i_1, void %arrayidx11426.case.0, i4 12, void %do.end117.for.inc203_crit_edge, i4 1, void %arrayidx11426.case.1, i4 2, void %arrayidx11426.case.2, i4 3, void %arrayidx11426.case.3, i4 4, void %arrayidx11426.case.4, i4 5, void %arrayidx11426.case.5, i4 6, void %arrayidx11426.case.6, i4 7, void %arrayidx11426.case.7, i4 8, void %arrayidx11426.case.8, i4 9, void %arrayidx11426.case.9, i4 10, void %arrayidx11426.case.10, i4 11, void %arrayidx11426.case.11" [D:/hlstrack/hlstrack2025-master/security/L1/tests/hmac/sha256/../../../../L1/include\xf_security/sha224_256.hpp:168]   --->   Operation 114 'switch' 'switch_ln168' <Predicate = (!icmp_ln160 & icmp_ln162)> <Delay = 1.73>
ST_2 : Operation 115 [1/1] (0.00ns)   --->   "%br_ln168 = br void %for.inc203" [D:/hlstrack/hlstrack2025-master/security/L1/tests/hmac/sha256/../../../../L1/include\xf_security/sha224_256.hpp:168]   --->   Operation 115 'br' 'br_ln168' <Predicate = (!icmp_ln160 & icmp_ln162 & i_1 == 11)> <Delay = 0.00>
ST_2 : Operation 116 [1/1] (0.00ns)   --->   "%br_ln168 = br void %for.inc203" [D:/hlstrack/hlstrack2025-master/security/L1/tests/hmac/sha256/../../../../L1/include\xf_security/sha224_256.hpp:168]   --->   Operation 116 'br' 'br_ln168' <Predicate = (!icmp_ln160 & icmp_ln162 & i_1 == 10)> <Delay = 0.00>
ST_2 : Operation 117 [1/1] (0.00ns)   --->   "%br_ln168 = br void %for.inc203" [D:/hlstrack/hlstrack2025-master/security/L1/tests/hmac/sha256/../../../../L1/include\xf_security/sha224_256.hpp:168]   --->   Operation 117 'br' 'br_ln168' <Predicate = (!icmp_ln160 & icmp_ln162 & i_1 == 9)> <Delay = 0.00>
ST_2 : Operation 118 [1/1] (0.00ns)   --->   "%br_ln168 = br void %for.inc203" [D:/hlstrack/hlstrack2025-master/security/L1/tests/hmac/sha256/../../../../L1/include\xf_security/sha224_256.hpp:168]   --->   Operation 118 'br' 'br_ln168' <Predicate = (!icmp_ln160 & icmp_ln162 & i_1 == 8)> <Delay = 0.00>
ST_2 : Operation 119 [1/1] (0.00ns)   --->   "%br_ln168 = br void %for.inc203" [D:/hlstrack/hlstrack2025-master/security/L1/tests/hmac/sha256/../../../../L1/include\xf_security/sha224_256.hpp:168]   --->   Operation 119 'br' 'br_ln168' <Predicate = (!icmp_ln160 & icmp_ln162 & i_1 == 7)> <Delay = 0.00>
ST_2 : Operation 120 [1/1] (0.00ns)   --->   "%br_ln168 = br void %for.inc203" [D:/hlstrack/hlstrack2025-master/security/L1/tests/hmac/sha256/../../../../L1/include\xf_security/sha224_256.hpp:168]   --->   Operation 120 'br' 'br_ln168' <Predicate = (!icmp_ln160 & icmp_ln162 & i_1 == 6)> <Delay = 0.00>
ST_2 : Operation 121 [1/1] (0.00ns)   --->   "%br_ln168 = br void %for.inc203" [D:/hlstrack/hlstrack2025-master/security/L1/tests/hmac/sha256/../../../../L1/include\xf_security/sha224_256.hpp:168]   --->   Operation 121 'br' 'br_ln168' <Predicate = (!icmp_ln160 & icmp_ln162 & i_1 == 5)> <Delay = 0.00>
ST_2 : Operation 122 [1/1] (0.00ns)   --->   "%br_ln168 = br void %for.inc203" [D:/hlstrack/hlstrack2025-master/security/L1/tests/hmac/sha256/../../../../L1/include\xf_security/sha224_256.hpp:168]   --->   Operation 122 'br' 'br_ln168' <Predicate = (!icmp_ln160 & icmp_ln162 & i_1 == 4)> <Delay = 0.00>
ST_2 : Operation 123 [1/1] (0.00ns)   --->   "%br_ln168 = br void %for.inc203" [D:/hlstrack/hlstrack2025-master/security/L1/tests/hmac/sha256/../../../../L1/include\xf_security/sha224_256.hpp:168]   --->   Operation 123 'br' 'br_ln168' <Predicate = (!icmp_ln160 & icmp_ln162 & i_1 == 3)> <Delay = 0.00>
ST_2 : Operation 124 [1/1] (0.00ns)   --->   "%br_ln168 = br void %for.inc203" [D:/hlstrack/hlstrack2025-master/security/L1/tests/hmac/sha256/../../../../L1/include\xf_security/sha224_256.hpp:168]   --->   Operation 124 'br' 'br_ln168' <Predicate = (!icmp_ln160 & icmp_ln162 & i_1 == 2)> <Delay = 0.00>
ST_2 : Operation 125 [1/1] (0.00ns)   --->   "%br_ln168 = br void %for.inc203" [D:/hlstrack/hlstrack2025-master/security/L1/tests/hmac/sha256/../../../../L1/include\xf_security/sha224_256.hpp:168]   --->   Operation 125 'br' 'br_ln168' <Predicate = (!icmp_ln160 & icmp_ln162 & i_1 == 1)> <Delay = 0.00>
ST_2 : Operation 126 [1/1] (0.00ns)   --->   "%br_ln168 = br void %for.inc203" [D:/hlstrack/hlstrack2025-master/security/L1/tests/hmac/sha256/../../../../L1/include\xf_security/sha224_256.hpp:168]   --->   Operation 126 'br' 'br_ln168' <Predicate = (!icmp_ln160 & icmp_ln162 & i_1 == 12)> <Delay = 0.00>
ST_2 : Operation 127 [1/1] (0.00ns)   --->   "%br_ln168 = br void %for.inc203" [D:/hlstrack/hlstrack2025-master/security/L1/tests/hmac/sha256/../../../../L1/include\xf_security/sha224_256.hpp:168]   --->   Operation 127 'br' 'br_ln168' <Predicate = (!icmp_ln160 & icmp_ln162 & i_1 == 15) | (!icmp_ln160 & icmp_ln162 & i_1 == 13) | (!icmp_ln160 & icmp_ln162 & i_1 == 0)> <Delay = 0.00>
ST_2 : Operation 230 [1/1] (0.00ns)   --->   "%b_load = load i32 %b"   --->   Operation 230 'load' 'b_load' <Predicate = (icmp_ln160)> <Delay = 0.00>
ST_2 : Operation 231 [1/1] (0.00ns)   --->   "%b_3_load = load i32 %b_3"   --->   Operation 231 'load' 'b_3_load' <Predicate = (icmp_ln160)> <Delay = 0.00>
ST_2 : Operation 232 [1/1] (0.00ns)   --->   "%b_4_load = load i32 %b_4"   --->   Operation 232 'load' 'b_4_load' <Predicate = (icmp_ln160)> <Delay = 0.00>
ST_2 : Operation 233 [1/1] (0.00ns)   --->   "%b_5_load = load i32 %b_5"   --->   Operation 233 'load' 'b_5_load' <Predicate = (icmp_ln160)> <Delay = 0.00>
ST_2 : Operation 234 [1/1] (0.00ns)   --->   "%b_6_load = load i32 %b_6"   --->   Operation 234 'load' 'b_6_load' <Predicate = (icmp_ln160)> <Delay = 0.00>
ST_2 : Operation 235 [1/1] (0.00ns)   --->   "%b_7_load = load i32 %b_7"   --->   Operation 235 'load' 'b_7_load' <Predicate = (icmp_ln160)> <Delay = 0.00>
ST_2 : Operation 236 [1/1] (0.00ns)   --->   "%b_8_load = load i32 %b_8"   --->   Operation 236 'load' 'b_8_load' <Predicate = (icmp_ln160)> <Delay = 0.00>
ST_2 : Operation 237 [1/1] (0.00ns)   --->   "%b_9_load = load i32 %b_9"   --->   Operation 237 'load' 'b_9_load' <Predicate = (icmp_ln160)> <Delay = 0.00>
ST_2 : Operation 238 [1/1] (0.00ns)   --->   "%b_10_load = load i32 %b_10"   --->   Operation 238 'load' 'b_10_load' <Predicate = (icmp_ln160)> <Delay = 0.00>
ST_2 : Operation 239 [1/1] (0.00ns)   --->   "%b_11_load = load i32 %b_11"   --->   Operation 239 'load' 'b_11_load' <Predicate = (icmp_ln160)> <Delay = 0.00>
ST_2 : Operation 240 [1/1] (0.00ns)   --->   "%b_12_load = load i32 %b_12"   --->   Operation 240 'load' 'b_12_load' <Predicate = (icmp_ln160)> <Delay = 0.00>
ST_2 : Operation 241 [1/1] (0.00ns)   --->   "%b_13_load = load i32 %b_13"   --->   Operation 241 'load' 'b_13_load' <Predicate = (icmp_ln160)> <Delay = 0.00>
ST_2 : Operation 242 [1/1] (0.00ns)   --->   "%b_14_load = load i32 %b_14"   --->   Operation 242 'load' 'b_14_load' <Predicate = (icmp_ln160)> <Delay = 0.00>
ST_2 : Operation 243 [1/1] (0.00ns)   --->   "%b_15_load = load i32 %b_15"   --->   Operation 243 'load' 'b_15_load' <Predicate = (icmp_ln160)> <Delay = 0.00>
ST_2 : Operation 244 [1/1] (0.00ns)   --->   "%write_ln0 = write void @_ssdm_op_Write.ap_auto.i32P0A, i32 %b_16_out, i32 %b_3_load"   --->   Operation 244 'write' 'write_ln0' <Predicate = (icmp_ln160)> <Delay = 0.00>
ST_2 : Operation 245 [1/1] (0.00ns)   --->   "%write_ln0 = write void @_ssdm_op_Write.ap_auto.i32P0A, i32 %b_15_out, i32 %b_15_load"   --->   Operation 245 'write' 'write_ln0' <Predicate = (icmp_ln160)> <Delay = 0.00>
ST_2 : Operation 246 [1/1] (0.00ns)   --->   "%write_ln0 = write void @_ssdm_op_Write.ap_auto.i32P0A, i32 %b_14_out, i32 %b_14_load"   --->   Operation 246 'write' 'write_ln0' <Predicate = (icmp_ln160)> <Delay = 0.00>
ST_2 : Operation 247 [1/1] (0.00ns)   --->   "%write_ln0 = write void @_ssdm_op_Write.ap_auto.i32P0A, i32 %b_13_out, i32 %b_13_load"   --->   Operation 247 'write' 'write_ln0' <Predicate = (icmp_ln160)> <Delay = 0.00>
ST_2 : Operation 248 [1/1] (0.00ns)   --->   "%write_ln0 = write void @_ssdm_op_Write.ap_auto.i32P0A, i32 %b_12_out, i32 %b_12_load"   --->   Operation 248 'write' 'write_ln0' <Predicate = (icmp_ln160)> <Delay = 0.00>
ST_2 : Operation 249 [1/1] (0.00ns)   --->   "%write_ln0 = write void @_ssdm_op_Write.ap_auto.i32P0A, i32 %b_11_out, i32 %b_11_load"   --->   Operation 249 'write' 'write_ln0' <Predicate = (icmp_ln160)> <Delay = 0.00>
ST_2 : Operation 250 [1/1] (0.00ns)   --->   "%write_ln0 = write void @_ssdm_op_Write.ap_auto.i32P0A, i32 %b_10_out, i32 %b_10_load"   --->   Operation 250 'write' 'write_ln0' <Predicate = (icmp_ln160)> <Delay = 0.00>
ST_2 : Operation 251 [1/1] (0.00ns)   --->   "%write_ln0 = write void @_ssdm_op_Write.ap_auto.i32P0A, i32 %b_9_out, i32 %b_9_load"   --->   Operation 251 'write' 'write_ln0' <Predicate = (icmp_ln160)> <Delay = 0.00>
ST_2 : Operation 252 [1/1] (0.00ns)   --->   "%write_ln0 = write void @_ssdm_op_Write.ap_auto.i32P0A, i32 %b_8_out, i32 %b_8_load"   --->   Operation 252 'write' 'write_ln0' <Predicate = (icmp_ln160)> <Delay = 0.00>
ST_2 : Operation 253 [1/1] (0.00ns)   --->   "%write_ln0 = write void @_ssdm_op_Write.ap_auto.i32P0A, i32 %b_7_out, i32 %b_7_load"   --->   Operation 253 'write' 'write_ln0' <Predicate = (icmp_ln160)> <Delay = 0.00>
ST_2 : Operation 254 [1/1] (0.00ns)   --->   "%write_ln0 = write void @_ssdm_op_Write.ap_auto.i32P0A, i32 %b_6_out, i32 %b_6_load"   --->   Operation 254 'write' 'write_ln0' <Predicate = (icmp_ln160)> <Delay = 0.00>
ST_2 : Operation 255 [1/1] (0.00ns)   --->   "%write_ln0 = write void @_ssdm_op_Write.ap_auto.i32P0A, i32 %b_5_out, i32 %b_5_load"   --->   Operation 255 'write' 'write_ln0' <Predicate = (icmp_ln160)> <Delay = 0.00>
ST_2 : Operation 256 [1/1] (0.00ns)   --->   "%write_ln0 = write void @_ssdm_op_Write.ap_auto.i32P0A, i32 %b_4_out, i32 %b_4_load"   --->   Operation 256 'write' 'write_ln0' <Predicate = (icmp_ln160)> <Delay = 0.00>
ST_2 : Operation 257 [1/1] (0.00ns)   --->   "%write_ln0 = write void @_ssdm_op_Write.ap_auto.i32P0A, i32 %b_out, i32 %b_load"   --->   Operation 257 'write' 'write_ln0' <Predicate = (icmp_ln160)> <Delay = 0.00>
ST_2 : Operation 258 [1/1] (1.58ns)   --->   "%ret_ln0 = ret"   --->   Operation 258 'ret' 'ret_ln0' <Predicate = (icmp_ln160)> <Delay = 1.58>

State 3 <SV = 2> <Delay = 2.06>
ST_3 : Operation 128 [1/1] ( I:1.14ns O:1.14ns )   --->   "%l_26 = read i32 @_ssdm_op_Read.ap_fifo.volatile.i32P0A, i32 %mergeKipadStrm" [D:/hlstrack/hlstrack2025-master/security/L1/tests/hmac/sha256/../../../../L1/include\xf_security/sha224_256.hpp:184]   --->   Operation 128 'read' 'l_26' <Predicate = (!icmp_ln162 & !icmp_ln170 & len_read == 2)> <Delay = 1.14> <CoreInst = "FIFO_LUTRAM">   --->   Core 79 'FIFO_LUTRAM' <Latency = 0> <II = 1> <Delay = 3.63> <Storage> <Opcode : 'read' 'write' 'nbread' 'nbwrite'> <Ports = 0> <Width = -1> <Depth = -1> <FIFO>
ST_3 : Operation 129 [1/1] (0.00ns)   --->   "%tmp_2 = partselect i8 @_ssdm_op_PartSelect.i8.i32.i32.i32, i32 %l_26, i32 8, i32 15" [D:/hlstrack/hlstrack2025-master/security/L1/tests/hmac/sha256/../../../../L1/include\xf_security/sha224_256.hpp:186]   --->   Operation 129 'partselect' 'tmp_2' <Predicate = (!icmp_ln162 & !icmp_ln170 & len_read == 2)> <Delay = 0.00>
ST_3 : Operation 130 [1/1] (0.00ns)   --->   "%trunc_ln187 = trunc i32 %l_26" [D:/hlstrack/hlstrack2025-master/security/L1/tests/hmac/sha256/../../../../L1/include\xf_security/sha224_256.hpp:187]   --->   Operation 130 'trunc' 'trunc_ln187' <Predicate = (!icmp_ln162 & !icmp_ln170 & len_read == 2)> <Delay = 0.00>
ST_3 : Operation 131 [1/1] ( I:1.14ns O:1.14ns )   --->   "%l_25 = read i32 @_ssdm_op_Read.ap_fifo.volatile.i32P0A, i32 %mergeKipadStrm" [D:/hlstrack/hlstrack2025-master/security/L1/tests/hmac/sha256/../../../../L1/include\xf_security/sha224_256.hpp:179]   --->   Operation 131 'read' 'l_25' <Predicate = (!icmp_ln162 & !icmp_ln170 & len_read == 1)> <Delay = 1.14> <CoreInst = "FIFO_LUTRAM">   --->   Core 79 'FIFO_LUTRAM' <Latency = 0> <II = 1> <Delay = 3.63> <Storage> <Opcode : 'read' 'write' 'nbread' 'nbwrite'> <Ports = 0> <Width = -1> <Depth = -1> <FIFO>
ST_3 : Operation 132 [1/1] (0.00ns)   --->   "%trunc_ln181 = trunc i32 %l_25" [D:/hlstrack/hlstrack2025-master/security/L1/tests/hmac/sha256/../../../../L1/include\xf_security/sha224_256.hpp:181]   --->   Operation 132 'trunc' 'trunc_ln181' <Predicate = (!icmp_ln162 & !icmp_ln170 & len_read == 1)> <Delay = 0.00>
ST_3 : Operation 133 [1/1] (2.06ns)   --->   "%store_ln156 = store i32 2147483648, i32 %b_15" [D:/hlstrack/hlstrack2025-master/security/L1/tests/hmac/sha256/../../../../L1/include\xf_security/sha224_256.hpp:156]   --->   Operation 133 'store' 'store_ln156' <Predicate = (!icmp_ln162 & !icmp_ln170 & len_read == 0 & i_1 == 12)> <Delay = 2.06>
ST_3 : Operation 134 [1/1] (2.06ns)   --->   "%store_ln156 = store i32 2147483648, i32 %b_14" [D:/hlstrack/hlstrack2025-master/security/L1/tests/hmac/sha256/../../../../L1/include\xf_security/sha224_256.hpp:156]   --->   Operation 134 'store' 'store_ln156' <Predicate = (!icmp_ln162 & !icmp_ln170 & len_read == 0 & i_1 == 11)> <Delay = 2.06>
ST_3 : Operation 135 [1/1] (2.06ns)   --->   "%store_ln156 = store i32 2147483648, i32 %b_13" [D:/hlstrack/hlstrack2025-master/security/L1/tests/hmac/sha256/../../../../L1/include\xf_security/sha224_256.hpp:156]   --->   Operation 135 'store' 'store_ln156' <Predicate = (!icmp_ln162 & !icmp_ln170 & len_read == 0 & i_1 == 10)> <Delay = 2.06>
ST_3 : Operation 136 [1/1] (2.06ns)   --->   "%store_ln156 = store i32 2147483648, i32 %b_12" [D:/hlstrack/hlstrack2025-master/security/L1/tests/hmac/sha256/../../../../L1/include\xf_security/sha224_256.hpp:156]   --->   Operation 136 'store' 'store_ln156' <Predicate = (!icmp_ln162 & !icmp_ln170 & len_read == 0 & i_1 == 9)> <Delay = 2.06>
ST_3 : Operation 137 [1/1] (2.06ns)   --->   "%store_ln156 = store i32 2147483648, i32 %b_11" [D:/hlstrack/hlstrack2025-master/security/L1/tests/hmac/sha256/../../../../L1/include\xf_security/sha224_256.hpp:156]   --->   Operation 137 'store' 'store_ln156' <Predicate = (!icmp_ln162 & !icmp_ln170 & len_read == 0 & i_1 == 8)> <Delay = 2.06>
ST_3 : Operation 138 [1/1] (2.06ns)   --->   "%store_ln156 = store i32 2147483648, i32 %b_10" [D:/hlstrack/hlstrack2025-master/security/L1/tests/hmac/sha256/../../../../L1/include\xf_security/sha224_256.hpp:156]   --->   Operation 138 'store' 'store_ln156' <Predicate = (!icmp_ln162 & !icmp_ln170 & len_read == 0 & i_1 == 7)> <Delay = 2.06>
ST_3 : Operation 139 [1/1] (2.06ns)   --->   "%store_ln156 = store i32 2147483648, i32 %b_9" [D:/hlstrack/hlstrack2025-master/security/L1/tests/hmac/sha256/../../../../L1/include\xf_security/sha224_256.hpp:156]   --->   Operation 139 'store' 'store_ln156' <Predicate = (!icmp_ln162 & !icmp_ln170 & len_read == 0 & i_1 == 6)> <Delay = 2.06>
ST_3 : Operation 140 [1/1] (2.06ns)   --->   "%store_ln156 = store i32 2147483648, i32 %b_8" [D:/hlstrack/hlstrack2025-master/security/L1/tests/hmac/sha256/../../../../L1/include\xf_security/sha224_256.hpp:156]   --->   Operation 140 'store' 'store_ln156' <Predicate = (!icmp_ln162 & !icmp_ln170 & len_read == 0 & i_1 == 5)> <Delay = 2.06>
ST_3 : Operation 141 [1/1] (2.06ns)   --->   "%store_ln156 = store i32 2147483648, i32 %b_7" [D:/hlstrack/hlstrack2025-master/security/L1/tests/hmac/sha256/../../../../L1/include\xf_security/sha224_256.hpp:156]   --->   Operation 141 'store' 'store_ln156' <Predicate = (!icmp_ln162 & !icmp_ln170 & len_read == 0 & i_1 == 4)> <Delay = 2.06>
ST_3 : Operation 142 [1/1] (2.06ns)   --->   "%store_ln156 = store i32 2147483648, i32 %b_6" [D:/hlstrack/hlstrack2025-master/security/L1/tests/hmac/sha256/../../../../L1/include\xf_security/sha224_256.hpp:156]   --->   Operation 142 'store' 'store_ln156' <Predicate = (!icmp_ln162 & !icmp_ln170 & len_read == 0 & i_1 == 3)> <Delay = 2.06>
ST_3 : Operation 143 [1/1] (2.06ns)   --->   "%store_ln156 = store i32 2147483648, i32 %b_5" [D:/hlstrack/hlstrack2025-master/security/L1/tests/hmac/sha256/../../../../L1/include\xf_security/sha224_256.hpp:156]   --->   Operation 143 'store' 'store_ln156' <Predicate = (!icmp_ln162 & !icmp_ln170 & len_read == 0 & i_1 == 2)> <Delay = 2.06>
ST_3 : Operation 144 [1/1] (2.06ns)   --->   "%store_ln156 = store i32 2147483648, i32 %b_4" [D:/hlstrack/hlstrack2025-master/security/L1/tests/hmac/sha256/../../../../L1/include\xf_security/sha224_256.hpp:156]   --->   Operation 144 'store' 'store_ln156' <Predicate = (!icmp_ln162 & !icmp_ln170 & len_read == 0 & i_1 == 1)> <Delay = 2.06>
ST_3 : Operation 145 [1/1] (1.94ns)   --->   "%store_ln156 = store i32 2147483648, i32 %b" [D:/hlstrack/hlstrack2025-master/security/L1/tests/hmac/sha256/../../../../L1/include\xf_security/sha224_256.hpp:156]   --->   Operation 145 'store' 'store_ln156' <Predicate = (!icmp_ln162 & !icmp_ln170 & len_read == 0 & i_1 == 0)> <Delay = 1.94>
ST_3 : Operation 146 [1/1] (1.94ns)   --->   "%store_ln156 = store i32 2147483648, i32 %b_3" [D:/hlstrack/hlstrack2025-master/security/L1/tests/hmac/sha256/../../../../L1/include\xf_security/sha224_256.hpp:156]   --->   Operation 146 'store' 'store_ln156' <Predicate = (!icmp_ln162 & !icmp_ln170 & len_read == 0 & i_1 == 15) | (!icmp_ln162 & !icmp_ln170 & len_read == 0 & i_1 == 14) | (!icmp_ln162 & !icmp_ln170 & len_read == 0 & i_1 == 13)> <Delay = 1.94>
ST_3 : Operation 147 [1/1] ( I:1.14ns O:1.14ns )   --->   "%l_24 = read i32 @_ssdm_op_Read.ap_fifo.volatile.i32P0A, i32 %mergeKipadStrm" [D:/hlstrack/hlstrack2025-master/security/L1/tests/hmac/sha256/../../../../L1/include\xf_security/sha224_256.hpp:189]   --->   Operation 147 'read' 'l_24' <Predicate = (!icmp_ln162 & !icmp_ln170 & len_read == 3)> <Delay = 1.14> <CoreInst = "FIFO_LUTRAM">   --->   Core 79 'FIFO_LUTRAM' <Latency = 0> <II = 1> <Delay = 3.63> <Storage> <Opcode : 'read' 'write' 'nbread' 'nbwrite'> <Ports = 0> <Width = -1> <Depth = -1> <FIFO>
ST_3 : Operation 148 [1/1] (0.00ns)   --->   "%tmp_s = partselect i8 @_ssdm_op_PartSelect.i8.i32.i32.i32, i32 %l_24, i32 8, i32 15" [D:/hlstrack/hlstrack2025-master/security/L1/tests/hmac/sha256/../../../../L1/include\xf_security/sha224_256.hpp:191]   --->   Operation 148 'partselect' 'tmp_s' <Predicate = (!icmp_ln162 & !icmp_ln170 & len_read == 3)> <Delay = 0.00>
ST_3 : Operation 149 [1/1] (0.00ns)   --->   "%tmp_1 = partselect i8 @_ssdm_op_PartSelect.i8.i32.i32.i32, i32 %l_24, i32 16, i32 23" [D:/hlstrack/hlstrack2025-master/security/L1/tests/hmac/sha256/../../../../L1/include\xf_security/sha224_256.hpp:192]   --->   Operation 149 'partselect' 'tmp_1' <Predicate = (!icmp_ln162 & !icmp_ln170 & len_read == 3)> <Delay = 0.00>
ST_3 : Operation 150 [1/1] (0.00ns)   --->   "%trunc_ln192 = trunc i32 %l_24" [D:/hlstrack/hlstrack2025-master/security/L1/tests/hmac/sha256/../../../../L1/include\xf_security/sha224_256.hpp:192]   --->   Operation 150 'trunc' 'trunc_ln192' <Predicate = (!icmp_ln162 & !icmp_ln170 & len_read == 3)> <Delay = 0.00>
ST_3 : Operation 151 [1/1] (2.06ns)   --->   "%store_ln156 = store i32 0, i32 %b_14" [D:/hlstrack/hlstrack2025-master/security/L1/tests/hmac/sha256/../../../../L1/include\xf_security/sha224_256.hpp:156]   --->   Operation 151 'store' 'store_ln156' <Predicate = (!icmp_ln162 & icmp_ln170 & i_1 == 11)> <Delay = 2.06>
ST_3 : Operation 152 [1/1] (2.06ns)   --->   "%store_ln156 = store i32 0, i32 %b_13" [D:/hlstrack/hlstrack2025-master/security/L1/tests/hmac/sha256/../../../../L1/include\xf_security/sha224_256.hpp:156]   --->   Operation 152 'store' 'store_ln156' <Predicate = (!icmp_ln162 & icmp_ln170 & i_1 == 10)> <Delay = 2.06>
ST_3 : Operation 153 [1/1] (2.06ns)   --->   "%store_ln156 = store i32 0, i32 %b_12" [D:/hlstrack/hlstrack2025-master/security/L1/tests/hmac/sha256/../../../../L1/include\xf_security/sha224_256.hpp:156]   --->   Operation 153 'store' 'store_ln156' <Predicate = (!icmp_ln162 & icmp_ln170 & i_1 == 9)> <Delay = 2.06>
ST_3 : Operation 154 [1/1] (2.06ns)   --->   "%store_ln156 = store i32 0, i32 %b_11" [D:/hlstrack/hlstrack2025-master/security/L1/tests/hmac/sha256/../../../../L1/include\xf_security/sha224_256.hpp:156]   --->   Operation 154 'store' 'store_ln156' <Predicate = (!icmp_ln162 & icmp_ln170 & i_1 == 8)> <Delay = 2.06>
ST_3 : Operation 155 [1/1] (2.06ns)   --->   "%store_ln156 = store i32 0, i32 %b_10" [D:/hlstrack/hlstrack2025-master/security/L1/tests/hmac/sha256/../../../../L1/include\xf_security/sha224_256.hpp:156]   --->   Operation 155 'store' 'store_ln156' <Predicate = (!icmp_ln162 & icmp_ln170 & i_1 == 7)> <Delay = 2.06>
ST_3 : Operation 156 [1/1] (2.06ns)   --->   "%store_ln156 = store i32 0, i32 %b_9" [D:/hlstrack/hlstrack2025-master/security/L1/tests/hmac/sha256/../../../../L1/include\xf_security/sha224_256.hpp:156]   --->   Operation 156 'store' 'store_ln156' <Predicate = (!icmp_ln162 & icmp_ln170 & i_1 == 6)> <Delay = 2.06>
ST_3 : Operation 157 [1/1] (2.06ns)   --->   "%store_ln156 = store i32 0, i32 %b_8" [D:/hlstrack/hlstrack2025-master/security/L1/tests/hmac/sha256/../../../../L1/include\xf_security/sha224_256.hpp:156]   --->   Operation 157 'store' 'store_ln156' <Predicate = (!icmp_ln162 & icmp_ln170 & i_1 == 5)> <Delay = 2.06>
ST_3 : Operation 158 [1/1] (2.06ns)   --->   "%store_ln156 = store i32 0, i32 %b_7" [D:/hlstrack/hlstrack2025-master/security/L1/tests/hmac/sha256/../../../../L1/include\xf_security/sha224_256.hpp:156]   --->   Operation 158 'store' 'store_ln156' <Predicate = (!icmp_ln162 & icmp_ln170 & i_1 == 4)> <Delay = 2.06>
ST_3 : Operation 159 [1/1] (2.06ns)   --->   "%store_ln156 = store i32 0, i32 %b_6" [D:/hlstrack/hlstrack2025-master/security/L1/tests/hmac/sha256/../../../../L1/include\xf_security/sha224_256.hpp:156]   --->   Operation 159 'store' 'store_ln156' <Predicate = (!icmp_ln162 & icmp_ln170 & i_1 == 3)> <Delay = 2.06>
ST_3 : Operation 160 [1/1] (2.06ns)   --->   "%store_ln156 = store i32 0, i32 %b_5" [D:/hlstrack/hlstrack2025-master/security/L1/tests/hmac/sha256/../../../../L1/include\xf_security/sha224_256.hpp:156]   --->   Operation 160 'store' 'store_ln156' <Predicate = (!icmp_ln162 & icmp_ln170 & i_1 == 2)> <Delay = 2.06>
ST_3 : Operation 161 [1/1] (2.06ns)   --->   "%store_ln156 = store i32 0, i32 %b_4" [D:/hlstrack/hlstrack2025-master/security/L1/tests/hmac/sha256/../../../../L1/include\xf_security/sha224_256.hpp:156]   --->   Operation 161 'store' 'store_ln156' <Predicate = (!icmp_ln162 & icmp_ln170 & i_1 == 1)> <Delay = 2.06>
ST_3 : Operation 162 [1/1] (2.06ns)   --->   "%store_ln156 = store i32 0, i32 %b_15" [D:/hlstrack/hlstrack2025-master/security/L1/tests/hmac/sha256/../../../../L1/include\xf_security/sha224_256.hpp:156]   --->   Operation 162 'store' 'store_ln156' <Predicate = (!icmp_ln162 & icmp_ln170 & i_1 == 12)> <Delay = 2.06>
ST_3 : Operation 163 [1/1] (1.94ns)   --->   "%store_ln156 = store i32 0, i32 %b_3" [D:/hlstrack/hlstrack2025-master/security/L1/tests/hmac/sha256/../../../../L1/include\xf_security/sha224_256.hpp:156]   --->   Operation 163 'store' 'store_ln156' <Predicate = (!icmp_ln162 & icmp_ln170 & i_1 == 15) | (!icmp_ln162 & icmp_ln170 & i_1 == 14) | (!icmp_ln162 & icmp_ln170 & i_1 == 13) | (!icmp_ln162 & icmp_ln170 & i_1 == 0)> <Delay = 1.94>
ST_3 : Operation 164 [1/1] ( I:1.14ns O:1.14ns )   --->   "%l = read i32 @_ssdm_op_Read.ap_fifo.volatile.i32P0A, i32 %mergeKipadStrm" [D:/hlstrack/hlstrack2025-master/security/L1/tests/hmac/sha256/../../../../L1/include\xf_security/sha224_256.hpp:163]   --->   Operation 164 'read' 'l' <Predicate = (icmp_ln162)> <Delay = 1.14> <CoreInst = "FIFO_LUTRAM">   --->   Core 79 'FIFO_LUTRAM' <Latency = 0> <II = 1> <Delay = 3.63> <Storage> <Opcode : 'read' 'write' 'nbread' 'nbwrite'> <Ports = 0> <Width = -1> <Depth = -1> <FIFO>
ST_3 : Operation 165 [1/1] (0.00ns)   --->   "%empty = trunc i32 %l" [D:/hlstrack/hlstrack2025-master/security/L1/tests/hmac/sha256/../../../../L1/include\xf_security/sha224_256.hpp:163]   --->   Operation 165 'trunc' 'empty' <Predicate = (icmp_ln162)> <Delay = 0.00>
ST_3 : Operation 166 [1/1] (0.00ns)   --->   "%p_s = partselect i8 @_ssdm_op_PartSelect.i8.i32.i32.i32, i32 %l, i32 24, i32 31" [D:/hlstrack/hlstrack2025-master/security/L1/tests/hmac/sha256/../../../../L1/include\xf_security/sha224_256.hpp:163]   --->   Operation 166 'partselect' 'p_s' <Predicate = (icmp_ln162)> <Delay = 0.00>
ST_3 : Operation 167 [1/1] (0.00ns)   --->   "%p_48 = partselect i8 @_ssdm_op_PartSelect.i8.i32.i32.i32, i32 %l, i32 8, i32 15" [D:/hlstrack/hlstrack2025-master/security/L1/tests/hmac/sha256/../../../../L1/include\xf_security/sha224_256.hpp:163]   --->   Operation 167 'partselect' 'p_48' <Predicate = (icmp_ln162)> <Delay = 0.00>
ST_3 : Operation 168 [1/1] (0.00ns)   --->   "%p_49 = partselect i8 @_ssdm_op_PartSelect.i8.i32.i32.i32, i32 %l, i32 16, i32 23" [D:/hlstrack/hlstrack2025-master/security/L1/tests/hmac/sha256/../../../../L1/include\xf_security/sha224_256.hpp:163]   --->   Operation 168 'partselect' 'p_49' <Predicate = (icmp_ln162)> <Delay = 0.00>
ST_3 : Operation 169 [1/1] (0.00ns)   --->   "%l_27 = bitconcatenate i32 @_ssdm_op_BitConcatenate.i32.i8.i8.i8.i8, i8 %empty, i8 %p_48, i8 %p_49, i8 %p_s" [D:/hlstrack/hlstrack2025-master/security/L1/tests/hmac/sha256/../../../../L1/include\xf_security/sha224_256.hpp:163]   --->   Operation 169 'bitconcatenate' 'l_27' <Predicate = (icmp_ln162)> <Delay = 0.00>
ST_3 : Operation 170 [1/1] (1.58ns)   --->   "%store_ln160 = store i4 %add_ln160, i4 %i" [D:/hlstrack/hlstrack2025-master/security/L1/tests/hmac/sha256/../../../../L1/include\xf_security/sha224_256.hpp:160]   --->   Operation 170 'store' 'store_ln160' <Predicate = true> <Delay = 1.58>
ST_3 : Operation 171 [1/1] (0.00ns)   --->   "%br_ln160 = br void %for.body87" [D:/hlstrack/hlstrack2025-master/security/L1/tests/hmac/sha256/../../../../L1/include\xf_security/sha224_256.hpp:160]   --->   Operation 171 'br' 'br_ln160' <Predicate = true> <Delay = 0.00>

State 4 <SV = 3> <Delay = 2.06>
ST_4 : Operation 172 [1/1] (0.00ns)   --->   "%b_2 = bitconcatenate i32 @_ssdm_op_BitConcatenate.i32.i8.i8.i16, i8 %trunc_ln187, i8 %tmp_2, i16 32768" [D:/hlstrack/hlstrack2025-master/security/L1/tests/hmac/sha256/../../../../L1/include\xf_security/sha224_256.hpp:187]   --->   Operation 172 'bitconcatenate' 'b_2' <Predicate = (!icmp_ln162 & !icmp_ln170 & len_read == 2)> <Delay = 0.00>
ST_4 : Operation 173 [1/1] (2.06ns)   --->   "%store_ln156 = store i32 %b_2, i32 %b_15" [D:/hlstrack/hlstrack2025-master/security/L1/tests/hmac/sha256/../../../../L1/include\xf_security/sha224_256.hpp:156]   --->   Operation 173 'store' 'store_ln156' <Predicate = (!icmp_ln162 & !icmp_ln170 & len_read == 2 & i_1 == 12)> <Delay = 2.06>
ST_4 : Operation 174 [1/1] (2.06ns)   --->   "%store_ln156 = store i32 %b_2, i32 %b_14" [D:/hlstrack/hlstrack2025-master/security/L1/tests/hmac/sha256/../../../../L1/include\xf_security/sha224_256.hpp:156]   --->   Operation 174 'store' 'store_ln156' <Predicate = (!icmp_ln162 & !icmp_ln170 & len_read == 2 & i_1 == 11)> <Delay = 2.06>
ST_4 : Operation 175 [1/1] (2.06ns)   --->   "%store_ln156 = store i32 %b_2, i32 %b_13" [D:/hlstrack/hlstrack2025-master/security/L1/tests/hmac/sha256/../../../../L1/include\xf_security/sha224_256.hpp:156]   --->   Operation 175 'store' 'store_ln156' <Predicate = (!icmp_ln162 & !icmp_ln170 & len_read == 2 & i_1 == 10)> <Delay = 2.06>
ST_4 : Operation 176 [1/1] (2.06ns)   --->   "%store_ln156 = store i32 %b_2, i32 %b_12" [D:/hlstrack/hlstrack2025-master/security/L1/tests/hmac/sha256/../../../../L1/include\xf_security/sha224_256.hpp:156]   --->   Operation 176 'store' 'store_ln156' <Predicate = (!icmp_ln162 & !icmp_ln170 & len_read == 2 & i_1 == 9)> <Delay = 2.06>
ST_4 : Operation 177 [1/1] (2.06ns)   --->   "%store_ln156 = store i32 %b_2, i32 %b_11" [D:/hlstrack/hlstrack2025-master/security/L1/tests/hmac/sha256/../../../../L1/include\xf_security/sha224_256.hpp:156]   --->   Operation 177 'store' 'store_ln156' <Predicate = (!icmp_ln162 & !icmp_ln170 & len_read == 2 & i_1 == 8)> <Delay = 2.06>
ST_4 : Operation 178 [1/1] (2.06ns)   --->   "%store_ln156 = store i32 %b_2, i32 %b_10" [D:/hlstrack/hlstrack2025-master/security/L1/tests/hmac/sha256/../../../../L1/include\xf_security/sha224_256.hpp:156]   --->   Operation 178 'store' 'store_ln156' <Predicate = (!icmp_ln162 & !icmp_ln170 & len_read == 2 & i_1 == 7)> <Delay = 2.06>
ST_4 : Operation 179 [1/1] (2.06ns)   --->   "%store_ln156 = store i32 %b_2, i32 %b_9" [D:/hlstrack/hlstrack2025-master/security/L1/tests/hmac/sha256/../../../../L1/include\xf_security/sha224_256.hpp:156]   --->   Operation 179 'store' 'store_ln156' <Predicate = (!icmp_ln162 & !icmp_ln170 & len_read == 2 & i_1 == 6)> <Delay = 2.06>
ST_4 : Operation 180 [1/1] (2.06ns)   --->   "%store_ln156 = store i32 %b_2, i32 %b_8" [D:/hlstrack/hlstrack2025-master/security/L1/tests/hmac/sha256/../../../../L1/include\xf_security/sha224_256.hpp:156]   --->   Operation 180 'store' 'store_ln156' <Predicate = (!icmp_ln162 & !icmp_ln170 & len_read == 2 & i_1 == 5)> <Delay = 2.06>
ST_4 : Operation 181 [1/1] (2.06ns)   --->   "%store_ln156 = store i32 %b_2, i32 %b_7" [D:/hlstrack/hlstrack2025-master/security/L1/tests/hmac/sha256/../../../../L1/include\xf_security/sha224_256.hpp:156]   --->   Operation 181 'store' 'store_ln156' <Predicate = (!icmp_ln162 & !icmp_ln170 & len_read == 2 & i_1 == 4)> <Delay = 2.06>
ST_4 : Operation 182 [1/1] (2.06ns)   --->   "%store_ln156 = store i32 %b_2, i32 %b_6" [D:/hlstrack/hlstrack2025-master/security/L1/tests/hmac/sha256/../../../../L1/include\xf_security/sha224_256.hpp:156]   --->   Operation 182 'store' 'store_ln156' <Predicate = (!icmp_ln162 & !icmp_ln170 & len_read == 2 & i_1 == 3)> <Delay = 2.06>
ST_4 : Operation 183 [1/1] (2.06ns)   --->   "%store_ln156 = store i32 %b_2, i32 %b_5" [D:/hlstrack/hlstrack2025-master/security/L1/tests/hmac/sha256/../../../../L1/include\xf_security/sha224_256.hpp:156]   --->   Operation 183 'store' 'store_ln156' <Predicate = (!icmp_ln162 & !icmp_ln170 & len_read == 2 & i_1 == 2)> <Delay = 2.06>
ST_4 : Operation 184 [1/1] (2.06ns)   --->   "%store_ln156 = store i32 %b_2, i32 %b_4" [D:/hlstrack/hlstrack2025-master/security/L1/tests/hmac/sha256/../../../../L1/include\xf_security/sha224_256.hpp:156]   --->   Operation 184 'store' 'store_ln156' <Predicate = (!icmp_ln162 & !icmp_ln170 & len_read == 2 & i_1 == 1)> <Delay = 2.06>
ST_4 : Operation 185 [1/1] (1.94ns)   --->   "%store_ln156 = store i32 %b_2, i32 %b" [D:/hlstrack/hlstrack2025-master/security/L1/tests/hmac/sha256/../../../../L1/include\xf_security/sha224_256.hpp:156]   --->   Operation 185 'store' 'store_ln156' <Predicate = (!icmp_ln162 & !icmp_ln170 & len_read == 2 & i_1 == 0)> <Delay = 1.94>
ST_4 : Operation 186 [1/1] (1.94ns)   --->   "%store_ln156 = store i32 %b_2, i32 %b_3" [D:/hlstrack/hlstrack2025-master/security/L1/tests/hmac/sha256/../../../../L1/include\xf_security/sha224_256.hpp:156]   --->   Operation 186 'store' 'store_ln156' <Predicate = (!icmp_ln162 & !icmp_ln170 & len_read == 2 & i_1 == 15) | (!icmp_ln162 & !icmp_ln170 & len_read == 2 & i_1 == 14) | (!icmp_ln162 & !icmp_ln170 & len_read == 2 & i_1 == 13)> <Delay = 1.94>
ST_4 : Operation 187 [1/1] (0.00ns)   --->   "%b_1 = bitconcatenate i32 @_ssdm_op_BitConcatenate.i32.i8.i24, i8 %trunc_ln181, i24 8388608" [D:/hlstrack/hlstrack2025-master/security/L1/tests/hmac/sha256/../../../../L1/include\xf_security/sha224_256.hpp:182]   --->   Operation 187 'bitconcatenate' 'b_1' <Predicate = (!icmp_ln162 & !icmp_ln170 & len_read == 1)> <Delay = 0.00>
ST_4 : Operation 188 [1/1] (2.06ns)   --->   "%store_ln156 = store i32 %b_1, i32 %b_15" [D:/hlstrack/hlstrack2025-master/security/L1/tests/hmac/sha256/../../../../L1/include\xf_security/sha224_256.hpp:156]   --->   Operation 188 'store' 'store_ln156' <Predicate = (!icmp_ln162 & !icmp_ln170 & len_read == 1 & i_1 == 12)> <Delay = 2.06>
ST_4 : Operation 189 [1/1] (2.06ns)   --->   "%store_ln156 = store i32 %b_1, i32 %b_14" [D:/hlstrack/hlstrack2025-master/security/L1/tests/hmac/sha256/../../../../L1/include\xf_security/sha224_256.hpp:156]   --->   Operation 189 'store' 'store_ln156' <Predicate = (!icmp_ln162 & !icmp_ln170 & len_read == 1 & i_1 == 11)> <Delay = 2.06>
ST_4 : Operation 190 [1/1] (2.06ns)   --->   "%store_ln156 = store i32 %b_1, i32 %b_13" [D:/hlstrack/hlstrack2025-master/security/L1/tests/hmac/sha256/../../../../L1/include\xf_security/sha224_256.hpp:156]   --->   Operation 190 'store' 'store_ln156' <Predicate = (!icmp_ln162 & !icmp_ln170 & len_read == 1 & i_1 == 10)> <Delay = 2.06>
ST_4 : Operation 191 [1/1] (2.06ns)   --->   "%store_ln156 = store i32 %b_1, i32 %b_12" [D:/hlstrack/hlstrack2025-master/security/L1/tests/hmac/sha256/../../../../L1/include\xf_security/sha224_256.hpp:156]   --->   Operation 191 'store' 'store_ln156' <Predicate = (!icmp_ln162 & !icmp_ln170 & len_read == 1 & i_1 == 9)> <Delay = 2.06>
ST_4 : Operation 192 [1/1] (2.06ns)   --->   "%store_ln156 = store i32 %b_1, i32 %b_11" [D:/hlstrack/hlstrack2025-master/security/L1/tests/hmac/sha256/../../../../L1/include\xf_security/sha224_256.hpp:156]   --->   Operation 192 'store' 'store_ln156' <Predicate = (!icmp_ln162 & !icmp_ln170 & len_read == 1 & i_1 == 8)> <Delay = 2.06>
ST_4 : Operation 193 [1/1] (2.06ns)   --->   "%store_ln156 = store i32 %b_1, i32 %b_10" [D:/hlstrack/hlstrack2025-master/security/L1/tests/hmac/sha256/../../../../L1/include\xf_security/sha224_256.hpp:156]   --->   Operation 193 'store' 'store_ln156' <Predicate = (!icmp_ln162 & !icmp_ln170 & len_read == 1 & i_1 == 7)> <Delay = 2.06>
ST_4 : Operation 194 [1/1] (2.06ns)   --->   "%store_ln156 = store i32 %b_1, i32 %b_9" [D:/hlstrack/hlstrack2025-master/security/L1/tests/hmac/sha256/../../../../L1/include\xf_security/sha224_256.hpp:156]   --->   Operation 194 'store' 'store_ln156' <Predicate = (!icmp_ln162 & !icmp_ln170 & len_read == 1 & i_1 == 6)> <Delay = 2.06>
ST_4 : Operation 195 [1/1] (2.06ns)   --->   "%store_ln156 = store i32 %b_1, i32 %b_8" [D:/hlstrack/hlstrack2025-master/security/L1/tests/hmac/sha256/../../../../L1/include\xf_security/sha224_256.hpp:156]   --->   Operation 195 'store' 'store_ln156' <Predicate = (!icmp_ln162 & !icmp_ln170 & len_read == 1 & i_1 == 5)> <Delay = 2.06>
ST_4 : Operation 196 [1/1] (2.06ns)   --->   "%store_ln156 = store i32 %b_1, i32 %b_7" [D:/hlstrack/hlstrack2025-master/security/L1/tests/hmac/sha256/../../../../L1/include\xf_security/sha224_256.hpp:156]   --->   Operation 196 'store' 'store_ln156' <Predicate = (!icmp_ln162 & !icmp_ln170 & len_read == 1 & i_1 == 4)> <Delay = 2.06>
ST_4 : Operation 197 [1/1] (2.06ns)   --->   "%store_ln156 = store i32 %b_1, i32 %b_6" [D:/hlstrack/hlstrack2025-master/security/L1/tests/hmac/sha256/../../../../L1/include\xf_security/sha224_256.hpp:156]   --->   Operation 197 'store' 'store_ln156' <Predicate = (!icmp_ln162 & !icmp_ln170 & len_read == 1 & i_1 == 3)> <Delay = 2.06>
ST_4 : Operation 198 [1/1] (2.06ns)   --->   "%store_ln156 = store i32 %b_1, i32 %b_5" [D:/hlstrack/hlstrack2025-master/security/L1/tests/hmac/sha256/../../../../L1/include\xf_security/sha224_256.hpp:156]   --->   Operation 198 'store' 'store_ln156' <Predicate = (!icmp_ln162 & !icmp_ln170 & len_read == 1 & i_1 == 2)> <Delay = 2.06>
ST_4 : Operation 199 [1/1] (2.06ns)   --->   "%store_ln156 = store i32 %b_1, i32 %b_4" [D:/hlstrack/hlstrack2025-master/security/L1/tests/hmac/sha256/../../../../L1/include\xf_security/sha224_256.hpp:156]   --->   Operation 199 'store' 'store_ln156' <Predicate = (!icmp_ln162 & !icmp_ln170 & len_read == 1 & i_1 == 1)> <Delay = 2.06>
ST_4 : Operation 200 [1/1] (1.94ns)   --->   "%store_ln156 = store i32 %b_1, i32 %b" [D:/hlstrack/hlstrack2025-master/security/L1/tests/hmac/sha256/../../../../L1/include\xf_security/sha224_256.hpp:156]   --->   Operation 200 'store' 'store_ln156' <Predicate = (!icmp_ln162 & !icmp_ln170 & len_read == 1 & i_1 == 0)> <Delay = 1.94>
ST_4 : Operation 201 [1/1] (1.94ns)   --->   "%store_ln156 = store i32 %b_1, i32 %b_3" [D:/hlstrack/hlstrack2025-master/security/L1/tests/hmac/sha256/../../../../L1/include\xf_security/sha224_256.hpp:156]   --->   Operation 201 'store' 'store_ln156' <Predicate = (!icmp_ln162 & !icmp_ln170 & len_read == 1 & i_1 == 15) | (!icmp_ln162 & !icmp_ln170 & len_read == 1 & i_1 == 14) | (!icmp_ln162 & !icmp_ln170 & len_read == 1 & i_1 == 13)> <Delay = 1.94>
ST_4 : Operation 202 [1/1] (0.00ns)   --->   "%b_17 = bitconcatenate i32 @_ssdm_op_BitConcatenate.i32.i8.i8.i8.i8, i8 %trunc_ln192, i8 %tmp_s, i8 %tmp_1, i8 128" [D:/hlstrack/hlstrack2025-master/security/L1/tests/hmac/sha256/../../../../L1/include\xf_security/sha224_256.hpp:192]   --->   Operation 202 'bitconcatenate' 'b_17' <Predicate = (!icmp_ln162 & !icmp_ln170 & len_read == 3)> <Delay = 0.00>
ST_4 : Operation 203 [1/1] (2.06ns)   --->   "%store_ln156 = store i32 %b_17, i32 %b_15" [D:/hlstrack/hlstrack2025-master/security/L1/tests/hmac/sha256/../../../../L1/include\xf_security/sha224_256.hpp:156]   --->   Operation 203 'store' 'store_ln156' <Predicate = (!icmp_ln162 & !icmp_ln170 & len_read == 3 & i_1 == 12)> <Delay = 2.06>
ST_4 : Operation 204 [1/1] (2.06ns)   --->   "%store_ln156 = store i32 %b_17, i32 %b_14" [D:/hlstrack/hlstrack2025-master/security/L1/tests/hmac/sha256/../../../../L1/include\xf_security/sha224_256.hpp:156]   --->   Operation 204 'store' 'store_ln156' <Predicate = (!icmp_ln162 & !icmp_ln170 & len_read == 3 & i_1 == 11)> <Delay = 2.06>
ST_4 : Operation 205 [1/1] (2.06ns)   --->   "%store_ln156 = store i32 %b_17, i32 %b_13" [D:/hlstrack/hlstrack2025-master/security/L1/tests/hmac/sha256/../../../../L1/include\xf_security/sha224_256.hpp:156]   --->   Operation 205 'store' 'store_ln156' <Predicate = (!icmp_ln162 & !icmp_ln170 & len_read == 3 & i_1 == 10)> <Delay = 2.06>
ST_4 : Operation 206 [1/1] (2.06ns)   --->   "%store_ln156 = store i32 %b_17, i32 %b_12" [D:/hlstrack/hlstrack2025-master/security/L1/tests/hmac/sha256/../../../../L1/include\xf_security/sha224_256.hpp:156]   --->   Operation 206 'store' 'store_ln156' <Predicate = (!icmp_ln162 & !icmp_ln170 & len_read == 3 & i_1 == 9)> <Delay = 2.06>
ST_4 : Operation 207 [1/1] (2.06ns)   --->   "%store_ln156 = store i32 %b_17, i32 %b_11" [D:/hlstrack/hlstrack2025-master/security/L1/tests/hmac/sha256/../../../../L1/include\xf_security/sha224_256.hpp:156]   --->   Operation 207 'store' 'store_ln156' <Predicate = (!icmp_ln162 & !icmp_ln170 & len_read == 3 & i_1 == 8)> <Delay = 2.06>
ST_4 : Operation 208 [1/1] (2.06ns)   --->   "%store_ln156 = store i32 %b_17, i32 %b_10" [D:/hlstrack/hlstrack2025-master/security/L1/tests/hmac/sha256/../../../../L1/include\xf_security/sha224_256.hpp:156]   --->   Operation 208 'store' 'store_ln156' <Predicate = (!icmp_ln162 & !icmp_ln170 & len_read == 3 & i_1 == 7)> <Delay = 2.06>
ST_4 : Operation 209 [1/1] (2.06ns)   --->   "%store_ln156 = store i32 %b_17, i32 %b_9" [D:/hlstrack/hlstrack2025-master/security/L1/tests/hmac/sha256/../../../../L1/include\xf_security/sha224_256.hpp:156]   --->   Operation 209 'store' 'store_ln156' <Predicate = (!icmp_ln162 & !icmp_ln170 & len_read == 3 & i_1 == 6)> <Delay = 2.06>
ST_4 : Operation 210 [1/1] (2.06ns)   --->   "%store_ln156 = store i32 %b_17, i32 %b_8" [D:/hlstrack/hlstrack2025-master/security/L1/tests/hmac/sha256/../../../../L1/include\xf_security/sha224_256.hpp:156]   --->   Operation 210 'store' 'store_ln156' <Predicate = (!icmp_ln162 & !icmp_ln170 & len_read == 3 & i_1 == 5)> <Delay = 2.06>
ST_4 : Operation 211 [1/1] (2.06ns)   --->   "%store_ln156 = store i32 %b_17, i32 %b_7" [D:/hlstrack/hlstrack2025-master/security/L1/tests/hmac/sha256/../../../../L1/include\xf_security/sha224_256.hpp:156]   --->   Operation 211 'store' 'store_ln156' <Predicate = (!icmp_ln162 & !icmp_ln170 & len_read == 3 & i_1 == 4)> <Delay = 2.06>
ST_4 : Operation 212 [1/1] (2.06ns)   --->   "%store_ln156 = store i32 %b_17, i32 %b_6" [D:/hlstrack/hlstrack2025-master/security/L1/tests/hmac/sha256/../../../../L1/include\xf_security/sha224_256.hpp:156]   --->   Operation 212 'store' 'store_ln156' <Predicate = (!icmp_ln162 & !icmp_ln170 & len_read == 3 & i_1 == 3)> <Delay = 2.06>
ST_4 : Operation 213 [1/1] (2.06ns)   --->   "%store_ln156 = store i32 %b_17, i32 %b_5" [D:/hlstrack/hlstrack2025-master/security/L1/tests/hmac/sha256/../../../../L1/include\xf_security/sha224_256.hpp:156]   --->   Operation 213 'store' 'store_ln156' <Predicate = (!icmp_ln162 & !icmp_ln170 & len_read == 3 & i_1 == 2)> <Delay = 2.06>
ST_4 : Operation 214 [1/1] (2.06ns)   --->   "%store_ln156 = store i32 %b_17, i32 %b_4" [D:/hlstrack/hlstrack2025-master/security/L1/tests/hmac/sha256/../../../../L1/include\xf_security/sha224_256.hpp:156]   --->   Operation 214 'store' 'store_ln156' <Predicate = (!icmp_ln162 & !icmp_ln170 & len_read == 3 & i_1 == 1)> <Delay = 2.06>
ST_4 : Operation 215 [1/1] (1.94ns)   --->   "%store_ln156 = store i32 %b_17, i32 %b" [D:/hlstrack/hlstrack2025-master/security/L1/tests/hmac/sha256/../../../../L1/include\xf_security/sha224_256.hpp:156]   --->   Operation 215 'store' 'store_ln156' <Predicate = (!icmp_ln162 & !icmp_ln170 & len_read == 3 & i_1 == 0)> <Delay = 1.94>
ST_4 : Operation 216 [1/1] (1.94ns)   --->   "%store_ln156 = store i32 %b_17, i32 %b_3" [D:/hlstrack/hlstrack2025-master/security/L1/tests/hmac/sha256/../../../../L1/include\xf_security/sha224_256.hpp:156]   --->   Operation 216 'store' 'store_ln156' <Predicate = (!icmp_ln162 & !icmp_ln170 & len_read == 3 & i_1 == 15) | (!icmp_ln162 & !icmp_ln170 & len_read == 3 & i_1 == 14) | (!icmp_ln162 & !icmp_ln170 & len_read == 3 & i_1 == 13)> <Delay = 1.94>
ST_4 : Operation 217 [1/1] (2.06ns)   --->   "%store_ln156 = store i32 %l_27, i32 %b_14" [D:/hlstrack/hlstrack2025-master/security/L1/tests/hmac/sha256/../../../../L1/include\xf_security/sha224_256.hpp:156]   --->   Operation 217 'store' 'store_ln156' <Predicate = (icmp_ln162 & i_1 == 11)> <Delay = 2.06>
ST_4 : Operation 218 [1/1] (2.06ns)   --->   "%store_ln156 = store i32 %l_27, i32 %b_13" [D:/hlstrack/hlstrack2025-master/security/L1/tests/hmac/sha256/../../../../L1/include\xf_security/sha224_256.hpp:156]   --->   Operation 218 'store' 'store_ln156' <Predicate = (icmp_ln162 & i_1 == 10)> <Delay = 2.06>
ST_4 : Operation 219 [1/1] (2.06ns)   --->   "%store_ln156 = store i32 %l_27, i32 %b_12" [D:/hlstrack/hlstrack2025-master/security/L1/tests/hmac/sha256/../../../../L1/include\xf_security/sha224_256.hpp:156]   --->   Operation 219 'store' 'store_ln156' <Predicate = (icmp_ln162 & i_1 == 9)> <Delay = 2.06>
ST_4 : Operation 220 [1/1] (2.06ns)   --->   "%store_ln156 = store i32 %l_27, i32 %b_11" [D:/hlstrack/hlstrack2025-master/security/L1/tests/hmac/sha256/../../../../L1/include\xf_security/sha224_256.hpp:156]   --->   Operation 220 'store' 'store_ln156' <Predicate = (icmp_ln162 & i_1 == 8)> <Delay = 2.06>
ST_4 : Operation 221 [1/1] (2.06ns)   --->   "%store_ln156 = store i32 %l_27, i32 %b_10" [D:/hlstrack/hlstrack2025-master/security/L1/tests/hmac/sha256/../../../../L1/include\xf_security/sha224_256.hpp:156]   --->   Operation 221 'store' 'store_ln156' <Predicate = (icmp_ln162 & i_1 == 7)> <Delay = 2.06>
ST_4 : Operation 222 [1/1] (2.06ns)   --->   "%store_ln156 = store i32 %l_27, i32 %b_9" [D:/hlstrack/hlstrack2025-master/security/L1/tests/hmac/sha256/../../../../L1/include\xf_security/sha224_256.hpp:156]   --->   Operation 222 'store' 'store_ln156' <Predicate = (icmp_ln162 & i_1 == 6)> <Delay = 2.06>
ST_4 : Operation 223 [1/1] (2.06ns)   --->   "%store_ln156 = store i32 %l_27, i32 %b_8" [D:/hlstrack/hlstrack2025-master/security/L1/tests/hmac/sha256/../../../../L1/include\xf_security/sha224_256.hpp:156]   --->   Operation 223 'store' 'store_ln156' <Predicate = (icmp_ln162 & i_1 == 5)> <Delay = 2.06>
ST_4 : Operation 224 [1/1] (2.06ns)   --->   "%store_ln156 = store i32 %l_27, i32 %b_7" [D:/hlstrack/hlstrack2025-master/security/L1/tests/hmac/sha256/../../../../L1/include\xf_security/sha224_256.hpp:156]   --->   Operation 224 'store' 'store_ln156' <Predicate = (icmp_ln162 & i_1 == 4)> <Delay = 2.06>
ST_4 : Operation 225 [1/1] (2.06ns)   --->   "%store_ln156 = store i32 %l_27, i32 %b_6" [D:/hlstrack/hlstrack2025-master/security/L1/tests/hmac/sha256/../../../../L1/include\xf_security/sha224_256.hpp:156]   --->   Operation 225 'store' 'store_ln156' <Predicate = (icmp_ln162 & i_1 == 3)> <Delay = 2.06>
ST_4 : Operation 226 [1/1] (2.06ns)   --->   "%store_ln156 = store i32 %l_27, i32 %b_5" [D:/hlstrack/hlstrack2025-master/security/L1/tests/hmac/sha256/../../../../L1/include\xf_security/sha224_256.hpp:156]   --->   Operation 226 'store' 'store_ln156' <Predicate = (icmp_ln162 & i_1 == 2)> <Delay = 2.06>
ST_4 : Operation 227 [1/1] (2.06ns)   --->   "%store_ln156 = store i32 %l_27, i32 %b_4" [D:/hlstrack/hlstrack2025-master/security/L1/tests/hmac/sha256/../../../../L1/include\xf_security/sha224_256.hpp:156]   --->   Operation 227 'store' 'store_ln156' <Predicate = (icmp_ln162 & i_1 == 1)> <Delay = 2.06>
ST_4 : Operation 228 [1/1] (2.06ns)   --->   "%store_ln156 = store i32 %l_27, i32 %b_15" [D:/hlstrack/hlstrack2025-master/security/L1/tests/hmac/sha256/../../../../L1/include\xf_security/sha224_256.hpp:156]   --->   Operation 228 'store' 'store_ln156' <Predicate = (icmp_ln162 & i_1 == 12)> <Delay = 2.06>
ST_4 : Operation 229 [1/1] (1.94ns)   --->   "%store_ln156 = store i32 %l_27, i32 %b" [D:/hlstrack/hlstrack2025-master/security/L1/tests/hmac/sha256/../../../../L1/include\xf_security/sha224_256.hpp:156]   --->   Operation 229 'store' 'store_ln156' <Predicate = (icmp_ln162 & i_1 == 15) | (icmp_ln162 & i_1 == 14) | (icmp_ln162 & i_1 == 13) | (icmp_ln162 & i_1 == 0)> <Delay = 1.94>


============================================================
+ Verbose Summary: Binding
============================================================
STG Binding: 
---------------- STG Properties BEGIN ----------------
- Is combinational: 0
- Is one-state seq: 0
- Is datapath-only: 0
- Is pipelined: 0
- Is top level: 0
Port [ Return ] is wired: 1; IO mode=ap_ctrl_hs:ce=0
Port [ mergeKipadStrm]:  wired=1; compound=1; hidden=0; nouse=0; global=0; static=0; extern=0; dir=0; type=3; pingpong=0; private_global=0; IO mode=ap_fifo:ce=0
Port [ p_cast]:  wired=1; compound=0; hidden=0; nouse=0; global=0; static=0; extern=0; dir=0; type=0; pingpong=0; private_global=0; IO mode=ap_none:ce=0
Port [ len]:  wired=1; compound=0; hidden=0; nouse=0; global=0; static=0; extern=0; dir=0; type=0; pingpong=0; private_global=0; IO mode=ap_none:ce=0
Port [ b_16_out]:  wired=1; compound=0; hidden=0; nouse=0; global=0; static=0; extern=0; dir=1; type=0; pingpong=0; private_global=0; IO mode=ap_vld:ce=0
Port [ b_15_out]:  wired=1; compound=0; hidden=0; nouse=0; global=0; static=0; extern=0; dir=1; type=0; pingpong=0; private_global=0; IO mode=ap_vld:ce=0
Port [ b_14_out]:  wired=1; compound=0; hidden=0; nouse=0; global=0; static=0; extern=0; dir=1; type=0; pingpong=0; private_global=0; IO mode=ap_vld:ce=0
Port [ b_13_out]:  wired=1; compound=0; hidden=0; nouse=0; global=0; static=0; extern=0; dir=1; type=0; pingpong=0; private_global=0; IO mode=ap_vld:ce=0
Port [ b_12_out]:  wired=1; compound=0; hidden=0; nouse=0; global=0; static=0; extern=0; dir=1; type=0; pingpong=0; private_global=0; IO mode=ap_vld:ce=0
Port [ b_11_out]:  wired=1; compound=0; hidden=0; nouse=0; global=0; static=0; extern=0; dir=1; type=0; pingpong=0; private_global=0; IO mode=ap_vld:ce=0
Port [ b_10_out]:  wired=1; compound=0; hidden=0; nouse=0; global=0; static=0; extern=0; dir=1; type=0; pingpong=0; private_global=0; IO mode=ap_vld:ce=0
Port [ b_9_out]:  wired=1; compound=0; hidden=0; nouse=0; global=0; static=0; extern=0; dir=1; type=0; pingpong=0; private_global=0; IO mode=ap_vld:ce=0
Port [ b_8_out]:  wired=1; compound=0; hidden=0; nouse=0; global=0; static=0; extern=0; dir=1; type=0; pingpong=0; private_global=0; IO mode=ap_vld:ce=0
Port [ b_7_out]:  wired=1; compound=0; hidden=0; nouse=0; global=0; static=0; extern=0; dir=1; type=0; pingpong=0; private_global=0; IO mode=ap_vld:ce=0
Port [ b_6_out]:  wired=1; compound=0; hidden=0; nouse=0; global=0; static=0; extern=0; dir=1; type=0; pingpong=0; private_global=0; IO mode=ap_vld:ce=0
Port [ b_5_out]:  wired=1; compound=0; hidden=0; nouse=0; global=0; static=0; extern=0; dir=1; type=0; pingpong=0; private_global=0; IO mode=ap_vld:ce=0
Port [ b_4_out]:  wired=1; compound=0; hidden=0; nouse=0; global=0; static=0; extern=0; dir=1; type=0; pingpong=0; private_global=0; IO mode=ap_vld:ce=0
Port [ b_out]:  wired=1; compound=0; hidden=0; nouse=0; global=0; static=0; extern=0; dir=1; type=0; pingpong=0; private_global=0; IO mode=ap_vld:ce=0
---------------- STG Properties END ------------------

---------------- Datapath Model BEGIN ----------------

<LifeTime>
<method=bitvector/>
i                       (alloca           ) [ 01110]
b                       (alloca           ) [ 01111]
b_3                     (alloca           ) [ 01111]
b_4                     (alloca           ) [ 01111]
b_5                     (alloca           ) [ 01111]
b_6                     (alloca           ) [ 01111]
b_7                     (alloca           ) [ 01111]
b_8                     (alloca           ) [ 01111]
b_9                     (alloca           ) [ 01111]
b_10                    (alloca           ) [ 01111]
b_11                    (alloca           ) [ 01111]
b_12                    (alloca           ) [ 01111]
b_13                    (alloca           ) [ 01111]
b_14                    (alloca           ) [ 01111]
b_15                    (alloca           ) [ 01111]
specmemcore_ln0         (specmemcore      ) [ 00000]
specinterface_ln0       (specinterface    ) [ 00000]
len_read                (read             ) [ 01111]
p_cast_read             (read             ) [ 00100]
store_ln160             (store            ) [ 00000]
br_ln160                (br               ) [ 00000]
i_1                     (load             ) [ 01111]
icmp_ln160              (icmp             ) [ 00100]
add_ln160               (add              ) [ 01010]
br_ln160                (br               ) [ 00000]
specpipeline_ln161      (specpipeline     ) [ 00000]
speclooptripcount_ln156 (speclooptripcount) [ 00000]
specloopname_ln160      (specloopname     ) [ 00000]
icmp_ln162              (icmp             ) [ 01111]
br_ln162                (br               ) [ 00000]
icmp_ln170              (icmp             ) [ 01111]
br_ln170                (br               ) [ 00000]
switch_ln176            (switch           ) [ 00000]
switch_ln187            (switch           ) [ 00000]
br_ln187                (br               ) [ 00000]
br_ln187                (br               ) [ 00000]
br_ln187                (br               ) [ 00000]
br_ln187                (br               ) [ 00000]
br_ln187                (br               ) [ 00000]
br_ln187                (br               ) [ 00000]
br_ln187                (br               ) [ 00000]
br_ln187                (br               ) [ 00000]
br_ln187                (br               ) [ 00000]
br_ln187                (br               ) [ 00000]
br_ln187                (br               ) [ 00000]
br_ln187                (br               ) [ 00000]
br_ln187                (br               ) [ 00000]
br_ln187                (br               ) [ 00000]
switch_ln182            (switch           ) [ 00000]
br_ln182                (br               ) [ 00000]
br_ln182                (br               ) [ 00000]
br_ln182                (br               ) [ 00000]
br_ln182                (br               ) [ 00000]
br_ln182                (br               ) [ 00000]
br_ln182                (br               ) [ 00000]
br_ln182                (br               ) [ 00000]
br_ln182                (br               ) [ 00000]
br_ln182                (br               ) [ 00000]
br_ln182                (br               ) [ 00000]
br_ln182                (br               ) [ 00000]
br_ln182                (br               ) [ 00000]
br_ln182                (br               ) [ 00000]
br_ln182                (br               ) [ 00000]
switch_ln177            (switch           ) [ 00000]
br_ln177                (br               ) [ 00000]
br_ln177                (br               ) [ 00000]
br_ln177                (br               ) [ 00000]
br_ln177                (br               ) [ 00000]
br_ln177                (br               ) [ 00000]
br_ln177                (br               ) [ 00000]
br_ln177                (br               ) [ 00000]
br_ln177                (br               ) [ 00000]
br_ln177                (br               ) [ 00000]
br_ln177                (br               ) [ 00000]
br_ln177                (br               ) [ 00000]
br_ln177                (br               ) [ 00000]
br_ln177                (br               ) [ 00000]
br_ln177                (br               ) [ 00000]
switch_ln192            (switch           ) [ 00000]
br_ln192                (br               ) [ 00000]
br_ln192                (br               ) [ 00000]
br_ln192                (br               ) [ 00000]
br_ln192                (br               ) [ 00000]
br_ln192                (br               ) [ 00000]
br_ln192                (br               ) [ 00000]
br_ln192                (br               ) [ 00000]
br_ln192                (br               ) [ 00000]
br_ln192                (br               ) [ 00000]
br_ln192                (br               ) [ 00000]
br_ln192                (br               ) [ 00000]
br_ln192                (br               ) [ 00000]
br_ln192                (br               ) [ 00000]
br_ln192                (br               ) [ 00000]
switch_ln172            (switch           ) [ 00000]
br_ln172                (br               ) [ 00000]
br_ln172                (br               ) [ 00000]
br_ln172                (br               ) [ 00000]
br_ln172                (br               ) [ 00000]
br_ln172                (br               ) [ 00000]
br_ln172                (br               ) [ 00000]
br_ln172                (br               ) [ 00000]
br_ln172                (br               ) [ 00000]
br_ln172                (br               ) [ 00000]
br_ln172                (br               ) [ 00000]
br_ln172                (br               ) [ 00000]
br_ln172                (br               ) [ 00000]
br_ln172                (br               ) [ 00000]
switch_ln168            (switch           ) [ 00000]
br_ln168                (br               ) [ 00000]
br_ln168                (br               ) [ 00000]
br_ln168                (br               ) [ 00000]
br_ln168                (br               ) [ 00000]
br_ln168                (br               ) [ 00000]
br_ln168                (br               ) [ 00000]
br_ln168                (br               ) [ 00000]
br_ln168                (br               ) [ 00000]
br_ln168                (br               ) [ 00000]
br_ln168                (br               ) [ 00000]
br_ln168                (br               ) [ 00000]
br_ln168                (br               ) [ 00000]
br_ln168                (br               ) [ 00000]
l_26                    (read             ) [ 00000]
tmp_2                   (partselect       ) [ 00101]
trunc_ln187             (trunc            ) [ 00101]
l_25                    (read             ) [ 00000]
trunc_ln181             (trunc            ) [ 00101]
store_ln156             (store            ) [ 00000]
store_ln156             (store            ) [ 00000]
store_ln156             (store            ) [ 00000]
store_ln156             (store            ) [ 00000]
store_ln156             (store            ) [ 00000]
store_ln156             (store            ) [ 00000]
store_ln156             (store            ) [ 00000]
store_ln156             (store            ) [ 00000]
store_ln156             (store            ) [ 00000]
store_ln156             (store            ) [ 00000]
store_ln156             (store            ) [ 00000]
store_ln156             (store            ) [ 00000]
store_ln156             (store            ) [ 00000]
store_ln156             (store            ) [ 00000]
l_24                    (read             ) [ 00000]
tmp_s                   (partselect       ) [ 00101]
tmp_1                   (partselect       ) [ 00101]
trunc_ln192             (trunc            ) [ 00101]
store_ln156             (store            ) [ 00000]
store_ln156             (store            ) [ 00000]
store_ln156             (store            ) [ 00000]
store_ln156             (store            ) [ 00000]
store_ln156             (store            ) [ 00000]
store_ln156             (store            ) [ 00000]
store_ln156             (store            ) [ 00000]
store_ln156             (store            ) [ 00000]
store_ln156             (store            ) [ 00000]
store_ln156             (store            ) [ 00000]
store_ln156             (store            ) [ 00000]
store_ln156             (store            ) [ 00000]
store_ln156             (store            ) [ 00000]
l                       (read             ) [ 00000]
empty                   (trunc            ) [ 00000]
p_s                     (partselect       ) [ 00000]
p_48                    (partselect       ) [ 00000]
p_49                    (partselect       ) [ 00000]
l_27                    (bitconcatenate   ) [ 00101]
store_ln160             (store            ) [ 00000]
br_ln160                (br               ) [ 00000]
b_2                     (bitconcatenate   ) [ 00000]
store_ln156             (store            ) [ 00000]
store_ln156             (store            ) [ 00000]
store_ln156             (store            ) [ 00000]
store_ln156             (store            ) [ 00000]
store_ln156             (store            ) [ 00000]
store_ln156             (store            ) [ 00000]
store_ln156             (store            ) [ 00000]
store_ln156             (store            ) [ 00000]
store_ln156             (store            ) [ 00000]
store_ln156             (store            ) [ 00000]
store_ln156             (store            ) [ 00000]
store_ln156             (store            ) [ 00000]
store_ln156             (store            ) [ 00000]
store_ln156             (store            ) [ 00000]
b_1                     (bitconcatenate   ) [ 00000]
store_ln156             (store            ) [ 00000]
store_ln156             (store            ) [ 00000]
store_ln156             (store            ) [ 00000]
store_ln156             (store            ) [ 00000]
store_ln156             (store            ) [ 00000]
store_ln156             (store            ) [ 00000]
store_ln156             (store            ) [ 00000]
store_ln156             (store            ) [ 00000]
store_ln156             (store            ) [ 00000]
store_ln156             (store            ) [ 00000]
store_ln156             (store            ) [ 00000]
store_ln156             (store            ) [ 00000]
store_ln156             (store            ) [ 00000]
store_ln156             (store            ) [ 00000]
b_17                    (bitconcatenate   ) [ 00000]
store_ln156             (store            ) [ 00000]
store_ln156             (store            ) [ 00000]
store_ln156             (store            ) [ 00000]
store_ln156             (store            ) [ 00000]
store_ln156             (store            ) [ 00000]
store_ln156             (store            ) [ 00000]
store_ln156             (store            ) [ 00000]
store_ln156             (store            ) [ 00000]
store_ln156             (store            ) [ 00000]
store_ln156             (store            ) [ 00000]
store_ln156             (store            ) [ 00000]
store_ln156             (store            ) [ 00000]
store_ln156             (store            ) [ 00000]
store_ln156             (store            ) [ 00000]
store_ln156             (store            ) [ 00000]
store_ln156             (store            ) [ 00000]
store_ln156             (store            ) [ 00000]
store_ln156             (store            ) [ 00000]
store_ln156             (store            ) [ 00000]
store_ln156             (store            ) [ 00000]
store_ln156             (store            ) [ 00000]
store_ln156             (store            ) [ 00000]
store_ln156             (store            ) [ 00000]
store_ln156             (store            ) [ 00000]
store_ln156             (store            ) [ 00000]
store_ln156             (store            ) [ 00000]
store_ln156             (store            ) [ 00000]
b_load                  (load             ) [ 00000]
b_3_load                (load             ) [ 00000]
b_4_load                (load             ) [ 00000]
b_5_load                (load             ) [ 00000]
b_6_load                (load             ) [ 00000]
b_7_load                (load             ) [ 00000]
b_8_load                (load             ) [ 00000]
b_9_load                (load             ) [ 00000]
b_10_load               (load             ) [ 00000]
b_11_load               (load             ) [ 00000]
b_12_load               (load             ) [ 00000]
b_13_load               (load             ) [ 00000]
b_14_load               (load             ) [ 00000]
b_15_load               (load             ) [ 00000]
write_ln0               (write            ) [ 00000]
write_ln0               (write            ) [ 00000]
write_ln0               (write            ) [ 00000]
write_ln0               (write            ) [ 00000]
write_ln0               (write            ) [ 00000]
write_ln0               (write            ) [ 00000]
write_ln0               (write            ) [ 00000]
write_ln0               (write            ) [ 00000]
write_ln0               (write            ) [ 00000]
write_ln0               (write            ) [ 00000]
write_ln0               (write            ) [ 00000]
write_ln0               (write            ) [ 00000]
write_ln0               (write            ) [ 00000]
write_ln0               (write            ) [ 00000]
ret_ln0                 (ret              ) [ 00000]
</LifeTime>

<model>

<comp_list>
<comp id="0" class="1000" name="mergeKipadStrm">
<pin_list>
<pin id="1" dir="1" index="0" bw="1" slack="0"/>
</pin_list>
<bind>
<StgValue><ssdm name="mergeKipadStrm"/></StgValue>
</bind>
</comp>

<comp id="2" class="1000" name="p_cast">
<pin_list>
<pin id="3" dir="1" index="0" bw="1" slack="0"/>
</pin_list>
<bind>
<StgValue><ssdm name="p_cast"/></StgValue>
</bind>
</comp>

<comp id="4" class="1000" name="len">
<pin_list>
<pin id="5" dir="1" index="0" bw="1" slack="0"/>
</pin_list>
<bind>
<StgValue><ssdm name="len"/></StgValue>
</bind>
</comp>

<comp id="6" class="1000" name="b_16_out">
<pin_list>
<pin id="7" dir="1" index="0" bw="1" slack="0"/>
</pin_list>
<bind>
<StgValue><ssdm name="b_16_out"/></StgValue>
</bind>
</comp>

<comp id="8" class="1000" name="b_15_out">
<pin_list>
<pin id="9" dir="1" index="0" bw="1" slack="0"/>
</pin_list>
<bind>
<StgValue><ssdm name="b_15_out"/></StgValue>
</bind>
</comp>

<comp id="10" class="1000" name="b_14_out">
<pin_list>
<pin id="11" dir="1" index="0" bw="1" slack="0"/>
</pin_list>
<bind>
<StgValue><ssdm name="b_14_out"/></StgValue>
</bind>
</comp>

<comp id="12" class="1000" name="b_13_out">
<pin_list>
<pin id="13" dir="1" index="0" bw="1" slack="0"/>
</pin_list>
<bind>
<StgValue><ssdm name="b_13_out"/></StgValue>
</bind>
</comp>

<comp id="14" class="1000" name="b_12_out">
<pin_list>
<pin id="15" dir="1" index="0" bw="1" slack="0"/>
</pin_list>
<bind>
<StgValue><ssdm name="b_12_out"/></StgValue>
</bind>
</comp>

<comp id="16" class="1000" name="b_11_out">
<pin_list>
<pin id="17" dir="1" index="0" bw="1" slack="0"/>
</pin_list>
<bind>
<StgValue><ssdm name="b_11_out"/></StgValue>
</bind>
</comp>

<comp id="18" class="1000" name="b_10_out">
<pin_list>
<pin id="19" dir="1" index="0" bw="1" slack="0"/>
</pin_list>
<bind>
<StgValue><ssdm name="b_10_out"/></StgValue>
</bind>
</comp>

<comp id="20" class="1000" name="b_9_out">
<pin_list>
<pin id="21" dir="1" index="0" bw="1" slack="0"/>
</pin_list>
<bind>
<StgValue><ssdm name="b_9_out"/></StgValue>
</bind>
</comp>

<comp id="22" class="1000" name="b_8_out">
<pin_list>
<pin id="23" dir="1" index="0" bw="1" slack="0"/>
</pin_list>
<bind>
<StgValue><ssdm name="b_8_out"/></StgValue>
</bind>
</comp>

<comp id="24" class="1000" name="b_7_out">
<pin_list>
<pin id="25" dir="1" index="0" bw="1" slack="0"/>
</pin_list>
<bind>
<StgValue><ssdm name="b_7_out"/></StgValue>
</bind>
</comp>

<comp id="26" class="1000" name="b_6_out">
<pin_list>
<pin id="27" dir="1" index="0" bw="1" slack="0"/>
</pin_list>
<bind>
<StgValue><ssdm name="b_6_out"/></StgValue>
</bind>
</comp>

<comp id="28" class="1000" name="b_5_out">
<pin_list>
<pin id="29" dir="1" index="0" bw="1" slack="0"/>
</pin_list>
<bind>
<StgValue><ssdm name="b_5_out"/></StgValue>
</bind>
</comp>

<comp id="30" class="1000" name="b_4_out">
<pin_list>
<pin id="31" dir="1" index="0" bw="1" slack="0"/>
</pin_list>
<bind>
<StgValue><ssdm name="b_4_out"/></StgValue>
</bind>
</comp>

<comp id="32" class="1000" name="b_out">
<pin_list>
<pin id="33" dir="1" index="0" bw="1" slack="0"/>
</pin_list>
<bind>
<StgValue><ssdm name="b_out"/></StgValue>
</bind>
</comp>

<comp id="34" class="1001" name="const_34">
<pin_list>
<pin id="35" dir="1" index="0" bw="1" slack="0"/>
</pin_list>
<bind>
<StgValue><ssdm name=""/></StgValue>
</bind>
</comp>

<comp id="36" class="1001" name="const_36">
<pin_list>
<pin id="37" dir="1" index="0" bw="1" slack="2147483647"/>
</pin_list>
<bind>
<StgValue><ssdm name="_ssdm_op_SpecMemCore"/></StgValue>
</bind>
</comp>

<comp id="38" class="1001" name="const_38">
<pin_list>
<pin id="39" dir="1" index="0" bw="1" slack="2147483647"/>
</pin_list>
<bind>
<StgValue><ssdm name=""/></StgValue>
</bind>
</comp>

<comp id="40" class="1001" name="const_40">
<pin_list>
<pin id="41" dir="1" index="0" bw="1" slack="2147483647"/>
</pin_list>
<bind>
<StgValue><ssdm name=""/></StgValue>
</bind>
</comp>

<comp id="42" class="1001" name="const_42">
<pin_list>
<pin id="43" dir="1" index="0" bw="1" slack="2147483647"/>
</pin_list>
<bind>
<StgValue><ssdm name=""/></StgValue>
</bind>
</comp>

<comp id="44" class="1001" name="const_44">
<pin_list>
<pin id="45" dir="1" index="0" bw="1" slack="2147483647"/>
</pin_list>
<bind>
<StgValue><ssdm name="_ssdm_op_SpecInterface"/></StgValue>
</bind>
</comp>

<comp id="46" class="1001" name="const_46">
<pin_list>
<pin id="47" dir="1" index="0" bw="1" slack="2147483647"/>
</pin_list>
<bind>
<StgValue><ssdm name="empty_3"/></StgValue>
</bind>
</comp>

<comp id="48" class="1001" name="const_48">
<pin_list>
<pin id="49" dir="1" index="0" bw="1" slack="0"/>
</pin_list>
<bind>
<StgValue><ssdm name=""/></StgValue>
</bind>
</comp>

<comp id="50" class="1001" name="const_50">
<pin_list>
<pin id="51" dir="1" index="0" bw="1" slack="2147483647"/>
</pin_list>
<bind>
<StgValue><ssdm name="empty_1"/></StgValue>
</bind>
</comp>

<comp id="52" class="1001" name="const_52">
<pin_list>
<pin id="53" dir="1" index="0" bw="1" slack="2147483647"/>
</pin_list>
<bind>
<StgValue><ssdm name=""/></StgValue>
</bind>
</comp>

<comp id="54" class="1001" name="const_54">
<pin_list>
<pin id="55" dir="1" index="0" bw="1" slack="0"/>
</pin_list>
<bind>
<StgValue><ssdm name="_ssdm_op_Read.ap_auto.i2"/></StgValue>
</bind>
</comp>

<comp id="56" class="1001" name="const_56">
<pin_list>
<pin id="57" dir="1" index="0" bw="1" slack="0"/>
</pin_list>
<bind>
<StgValue><ssdm name="_ssdm_op_Read.ap_auto.i4"/></StgValue>
</bind>
</comp>

<comp id="58" class="1001" name="const_58">
<pin_list>
<pin id="59" dir="1" index="0" bw="1" slack="0"/>
</pin_list>
<bind>
<StgValue><ssdm name=""/></StgValue>
</bind>
</comp>

<comp id="60" class="1001" name="const_60">
<pin_list>
<pin id="61" dir="1" index="0" bw="1" slack="0"/>
</pin_list>
<bind>
<StgValue><ssdm name=""/></StgValue>
</bind>
</comp>

<comp id="62" class="1001" name="const_62">
<pin_list>
<pin id="63" dir="1" index="0" bw="1" slack="0"/>
</pin_list>
<bind>
<StgValue><ssdm name=""/></StgValue>
</bind>
</comp>

<comp id="64" class="1001" name="const_64">
<pin_list>
<pin id="65" dir="1" index="0" bw="1" slack="2147483647"/>
</pin_list>
<bind>
<StgValue><ssdm name="_ssdm_op_SpecPipeline"/></StgValue>
</bind>
</comp>

<comp id="66" class="1001" name="const_66">
<pin_list>
<pin id="67" dir="1" index="0" bw="1" slack="2147483647"/>
</pin_list>
<bind>
<StgValue><ssdm name="_ssdm_op_SpecLoopTripCount"/></StgValue>
</bind>
</comp>

<comp id="68" class="1001" name="const_68">
<pin_list>
<pin id="69" dir="1" index="0" bw="1" slack="2147483647"/>
</pin_list>
<bind>
<StgValue><ssdm name=""/></StgValue>
</bind>
</comp>

<comp id="70" class="1001" name="const_70">
<pin_list>
<pin id="71" dir="1" index="0" bw="1" slack="2147483647"/>
</pin_list>
<bind>
<StgValue><ssdm name="_ssdm_op_SpecLoopName"/></StgValue>
</bind>
</comp>

<comp id="72" class="1001" name="const_72">
<pin_list>
<pin id="73" dir="1" index="0" bw="1" slack="2147483647"/>
</pin_list>
<bind>
<StgValue><ssdm name="empty_19"/></StgValue>
</bind>
</comp>

<comp id="74" class="1001" name="const_74">
<pin_list>
<pin id="75" dir="1" index="0" bw="1" slack="2147483647"/>
</pin_list>
<bind>
<StgValue><ssdm name=""/></StgValue>
</bind>
</comp>

<comp id="76" class="1001" name="const_76">
<pin_list>
<pin id="77" dir="1" index="0" bw="1" slack="2147483647"/>
</pin_list>
<bind>
<StgValue><ssdm name=""/></StgValue>
</bind>
</comp>

<comp id="78" class="1001" name="const_78">
<pin_list>
<pin id="79" dir="1" index="0" bw="1" slack="2147483647"/>
</pin_list>
<bind>
<StgValue><ssdm name=""/></StgValue>
</bind>
</comp>

<comp id="80" class="1001" name="const_80">
<pin_list>
<pin id="81" dir="1" index="0" bw="1" slack="2147483647"/>
</pin_list>
<bind>
<StgValue><ssdm name=""/></StgValue>
</bind>
</comp>

<comp id="82" class="1001" name="const_82">
<pin_list>
<pin id="83" dir="1" index="0" bw="1" slack="2147483647"/>
</pin_list>
<bind>
<StgValue><ssdm name=""/></StgValue>
</bind>
</comp>

<comp id="84" class="1001" name="const_84">
<pin_list>
<pin id="85" dir="1" index="0" bw="1" slack="2147483647"/>
</pin_list>
<bind>
<StgValue><ssdm name=""/></StgValue>
</bind>
</comp>

<comp id="86" class="1001" name="const_86">
<pin_list>
<pin id="87" dir="1" index="0" bw="1" slack="2147483647"/>
</pin_list>
<bind>
<StgValue><ssdm name=""/></StgValue>
</bind>
</comp>

<comp id="88" class="1001" name="const_88">
<pin_list>
<pin id="89" dir="1" index="0" bw="1" slack="2147483647"/>
</pin_list>
<bind>
<StgValue><ssdm name=""/></StgValue>
</bind>
</comp>

<comp id="90" class="1001" name="const_90">
<pin_list>
<pin id="91" dir="1" index="0" bw="1" slack="2147483647"/>
</pin_list>
<bind>
<StgValue><ssdm name=""/></StgValue>
</bind>
</comp>

<comp id="92" class="1001" name="const_92">
<pin_list>
<pin id="93" dir="1" index="0" bw="1" slack="2147483647"/>
</pin_list>
<bind>
<StgValue><ssdm name=""/></StgValue>
</bind>
</comp>

<comp id="94" class="1001" name="const_94">
<pin_list>
<pin id="95" dir="1" index="0" bw="1" slack="2147483647"/>
</pin_list>
<bind>
<StgValue><ssdm name=""/></StgValue>
</bind>
</comp>

<comp id="96" class="1001" name="const_96">
<pin_list>
<pin id="97" dir="1" index="0" bw="1" slack="2147483647"/>
</pin_list>
<bind>
<StgValue><ssdm name=""/></StgValue>
</bind>
</comp>

<comp id="98" class="1001" name="const_98">
<pin_list>
<pin id="99" dir="1" index="0" bw="1" slack="2147483647"/>
</pin_list>
<bind>
<StgValue><ssdm name=""/></StgValue>
</bind>
</comp>

<comp id="100" class="1001" name="const_100">
<pin_list>
<pin id="101" dir="1" index="0" bw="1" slack="2147483647"/>
</pin_list>
<bind>
<StgValue><ssdm name=""/></StgValue>
</bind>
</comp>

<comp id="102" class="1001" name="const_102">
<pin_list>
<pin id="103" dir="1" index="0" bw="1" slack="0"/>
</pin_list>
<bind>
<StgValue><ssdm name="_ssdm_op_Read.ap_fifo.volatile.i32P0A"/></StgValue>
</bind>
</comp>

<comp id="104" class="1001" name="const_104">
<pin_list>
<pin id="105" dir="1" index="0" bw="1" slack="0"/>
</pin_list>
<bind>
<StgValue><ssdm name="_ssdm_op_PartSelect.i8.i32.i32.i32"/></StgValue>
</bind>
</comp>

<comp id="106" class="1001" name="const_106">
<pin_list>
<pin id="107" dir="1" index="0" bw="1" slack="0"/>
</pin_list>
<bind>
<StgValue><ssdm name=""/></StgValue>
</bind>
</comp>

<comp id="108" class="1001" name="const_108">
<pin_list>
<pin id="109" dir="1" index="0" bw="1" slack="0"/>
</pin_list>
<bind>
<StgValue><ssdm name=""/></StgValue>
</bind>
</comp>

<comp id="110" class="1001" name="const_110">
<pin_list>
<pin id="111" dir="1" index="0" bw="1" slack="0"/>
</pin_list>
<bind>
<StgValue><ssdm name=""/></StgValue>
</bind>
</comp>

<comp id="112" class="1001" name="const_112">
<pin_list>
<pin id="113" dir="1" index="0" bw="1" slack="0"/>
</pin_list>
<bind>
<StgValue><ssdm name=""/></StgValue>
</bind>
</comp>

<comp id="114" class="1001" name="const_114">
<pin_list>
<pin id="115" dir="1" index="0" bw="1" slack="0"/>
</pin_list>
<bind>
<StgValue><ssdm name=""/></StgValue>
</bind>
</comp>

<comp id="116" class="1001" name="const_116">
<pin_list>
<pin id="117" dir="1" index="0" bw="1" slack="0"/>
</pin_list>
<bind>
<StgValue><ssdm name=""/></StgValue>
</bind>
</comp>

<comp id="118" class="1001" name="const_118">
<pin_list>
<pin id="119" dir="1" index="0" bw="1" slack="0"/>
</pin_list>
<bind>
<StgValue><ssdm name=""/></StgValue>
</bind>
</comp>

<comp id="120" class="1001" name="const_120">
<pin_list>
<pin id="121" dir="1" index="0" bw="1" slack="0"/>
</pin_list>
<bind>
<StgValue><ssdm name="_ssdm_op_BitConcatenate.i32.i8.i8.i8.i8"/></StgValue>
</bind>
</comp>

<comp id="122" class="1001" name="const_122">
<pin_list>
<pin id="123" dir="1" index="0" bw="1" slack="0"/>
</pin_list>
<bind>
<StgValue><ssdm name="_ssdm_op_BitConcatenate.i32.i8.i8.i16"/></StgValue>
</bind>
</comp>

<comp id="124" class="1001" name="const_124">
<pin_list>
<pin id="125" dir="1" index="0" bw="1" slack="0"/>
</pin_list>
<bind>
<StgValue><ssdm name=""/></StgValue>
</bind>
</comp>

<comp id="126" class="1001" name="const_126">
<pin_list>
<pin id="127" dir="1" index="0" bw="1" slack="0"/>
</pin_list>
<bind>
<StgValue><ssdm name="_ssdm_op_BitConcatenate.i32.i8.i24"/></StgValue>
</bind>
</comp>

<comp id="128" class="1001" name="const_128">
<pin_list>
<pin id="129" dir="1" index="0" bw="1" slack="0"/>
</pin_list>
<bind>
<StgValue><ssdm name=""/></StgValue>
</bind>
</comp>

<comp id="130" class="1001" name="const_130">
<pin_list>
<pin id="131" dir="1" index="0" bw="1" slack="0"/>
</pin_list>
<bind>
<StgValue><ssdm name=""/></StgValue>
</bind>
</comp>

<comp id="132" class="1001" name="const_132">
<pin_list>
<pin id="133" dir="1" index="0" bw="1" slack="0"/>
</pin_list>
<bind>
<StgValue><ssdm name="_ssdm_op_Write.ap_auto.i32P0A"/></StgValue>
</bind>
</comp>

<comp id="134" class="1004" name="i_fu_134">
<pin_list>
<pin id="135" dir="0" index="0" bw="1" slack="0"/>
<pin id="136" dir="1" index="1" bw="4" slack="0"/>
</pin_list>
<bind>
<opcode="alloca(26) " fcode="alloca"/>
<opset="i/1 "/>
</bind>
</comp>

<comp id="138" class="1004" name="b_fu_138">
<pin_list>
<pin id="139" dir="0" index="0" bw="1" slack="0"/>
<pin id="140" dir="1" index="1" bw="32" slack="1"/>
</pin_list>
<bind>
<opcode="alloca(26) " fcode="alloca"/>
<opset="b/1 "/>
</bind>
</comp>

<comp id="142" class="1004" name="b_3_fu_142">
<pin_list>
<pin id="143" dir="0" index="0" bw="1" slack="0"/>
<pin id="144" dir="1" index="1" bw="32" slack="1"/>
</pin_list>
<bind>
<opcode="alloca(26) " fcode="alloca"/>
<opset="b_3/1 "/>
</bind>
</comp>

<comp id="146" class="1004" name="b_4_fu_146">
<pin_list>
<pin id="147" dir="0" index="0" bw="1" slack="0"/>
<pin id="148" dir="1" index="1" bw="32" slack="1"/>
</pin_list>
<bind>
<opcode="alloca(26) " fcode="alloca"/>
<opset="b_4/1 "/>
</bind>
</comp>

<comp id="150" class="1004" name="b_5_fu_150">
<pin_list>
<pin id="151" dir="0" index="0" bw="1" slack="0"/>
<pin id="152" dir="1" index="1" bw="32" slack="1"/>
</pin_list>
<bind>
<opcode="alloca(26) " fcode="alloca"/>
<opset="b_5/1 "/>
</bind>
</comp>

<comp id="154" class="1004" name="b_6_fu_154">
<pin_list>
<pin id="155" dir="0" index="0" bw="1" slack="0"/>
<pin id="156" dir="1" index="1" bw="32" slack="1"/>
</pin_list>
<bind>
<opcode="alloca(26) " fcode="alloca"/>
<opset="b_6/1 "/>
</bind>
</comp>

<comp id="158" class="1004" name="b_7_fu_158">
<pin_list>
<pin id="159" dir="0" index="0" bw="1" slack="0"/>
<pin id="160" dir="1" index="1" bw="32" slack="1"/>
</pin_list>
<bind>
<opcode="alloca(26) " fcode="alloca"/>
<opset="b_7/1 "/>
</bind>
</comp>

<comp id="162" class="1004" name="b_8_fu_162">
<pin_list>
<pin id="163" dir="0" index="0" bw="1" slack="0"/>
<pin id="164" dir="1" index="1" bw="32" slack="1"/>
</pin_list>
<bind>
<opcode="alloca(26) " fcode="alloca"/>
<opset="b_8/1 "/>
</bind>
</comp>

<comp id="166" class="1004" name="b_9_fu_166">
<pin_list>
<pin id="167" dir="0" index="0" bw="1" slack="0"/>
<pin id="168" dir="1" index="1" bw="32" slack="1"/>
</pin_list>
<bind>
<opcode="alloca(26) " fcode="alloca"/>
<opset="b_9/1 "/>
</bind>
</comp>

<comp id="170" class="1004" name="b_10_fu_170">
<pin_list>
<pin id="171" dir="0" index="0" bw="1" slack="0"/>
<pin id="172" dir="1" index="1" bw="32" slack="1"/>
</pin_list>
<bind>
<opcode="alloca(26) " fcode="alloca"/>
<opset="b_10/1 "/>
</bind>
</comp>

<comp id="174" class="1004" name="b_11_fu_174">
<pin_list>
<pin id="175" dir="0" index="0" bw="1" slack="0"/>
<pin id="176" dir="1" index="1" bw="32" slack="1"/>
</pin_list>
<bind>
<opcode="alloca(26) " fcode="alloca"/>
<opset="b_11/1 "/>
</bind>
</comp>

<comp id="178" class="1004" name="b_12_fu_178">
<pin_list>
<pin id="179" dir="0" index="0" bw="1" slack="0"/>
<pin id="180" dir="1" index="1" bw="32" slack="1"/>
</pin_list>
<bind>
<opcode="alloca(26) " fcode="alloca"/>
<opset="b_12/1 "/>
</bind>
</comp>

<comp id="182" class="1004" name="b_13_fu_182">
<pin_list>
<pin id="183" dir="0" index="0" bw="1" slack="0"/>
<pin id="184" dir="1" index="1" bw="32" slack="1"/>
</pin_list>
<bind>
<opcode="alloca(26) " fcode="alloca"/>
<opset="b_13/1 "/>
</bind>
</comp>

<comp id="186" class="1004" name="b_14_fu_186">
<pin_list>
<pin id="187" dir="0" index="0" bw="1" slack="0"/>
<pin id="188" dir="1" index="1" bw="32" slack="1"/>
</pin_list>
<bind>
<opcode="alloca(26) " fcode="alloca"/>
<opset="b_14/1 "/>
</bind>
</comp>

<comp id="190" class="1004" name="b_15_fu_190">
<pin_list>
<pin id="191" dir="0" index="0" bw="1" slack="0"/>
<pin id="192" dir="1" index="1" bw="32" slack="1"/>
</pin_list>
<bind>
<opcode="alloca(26) " fcode="alloca"/>
<opset="b_15/1 "/>
</bind>
</comp>

<comp id="194" class="1004" name="len_read_read_fu_194">
<pin_list>
<pin id="195" dir="0" index="0" bw="2" slack="0"/>
<pin id="196" dir="0" index="1" bw="2" slack="0"/>
<pin id="197" dir="1" index="2" bw="2" slack="1"/>
</pin_list>
<bind>
<opcode="read(1150) " fcode="read"/>
<opset="len_read/1 "/>
</bind>
</comp>

<comp id="200" class="1004" name="p_cast_read_read_fu_200">
<pin_list>
<pin id="201" dir="0" index="0" bw="4" slack="0"/>
<pin id="202" dir="0" index="1" bw="4" slack="0"/>
<pin id="203" dir="1" index="2" bw="4" slack="1"/>
</pin_list>
<bind>
<opcode="read(1150) " fcode="read"/>
<opset="p_cast_read/1 "/>
</bind>
</comp>

<comp id="206" class="1004" name="grp_read_fu_206">
<pin_list>
<pin id="207" dir="0" index="0" bw="32" slack="0"/>
<pin id="208" dir="0" index="1" bw="32" slack="0"/>
<pin id="209" dir="1" index="2" bw="32" slack="0"/>
</pin_list>
<bind>
<opcode="read(1150) " fcode="read"/>
<opset="l_26/3 l_25/3 l_24/3 l/3 "/>
</bind>
</comp>

<comp id="212" class="1004" name="write_ln0_write_fu_212">
<pin_list>
<pin id="213" dir="0" index="0" bw="0" slack="0"/>
<pin id="214" dir="0" index="1" bw="32" slack="0"/>
<pin id="215" dir="0" index="2" bw="32" slack="0"/>
<pin id="216" dir="1" index="3" bw="0" slack="2147483647"/>
</pin_list>
<bind>
<opcode="write(1151) " fcode="write"/>
<opset="write_ln0/2 "/>
</bind>
</comp>

<comp id="219" class="1004" name="write_ln0_write_fu_219">
<pin_list>
<pin id="220" dir="0" index="0" bw="0" slack="0"/>
<pin id="221" dir="0" index="1" bw="32" slack="0"/>
<pin id="222" dir="0" index="2" bw="32" slack="0"/>
<pin id="223" dir="1" index="3" bw="0" slack="2147483647"/>
</pin_list>
<bind>
<opcode="write(1151) " fcode="write"/>
<opset="write_ln0/2 "/>
</bind>
</comp>

<comp id="226" class="1004" name="write_ln0_write_fu_226">
<pin_list>
<pin id="227" dir="0" index="0" bw="0" slack="0"/>
<pin id="228" dir="0" index="1" bw="32" slack="0"/>
<pin id="229" dir="0" index="2" bw="32" slack="0"/>
<pin id="230" dir="1" index="3" bw="0" slack="2147483647"/>
</pin_list>
<bind>
<opcode="write(1151) " fcode="write"/>
<opset="write_ln0/2 "/>
</bind>
</comp>

<comp id="233" class="1004" name="write_ln0_write_fu_233">
<pin_list>
<pin id="234" dir="0" index="0" bw="0" slack="0"/>
<pin id="235" dir="0" index="1" bw="32" slack="0"/>
<pin id="236" dir="0" index="2" bw="32" slack="0"/>
<pin id="237" dir="1" index="3" bw="0" slack="2147483647"/>
</pin_list>
<bind>
<opcode="write(1151) " fcode="write"/>
<opset="write_ln0/2 "/>
</bind>
</comp>

<comp id="240" class="1004" name="write_ln0_write_fu_240">
<pin_list>
<pin id="241" dir="0" index="0" bw="0" slack="0"/>
<pin id="242" dir="0" index="1" bw="32" slack="0"/>
<pin id="243" dir="0" index="2" bw="32" slack="0"/>
<pin id="244" dir="1" index="3" bw="0" slack="2147483647"/>
</pin_list>
<bind>
<opcode="write(1151) " fcode="write"/>
<opset="write_ln0/2 "/>
</bind>
</comp>

<comp id="247" class="1004" name="write_ln0_write_fu_247">
<pin_list>
<pin id="248" dir="0" index="0" bw="0" slack="0"/>
<pin id="249" dir="0" index="1" bw="32" slack="0"/>
<pin id="250" dir="0" index="2" bw="32" slack="0"/>
<pin id="251" dir="1" index="3" bw="0" slack="2147483647"/>
</pin_list>
<bind>
<opcode="write(1151) " fcode="write"/>
<opset="write_ln0/2 "/>
</bind>
</comp>

<comp id="254" class="1004" name="write_ln0_write_fu_254">
<pin_list>
<pin id="255" dir="0" index="0" bw="0" slack="0"/>
<pin id="256" dir="0" index="1" bw="32" slack="0"/>
<pin id="257" dir="0" index="2" bw="32" slack="0"/>
<pin id="258" dir="1" index="3" bw="0" slack="2147483647"/>
</pin_list>
<bind>
<opcode="write(1151) " fcode="write"/>
<opset="write_ln0/2 "/>
</bind>
</comp>

<comp id="261" class="1004" name="write_ln0_write_fu_261">
<pin_list>
<pin id="262" dir="0" index="0" bw="0" slack="0"/>
<pin id="263" dir="0" index="1" bw="32" slack="0"/>
<pin id="264" dir="0" index="2" bw="32" slack="0"/>
<pin id="265" dir="1" index="3" bw="0" slack="2147483647"/>
</pin_list>
<bind>
<opcode="write(1151) " fcode="write"/>
<opset="write_ln0/2 "/>
</bind>
</comp>

<comp id="268" class="1004" name="write_ln0_write_fu_268">
<pin_list>
<pin id="269" dir="0" index="0" bw="0" slack="0"/>
<pin id="270" dir="0" index="1" bw="32" slack="0"/>
<pin id="271" dir="0" index="2" bw="32" slack="0"/>
<pin id="272" dir="1" index="3" bw="0" slack="2147483647"/>
</pin_list>
<bind>
<opcode="write(1151) " fcode="write"/>
<opset="write_ln0/2 "/>
</bind>
</comp>

<comp id="275" class="1004" name="write_ln0_write_fu_275">
<pin_list>
<pin id="276" dir="0" index="0" bw="0" slack="0"/>
<pin id="277" dir="0" index="1" bw="32" slack="0"/>
<pin id="278" dir="0" index="2" bw="32" slack="0"/>
<pin id="279" dir="1" index="3" bw="0" slack="2147483647"/>
</pin_list>
<bind>
<opcode="write(1151) " fcode="write"/>
<opset="write_ln0/2 "/>
</bind>
</comp>

<comp id="282" class="1004" name="write_ln0_write_fu_282">
<pin_list>
<pin id="283" dir="0" index="0" bw="0" slack="0"/>
<pin id="284" dir="0" index="1" bw="32" slack="0"/>
<pin id="285" dir="0" index="2" bw="32" slack="0"/>
<pin id="286" dir="1" index="3" bw="0" slack="2147483647"/>
</pin_list>
<bind>
<opcode="write(1151) " fcode="write"/>
<opset="write_ln0/2 "/>
</bind>
</comp>

<comp id="289" class="1004" name="write_ln0_write_fu_289">
<pin_list>
<pin id="290" dir="0" index="0" bw="0" slack="0"/>
<pin id="291" dir="0" index="1" bw="32" slack="0"/>
<pin id="292" dir="0" index="2" bw="32" slack="0"/>
<pin id="293" dir="1" index="3" bw="0" slack="2147483647"/>
</pin_list>
<bind>
<opcode="write(1151) " fcode="write"/>
<opset="write_ln0/2 "/>
</bind>
</comp>

<comp id="296" class="1004" name="write_ln0_write_fu_296">
<pin_list>
<pin id="297" dir="0" index="0" bw="0" slack="0"/>
<pin id="298" dir="0" index="1" bw="32" slack="0"/>
<pin id="299" dir="0" index="2" bw="32" slack="0"/>
<pin id="300" dir="1" index="3" bw="0" slack="2147483647"/>
</pin_list>
<bind>
<opcode="write(1151) " fcode="write"/>
<opset="write_ln0/2 "/>
</bind>
</comp>

<comp id="303" class="1004" name="write_ln0_write_fu_303">
<pin_list>
<pin id="304" dir="0" index="0" bw="0" slack="0"/>
<pin id="305" dir="0" index="1" bw="32" slack="0"/>
<pin id="306" dir="0" index="2" bw="32" slack="0"/>
<pin id="307" dir="1" index="3" bw="0" slack="2147483647"/>
</pin_list>
<bind>
<opcode="write(1151) " fcode="write"/>
<opset="write_ln0/2 "/>
</bind>
</comp>

<comp id="310" class="1004" name="grp_fu_310">
<pin_list>
<pin id="311" dir="0" index="0" bw="8" slack="0"/>
<pin id="312" dir="0" index="1" bw="32" slack="0"/>
<pin id="313" dir="0" index="2" bw="5" slack="0"/>
<pin id="314" dir="0" index="3" bw="5" slack="0"/>
<pin id="315" dir="1" index="4" bw="8" slack="0"/>
</pin_list>
<bind>
<opcode="partselect(1002) " fcode="partselect"/>
<opset="tmp_2/3 tmp_s/3 p_48/3 "/>
</bind>
</comp>

<comp id="320" class="1004" name="grp_fu_320">
<pin_list>
<pin id="321" dir="0" index="0" bw="8" slack="0"/>
<pin id="322" dir="0" index="1" bw="32" slack="0"/>
<pin id="323" dir="0" index="2" bw="6" slack="0"/>
<pin id="324" dir="0" index="3" bw="6" slack="0"/>
<pin id="325" dir="1" index="4" bw="8" slack="0"/>
</pin_list>
<bind>
<opcode="partselect(1002) " fcode="partselect"/>
<opset="tmp_1/3 p_49/3 "/>
</bind>
</comp>

<comp id="330" class="1005" name="reg_330">
<pin_list>
<pin id="331" dir="0" index="0" bw="8" slack="1"/>
<pin id="332" dir="1" index="1" bw="8" slack="1"/>
</pin_list>
<bind>
<opset="tmp_2 tmp_s "/>
</bind>
</comp>

<comp id="334" class="1004" name="store_ln160_store_fu_334">
<pin_list>
<pin id="335" dir="0" index="0" bw="1" slack="0"/>
<pin id="336" dir="0" index="1" bw="4" slack="0"/>
<pin id="337" dir="1" index="2" bw="0" slack="2147483647"/>
</pin_list>
<bind>
<opcode="store(28) " fcode="store"/>
<opset="store_ln160/1 "/>
</bind>
</comp>

<comp id="339" class="1004" name="i_1_load_fu_339">
<pin_list>
<pin id="340" dir="0" index="0" bw="4" slack="1"/>
<pin id="341" dir="1" index="1" bw="4" slack="0"/>
</pin_list>
<bind>
<opcode="load(27) " fcode="load"/>
<opset="i_1/2 "/>
</bind>
</comp>

<comp id="342" class="1004" name="icmp_ln160_fu_342">
<pin_list>
<pin id="343" dir="0" index="0" bw="4" slack="0"/>
<pin id="344" dir="0" index="1" bw="4" slack="0"/>
<pin id="345" dir="1" index="2" bw="1" slack="2147483647"/>
</pin_list>
<bind>
<opcode="icmp(45) " fcode="icmp"/>
<opset="icmp_ln160/2 "/>
</bind>
</comp>

<comp id="348" class="1004" name="add_ln160_fu_348">
<pin_list>
<pin id="349" dir="0" index="0" bw="4" slack="0"/>
<pin id="350" dir="0" index="1" bw="1" slack="0"/>
<pin id="351" dir="1" index="2" bw="4" slack="1"/>
</pin_list>
<bind>
<opcode="add(8) " fcode="add"/>
<opset="add_ln160/2 "/>
</bind>
</comp>

<comp id="354" class="1004" name="icmp_ln162_fu_354">
<pin_list>
<pin id="355" dir="0" index="0" bw="4" slack="0"/>
<pin id="356" dir="0" index="1" bw="4" slack="1"/>
<pin id="357" dir="1" index="2" bw="1" slack="1"/>
</pin_list>
<bind>
<opcode="icmp(45) " fcode="icmp"/>
<opset="icmp_ln162/2 "/>
</bind>
</comp>

<comp id="359" class="1004" name="icmp_ln170_fu_359">
<pin_list>
<pin id="360" dir="0" index="0" bw="4" slack="0"/>
<pin id="361" dir="0" index="1" bw="4" slack="1"/>
<pin id="362" dir="1" index="2" bw="1" slack="1"/>
</pin_list>
<bind>
<opcode="icmp(45) " fcode="icmp"/>
<opset="icmp_ln170/2 "/>
</bind>
</comp>

<comp id="364" class="1004" name="trunc_ln187_fu_364">
<pin_list>
<pin id="365" dir="0" index="0" bw="32" slack="0"/>
<pin id="366" dir="1" index="1" bw="8" slack="1"/>
</pin_list>
<bind>
<opcode="trunc(33) " fcode="trunc"/>
<opset="trunc_ln187/3 "/>
</bind>
</comp>

<comp id="368" class="1004" name="trunc_ln181_fu_368">
<pin_list>
<pin id="369" dir="0" index="0" bw="32" slack="0"/>
<pin id="370" dir="1" index="1" bw="8" slack="1"/>
</pin_list>
<bind>
<opcode="trunc(33) " fcode="trunc"/>
<opset="trunc_ln181/3 "/>
</bind>
</comp>

<comp id="372" class="1004" name="store_ln156_store_fu_372">
<pin_list>
<pin id="373" dir="0" index="0" bw="32" slack="0"/>
<pin id="374" dir="0" index="1" bw="32" slack="2"/>
<pin id="375" dir="1" index="2" bw="0" slack="2147483647"/>
</pin_list>
<bind>
<opcode="store(28) " fcode="store"/>
<opset="store_ln156/3 "/>
</bind>
</comp>

<comp id="377" class="1004" name="store_ln156_store_fu_377">
<pin_list>
<pin id="378" dir="0" index="0" bw="32" slack="0"/>
<pin id="379" dir="0" index="1" bw="32" slack="2"/>
<pin id="380" dir="1" index="2" bw="0" slack="2147483647"/>
</pin_list>
<bind>
<opcode="store(28) " fcode="store"/>
<opset="store_ln156/3 "/>
</bind>
</comp>

<comp id="382" class="1004" name="store_ln156_store_fu_382">
<pin_list>
<pin id="383" dir="0" index="0" bw="32" slack="0"/>
<pin id="384" dir="0" index="1" bw="32" slack="2"/>
<pin id="385" dir="1" index="2" bw="0" slack="2147483647"/>
</pin_list>
<bind>
<opcode="store(28) " fcode="store"/>
<opset="store_ln156/3 "/>
</bind>
</comp>

<comp id="387" class="1004" name="store_ln156_store_fu_387">
<pin_list>
<pin id="388" dir="0" index="0" bw="32" slack="0"/>
<pin id="389" dir="0" index="1" bw="32" slack="2"/>
<pin id="390" dir="1" index="2" bw="0" slack="2147483647"/>
</pin_list>
<bind>
<opcode="store(28) " fcode="store"/>
<opset="store_ln156/3 "/>
</bind>
</comp>

<comp id="392" class="1004" name="store_ln156_store_fu_392">
<pin_list>
<pin id="393" dir="0" index="0" bw="32" slack="0"/>
<pin id="394" dir="0" index="1" bw="32" slack="2"/>
<pin id="395" dir="1" index="2" bw="0" slack="2147483647"/>
</pin_list>
<bind>
<opcode="store(28) " fcode="store"/>
<opset="store_ln156/3 "/>
</bind>
</comp>

<comp id="397" class="1004" name="store_ln156_store_fu_397">
<pin_list>
<pin id="398" dir="0" index="0" bw="32" slack="0"/>
<pin id="399" dir="0" index="1" bw="32" slack="2"/>
<pin id="400" dir="1" index="2" bw="0" slack="2147483647"/>
</pin_list>
<bind>
<opcode="store(28) " fcode="store"/>
<opset="store_ln156/3 "/>
</bind>
</comp>

<comp id="402" class="1004" name="store_ln156_store_fu_402">
<pin_list>
<pin id="403" dir="0" index="0" bw="32" slack="0"/>
<pin id="404" dir="0" index="1" bw="32" slack="2"/>
<pin id="405" dir="1" index="2" bw="0" slack="2147483647"/>
</pin_list>
<bind>
<opcode="store(28) " fcode="store"/>
<opset="store_ln156/3 "/>
</bind>
</comp>

<comp id="407" class="1004" name="store_ln156_store_fu_407">
<pin_list>
<pin id="408" dir="0" index="0" bw="32" slack="0"/>
<pin id="409" dir="0" index="1" bw="32" slack="2"/>
<pin id="410" dir="1" index="2" bw="0" slack="2147483647"/>
</pin_list>
<bind>
<opcode="store(28) " fcode="store"/>
<opset="store_ln156/3 "/>
</bind>
</comp>

<comp id="412" class="1004" name="store_ln156_store_fu_412">
<pin_list>
<pin id="413" dir="0" index="0" bw="32" slack="0"/>
<pin id="414" dir="0" index="1" bw="32" slack="2"/>
<pin id="415" dir="1" index="2" bw="0" slack="2147483647"/>
</pin_list>
<bind>
<opcode="store(28) " fcode="store"/>
<opset="store_ln156/3 "/>
</bind>
</comp>

<comp id="417" class="1004" name="store_ln156_store_fu_417">
<pin_list>
<pin id="418" dir="0" index="0" bw="32" slack="0"/>
<pin id="419" dir="0" index="1" bw="32" slack="2"/>
<pin id="420" dir="1" index="2" bw="0" slack="2147483647"/>
</pin_list>
<bind>
<opcode="store(28) " fcode="store"/>
<opset="store_ln156/3 "/>
</bind>
</comp>

<comp id="422" class="1004" name="store_ln156_store_fu_422">
<pin_list>
<pin id="423" dir="0" index="0" bw="32" slack="0"/>
<pin id="424" dir="0" index="1" bw="32" slack="2"/>
<pin id="425" dir="1" index="2" bw="0" slack="2147483647"/>
</pin_list>
<bind>
<opcode="store(28) " fcode="store"/>
<opset="store_ln156/3 "/>
</bind>
</comp>

<comp id="427" class="1004" name="store_ln156_store_fu_427">
<pin_list>
<pin id="428" dir="0" index="0" bw="32" slack="0"/>
<pin id="429" dir="0" index="1" bw="32" slack="2"/>
<pin id="430" dir="1" index="2" bw="0" slack="2147483647"/>
</pin_list>
<bind>
<opcode="store(28) " fcode="store"/>
<opset="store_ln156/3 "/>
</bind>
</comp>

<comp id="432" class="1004" name="store_ln156_store_fu_432">
<pin_list>
<pin id="433" dir="0" index="0" bw="32" slack="0"/>
<pin id="434" dir="0" index="1" bw="32" slack="2"/>
<pin id="435" dir="1" index="2" bw="0" slack="2147483647"/>
</pin_list>
<bind>
<opcode="store(28) " fcode="store"/>
<opset="store_ln156/3 "/>
</bind>
</comp>

<comp id="437" class="1004" name="store_ln156_store_fu_437">
<pin_list>
<pin id="438" dir="0" index="0" bw="32" slack="0"/>
<pin id="439" dir="0" index="1" bw="32" slack="2"/>
<pin id="440" dir="1" index="2" bw="0" slack="2147483647"/>
</pin_list>
<bind>
<opcode="store(28) " fcode="store"/>
<opset="store_ln156/3 "/>
</bind>
</comp>

<comp id="442" class="1004" name="trunc_ln192_fu_442">
<pin_list>
<pin id="443" dir="0" index="0" bw="32" slack="0"/>
<pin id="444" dir="1" index="1" bw="8" slack="1"/>
</pin_list>
<bind>
<opcode="trunc(33) " fcode="trunc"/>
<opset="trunc_ln192/3 "/>
</bind>
</comp>

<comp id="446" class="1004" name="store_ln156_store_fu_446">
<pin_list>
<pin id="447" dir="0" index="0" bw="1" slack="0"/>
<pin id="448" dir="0" index="1" bw="32" slack="2"/>
<pin id="449" dir="1" index="2" bw="0" slack="2147483647"/>
</pin_list>
<bind>
<opcode="store(28) " fcode="store"/>
<opset="store_ln156/3 "/>
</bind>
</comp>

<comp id="451" class="1004" name="store_ln156_store_fu_451">
<pin_list>
<pin id="452" dir="0" index="0" bw="1" slack="0"/>
<pin id="453" dir="0" index="1" bw="32" slack="2"/>
<pin id="454" dir="1" index="2" bw="0" slack="2147483647"/>
</pin_list>
<bind>
<opcode="store(28) " fcode="store"/>
<opset="store_ln156/3 "/>
</bind>
</comp>

<comp id="456" class="1004" name="store_ln156_store_fu_456">
<pin_list>
<pin id="457" dir="0" index="0" bw="1" slack="0"/>
<pin id="458" dir="0" index="1" bw="32" slack="2"/>
<pin id="459" dir="1" index="2" bw="0" slack="2147483647"/>
</pin_list>
<bind>
<opcode="store(28) " fcode="store"/>
<opset="store_ln156/3 "/>
</bind>
</comp>

<comp id="461" class="1004" name="store_ln156_store_fu_461">
<pin_list>
<pin id="462" dir="0" index="0" bw="1" slack="0"/>
<pin id="463" dir="0" index="1" bw="32" slack="2"/>
<pin id="464" dir="1" index="2" bw="0" slack="2147483647"/>
</pin_list>
<bind>
<opcode="store(28) " fcode="store"/>
<opset="store_ln156/3 "/>
</bind>
</comp>

<comp id="466" class="1004" name="store_ln156_store_fu_466">
<pin_list>
<pin id="467" dir="0" index="0" bw="1" slack="0"/>
<pin id="468" dir="0" index="1" bw="32" slack="2"/>
<pin id="469" dir="1" index="2" bw="0" slack="2147483647"/>
</pin_list>
<bind>
<opcode="store(28) " fcode="store"/>
<opset="store_ln156/3 "/>
</bind>
</comp>

<comp id="471" class="1004" name="store_ln156_store_fu_471">
<pin_list>
<pin id="472" dir="0" index="0" bw="1" slack="0"/>
<pin id="473" dir="0" index="1" bw="32" slack="2"/>
<pin id="474" dir="1" index="2" bw="0" slack="2147483647"/>
</pin_list>
<bind>
<opcode="store(28) " fcode="store"/>
<opset="store_ln156/3 "/>
</bind>
</comp>

<comp id="476" class="1004" name="store_ln156_store_fu_476">
<pin_list>
<pin id="477" dir="0" index="0" bw="1" slack="0"/>
<pin id="478" dir="0" index="1" bw="32" slack="2"/>
<pin id="479" dir="1" index="2" bw="0" slack="2147483647"/>
</pin_list>
<bind>
<opcode="store(28) " fcode="store"/>
<opset="store_ln156/3 "/>
</bind>
</comp>

<comp id="481" class="1004" name="store_ln156_store_fu_481">
<pin_list>
<pin id="482" dir="0" index="0" bw="1" slack="0"/>
<pin id="483" dir="0" index="1" bw="32" slack="2"/>
<pin id="484" dir="1" index="2" bw="0" slack="2147483647"/>
</pin_list>
<bind>
<opcode="store(28) " fcode="store"/>
<opset="store_ln156/3 "/>
</bind>
</comp>

<comp id="486" class="1004" name="store_ln156_store_fu_486">
<pin_list>
<pin id="487" dir="0" index="0" bw="1" slack="0"/>
<pin id="488" dir="0" index="1" bw="32" slack="2"/>
<pin id="489" dir="1" index="2" bw="0" slack="2147483647"/>
</pin_list>
<bind>
<opcode="store(28) " fcode="store"/>
<opset="store_ln156/3 "/>
</bind>
</comp>

<comp id="491" class="1004" name="store_ln156_store_fu_491">
<pin_list>
<pin id="492" dir="0" index="0" bw="1" slack="0"/>
<pin id="493" dir="0" index="1" bw="32" slack="2"/>
<pin id="494" dir="1" index="2" bw="0" slack="2147483647"/>
</pin_list>
<bind>
<opcode="store(28) " fcode="store"/>
<opset="store_ln156/3 "/>
</bind>
</comp>

<comp id="496" class="1004" name="store_ln156_store_fu_496">
<pin_list>
<pin id="497" dir="0" index="0" bw="1" slack="0"/>
<pin id="498" dir="0" index="1" bw="32" slack="2"/>
<pin id="499" dir="1" index="2" bw="0" slack="2147483647"/>
</pin_list>
<bind>
<opcode="store(28) " fcode="store"/>
<opset="store_ln156/3 "/>
</bind>
</comp>

<comp id="501" class="1004" name="store_ln156_store_fu_501">
<pin_list>
<pin id="502" dir="0" index="0" bw="1" slack="0"/>
<pin id="503" dir="0" index="1" bw="32" slack="2"/>
<pin id="504" dir="1" index="2" bw="0" slack="2147483647"/>
</pin_list>
<bind>
<opcode="store(28) " fcode="store"/>
<opset="store_ln156/3 "/>
</bind>
</comp>

<comp id="506" class="1004" name="store_ln156_store_fu_506">
<pin_list>
<pin id="507" dir="0" index="0" bw="1" slack="0"/>
<pin id="508" dir="0" index="1" bw="32" slack="2"/>
<pin id="509" dir="1" index="2" bw="0" slack="2147483647"/>
</pin_list>
<bind>
<opcode="store(28) " fcode="store"/>
<opset="store_ln156/3 "/>
</bind>
</comp>

<comp id="511" class="1004" name="empty_fu_511">
<pin_list>
<pin id="512" dir="0" index="0" bw="32" slack="0"/>
<pin id="513" dir="1" index="1" bw="8" slack="0"/>
</pin_list>
<bind>
<opcode="trunc(33) " fcode="trunc"/>
<opset="empty/3 "/>
</bind>
</comp>

<comp id="515" class="1004" name="p_s_fu_515">
<pin_list>
<pin id="516" dir="0" index="0" bw="8" slack="0"/>
<pin id="517" dir="0" index="1" bw="32" slack="0"/>
<pin id="518" dir="0" index="2" bw="6" slack="0"/>
<pin id="519" dir="0" index="3" bw="6" slack="0"/>
<pin id="520" dir="1" index="4" bw="8" slack="0"/>
</pin_list>
<bind>
<opcode="partselect(1002) " fcode="partselect"/>
<opset="p_s/3 "/>
</bind>
</comp>

<comp id="525" class="1004" name="l_27_fu_525">
<pin_list>
<pin id="526" dir="0" index="0" bw="32" slack="0"/>
<pin id="527" dir="0" index="1" bw="8" slack="0"/>
<pin id="528" dir="0" index="2" bw="8" slack="0"/>
<pin id="529" dir="0" index="3" bw="8" slack="0"/>
<pin id="530" dir="0" index="4" bw="8" slack="0"/>
<pin id="531" dir="1" index="5" bw="32" slack="1"/>
</pin_list>
<bind>
<opcode="bitconcatenate(1004) " fcode="bitconcatenate"/>
<opset="l_27/3 "/>
</bind>
</comp>

<comp id="537" class="1004" name="store_ln160_store_fu_537">
<pin_list>
<pin id="538" dir="0" index="0" bw="4" slack="1"/>
<pin id="539" dir="0" index="1" bw="4" slack="2"/>
<pin id="540" dir="1" index="2" bw="0" slack="2147483647"/>
</pin_list>
<bind>
<opcode="store(28) " fcode="store"/>
<opset="store_ln160/3 "/>
</bind>
</comp>

<comp id="541" class="1004" name="b_2_fu_541">
<pin_list>
<pin id="542" dir="0" index="0" bw="32" slack="0"/>
<pin id="543" dir="0" index="1" bw="8" slack="1"/>
<pin id="544" dir="0" index="2" bw="8" slack="1"/>
<pin id="545" dir="0" index="3" bw="16" slack="0"/>
<pin id="546" dir="1" index="4" bw="32" slack="0"/>
</pin_list>
<bind>
<opcode="bitconcatenate(1004) " fcode="bitconcatenate"/>
<opset="b_2/4 "/>
</bind>
</comp>

<comp id="550" class="1004" name="store_ln156_store_fu_550">
<pin_list>
<pin id="551" dir="0" index="0" bw="32" slack="0"/>
<pin id="552" dir="0" index="1" bw="32" slack="3"/>
<pin id="553" dir="1" index="2" bw="0" slack="2147483647"/>
</pin_list>
<bind>
<opcode="store(28) " fcode="store"/>
<opset="store_ln156/4 "/>
</bind>
</comp>

<comp id="555" class="1004" name="store_ln156_store_fu_555">
<pin_list>
<pin id="556" dir="0" index="0" bw="32" slack="0"/>
<pin id="557" dir="0" index="1" bw="32" slack="3"/>
<pin id="558" dir="1" index="2" bw="0" slack="2147483647"/>
</pin_list>
<bind>
<opcode="store(28) " fcode="store"/>
<opset="store_ln156/4 "/>
</bind>
</comp>

<comp id="560" class="1004" name="store_ln156_store_fu_560">
<pin_list>
<pin id="561" dir="0" index="0" bw="32" slack="0"/>
<pin id="562" dir="0" index="1" bw="32" slack="3"/>
<pin id="563" dir="1" index="2" bw="0" slack="2147483647"/>
</pin_list>
<bind>
<opcode="store(28) " fcode="store"/>
<opset="store_ln156/4 "/>
</bind>
</comp>

<comp id="565" class="1004" name="store_ln156_store_fu_565">
<pin_list>
<pin id="566" dir="0" index="0" bw="32" slack="0"/>
<pin id="567" dir="0" index="1" bw="32" slack="3"/>
<pin id="568" dir="1" index="2" bw="0" slack="2147483647"/>
</pin_list>
<bind>
<opcode="store(28) " fcode="store"/>
<opset="store_ln156/4 "/>
</bind>
</comp>

<comp id="570" class="1004" name="store_ln156_store_fu_570">
<pin_list>
<pin id="571" dir="0" index="0" bw="32" slack="0"/>
<pin id="572" dir="0" index="1" bw="32" slack="3"/>
<pin id="573" dir="1" index="2" bw="0" slack="2147483647"/>
</pin_list>
<bind>
<opcode="store(28) " fcode="store"/>
<opset="store_ln156/4 "/>
</bind>
</comp>

<comp id="575" class="1004" name="store_ln156_store_fu_575">
<pin_list>
<pin id="576" dir="0" index="0" bw="32" slack="0"/>
<pin id="577" dir="0" index="1" bw="32" slack="3"/>
<pin id="578" dir="1" index="2" bw="0" slack="2147483647"/>
</pin_list>
<bind>
<opcode="store(28) " fcode="store"/>
<opset="store_ln156/4 "/>
</bind>
</comp>

<comp id="580" class="1004" name="store_ln156_store_fu_580">
<pin_list>
<pin id="581" dir="0" index="0" bw="32" slack="0"/>
<pin id="582" dir="0" index="1" bw="32" slack="3"/>
<pin id="583" dir="1" index="2" bw="0" slack="2147483647"/>
</pin_list>
<bind>
<opcode="store(28) " fcode="store"/>
<opset="store_ln156/4 "/>
</bind>
</comp>

<comp id="585" class="1004" name="store_ln156_store_fu_585">
<pin_list>
<pin id="586" dir="0" index="0" bw="32" slack="0"/>
<pin id="587" dir="0" index="1" bw="32" slack="3"/>
<pin id="588" dir="1" index="2" bw="0" slack="2147483647"/>
</pin_list>
<bind>
<opcode="store(28) " fcode="store"/>
<opset="store_ln156/4 "/>
</bind>
</comp>

<comp id="590" class="1004" name="store_ln156_store_fu_590">
<pin_list>
<pin id="591" dir="0" index="0" bw="32" slack="0"/>
<pin id="592" dir="0" index="1" bw="32" slack="3"/>
<pin id="593" dir="1" index="2" bw="0" slack="2147483647"/>
</pin_list>
<bind>
<opcode="store(28) " fcode="store"/>
<opset="store_ln156/4 "/>
</bind>
</comp>

<comp id="595" class="1004" name="store_ln156_store_fu_595">
<pin_list>
<pin id="596" dir="0" index="0" bw="32" slack="0"/>
<pin id="597" dir="0" index="1" bw="32" slack="3"/>
<pin id="598" dir="1" index="2" bw="0" slack="2147483647"/>
</pin_list>
<bind>
<opcode="store(28) " fcode="store"/>
<opset="store_ln156/4 "/>
</bind>
</comp>

<comp id="600" class="1004" name="store_ln156_store_fu_600">
<pin_list>
<pin id="601" dir="0" index="0" bw="32" slack="0"/>
<pin id="602" dir="0" index="1" bw="32" slack="3"/>
<pin id="603" dir="1" index="2" bw="0" slack="2147483647"/>
</pin_list>
<bind>
<opcode="store(28) " fcode="store"/>
<opset="store_ln156/4 "/>
</bind>
</comp>

<comp id="605" class="1004" name="store_ln156_store_fu_605">
<pin_list>
<pin id="606" dir="0" index="0" bw="32" slack="0"/>
<pin id="607" dir="0" index="1" bw="32" slack="3"/>
<pin id="608" dir="1" index="2" bw="0" slack="2147483647"/>
</pin_list>
<bind>
<opcode="store(28) " fcode="store"/>
<opset="store_ln156/4 "/>
</bind>
</comp>

<comp id="610" class="1004" name="store_ln156_store_fu_610">
<pin_list>
<pin id="611" dir="0" index="0" bw="32" slack="0"/>
<pin id="612" dir="0" index="1" bw="32" slack="3"/>
<pin id="613" dir="1" index="2" bw="0" slack="2147483647"/>
</pin_list>
<bind>
<opcode="store(28) " fcode="store"/>
<opset="store_ln156/4 "/>
</bind>
</comp>

<comp id="615" class="1004" name="store_ln156_store_fu_615">
<pin_list>
<pin id="616" dir="0" index="0" bw="32" slack="0"/>
<pin id="617" dir="0" index="1" bw="32" slack="3"/>
<pin id="618" dir="1" index="2" bw="0" slack="2147483647"/>
</pin_list>
<bind>
<opcode="store(28) " fcode="store"/>
<opset="store_ln156/4 "/>
</bind>
</comp>

<comp id="620" class="1004" name="b_1_fu_620">
<pin_list>
<pin id="621" dir="0" index="0" bw="32" slack="0"/>
<pin id="622" dir="0" index="1" bw="8" slack="1"/>
<pin id="623" dir="0" index="2" bw="24" slack="0"/>
<pin id="624" dir="1" index="3" bw="32" slack="0"/>
</pin_list>
<bind>
<opcode="bitconcatenate(1004) " fcode="bitconcatenate"/>
<opset="b_1/4 "/>
</bind>
</comp>

<comp id="627" class="1004" name="store_ln156_store_fu_627">
<pin_list>
<pin id="628" dir="0" index="0" bw="32" slack="0"/>
<pin id="629" dir="0" index="1" bw="32" slack="3"/>
<pin id="630" dir="1" index="2" bw="0" slack="2147483647"/>
</pin_list>
<bind>
<opcode="store(28) " fcode="store"/>
<opset="store_ln156/4 "/>
</bind>
</comp>

<comp id="632" class="1004" name="store_ln156_store_fu_632">
<pin_list>
<pin id="633" dir="0" index="0" bw="32" slack="0"/>
<pin id="634" dir="0" index="1" bw="32" slack="3"/>
<pin id="635" dir="1" index="2" bw="0" slack="2147483647"/>
</pin_list>
<bind>
<opcode="store(28) " fcode="store"/>
<opset="store_ln156/4 "/>
</bind>
</comp>

<comp id="637" class="1004" name="store_ln156_store_fu_637">
<pin_list>
<pin id="638" dir="0" index="0" bw="32" slack="0"/>
<pin id="639" dir="0" index="1" bw="32" slack="3"/>
<pin id="640" dir="1" index="2" bw="0" slack="2147483647"/>
</pin_list>
<bind>
<opcode="store(28) " fcode="store"/>
<opset="store_ln156/4 "/>
</bind>
</comp>

<comp id="642" class="1004" name="store_ln156_store_fu_642">
<pin_list>
<pin id="643" dir="0" index="0" bw="32" slack="0"/>
<pin id="644" dir="0" index="1" bw="32" slack="3"/>
<pin id="645" dir="1" index="2" bw="0" slack="2147483647"/>
</pin_list>
<bind>
<opcode="store(28) " fcode="store"/>
<opset="store_ln156/4 "/>
</bind>
</comp>

<comp id="647" class="1004" name="store_ln156_store_fu_647">
<pin_list>
<pin id="648" dir="0" index="0" bw="32" slack="0"/>
<pin id="649" dir="0" index="1" bw="32" slack="3"/>
<pin id="650" dir="1" index="2" bw="0" slack="2147483647"/>
</pin_list>
<bind>
<opcode="store(28) " fcode="store"/>
<opset="store_ln156/4 "/>
</bind>
</comp>

<comp id="652" class="1004" name="store_ln156_store_fu_652">
<pin_list>
<pin id="653" dir="0" index="0" bw="32" slack="0"/>
<pin id="654" dir="0" index="1" bw="32" slack="3"/>
<pin id="655" dir="1" index="2" bw="0" slack="2147483647"/>
</pin_list>
<bind>
<opcode="store(28) " fcode="store"/>
<opset="store_ln156/4 "/>
</bind>
</comp>

<comp id="657" class="1004" name="store_ln156_store_fu_657">
<pin_list>
<pin id="658" dir="0" index="0" bw="32" slack="0"/>
<pin id="659" dir="0" index="1" bw="32" slack="3"/>
<pin id="660" dir="1" index="2" bw="0" slack="2147483647"/>
</pin_list>
<bind>
<opcode="store(28) " fcode="store"/>
<opset="store_ln156/4 "/>
</bind>
</comp>

<comp id="662" class="1004" name="store_ln156_store_fu_662">
<pin_list>
<pin id="663" dir="0" index="0" bw="32" slack="0"/>
<pin id="664" dir="0" index="1" bw="32" slack="3"/>
<pin id="665" dir="1" index="2" bw="0" slack="2147483647"/>
</pin_list>
<bind>
<opcode="store(28) " fcode="store"/>
<opset="store_ln156/4 "/>
</bind>
</comp>

<comp id="667" class="1004" name="store_ln156_store_fu_667">
<pin_list>
<pin id="668" dir="0" index="0" bw="32" slack="0"/>
<pin id="669" dir="0" index="1" bw="32" slack="3"/>
<pin id="670" dir="1" index="2" bw="0" slack="2147483647"/>
</pin_list>
<bind>
<opcode="store(28) " fcode="store"/>
<opset="store_ln156/4 "/>
</bind>
</comp>

<comp id="672" class="1004" name="store_ln156_store_fu_672">
<pin_list>
<pin id="673" dir="0" index="0" bw="32" slack="0"/>
<pin id="674" dir="0" index="1" bw="32" slack="3"/>
<pin id="675" dir="1" index="2" bw="0" slack="2147483647"/>
</pin_list>
<bind>
<opcode="store(28) " fcode="store"/>
<opset="store_ln156/4 "/>
</bind>
</comp>

<comp id="677" class="1004" name="store_ln156_store_fu_677">
<pin_list>
<pin id="678" dir="0" index="0" bw="32" slack="0"/>
<pin id="679" dir="0" index="1" bw="32" slack="3"/>
<pin id="680" dir="1" index="2" bw="0" slack="2147483647"/>
</pin_list>
<bind>
<opcode="store(28) " fcode="store"/>
<opset="store_ln156/4 "/>
</bind>
</comp>

<comp id="682" class="1004" name="store_ln156_store_fu_682">
<pin_list>
<pin id="683" dir="0" index="0" bw="32" slack="0"/>
<pin id="684" dir="0" index="1" bw="32" slack="3"/>
<pin id="685" dir="1" index="2" bw="0" slack="2147483647"/>
</pin_list>
<bind>
<opcode="store(28) " fcode="store"/>
<opset="store_ln156/4 "/>
</bind>
</comp>

<comp id="687" class="1004" name="store_ln156_store_fu_687">
<pin_list>
<pin id="688" dir="0" index="0" bw="32" slack="0"/>
<pin id="689" dir="0" index="1" bw="32" slack="3"/>
<pin id="690" dir="1" index="2" bw="0" slack="2147483647"/>
</pin_list>
<bind>
<opcode="store(28) " fcode="store"/>
<opset="store_ln156/4 "/>
</bind>
</comp>

<comp id="692" class="1004" name="store_ln156_store_fu_692">
<pin_list>
<pin id="693" dir="0" index="0" bw="32" slack="0"/>
<pin id="694" dir="0" index="1" bw="32" slack="3"/>
<pin id="695" dir="1" index="2" bw="0" slack="2147483647"/>
</pin_list>
<bind>
<opcode="store(28) " fcode="store"/>
<opset="store_ln156/4 "/>
</bind>
</comp>

<comp id="697" class="1004" name="b_17_fu_697">
<pin_list>
<pin id="698" dir="0" index="0" bw="32" slack="0"/>
<pin id="699" dir="0" index="1" bw="8" slack="1"/>
<pin id="700" dir="0" index="2" bw="8" slack="1"/>
<pin id="701" dir="0" index="3" bw="8" slack="1"/>
<pin id="702" dir="0" index="4" bw="8" slack="0"/>
<pin id="703" dir="1" index="5" bw="32" slack="0"/>
</pin_list>
<bind>
<opcode="bitconcatenate(1004) " fcode="bitconcatenate"/>
<opset="b_17/4 "/>
</bind>
</comp>

<comp id="707" class="1004" name="store_ln156_store_fu_707">
<pin_list>
<pin id="708" dir="0" index="0" bw="32" slack="0"/>
<pin id="709" dir="0" index="1" bw="32" slack="3"/>
<pin id="710" dir="1" index="2" bw="0" slack="2147483647"/>
</pin_list>
<bind>
<opcode="store(28) " fcode="store"/>
<opset="store_ln156/4 "/>
</bind>
</comp>

<comp id="712" class="1004" name="store_ln156_store_fu_712">
<pin_list>
<pin id="713" dir="0" index="0" bw="32" slack="0"/>
<pin id="714" dir="0" index="1" bw="32" slack="3"/>
<pin id="715" dir="1" index="2" bw="0" slack="2147483647"/>
</pin_list>
<bind>
<opcode="store(28) " fcode="store"/>
<opset="store_ln156/4 "/>
</bind>
</comp>

<comp id="717" class="1004" name="store_ln156_store_fu_717">
<pin_list>
<pin id="718" dir="0" index="0" bw="32" slack="0"/>
<pin id="719" dir="0" index="1" bw="32" slack="3"/>
<pin id="720" dir="1" index="2" bw="0" slack="2147483647"/>
</pin_list>
<bind>
<opcode="store(28) " fcode="store"/>
<opset="store_ln156/4 "/>
</bind>
</comp>

<comp id="722" class="1004" name="store_ln156_store_fu_722">
<pin_list>
<pin id="723" dir="0" index="0" bw="32" slack="0"/>
<pin id="724" dir="0" index="1" bw="32" slack="3"/>
<pin id="725" dir="1" index="2" bw="0" slack="2147483647"/>
</pin_list>
<bind>
<opcode="store(28) " fcode="store"/>
<opset="store_ln156/4 "/>
</bind>
</comp>

<comp id="727" class="1004" name="store_ln156_store_fu_727">
<pin_list>
<pin id="728" dir="0" index="0" bw="32" slack="0"/>
<pin id="729" dir="0" index="1" bw="32" slack="3"/>
<pin id="730" dir="1" index="2" bw="0" slack="2147483647"/>
</pin_list>
<bind>
<opcode="store(28) " fcode="store"/>
<opset="store_ln156/4 "/>
</bind>
</comp>

<comp id="732" class="1004" name="store_ln156_store_fu_732">
<pin_list>
<pin id="733" dir="0" index="0" bw="32" slack="0"/>
<pin id="734" dir="0" index="1" bw="32" slack="3"/>
<pin id="735" dir="1" index="2" bw="0" slack="2147483647"/>
</pin_list>
<bind>
<opcode="store(28) " fcode="store"/>
<opset="store_ln156/4 "/>
</bind>
</comp>

<comp id="737" class="1004" name="store_ln156_store_fu_737">
<pin_list>
<pin id="738" dir="0" index="0" bw="32" slack="0"/>
<pin id="739" dir="0" index="1" bw="32" slack="3"/>
<pin id="740" dir="1" index="2" bw="0" slack="2147483647"/>
</pin_list>
<bind>
<opcode="store(28) " fcode="store"/>
<opset="store_ln156/4 "/>
</bind>
</comp>

<comp id="742" class="1004" name="store_ln156_store_fu_742">
<pin_list>
<pin id="743" dir="0" index="0" bw="32" slack="0"/>
<pin id="744" dir="0" index="1" bw="32" slack="3"/>
<pin id="745" dir="1" index="2" bw="0" slack="2147483647"/>
</pin_list>
<bind>
<opcode="store(28) " fcode="store"/>
<opset="store_ln156/4 "/>
</bind>
</comp>

<comp id="747" class="1004" name="store_ln156_store_fu_747">
<pin_list>
<pin id="748" dir="0" index="0" bw="32" slack="0"/>
<pin id="749" dir="0" index="1" bw="32" slack="3"/>
<pin id="750" dir="1" index="2" bw="0" slack="2147483647"/>
</pin_list>
<bind>
<opcode="store(28) " fcode="store"/>
<opset="store_ln156/4 "/>
</bind>
</comp>

<comp id="752" class="1004" name="store_ln156_store_fu_752">
<pin_list>
<pin id="753" dir="0" index="0" bw="32" slack="0"/>
<pin id="754" dir="0" index="1" bw="32" slack="3"/>
<pin id="755" dir="1" index="2" bw="0" slack="2147483647"/>
</pin_list>
<bind>
<opcode="store(28) " fcode="store"/>
<opset="store_ln156/4 "/>
</bind>
</comp>

<comp id="757" class="1004" name="store_ln156_store_fu_757">
<pin_list>
<pin id="758" dir="0" index="0" bw="32" slack="0"/>
<pin id="759" dir="0" index="1" bw="32" slack="3"/>
<pin id="760" dir="1" index="2" bw="0" slack="2147483647"/>
</pin_list>
<bind>
<opcode="store(28) " fcode="store"/>
<opset="store_ln156/4 "/>
</bind>
</comp>

<comp id="762" class="1004" name="store_ln156_store_fu_762">
<pin_list>
<pin id="763" dir="0" index="0" bw="32" slack="0"/>
<pin id="764" dir="0" index="1" bw="32" slack="3"/>
<pin id="765" dir="1" index="2" bw="0" slack="2147483647"/>
</pin_list>
<bind>
<opcode="store(28) " fcode="store"/>
<opset="store_ln156/4 "/>
</bind>
</comp>

<comp id="767" class="1004" name="store_ln156_store_fu_767">
<pin_list>
<pin id="768" dir="0" index="0" bw="32" slack="0"/>
<pin id="769" dir="0" index="1" bw="32" slack="3"/>
<pin id="770" dir="1" index="2" bw="0" slack="2147483647"/>
</pin_list>
<bind>
<opcode="store(28) " fcode="store"/>
<opset="store_ln156/4 "/>
</bind>
</comp>

<comp id="772" class="1004" name="store_ln156_store_fu_772">
<pin_list>
<pin id="773" dir="0" index="0" bw="32" slack="0"/>
<pin id="774" dir="0" index="1" bw="32" slack="3"/>
<pin id="775" dir="1" index="2" bw="0" slack="2147483647"/>
</pin_list>
<bind>
<opcode="store(28) " fcode="store"/>
<opset="store_ln156/4 "/>
</bind>
</comp>

<comp id="777" class="1004" name="store_ln156_store_fu_777">
<pin_list>
<pin id="778" dir="0" index="0" bw="32" slack="1"/>
<pin id="779" dir="0" index="1" bw="32" slack="3"/>
<pin id="780" dir="1" index="2" bw="0" slack="2147483647"/>
</pin_list>
<bind>
<opcode="store(28) " fcode="store"/>
<opset="store_ln156/4 "/>
</bind>
</comp>

<comp id="781" class="1004" name="store_ln156_store_fu_781">
<pin_list>
<pin id="782" dir="0" index="0" bw="32" slack="1"/>
<pin id="783" dir="0" index="1" bw="32" slack="3"/>
<pin id="784" dir="1" index="2" bw="0" slack="2147483647"/>
</pin_list>
<bind>
<opcode="store(28) " fcode="store"/>
<opset="store_ln156/4 "/>
</bind>
</comp>

<comp id="785" class="1004" name="store_ln156_store_fu_785">
<pin_list>
<pin id="786" dir="0" index="0" bw="32" slack="1"/>
<pin id="787" dir="0" index="1" bw="32" slack="3"/>
<pin id="788" dir="1" index="2" bw="0" slack="2147483647"/>
</pin_list>
<bind>
<opcode="store(28) " fcode="store"/>
<opset="store_ln156/4 "/>
</bind>
</comp>

<comp id="789" class="1004" name="store_ln156_store_fu_789">
<pin_list>
<pin id="790" dir="0" index="0" bw="32" slack="1"/>
<pin id="791" dir="0" index="1" bw="32" slack="3"/>
<pin id="792" dir="1" index="2" bw="0" slack="2147483647"/>
</pin_list>
<bind>
<opcode="store(28) " fcode="store"/>
<opset="store_ln156/4 "/>
</bind>
</comp>

<comp id="793" class="1004" name="store_ln156_store_fu_793">
<pin_list>
<pin id="794" dir="0" index="0" bw="32" slack="1"/>
<pin id="795" dir="0" index="1" bw="32" slack="3"/>
<pin id="796" dir="1" index="2" bw="0" slack="2147483647"/>
</pin_list>
<bind>
<opcode="store(28) " fcode="store"/>
<opset="store_ln156/4 "/>
</bind>
</comp>

<comp id="797" class="1004" name="store_ln156_store_fu_797">
<pin_list>
<pin id="798" dir="0" index="0" bw="32" slack="1"/>
<pin id="799" dir="0" index="1" bw="32" slack="3"/>
<pin id="800" dir="1" index="2" bw="0" slack="2147483647"/>
</pin_list>
<bind>
<opcode="store(28) " fcode="store"/>
<opset="store_ln156/4 "/>
</bind>
</comp>

<comp id="801" class="1004" name="store_ln156_store_fu_801">
<pin_list>
<pin id="802" dir="0" index="0" bw="32" slack="1"/>
<pin id="803" dir="0" index="1" bw="32" slack="3"/>
<pin id="804" dir="1" index="2" bw="0" slack="2147483647"/>
</pin_list>
<bind>
<opcode="store(28) " fcode="store"/>
<opset="store_ln156/4 "/>
</bind>
</comp>

<comp id="805" class="1004" name="store_ln156_store_fu_805">
<pin_list>
<pin id="806" dir="0" index="0" bw="32" slack="1"/>
<pin id="807" dir="0" index="1" bw="32" slack="3"/>
<pin id="808" dir="1" index="2" bw="0" slack="2147483647"/>
</pin_list>
<bind>
<opcode="store(28) " fcode="store"/>
<opset="store_ln156/4 "/>
</bind>
</comp>

<comp id="809" class="1004" name="store_ln156_store_fu_809">
<pin_list>
<pin id="810" dir="0" index="0" bw="32" slack="1"/>
<pin id="811" dir="0" index="1" bw="32" slack="3"/>
<pin id="812" dir="1" index="2" bw="0" slack="2147483647"/>
</pin_list>
<bind>
<opcode="store(28) " fcode="store"/>
<opset="store_ln156/4 "/>
</bind>
</comp>

<comp id="813" class="1004" name="store_ln156_store_fu_813">
<pin_list>
<pin id="814" dir="0" index="0" bw="32" slack="1"/>
<pin id="815" dir="0" index="1" bw="32" slack="3"/>
<pin id="816" dir="1" index="2" bw="0" slack="2147483647"/>
</pin_list>
<bind>
<opcode="store(28) " fcode="store"/>
<opset="store_ln156/4 "/>
</bind>
</comp>

<comp id="817" class="1004" name="store_ln156_store_fu_817">
<pin_list>
<pin id="818" dir="0" index="0" bw="32" slack="1"/>
<pin id="819" dir="0" index="1" bw="32" slack="3"/>
<pin id="820" dir="1" index="2" bw="0" slack="2147483647"/>
</pin_list>
<bind>
<opcode="store(28) " fcode="store"/>
<opset="store_ln156/4 "/>
</bind>
</comp>

<comp id="821" class="1004" name="store_ln156_store_fu_821">
<pin_list>
<pin id="822" dir="0" index="0" bw="32" slack="1"/>
<pin id="823" dir="0" index="1" bw="32" slack="3"/>
<pin id="824" dir="1" index="2" bw="0" slack="2147483647"/>
</pin_list>
<bind>
<opcode="store(28) " fcode="store"/>
<opset="store_ln156/4 "/>
</bind>
</comp>

<comp id="825" class="1004" name="store_ln156_store_fu_825">
<pin_list>
<pin id="826" dir="0" index="0" bw="32" slack="1"/>
<pin id="827" dir="0" index="1" bw="32" slack="3"/>
<pin id="828" dir="1" index="2" bw="0" slack="2147483647"/>
</pin_list>
<bind>
<opcode="store(28) " fcode="store"/>
<opset="store_ln156/4 "/>
</bind>
</comp>

<comp id="829" class="1004" name="b_load_load_fu_829">
<pin_list>
<pin id="830" dir="0" index="0" bw="32" slack="1"/>
<pin id="831" dir="1" index="1" bw="32" slack="0"/>
</pin_list>
<bind>
<opcode="load(27) " fcode="load"/>
<opset="b_load/2 "/>
</bind>
</comp>

<comp id="833" class="1004" name="b_3_load_load_fu_833">
<pin_list>
<pin id="834" dir="0" index="0" bw="32" slack="1"/>
<pin id="835" dir="1" index="1" bw="32" slack="0"/>
</pin_list>
<bind>
<opcode="load(27) " fcode="load"/>
<opset="b_3_load/2 "/>
</bind>
</comp>

<comp id="837" class="1004" name="b_4_load_load_fu_837">
<pin_list>
<pin id="838" dir="0" index="0" bw="32" slack="1"/>
<pin id="839" dir="1" index="1" bw="32" slack="0"/>
</pin_list>
<bind>
<opcode="load(27) " fcode="load"/>
<opset="b_4_load/2 "/>
</bind>
</comp>

<comp id="841" class="1004" name="b_5_load_load_fu_841">
<pin_list>
<pin id="842" dir="0" index="0" bw="32" slack="1"/>
<pin id="843" dir="1" index="1" bw="32" slack="0"/>
</pin_list>
<bind>
<opcode="load(27) " fcode="load"/>
<opset="b_5_load/2 "/>
</bind>
</comp>

<comp id="845" class="1004" name="b_6_load_load_fu_845">
<pin_list>
<pin id="846" dir="0" index="0" bw="32" slack="1"/>
<pin id="847" dir="1" index="1" bw="32" slack="0"/>
</pin_list>
<bind>
<opcode="load(27) " fcode="load"/>
<opset="b_6_load/2 "/>
</bind>
</comp>

<comp id="849" class="1004" name="b_7_load_load_fu_849">
<pin_list>
<pin id="850" dir="0" index="0" bw="32" slack="1"/>
<pin id="851" dir="1" index="1" bw="32" slack="0"/>
</pin_list>
<bind>
<opcode="load(27) " fcode="load"/>
<opset="b_7_load/2 "/>
</bind>
</comp>

<comp id="853" class="1004" name="b_8_load_load_fu_853">
<pin_list>
<pin id="854" dir="0" index="0" bw="32" slack="1"/>
<pin id="855" dir="1" index="1" bw="32" slack="0"/>
</pin_list>
<bind>
<opcode="load(27) " fcode="load"/>
<opset="b_8_load/2 "/>
</bind>
</comp>

<comp id="857" class="1004" name="b_9_load_load_fu_857">
<pin_list>
<pin id="858" dir="0" index="0" bw="32" slack="1"/>
<pin id="859" dir="1" index="1" bw="32" slack="0"/>
</pin_list>
<bind>
<opcode="load(27) " fcode="load"/>
<opset="b_9_load/2 "/>
</bind>
</comp>

<comp id="861" class="1004" name="b_10_load_load_fu_861">
<pin_list>
<pin id="862" dir="0" index="0" bw="32" slack="1"/>
<pin id="863" dir="1" index="1" bw="32" slack="0"/>
</pin_list>
<bind>
<opcode="load(27) " fcode="load"/>
<opset="b_10_load/2 "/>
</bind>
</comp>

<comp id="865" class="1004" name="b_11_load_load_fu_865">
<pin_list>
<pin id="866" dir="0" index="0" bw="32" slack="1"/>
<pin id="867" dir="1" index="1" bw="32" slack="0"/>
</pin_list>
<bind>
<opcode="load(27) " fcode="load"/>
<opset="b_11_load/2 "/>
</bind>
</comp>

<comp id="869" class="1004" name="b_12_load_load_fu_869">
<pin_list>
<pin id="870" dir="0" index="0" bw="32" slack="1"/>
<pin id="871" dir="1" index="1" bw="32" slack="0"/>
</pin_list>
<bind>
<opcode="load(27) " fcode="load"/>
<opset="b_12_load/2 "/>
</bind>
</comp>

<comp id="873" class="1004" name="b_13_load_load_fu_873">
<pin_list>
<pin id="874" dir="0" index="0" bw="32" slack="1"/>
<pin id="875" dir="1" index="1" bw="32" slack="0"/>
</pin_list>
<bind>
<opcode="load(27) " fcode="load"/>
<opset="b_13_load/2 "/>
</bind>
</comp>

<comp id="877" class="1004" name="b_14_load_load_fu_877">
<pin_list>
<pin id="878" dir="0" index="0" bw="32" slack="1"/>
<pin id="879" dir="1" index="1" bw="32" slack="0"/>
</pin_list>
<bind>
<opcode="load(27) " fcode="load"/>
<opset="b_14_load/2 "/>
</bind>
</comp>

<comp id="881" class="1004" name="b_15_load_load_fu_881">
<pin_list>
<pin id="882" dir="0" index="0" bw="32" slack="1"/>
<pin id="883" dir="1" index="1" bw="32" slack="0"/>
</pin_list>
<bind>
<opcode="load(27) " fcode="load"/>
<opset="b_15_load/2 "/>
</bind>
</comp>

<comp id="885" class="1005" name="i_reg_885">
<pin_list>
<pin id="886" dir="0" index="0" bw="4" slack="0"/>
<pin id="887" dir="1" index="1" bw="4" slack="0"/>
</pin_list>
<bind>
<opset="i "/>
</bind>
</comp>

<comp id="892" class="1005" name="b_reg_892">
<pin_list>
<pin id="893" dir="0" index="0" bw="32" slack="1"/>
<pin id="894" dir="1" index="1" bw="32" slack="1"/>
</pin_list>
<bind>
<opset="b "/>
</bind>
</comp>

<comp id="902" class="1005" name="b_3_reg_902">
<pin_list>
<pin id="903" dir="0" index="0" bw="32" slack="1"/>
<pin id="904" dir="1" index="1" bw="32" slack="1"/>
</pin_list>
<bind>
<opset="b_3 "/>
</bind>
</comp>

<comp id="912" class="1005" name="b_4_reg_912">
<pin_list>
<pin id="913" dir="0" index="0" bw="32" slack="1"/>
<pin id="914" dir="1" index="1" bw="32" slack="1"/>
</pin_list>
<bind>
<opset="b_4 "/>
</bind>
</comp>

<comp id="923" class="1005" name="b_5_reg_923">
<pin_list>
<pin id="924" dir="0" index="0" bw="32" slack="1"/>
<pin id="925" dir="1" index="1" bw="32" slack="1"/>
</pin_list>
<bind>
<opset="b_5 "/>
</bind>
</comp>

<comp id="934" class="1005" name="b_6_reg_934">
<pin_list>
<pin id="935" dir="0" index="0" bw="32" slack="1"/>
<pin id="936" dir="1" index="1" bw="32" slack="1"/>
</pin_list>
<bind>
<opset="b_6 "/>
</bind>
</comp>

<comp id="945" class="1005" name="b_7_reg_945">
<pin_list>
<pin id="946" dir="0" index="0" bw="32" slack="1"/>
<pin id="947" dir="1" index="1" bw="32" slack="1"/>
</pin_list>
<bind>
<opset="b_7 "/>
</bind>
</comp>

<comp id="956" class="1005" name="b_8_reg_956">
<pin_list>
<pin id="957" dir="0" index="0" bw="32" slack="1"/>
<pin id="958" dir="1" index="1" bw="32" slack="1"/>
</pin_list>
<bind>
<opset="b_8 "/>
</bind>
</comp>

<comp id="967" class="1005" name="b_9_reg_967">
<pin_list>
<pin id="968" dir="0" index="0" bw="32" slack="1"/>
<pin id="969" dir="1" index="1" bw="32" slack="1"/>
</pin_list>
<bind>
<opset="b_9 "/>
</bind>
</comp>

<comp id="978" class="1005" name="b_10_reg_978">
<pin_list>
<pin id="979" dir="0" index="0" bw="32" slack="1"/>
<pin id="980" dir="1" index="1" bw="32" slack="1"/>
</pin_list>
<bind>
<opset="b_10 "/>
</bind>
</comp>

<comp id="989" class="1005" name="b_11_reg_989">
<pin_list>
<pin id="990" dir="0" index="0" bw="32" slack="1"/>
<pin id="991" dir="1" index="1" bw="32" slack="1"/>
</pin_list>
<bind>
<opset="b_11 "/>
</bind>
</comp>

<comp id="1000" class="1005" name="b_12_reg_1000">
<pin_list>
<pin id="1001" dir="0" index="0" bw="32" slack="1"/>
<pin id="1002" dir="1" index="1" bw="32" slack="1"/>
</pin_list>
<bind>
<opset="b_12 "/>
</bind>
</comp>

<comp id="1011" class="1005" name="b_13_reg_1011">
<pin_list>
<pin id="1012" dir="0" index="0" bw="32" slack="1"/>
<pin id="1013" dir="1" index="1" bw="32" slack="1"/>
</pin_list>
<bind>
<opset="b_13 "/>
</bind>
</comp>

<comp id="1022" class="1005" name="b_14_reg_1022">
<pin_list>
<pin id="1023" dir="0" index="0" bw="32" slack="1"/>
<pin id="1024" dir="1" index="1" bw="32" slack="1"/>
</pin_list>
<bind>
<opset="b_14 "/>
</bind>
</comp>

<comp id="1033" class="1005" name="b_15_reg_1033">
<pin_list>
<pin id="1034" dir="0" index="0" bw="32" slack="1"/>
<pin id="1035" dir="1" index="1" bw="32" slack="1"/>
</pin_list>
<bind>
<opset="b_15 "/>
</bind>
</comp>

<comp id="1044" class="1005" name="len_read_reg_1044">
<pin_list>
<pin id="1045" dir="0" index="0" bw="2" slack="1"/>
<pin id="1046" dir="1" index="1" bw="2" slack="2147483647"/>
</pin_list>
<bind>
<opset="len_read "/>
</bind>
</comp>

<comp id="1048" class="1005" name="p_cast_read_reg_1048">
<pin_list>
<pin id="1049" dir="0" index="0" bw="4" slack="1"/>
<pin id="1050" dir="1" index="1" bw="4" slack="1"/>
</pin_list>
<bind>
<opset="p_cast_read "/>
</bind>
</comp>

<comp id="1054" class="1005" name="i_1_reg_1054">
<pin_list>
<pin id="1055" dir="0" index="0" bw="4" slack="1"/>
<pin id="1056" dir="1" index="1" bw="4" slack="2147483647"/>
</pin_list>
<bind>
<opset="i_1 "/>
</bind>
</comp>

<comp id="1061" class="1005" name="add_ln160_reg_1061">
<pin_list>
<pin id="1062" dir="0" index="0" bw="4" slack="1"/>
<pin id="1063" dir="1" index="1" bw="4" slack="1"/>
</pin_list>
<bind>
<opset="add_ln160 "/>
</bind>
</comp>

<comp id="1066" class="1005" name="icmp_ln162_reg_1066">
<pin_list>
<pin id="1067" dir="0" index="0" bw="1" slack="1"/>
<pin id="1068" dir="1" index="1" bw="1" slack="2147483647"/>
</pin_list>
<bind>
<opset="icmp_ln162 "/>
</bind>
</comp>

<comp id="1070" class="1005" name="icmp_ln170_reg_1070">
<pin_list>
<pin id="1071" dir="0" index="0" bw="1" slack="1"/>
<pin id="1072" dir="1" index="1" bw="1" slack="2147483647"/>
</pin_list>
<bind>
<opset="icmp_ln170 "/>
</bind>
</comp>

<comp id="1074" class="1005" name="trunc_ln187_reg_1074">
<pin_list>
<pin id="1075" dir="0" index="0" bw="8" slack="1"/>
<pin id="1076" dir="1" index="1" bw="8" slack="1"/>
</pin_list>
<bind>
<opset="trunc_ln187 "/>
</bind>
</comp>

<comp id="1079" class="1005" name="trunc_ln181_reg_1079">
<pin_list>
<pin id="1080" dir="0" index="0" bw="8" slack="1"/>
<pin id="1081" dir="1" index="1" bw="8" slack="1"/>
</pin_list>
<bind>
<opset="trunc_ln181 "/>
</bind>
</comp>

<comp id="1084" class="1005" name="tmp_1_reg_1084">
<pin_list>
<pin id="1085" dir="0" index="0" bw="8" slack="1"/>
<pin id="1086" dir="1" index="1" bw="8" slack="1"/>
</pin_list>
<bind>
<opset="tmp_1 "/>
</bind>
</comp>

<comp id="1089" class="1005" name="trunc_ln192_reg_1089">
<pin_list>
<pin id="1090" dir="0" index="0" bw="8" slack="1"/>
<pin id="1091" dir="1" index="1" bw="8" slack="1"/>
</pin_list>
<bind>
<opset="trunc_ln192 "/>
</bind>
</comp>

<comp id="1094" class="1005" name="l_27_reg_1094">
<pin_list>
<pin id="1095" dir="0" index="0" bw="32" slack="1"/>
<pin id="1096" dir="1" index="1" bw="32" slack="1"/>
</pin_list>
<bind>
<opset="l_27 "/>
</bind>
</comp>

</comp_list>

<net_list>
<net id="137"><net_src comp="34" pin="0"/><net_sink comp="134" pin=0"/></net>

<net id="141"><net_src comp="34" pin="0"/><net_sink comp="138" pin=0"/></net>

<net id="145"><net_src comp="34" pin="0"/><net_sink comp="142" pin=0"/></net>

<net id="149"><net_src comp="34" pin="0"/><net_sink comp="146" pin=0"/></net>

<net id="153"><net_src comp="34" pin="0"/><net_sink comp="150" pin=0"/></net>

<net id="157"><net_src comp="34" pin="0"/><net_sink comp="154" pin=0"/></net>

<net id="161"><net_src comp="34" pin="0"/><net_sink comp="158" pin=0"/></net>

<net id="165"><net_src comp="34" pin="0"/><net_sink comp="162" pin=0"/></net>

<net id="169"><net_src comp="34" pin="0"/><net_sink comp="166" pin=0"/></net>

<net id="173"><net_src comp="34" pin="0"/><net_sink comp="170" pin=0"/></net>

<net id="177"><net_src comp="34" pin="0"/><net_sink comp="174" pin=0"/></net>

<net id="181"><net_src comp="34" pin="0"/><net_sink comp="178" pin=0"/></net>

<net id="185"><net_src comp="34" pin="0"/><net_sink comp="182" pin=0"/></net>

<net id="189"><net_src comp="34" pin="0"/><net_sink comp="186" pin=0"/></net>

<net id="193"><net_src comp="34" pin="0"/><net_sink comp="190" pin=0"/></net>

<net id="198"><net_src comp="54" pin="0"/><net_sink comp="194" pin=0"/></net>

<net id="199"><net_src comp="4" pin="0"/><net_sink comp="194" pin=1"/></net>

<net id="204"><net_src comp="56" pin="0"/><net_sink comp="200" pin=0"/></net>

<net id="205"><net_src comp="2" pin="0"/><net_sink comp="200" pin=1"/></net>

<net id="210"><net_src comp="102" pin="0"/><net_sink comp="206" pin=0"/></net>

<net id="211"><net_src comp="0" pin="0"/><net_sink comp="206" pin=1"/></net>

<net id="217"><net_src comp="132" pin="0"/><net_sink comp="212" pin=0"/></net>

<net id="218"><net_src comp="6" pin="0"/><net_sink comp="212" pin=1"/></net>

<net id="224"><net_src comp="132" pin="0"/><net_sink comp="219" pin=0"/></net>

<net id="225"><net_src comp="8" pin="0"/><net_sink comp="219" pin=1"/></net>

<net id="231"><net_src comp="132" pin="0"/><net_sink comp="226" pin=0"/></net>

<net id="232"><net_src comp="10" pin="0"/><net_sink comp="226" pin=1"/></net>

<net id="238"><net_src comp="132" pin="0"/><net_sink comp="233" pin=0"/></net>

<net id="239"><net_src comp="12" pin="0"/><net_sink comp="233" pin=1"/></net>

<net id="245"><net_src comp="132" pin="0"/><net_sink comp="240" pin=0"/></net>

<net id="246"><net_src comp="14" pin="0"/><net_sink comp="240" pin=1"/></net>

<net id="252"><net_src comp="132" pin="0"/><net_sink comp="247" pin=0"/></net>

<net id="253"><net_src comp="16" pin="0"/><net_sink comp="247" pin=1"/></net>

<net id="259"><net_src comp="132" pin="0"/><net_sink comp="254" pin=0"/></net>

<net id="260"><net_src comp="18" pin="0"/><net_sink comp="254" pin=1"/></net>

<net id="266"><net_src comp="132" pin="0"/><net_sink comp="261" pin=0"/></net>

<net id="267"><net_src comp="20" pin="0"/><net_sink comp="261" pin=1"/></net>

<net id="273"><net_src comp="132" pin="0"/><net_sink comp="268" pin=0"/></net>

<net id="274"><net_src comp="22" pin="0"/><net_sink comp="268" pin=1"/></net>

<net id="280"><net_src comp="132" pin="0"/><net_sink comp="275" pin=0"/></net>

<net id="281"><net_src comp="24" pin="0"/><net_sink comp="275" pin=1"/></net>

<net id="287"><net_src comp="132" pin="0"/><net_sink comp="282" pin=0"/></net>

<net id="288"><net_src comp="26" pin="0"/><net_sink comp="282" pin=1"/></net>

<net id="294"><net_src comp="132" pin="0"/><net_sink comp="289" pin=0"/></net>

<net id="295"><net_src comp="28" pin="0"/><net_sink comp="289" pin=1"/></net>

<net id="301"><net_src comp="132" pin="0"/><net_sink comp="296" pin=0"/></net>

<net id="302"><net_src comp="30" pin="0"/><net_sink comp="296" pin=1"/></net>

<net id="308"><net_src comp="132" pin="0"/><net_sink comp="303" pin=0"/></net>

<net id="309"><net_src comp="32" pin="0"/><net_sink comp="303" pin=1"/></net>

<net id="316"><net_src comp="104" pin="0"/><net_sink comp="310" pin=0"/></net>

<net id="317"><net_src comp="206" pin="2"/><net_sink comp="310" pin=1"/></net>

<net id="318"><net_src comp="106" pin="0"/><net_sink comp="310" pin=2"/></net>

<net id="319"><net_src comp="108" pin="0"/><net_sink comp="310" pin=3"/></net>

<net id="326"><net_src comp="104" pin="0"/><net_sink comp="320" pin=0"/></net>

<net id="327"><net_src comp="206" pin="2"/><net_sink comp="320" pin=1"/></net>

<net id="328"><net_src comp="112" pin="0"/><net_sink comp="320" pin=2"/></net>

<net id="329"><net_src comp="114" pin="0"/><net_sink comp="320" pin=3"/></net>

<net id="333"><net_src comp="310" pin="4"/><net_sink comp="330" pin=0"/></net>

<net id="338"><net_src comp="58" pin="0"/><net_sink comp="334" pin=0"/></net>

<net id="346"><net_src comp="339" pin="1"/><net_sink comp="342" pin=0"/></net>

<net id="347"><net_src comp="60" pin="0"/><net_sink comp="342" pin=1"/></net>

<net id="352"><net_src comp="339" pin="1"/><net_sink comp="348" pin=0"/></net>

<net id="353"><net_src comp="62" pin="0"/><net_sink comp="348" pin=1"/></net>

<net id="358"><net_src comp="339" pin="1"/><net_sink comp="354" pin=0"/></net>

<net id="363"><net_src comp="339" pin="1"/><net_sink comp="359" pin=0"/></net>

<net id="367"><net_src comp="206" pin="2"/><net_sink comp="364" pin=0"/></net>

<net id="371"><net_src comp="206" pin="2"/><net_sink comp="368" pin=0"/></net>

<net id="376"><net_src comp="110" pin="0"/><net_sink comp="372" pin=0"/></net>

<net id="381"><net_src comp="110" pin="0"/><net_sink comp="377" pin=0"/></net>

<net id="386"><net_src comp="110" pin="0"/><net_sink comp="382" pin=0"/></net>

<net id="391"><net_src comp="110" pin="0"/><net_sink comp="387" pin=0"/></net>

<net id="396"><net_src comp="110" pin="0"/><net_sink comp="392" pin=0"/></net>

<net id="401"><net_src comp="110" pin="0"/><net_sink comp="397" pin=0"/></net>

<net id="406"><net_src comp="110" pin="0"/><net_sink comp="402" pin=0"/></net>

<net id="411"><net_src comp="110" pin="0"/><net_sink comp="407" pin=0"/></net>

<net id="416"><net_src comp="110" pin="0"/><net_sink comp="412" pin=0"/></net>

<net id="421"><net_src comp="110" pin="0"/><net_sink comp="417" pin=0"/></net>

<net id="426"><net_src comp="110" pin="0"/><net_sink comp="422" pin=0"/></net>

<net id="431"><net_src comp="110" pin="0"/><net_sink comp="427" pin=0"/></net>

<net id="436"><net_src comp="110" pin="0"/><net_sink comp="432" pin=0"/></net>

<net id="441"><net_src comp="110" pin="0"/><net_sink comp="437" pin=0"/></net>

<net id="445"><net_src comp="206" pin="2"/><net_sink comp="442" pin=0"/></net>

<net id="450"><net_src comp="48" pin="0"/><net_sink comp="446" pin=0"/></net>

<net id="455"><net_src comp="48" pin="0"/><net_sink comp="451" pin=0"/></net>

<net id="460"><net_src comp="48" pin="0"/><net_sink comp="456" pin=0"/></net>

<net id="465"><net_src comp="48" pin="0"/><net_sink comp="461" pin=0"/></net>

<net id="470"><net_src comp="48" pin="0"/><net_sink comp="466" pin=0"/></net>

<net id="475"><net_src comp="48" pin="0"/><net_sink comp="471" pin=0"/></net>

<net id="480"><net_src comp="48" pin="0"/><net_sink comp="476" pin=0"/></net>

<net id="485"><net_src comp="48" pin="0"/><net_sink comp="481" pin=0"/></net>

<net id="490"><net_src comp="48" pin="0"/><net_sink comp="486" pin=0"/></net>

<net id="495"><net_src comp="48" pin="0"/><net_sink comp="491" pin=0"/></net>

<net id="500"><net_src comp="48" pin="0"/><net_sink comp="496" pin=0"/></net>

<net id="505"><net_src comp="48" pin="0"/><net_sink comp="501" pin=0"/></net>

<net id="510"><net_src comp="48" pin="0"/><net_sink comp="506" pin=0"/></net>

<net id="514"><net_src comp="206" pin="2"/><net_sink comp="511" pin=0"/></net>

<net id="521"><net_src comp="104" pin="0"/><net_sink comp="515" pin=0"/></net>

<net id="522"><net_src comp="206" pin="2"/><net_sink comp="515" pin=1"/></net>

<net id="523"><net_src comp="116" pin="0"/><net_sink comp="515" pin=2"/></net>

<net id="524"><net_src comp="118" pin="0"/><net_sink comp="515" pin=3"/></net>

<net id="532"><net_src comp="120" pin="0"/><net_sink comp="525" pin=0"/></net>

<net id="533"><net_src comp="511" pin="1"/><net_sink comp="525" pin=1"/></net>

<net id="534"><net_src comp="310" pin="4"/><net_sink comp="525" pin=2"/></net>

<net id="535"><net_src comp="320" pin="4"/><net_sink comp="525" pin=3"/></net>

<net id="536"><net_src comp="515" pin="4"/><net_sink comp="525" pin=4"/></net>

<net id="547"><net_src comp="122" pin="0"/><net_sink comp="541" pin=0"/></net>

<net id="548"><net_src comp="330" pin="1"/><net_sink comp="541" pin=2"/></net>

<net id="549"><net_src comp="124" pin="0"/><net_sink comp="541" pin=3"/></net>

<net id="554"><net_src comp="541" pin="4"/><net_sink comp="550" pin=0"/></net>

<net id="559"><net_src comp="541" pin="4"/><net_sink comp="555" pin=0"/></net>

<net id="564"><net_src comp="541" pin="4"/><net_sink comp="560" pin=0"/></net>

<net id="569"><net_src comp="541" pin="4"/><net_sink comp="565" pin=0"/></net>

<net id="574"><net_src comp="541" pin="4"/><net_sink comp="570" pin=0"/></net>

<net id="579"><net_src comp="541" pin="4"/><net_sink comp="575" pin=0"/></net>

<net id="584"><net_src comp="541" pin="4"/><net_sink comp="580" pin=0"/></net>

<net id="589"><net_src comp="541" pin="4"/><net_sink comp="585" pin=0"/></net>

<net id="594"><net_src comp="541" pin="4"/><net_sink comp="590" pin=0"/></net>

<net id="599"><net_src comp="541" pin="4"/><net_sink comp="595" pin=0"/></net>

<net id="604"><net_src comp="541" pin="4"/><net_sink comp="600" pin=0"/></net>

<net id="609"><net_src comp="541" pin="4"/><net_sink comp="605" pin=0"/></net>

<net id="614"><net_src comp="541" pin="4"/><net_sink comp="610" pin=0"/></net>

<net id="619"><net_src comp="541" pin="4"/><net_sink comp="615" pin=0"/></net>

<net id="625"><net_src comp="126" pin="0"/><net_sink comp="620" pin=0"/></net>

<net id="626"><net_src comp="128" pin="0"/><net_sink comp="620" pin=2"/></net>

<net id="631"><net_src comp="620" pin="3"/><net_sink comp="627" pin=0"/></net>

<net id="636"><net_src comp="620" pin="3"/><net_sink comp="632" pin=0"/></net>

<net id="641"><net_src comp="620" pin="3"/><net_sink comp="637" pin=0"/></net>

<net id="646"><net_src comp="620" pin="3"/><net_sink comp="642" pin=0"/></net>

<net id="651"><net_src comp="620" pin="3"/><net_sink comp="647" pin=0"/></net>

<net id="656"><net_src comp="620" pin="3"/><net_sink comp="652" pin=0"/></net>

<net id="661"><net_src comp="620" pin="3"/><net_sink comp="657" pin=0"/></net>

<net id="666"><net_src comp="620" pin="3"/><net_sink comp="662" pin=0"/></net>

<net id="671"><net_src comp="620" pin="3"/><net_sink comp="667" pin=0"/></net>

<net id="676"><net_src comp="620" pin="3"/><net_sink comp="672" pin=0"/></net>

<net id="681"><net_src comp="620" pin="3"/><net_sink comp="677" pin=0"/></net>

<net id="686"><net_src comp="620" pin="3"/><net_sink comp="682" pin=0"/></net>

<net id="691"><net_src comp="620" pin="3"/><net_sink comp="687" pin=0"/></net>

<net id="696"><net_src comp="620" pin="3"/><net_sink comp="692" pin=0"/></net>

<net id="704"><net_src comp="120" pin="0"/><net_sink comp="697" pin=0"/></net>

<net id="705"><net_src comp="330" pin="1"/><net_sink comp="697" pin=2"/></net>

<net id="706"><net_src comp="130" pin="0"/><net_sink comp="697" pin=4"/></net>

<net id="711"><net_src comp="697" pin="5"/><net_sink comp="707" pin=0"/></net>

<net id="716"><net_src comp="697" pin="5"/><net_sink comp="712" pin=0"/></net>

<net id="721"><net_src comp="697" pin="5"/><net_sink comp="717" pin=0"/></net>

<net id="726"><net_src comp="697" pin="5"/><net_sink comp="722" pin=0"/></net>

<net id="731"><net_src comp="697" pin="5"/><net_sink comp="727" pin=0"/></net>

<net id="736"><net_src comp="697" pin="5"/><net_sink comp="732" pin=0"/></net>

<net id="741"><net_src comp="697" pin="5"/><net_sink comp="737" pin=0"/></net>

<net id="746"><net_src comp="697" pin="5"/><net_sink comp="742" pin=0"/></net>

<net id="751"><net_src comp="697" pin="5"/><net_sink comp="747" pin=0"/></net>

<net id="756"><net_src comp="697" pin="5"/><net_sink comp="752" pin=0"/></net>

<net id="761"><net_src comp="697" pin="5"/><net_sink comp="757" pin=0"/></net>

<net id="766"><net_src comp="697" pin="5"/><net_sink comp="762" pin=0"/></net>

<net id="771"><net_src comp="697" pin="5"/><net_sink comp="767" pin=0"/></net>

<net id="776"><net_src comp="697" pin="5"/><net_sink comp="772" pin=0"/></net>

<net id="832"><net_src comp="829" pin="1"/><net_sink comp="303" pin=2"/></net>

<net id="836"><net_src comp="833" pin="1"/><net_sink comp="212" pin=2"/></net>

<net id="840"><net_src comp="837" pin="1"/><net_sink comp="296" pin=2"/></net>

<net id="844"><net_src comp="841" pin="1"/><net_sink comp="289" pin=2"/></net>

<net id="848"><net_src comp="845" pin="1"/><net_sink comp="282" pin=2"/></net>

<net id="852"><net_src comp="849" pin="1"/><net_sink comp="275" pin=2"/></net>

<net id="856"><net_src comp="853" pin="1"/><net_sink comp="268" pin=2"/></net>

<net id="860"><net_src comp="857" pin="1"/><net_sink comp="261" pin=2"/></net>

<net id="864"><net_src comp="861" pin="1"/><net_sink comp="254" pin=2"/></net>

<net id="868"><net_src comp="865" pin="1"/><net_sink comp="247" pin=2"/></net>

<net id="872"><net_src comp="869" pin="1"/><net_sink comp="240" pin=2"/></net>

<net id="876"><net_src comp="873" pin="1"/><net_sink comp="233" pin=2"/></net>

<net id="880"><net_src comp="877" pin="1"/><net_sink comp="226" pin=2"/></net>

<net id="884"><net_src comp="881" pin="1"/><net_sink comp="219" pin=2"/></net>

<net id="888"><net_src comp="134" pin="1"/><net_sink comp="885" pin=0"/></net>

<net id="889"><net_src comp="885" pin="1"/><net_sink comp="334" pin=1"/></net>

<net id="890"><net_src comp="885" pin="1"/><net_sink comp="339" pin=0"/></net>

<net id="891"><net_src comp="885" pin="1"/><net_sink comp="537" pin=1"/></net>

<net id="895"><net_src comp="138" pin="1"/><net_sink comp="892" pin=0"/></net>

<net id="896"><net_src comp="892" pin="1"/><net_sink comp="432" pin=1"/></net>

<net id="897"><net_src comp="892" pin="1"/><net_sink comp="610" pin=1"/></net>

<net id="898"><net_src comp="892" pin="1"/><net_sink comp="687" pin=1"/></net>

<net id="899"><net_src comp="892" pin="1"/><net_sink comp="767" pin=1"/></net>

<net id="900"><net_src comp="892" pin="1"/><net_sink comp="825" pin=1"/></net>

<net id="901"><net_src comp="892" pin="1"/><net_sink comp="829" pin=0"/></net>

<net id="905"><net_src comp="142" pin="1"/><net_sink comp="902" pin=0"/></net>

<net id="906"><net_src comp="902" pin="1"/><net_sink comp="437" pin=1"/></net>

<net id="907"><net_src comp="902" pin="1"/><net_sink comp="506" pin=1"/></net>

<net id="908"><net_src comp="902" pin="1"/><net_sink comp="615" pin=1"/></net>

<net id="909"><net_src comp="902" pin="1"/><net_sink comp="692" pin=1"/></net>

<net id="910"><net_src comp="902" pin="1"/><net_sink comp="772" pin=1"/></net>

<net id="911"><net_src comp="902" pin="1"/><net_sink comp="833" pin=0"/></net>

<net id="915"><net_src comp="146" pin="1"/><net_sink comp="912" pin=0"/></net>

<net id="916"><net_src comp="912" pin="1"/><net_sink comp="427" pin=1"/></net>

<net id="917"><net_src comp="912" pin="1"/><net_sink comp="496" pin=1"/></net>

<net id="918"><net_src comp="912" pin="1"/><net_sink comp="605" pin=1"/></net>

<net id="919"><net_src comp="912" pin="1"/><net_sink comp="682" pin=1"/></net>

<net id="920"><net_src comp="912" pin="1"/><net_sink comp="762" pin=1"/></net>

<net id="921"><net_src comp="912" pin="1"/><net_sink comp="817" pin=1"/></net>

<net id="922"><net_src comp="912" pin="1"/><net_sink comp="837" pin=0"/></net>

<net id="926"><net_src comp="150" pin="1"/><net_sink comp="923" pin=0"/></net>

<net id="927"><net_src comp="923" pin="1"/><net_sink comp="422" pin=1"/></net>

<net id="928"><net_src comp="923" pin="1"/><net_sink comp="491" pin=1"/></net>

<net id="929"><net_src comp="923" pin="1"/><net_sink comp="600" pin=1"/></net>

<net id="930"><net_src comp="923" pin="1"/><net_sink comp="677" pin=1"/></net>

<net id="931"><net_src comp="923" pin="1"/><net_sink comp="757" pin=1"/></net>

<net id="932"><net_src comp="923" pin="1"/><net_sink comp="813" pin=1"/></net>

<net id="933"><net_src comp="923" pin="1"/><net_sink comp="841" pin=0"/></net>

<net id="937"><net_src comp="154" pin="1"/><net_sink comp="934" pin=0"/></net>

<net id="938"><net_src comp="934" pin="1"/><net_sink comp="417" pin=1"/></net>

<net id="939"><net_src comp="934" pin="1"/><net_sink comp="486" pin=1"/></net>

<net id="940"><net_src comp="934" pin="1"/><net_sink comp="595" pin=1"/></net>

<net id="941"><net_src comp="934" pin="1"/><net_sink comp="672" pin=1"/></net>

<net id="942"><net_src comp="934" pin="1"/><net_sink comp="752" pin=1"/></net>

<net id="943"><net_src comp="934" pin="1"/><net_sink comp="809" pin=1"/></net>

<net id="944"><net_src comp="934" pin="1"/><net_sink comp="845" pin=0"/></net>

<net id="948"><net_src comp="158" pin="1"/><net_sink comp="945" pin=0"/></net>

<net id="949"><net_src comp="945" pin="1"/><net_sink comp="412" pin=1"/></net>

<net id="950"><net_src comp="945" pin="1"/><net_sink comp="481" pin=1"/></net>

<net id="951"><net_src comp="945" pin="1"/><net_sink comp="590" pin=1"/></net>

<net id="952"><net_src comp="945" pin="1"/><net_sink comp="667" pin=1"/></net>

<net id="953"><net_src comp="945" pin="1"/><net_sink comp="747" pin=1"/></net>

<net id="954"><net_src comp="945" pin="1"/><net_sink comp="805" pin=1"/></net>

<net id="955"><net_src comp="945" pin="1"/><net_sink comp="849" pin=0"/></net>

<net id="959"><net_src comp="162" pin="1"/><net_sink comp="956" pin=0"/></net>

<net id="960"><net_src comp="956" pin="1"/><net_sink comp="407" pin=1"/></net>

<net id="961"><net_src comp="956" pin="1"/><net_sink comp="476" pin=1"/></net>

<net id="962"><net_src comp="956" pin="1"/><net_sink comp="585" pin=1"/></net>

<net id="963"><net_src comp="956" pin="1"/><net_sink comp="662" pin=1"/></net>

<net id="964"><net_src comp="956" pin="1"/><net_sink comp="742" pin=1"/></net>

<net id="965"><net_src comp="956" pin="1"/><net_sink comp="801" pin=1"/></net>

<net id="966"><net_src comp="956" pin="1"/><net_sink comp="853" pin=0"/></net>

<net id="970"><net_src comp="166" pin="1"/><net_sink comp="967" pin=0"/></net>

<net id="971"><net_src comp="967" pin="1"/><net_sink comp="402" pin=1"/></net>

<net id="972"><net_src comp="967" pin="1"/><net_sink comp="471" pin=1"/></net>

<net id="973"><net_src comp="967" pin="1"/><net_sink comp="580" pin=1"/></net>

<net id="974"><net_src comp="967" pin="1"/><net_sink comp="657" pin=1"/></net>

<net id="975"><net_src comp="967" pin="1"/><net_sink comp="737" pin=1"/></net>

<net id="976"><net_src comp="967" pin="1"/><net_sink comp="797" pin=1"/></net>

<net id="977"><net_src comp="967" pin="1"/><net_sink comp="857" pin=0"/></net>

<net id="981"><net_src comp="170" pin="1"/><net_sink comp="978" pin=0"/></net>

<net id="982"><net_src comp="978" pin="1"/><net_sink comp="397" pin=1"/></net>

<net id="983"><net_src comp="978" pin="1"/><net_sink comp="466" pin=1"/></net>

<net id="984"><net_src comp="978" pin="1"/><net_sink comp="575" pin=1"/></net>

<net id="985"><net_src comp="978" pin="1"/><net_sink comp="652" pin=1"/></net>

<net id="986"><net_src comp="978" pin="1"/><net_sink comp="732" pin=1"/></net>

<net id="987"><net_src comp="978" pin="1"/><net_sink comp="793" pin=1"/></net>

<net id="988"><net_src comp="978" pin="1"/><net_sink comp="861" pin=0"/></net>

<net id="992"><net_src comp="174" pin="1"/><net_sink comp="989" pin=0"/></net>

<net id="993"><net_src comp="989" pin="1"/><net_sink comp="392" pin=1"/></net>

<net id="994"><net_src comp="989" pin="1"/><net_sink comp="461" pin=1"/></net>

<net id="995"><net_src comp="989" pin="1"/><net_sink comp="570" pin=1"/></net>

<net id="996"><net_src comp="989" pin="1"/><net_sink comp="647" pin=1"/></net>

<net id="997"><net_src comp="989" pin="1"/><net_sink comp="727" pin=1"/></net>

<net id="998"><net_src comp="989" pin="1"/><net_sink comp="789" pin=1"/></net>

<net id="999"><net_src comp="989" pin="1"/><net_sink comp="865" pin=0"/></net>

<net id="1003"><net_src comp="178" pin="1"/><net_sink comp="1000" pin=0"/></net>

<net id="1004"><net_src comp="1000" pin="1"/><net_sink comp="387" pin=1"/></net>

<net id="1005"><net_src comp="1000" pin="1"/><net_sink comp="456" pin=1"/></net>

<net id="1006"><net_src comp="1000" pin="1"/><net_sink comp="565" pin=1"/></net>

<net id="1007"><net_src comp="1000" pin="1"/><net_sink comp="642" pin=1"/></net>

<net id="1008"><net_src comp="1000" pin="1"/><net_sink comp="722" pin=1"/></net>

<net id="1009"><net_src comp="1000" pin="1"/><net_sink comp="785" pin=1"/></net>

<net id="1010"><net_src comp="1000" pin="1"/><net_sink comp="869" pin=0"/></net>

<net id="1014"><net_src comp="182" pin="1"/><net_sink comp="1011" pin=0"/></net>

<net id="1015"><net_src comp="1011" pin="1"/><net_sink comp="382" pin=1"/></net>

<net id="1016"><net_src comp="1011" pin="1"/><net_sink comp="451" pin=1"/></net>

<net id="1017"><net_src comp="1011" pin="1"/><net_sink comp="560" pin=1"/></net>

<net id="1018"><net_src comp="1011" pin="1"/><net_sink comp="637" pin=1"/></net>

<net id="1019"><net_src comp="1011" pin="1"/><net_sink comp="717" pin=1"/></net>

<net id="1020"><net_src comp="1011" pin="1"/><net_sink comp="781" pin=1"/></net>

<net id="1021"><net_src comp="1011" pin="1"/><net_sink comp="873" pin=0"/></net>

<net id="1025"><net_src comp="186" pin="1"/><net_sink comp="1022" pin=0"/></net>

<net id="1026"><net_src comp="1022" pin="1"/><net_sink comp="377" pin=1"/></net>

<net id="1027"><net_src comp="1022" pin="1"/><net_sink comp="446" pin=1"/></net>

<net id="1028"><net_src comp="1022" pin="1"/><net_sink comp="555" pin=1"/></net>

<net id="1029"><net_src comp="1022" pin="1"/><net_sink comp="632" pin=1"/></net>

<net id="1030"><net_src comp="1022" pin="1"/><net_sink comp="712" pin=1"/></net>

<net id="1031"><net_src comp="1022" pin="1"/><net_sink comp="777" pin=1"/></net>

<net id="1032"><net_src comp="1022" pin="1"/><net_sink comp="877" pin=0"/></net>

<net id="1036"><net_src comp="190" pin="1"/><net_sink comp="1033" pin=0"/></net>

<net id="1037"><net_src comp="1033" pin="1"/><net_sink comp="372" pin=1"/></net>

<net id="1038"><net_src comp="1033" pin="1"/><net_sink comp="501" pin=1"/></net>

<net id="1039"><net_src comp="1033" pin="1"/><net_sink comp="550" pin=1"/></net>

<net id="1040"><net_src comp="1033" pin="1"/><net_sink comp="627" pin=1"/></net>

<net id="1041"><net_src comp="1033" pin="1"/><net_sink comp="707" pin=1"/></net>

<net id="1042"><net_src comp="1033" pin="1"/><net_sink comp="821" pin=1"/></net>

<net id="1043"><net_src comp="1033" pin="1"/><net_sink comp="881" pin=0"/></net>

<net id="1047"><net_src comp="194" pin="2"/><net_sink comp="1044" pin=0"/></net>

<net id="1051"><net_src comp="200" pin="2"/><net_sink comp="1048" pin=0"/></net>

<net id="1052"><net_src comp="1048" pin="1"/><net_sink comp="354" pin=1"/></net>

<net id="1053"><net_src comp="1048" pin="1"/><net_sink comp="359" pin=1"/></net>

<net id="1057"><net_src comp="339" pin="1"/><net_sink comp="1054" pin=0"/></net>

<net id="1064"><net_src comp="348" pin="2"/><net_sink comp="1061" pin=0"/></net>

<net id="1065"><net_src comp="1061" pin="1"/><net_sink comp="537" pin=0"/></net>

<net id="1069"><net_src comp="354" pin="2"/><net_sink comp="1066" pin=0"/></net>

<net id="1073"><net_src comp="359" pin="2"/><net_sink comp="1070" pin=0"/></net>

<net id="1077"><net_src comp="364" pin="1"/><net_sink comp="1074" pin=0"/></net>

<net id="1078"><net_src comp="1074" pin="1"/><net_sink comp="541" pin=1"/></net>

<net id="1082"><net_src comp="368" pin="1"/><net_sink comp="1079" pin=0"/></net>

<net id="1083"><net_src comp="1079" pin="1"/><net_sink comp="620" pin=1"/></net>

<net id="1087"><net_src comp="320" pin="4"/><net_sink comp="1084" pin=0"/></net>

<net id="1088"><net_src comp="1084" pin="1"/><net_sink comp="697" pin=3"/></net>

<net id="1092"><net_src comp="442" pin="1"/><net_sink comp="1089" pin=0"/></net>

<net id="1093"><net_src comp="1089" pin="1"/><net_sink comp="697" pin=1"/></net>

<net id="1097"><net_src comp="525" pin="5"/><net_sink comp="1094" pin=0"/></net>

<net id="1098"><net_src comp="1094" pin="1"/><net_sink comp="777" pin=0"/></net>

<net id="1099"><net_src comp="1094" pin="1"/><net_sink comp="781" pin=0"/></net>

<net id="1100"><net_src comp="1094" pin="1"/><net_sink comp="785" pin=0"/></net>

<net id="1101"><net_src comp="1094" pin="1"/><net_sink comp="789" pin=0"/></net>

<net id="1102"><net_src comp="1094" pin="1"/><net_sink comp="793" pin=0"/></net>

<net id="1103"><net_src comp="1094" pin="1"/><net_sink comp="797" pin=0"/></net>

<net id="1104"><net_src comp="1094" pin="1"/><net_sink comp="801" pin=0"/></net>

<net id="1105"><net_src comp="1094" pin="1"/><net_sink comp="805" pin=0"/></net>

<net id="1106"><net_src comp="1094" pin="1"/><net_sink comp="809" pin=0"/></net>

<net id="1107"><net_src comp="1094" pin="1"/><net_sink comp="813" pin=0"/></net>

<net id="1108"><net_src comp="1094" pin="1"/><net_sink comp="817" pin=0"/></net>

<net id="1109"><net_src comp="1094" pin="1"/><net_sink comp="821" pin=0"/></net>

<net id="1110"><net_src comp="1094" pin="1"/><net_sink comp="825" pin=0"/></net>

</net_list>

</model> 
---------------- Datapath Model END ------------------

* FSMD analyzer results:
  - Output states:
	Port: mergeKipadStrm | {}
	Port: b_16_out | {2 }
	Port: b_15_out | {2 }
	Port: b_14_out | {2 }
	Port: b_13_out | {2 }
	Port: b_12_out | {2 }
	Port: b_11_out | {2 }
	Port: b_10_out | {2 }
	Port: b_9_out | {2 }
	Port: b_8_out | {2 }
	Port: b_7_out | {2 }
	Port: b_6_out | {2 }
	Port: b_5_out | {2 }
	Port: b_4_out | {2 }
	Port: b_out | {2 }
 - Input state : 
	Port: preProcessing_Pipeline_LOOP_SHA256_GEN_COPY_TAIL_AND_ONE : mergeKipadStrm | {3 }
	Port: preProcessing_Pipeline_LOOP_SHA256_GEN_COPY_TAIL_AND_ONE : p_cast | {1 }
	Port: preProcessing_Pipeline_LOOP_SHA256_GEN_COPY_TAIL_AND_ONE : len | {1 }
  - Chain level:
	State 1
		store_ln160 : 1
	State 2
		icmp_ln160 : 1
		add_ln160 : 1
		br_ln160 : 2
		icmp_ln162 : 1
		br_ln162 : 2
		icmp_ln170 : 1
		br_ln170 : 2
		switch_ln187 : 1
		switch_ln182 : 1
		switch_ln177 : 1
		switch_ln192 : 1
		switch_ln172 : 1
		switch_ln168 : 1
		write_ln0 : 1
		write_ln0 : 1
		write_ln0 : 1
		write_ln0 : 1
		write_ln0 : 1
		write_ln0 : 1
		write_ln0 : 1
		write_ln0 : 1
		write_ln0 : 1
		write_ln0 : 1
		write_ln0 : 1
		write_ln0 : 1
		write_ln0 : 1
		write_ln0 : 1
	State 3
		l_27 : 1
	State 4
		store_ln156 : 1
		store_ln156 : 1
		store_ln156 : 1
		store_ln156 : 1
		store_ln156 : 1
		store_ln156 : 1
		store_ln156 : 1
		store_ln156 : 1
		store_ln156 : 1
		store_ln156 : 1
		store_ln156 : 1
		store_ln156 : 1
		store_ln156 : 1
		store_ln156 : 1
		store_ln156 : 1
		store_ln156 : 1
		store_ln156 : 1
		store_ln156 : 1
		store_ln156 : 1
		store_ln156 : 1
		store_ln156 : 1
		store_ln156 : 1
		store_ln156 : 1
		store_ln156 : 1
		store_ln156 : 1
		store_ln156 : 1
		store_ln156 : 1
		store_ln156 : 1
		store_ln156 : 1
		store_ln156 : 1
		store_ln156 : 1
		store_ln156 : 1
		store_ln156 : 1
		store_ln156 : 1
		store_ln156 : 1
		store_ln156 : 1
		store_ln156 : 1
		store_ln156 : 1
		store_ln156 : 1
		store_ln156 : 1
		store_ln156 : 1
		store_ln156 : 1


============================================================
+ Verbose Summary: Datapath Resource usage 
============================================================

* Functional unit list:
|----------|-------------------------|---------|---------|
| Operation|     Functional Unit     |    FF   |   LUT   |
|----------|-------------------------|---------|---------|
|          |    icmp_ln160_fu_342    |    0    |    13   |
|   icmp   |    icmp_ln162_fu_354    |    0    |    13   |
|          |    icmp_ln170_fu_359    |    0    |    13   |
|----------|-------------------------|---------|---------|
|    add   |     add_ln160_fu_348    |    0    |    13   |
|----------|-------------------------|---------|---------|
|          |   len_read_read_fu_194  |    0    |    0    |
|   read   | p_cast_read_read_fu_200 |    0    |    0    |
|          |     grp_read_fu_206     |    0    |    0    |
|----------|-------------------------|---------|---------|
|          |  write_ln0_write_fu_212 |    0    |    0    |
|          |  write_ln0_write_fu_219 |    0    |    0    |
|          |  write_ln0_write_fu_226 |    0    |    0    |
|          |  write_ln0_write_fu_233 |    0    |    0    |
|          |  write_ln0_write_fu_240 |    0    |    0    |
|          |  write_ln0_write_fu_247 |    0    |    0    |
|   write  |  write_ln0_write_fu_254 |    0    |    0    |
|          |  write_ln0_write_fu_261 |    0    |    0    |
|          |  write_ln0_write_fu_268 |    0    |    0    |
|          |  write_ln0_write_fu_275 |    0    |    0    |
|          |  write_ln0_write_fu_282 |    0    |    0    |
|          |  write_ln0_write_fu_289 |    0    |    0    |
|          |  write_ln0_write_fu_296 |    0    |    0    |
|          |  write_ln0_write_fu_303 |    0    |    0    |
|----------|-------------------------|---------|---------|
|          |        grp_fu_310       |    0    |    0    |
|partselect|        grp_fu_320       |    0    |    0    |
|          |        p_s_fu_515       |    0    |    0    |
|----------|-------------------------|---------|---------|
|          |    trunc_ln187_fu_364   |    0    |    0    |
|   trunc  |    trunc_ln181_fu_368   |    0    |    0    |
|          |    trunc_ln192_fu_442   |    0    |    0    |
|          |       empty_fu_511      |    0    |    0    |
|----------|-------------------------|---------|---------|
|          |       l_27_fu_525       |    0    |    0    |
|bitconcatenate|        b_2_fu_541       |    0    |    0    |
|          |        b_1_fu_620       |    0    |    0    |
|          |       b_17_fu_697       |    0    |    0    |
|----------|-------------------------|---------|---------|
|   Total  |                         |    0    |    52   |
|----------|-------------------------|---------|---------|

Memories:
N/A

* Register list:
+--------------------+--------+
|                    |   FF   |
+--------------------+--------+
| add_ln160_reg_1061 |    4   |
|    b_10_reg_978    |   32   |
|    b_11_reg_989    |   32   |
|    b_12_reg_1000   |   32   |
|    b_13_reg_1011   |   32   |
|    b_14_reg_1022   |   32   |
|    b_15_reg_1033   |   32   |
|     b_3_reg_902    |   32   |
|     b_4_reg_912    |   32   |
|     b_5_reg_923    |   32   |
|     b_6_reg_934    |   32   |
|     b_7_reg_945    |   32   |
|     b_8_reg_956    |   32   |
|     b_9_reg_967    |   32   |
|      b_reg_892     |   32   |
|    i_1_reg_1054    |    4   |
|      i_reg_885     |    4   |
| icmp_ln162_reg_1066|    1   |
| icmp_ln170_reg_1070|    1   |
|    l_27_reg_1094   |   32   |
|  len_read_reg_1044 |    2   |
|p_cast_read_reg_1048|    4   |
|       reg_330      |    8   |
|   tmp_1_reg_1084   |    8   |
|trunc_ln181_reg_1079|    8   |
|trunc_ln187_reg_1074|    8   |
|trunc_ln192_reg_1089|    8   |
+--------------------+--------+
|        Total       |   540  |
+--------------------+--------+

* Multiplexer (MUX) list: 
|--------|------|------|------|--------|
|  Comp  |  Pin | Size |  BW  | S x BW |
|--------|------|------|------|--------|
|  Total |      |      |      |    0   |
|--------|------|------|------|--------|



* Summary:
+-----------+--------+--------+
|           |   FF   |   LUT  |
+-----------+--------+--------+
|  Function |    0   |   52   |
|   Memory  |    -   |    -   |
|Multiplexer|    -   |    -   |
|  Register |   540  |    -   |
+-----------+--------+--------+
|   Total   |   540  |   52   |
+-----------+--------+--------+
