

================================================================
== Vitis HLS Report for 'sha256Digest_256_s'
================================================================
* Date:           Tue Oct 21 20:19:07 2025

* Version:        2024.2 (Build 5238294 on Nov  8 2024)
* Project:        hmac_sha256_test.prj
* Solution:       solution1 (Vivado IP Flow Target)
* Product family: zynq
* Target device:  xc7z020-clg484-1


================================================================
== Performance Estimates
================================================================
+ Timing: 
    * Summary: 
    +--------+----------+-----------+------------+
    |  Clock |  Target  | Estimated | Uncertainty|
    +--------+----------+-----------+------------+
    |ap_clk  |  15.00 ns|  12.882 ns|     1.50 ns|
    +--------+----------+-----------+------------+

+ Latency: 
    * Summary: 
    +---------+---------+----------+----------+-----+-----+---------+
    |  Latency (cycles) |  Latency (absolute) |  Interval | Pipeline|
    |   min   |   max   |    min   |    max   | min | max |   Type  |
    +---------+---------+----------+----------+-----+-----+---------+
    |        ?|        ?|         ?|         ?|    ?|    ?|       no|
    +---------+---------+----------+----------+-----+-----+---------+

    + Detail: 
        * Instance: 
        +-------------------------------------------------------------------+--------------------------------------------------------+---------+---------+----------+----------+-----+-----+------------------------------------------------+
        |                                                                   |                                                        |  Latency (cycles) |  Latency (absolute) |  Interval |                    Pipeline                    |
        |                              Instance                             |                         Module                         |   min   |   max   |    min   |    max   | min | max |                      Type                      |
        +-------------------------------------------------------------------+--------------------------------------------------------+---------+---------+----------+----------+-----+-----+------------------------------------------------+
        |grp_sha256Digest_256_Pipeline_LOOP_SHA256_UPDATE_64_ROUNDS_fu_272  |sha256Digest_256_Pipeline_LOOP_SHA256_UPDATE_64_ROUNDS  |       68|       68|  1.020 us|  1.020 us|   65|   65|  loop auto-rewind stp (delay=0 clock cycles(s))|
        +-------------------------------------------------------------------+--------------------------------------------------------+---------+---------+----------+----------+-----+-----+------------------------------------------------+

        * Loop: 
        +----------------------------+---------+---------+----------+-----------+-----------+------+----------+
        |                            |  Latency (cycles) | Iteration|  Initiation Interval  | Trip |          |
        |          Loop Name         |   min   |   max   |  Latency |  achieved |   target  | Count| Pipelined|
        +----------------------------+---------+---------+----------+-----------+-----------+------+----------+
        |- LOOP_SHA256_DIGEST_MAIN   |        ?|        ?|        73|          -|          -|     ?|        no|
        | + LOOP_SHA256_DIGEST_NBLK  |       71|       71|        71|          -|          -|     1|        no|
        +----------------------------+---------+---------+----------+-----------+-----------+------+----------+



================================================================
== Utilization Estimates
================================================================
* Summary: 
+-----------------+---------+-----+--------+-------+-----+
|       Name      | BRAM_18K| DSP |   FF   |  LUT  | URAM|
+-----------------+---------+-----+--------+-------+-----+
|DSP              |        -|    -|       -|      -|    -|
|Expression       |        -|    -|       0|    148|    -|
|FIFO             |        -|    -|       -|      -|    -|
|Instance         |        -|    -|     637|   1375|    -|
|Memory           |        -|    -|       -|      -|    -|
|Multiplexer      |        -|    -|       0|    171|    -|
|Register         |        -|    -|     456|      -|    -|
+-----------------+---------+-----+--------+-------+-----+
|Total            |        0|    0|    1093|   1694|    0|
+-----------------+---------+-----+--------+-------+-----+
|Available        |      280|  220|  106400|  53200|    0|
+-----------------+---------+-----+--------+-------+-----+
|Utilization (%)  |        0|    0|       1|      3|    0|
+-----------------+---------+-----+--------+-------+-----+

+ Detail: 
    * Instance: 
    +-------------------------------------------------------------------+--------------------------------------------------------+---------+----+-----+------+-----+
    |                              Instance                             |                         Module                         | BRAM_18K| DSP|  FF |  LUT | URAM|
    +-------------------------------------------------------------------+--------------------------------------------------------+---------+----+-----+------+-----+
    |grp_sha256Digest_256_Pipeline_LOOP_SHA256_UPDATE_64_ROUNDS_fu_272  |sha256Digest_256_Pipeline_LOOP_SHA256_UPDATE_64_ROUNDS  |        0|   0|  637|  1375|    0|
    +-------------------------------------------------------------------+--------------------------------------------------------+---------+----+-----+------+-----+
    |Total                                                              |                                                        |        0|   0|  637|  1375|    0|
    +-------------------------------------------------------------------+--------------------------------------------------------+---------+----+-----+------+-----+

    * DSP: 
    N/A

    * Memory: 
    N/A

    * FIFO: 
    N/A

    * Expression: 
    +----------------------+----------+----+---+----+------------+------------+
    |     Variable Name    | Operation| DSP| FF| LUT| Bitwidth P0| Bitwidth P1|
    +----------------------+----------+----+---+----+------------+------------+
    |n_1_fu_307_p2         |         +|   0|  0|  71|          64|           1|
    |icmp_ln663_fu_302_p2  |      icmp|   0|  0|  71|          64|          64|
    |ap_block_state1       |        or|   0|  0|   2|           1|           1|
    |ap_block_state2       |        or|   0|  0|   2|           1|           1|
    |ap_block_state3       |        or|   0|  0|   2|           1|           1|
    +----------------------+----------+----+---+----+------------+------------+
    |Total                 |          |   0|  0| 148|         131|          68|
    +----------------------+----------+----+---+----+------------+------------+

    * Multiplexer: 
    +----------------------+----+-----------+-----+-----------+
    |         Name         | LUT| Input Size| Bits| Total Bits|
    +----------------------+----+-----------+-----+-----------+
    |a_reg_249             |   9|          2|   32|         64|
    |ap_NS_fsm             |  31|          6|    1|          6|
    |ap_done               |   9|          2|    1|          2|
    |b_reg_237             |   9|          2|   32|         64|
    |c_reg_225             |   9|          2|   32|         64|
    |d_reg_213             |   9|          2|   32|         64|
    |eMsgHashStrm_blk_n    |   9|          2|    1|          2|
    |eMsgHashStrm_din      |  14|          3|    1|          3|
    |e_reg_201             |   9|          2|   32|         64|
    |end_nblk_strm2_blk_n  |   9|          2|    1|          2|
    |f_reg_189             |   9|          2|   32|         64|
    |g_reg_177             |   9|          2|   32|         64|
    |h_reg_165             |   9|          2|   32|         64|
    |msgHashStrm_blk_n     |   9|          2|    1|          2|
    |n_reg_261             |   9|          2|   64|        128|
    |nblk_strm2_blk_n      |   9|          2|    1|          2|
    +----------------------+----+-----------+-----+-----------+
    |Total                 | 171|         37|  327|        659|
    +----------------------+----+-----------+-----+-----------+

    * Register: 
    +--------------------------------------------------------------------------------+----+----+-----+-----------+
    |                                      Name                                      | FF | LUT| Bits| Const Bits|
    +--------------------------------------------------------------------------------+----+----+-----+-----------+
    |a_reg_249                                                                       |  32|   0|   32|          0|
    |ap_CS_fsm                                                                       |   5|   0|    5|          0|
    |ap_done_reg                                                                     |   1|   0|    1|          0|
    |b_reg_237                                                                       |  32|   0|   32|          0|
    |blk_num_reg_731                                                                 |  64|   0|   64|          0|
    |c_reg_225                                                                       |  32|   0|   32|          0|
    |d_reg_213                                                                       |  32|   0|   32|          0|
    |e_reg_201                                                                       |  32|   0|   32|          0|
    |end_flag_1_reg_156                                                              |   1|   0|    1|          0|
    |f_reg_189                                                                       |  32|   0|   32|          0|
    |g_reg_177                                                                       |  32|   0|   32|          0|
    |grp_sha256Digest_256_Pipeline_LOOP_SHA256_UPDATE_64_ROUNDS_fu_272_ap_start_reg  |   1|   0|    1|          0|
    |h_reg_165                                                                       |  32|   0|   32|          0|
    |n_1_reg_739                                                                     |  64|   0|   64|          0|
    |n_reg_261                                                                       |  64|   0|   64|          0|
    +--------------------------------------------------------------------------------+----+----+-----+-----------+
    |Total                                                                           | 456|   0|  456|          0|
    +--------------------------------------------------------------------------------+----+----+-----+-----------+



================================================================
== Interface
================================================================
* Summary: 
+-------------------------------+-----+-----+------------+-------------------+--------------+
|           RTL Ports           | Dir | Bits|  Protocol  |   Source Object   |    C Type    |
+-------------------------------+-----+-----+------------+-------------------+--------------+
|ap_clk                         |   in|    1|  ap_ctrl_hs|  sha256Digest<256>|  return value|
|ap_rst                         |   in|    1|  ap_ctrl_hs|  sha256Digest<256>|  return value|
|ap_start                       |   in|    1|  ap_ctrl_hs|  sha256Digest<256>|  return value|
|ap_done                        |  out|    1|  ap_ctrl_hs|  sha256Digest<256>|  return value|
|ap_continue                    |   in|    1|  ap_ctrl_hs|  sha256Digest<256>|  return value|
|ap_idle                        |  out|    1|  ap_ctrl_hs|  sha256Digest<256>|  return value|
|ap_ready                       |  out|    1|  ap_ctrl_hs|  sha256Digest<256>|  return value|
|nblk_strm2_dout                |   in|   64|     ap_fifo|         nblk_strm2|       pointer|
|nblk_strm2_empty_n             |   in|    1|     ap_fifo|         nblk_strm2|       pointer|
|nblk_strm2_read                |  out|    1|     ap_fifo|         nblk_strm2|       pointer|
|nblk_strm2_num_data_valid      |   in|    6|     ap_fifo|         nblk_strm2|       pointer|
|nblk_strm2_fifo_cap            |   in|    6|     ap_fifo|         nblk_strm2|       pointer|
|end_nblk_strm2_dout            |   in|    1|     ap_fifo|     end_nblk_strm2|       pointer|
|end_nblk_strm2_empty_n         |   in|    1|     ap_fifo|     end_nblk_strm2|       pointer|
|end_nblk_strm2_read            |  out|    1|     ap_fifo|     end_nblk_strm2|       pointer|
|end_nblk_strm2_num_data_valid  |   in|    6|     ap_fifo|     end_nblk_strm2|       pointer|
|end_nblk_strm2_fifo_cap        |   in|    6|     ap_fifo|     end_nblk_strm2|       pointer|
|w_strm_dout                    |   in|   32|     ap_fifo|             w_strm|       pointer|
|w_strm_empty_n                 |   in|    1|     ap_fifo|             w_strm|       pointer|
|w_strm_read                    |  out|    1|     ap_fifo|             w_strm|       pointer|
|w_strm_num_data_valid          |   in|    6|     ap_fifo|             w_strm|       pointer|
|w_strm_fifo_cap                |   in|    6|     ap_fifo|             w_strm|       pointer|
|msgHashStrm_din                |  out|  256|     ap_fifo|        msgHashStrm|       pointer|
|msgHashStrm_full_n             |   in|    1|     ap_fifo|        msgHashStrm|       pointer|
|msgHashStrm_write              |  out|    1|     ap_fifo|        msgHashStrm|       pointer|
|msgHashStrm_num_data_valid     |   in|    3|     ap_fifo|        msgHashStrm|       pointer|
|msgHashStrm_fifo_cap           |   in|    3|     ap_fifo|        msgHashStrm|       pointer|
|eMsgHashStrm_din               |  out|    1|     ap_fifo|       eMsgHashStrm|       pointer|
|eMsgHashStrm_full_n            |   in|    1|     ap_fifo|       eMsgHashStrm|       pointer|
|eMsgHashStrm_write             |  out|    1|     ap_fifo|       eMsgHashStrm|       pointer|
|eMsgHashStrm_num_data_valid    |   in|    3|     ap_fifo|       eMsgHashStrm|       pointer|
|eMsgHashStrm_fifo_cap          |   in|    3|     ap_fifo|       eMsgHashStrm|       pointer|
+-------------------------------+-----+-----+------------+-------------------+--------------+

============================================================
+ Verbose Summary: Synthesis Manager
============================================================
InlineROM: 1
ExposeGlobal: 0
============================================================
+ Verbose Summary: CDFG Model
============================================================
IsTopModel: 0
ResetActiveHigh: 1
IsCombinational: 2
IsDatapathOnly: 0
HasWiredReturn: 1
HasMFsm: 0
HasVarLatency: 1
IsPipeline: 0
IsRtlPipelined: 0
IsInstanceOverlapped: 0
IsDontTouch: 0
HasImplIP: 0
IsGatedGlobalClock: 0


============================================================
+ Verbose Summary: Schedule
============================================================
* Number of FSM states : 5
* Pipeline : 0
* Dataflow Pipeline: 0

* FSM state transitions: 
1 --> 2 
2 --> 3 
3 --> 4 2 
4 --> 5 
5 --> 3 

* FSM state operations: 

State 1 <SV = 0> <Delay = 3.72>
ST_1 : Operation 6 [1/1] (0.00ns)   --->   "%add_ln6951_loc = alloca i64 1"   --->   Operation 6 'alloca' 'add_ln6951_loc' <Predicate = true> <Delay = 0.00>
ST_1 : Operation 7 [1/1] (0.00ns)   --->   "%add_ln6942_loc = alloca i64 1"   --->   Operation 7 'alloca' 'add_ln6942_loc' <Predicate = true> <Delay = 0.00>
ST_1 : Operation 8 [1/1] (0.00ns)   --->   "%add_ln6933_loc = alloca i64 1"   --->   Operation 8 'alloca' 'add_ln6933_loc' <Predicate = true> <Delay = 0.00>
ST_1 : Operation 9 [1/1] (0.00ns)   --->   "%add_ln6924_loc = alloca i64 1"   --->   Operation 9 'alloca' 'add_ln6924_loc' <Predicate = true> <Delay = 0.00>
ST_1 : Operation 10 [1/1] (0.00ns)   --->   "%add_ln6915_loc = alloca i64 1"   --->   Operation 10 'alloca' 'add_ln6915_loc' <Predicate = true> <Delay = 0.00>
ST_1 : Operation 11 [1/1] (0.00ns)   --->   "%add_ln6906_loc = alloca i64 1"   --->   Operation 11 'alloca' 'add_ln6906_loc' <Predicate = true> <Delay = 0.00>
ST_1 : Operation 12 [1/1] (0.00ns)   --->   "%add_ln6897_loc = alloca i64 1"   --->   Operation 12 'alloca' 'add_ln6897_loc' <Predicate = true> <Delay = 0.00>
ST_1 : Operation 13 [1/1] (0.00ns)   --->   "%add_ln6888_loc = alloca i64 1"   --->   Operation 13 'alloca' 'add_ln6888_loc' <Predicate = true> <Delay = 0.00>
ST_1 : Operation 14 [1/1] (0.00ns)   --->   "%specmemcore_ln0 = specmemcore void @_ssdm_op_SpecMemCore, i32 %w_strm, i64 666, i64 9, i64 18446744073709551615"   --->   Operation 14 'specmemcore' 'specmemcore_ln0' <Predicate = true> <Delay = 0.00>
ST_1 : Operation 15 [1/1] (0.00ns)   --->   "%specmemcore_ln0 = specmemcore void @_ssdm_op_SpecMemCore, i1 %end_nblk_strm2, i64 666, i64 9, i64 18446744073709551615"   --->   Operation 15 'specmemcore' 'specmemcore_ln0' <Predicate = true> <Delay = 0.00>
ST_1 : Operation 16 [1/1] (0.00ns)   --->   "%specmemcore_ln0 = specmemcore void @_ssdm_op_SpecMemCore, i64 %nblk_strm2, i64 666, i64 9, i64 18446744073709551615"   --->   Operation 16 'specmemcore' 'specmemcore_ln0' <Predicate = true> <Delay = 0.00>
ST_1 : Operation 17 [1/1] (0.00ns)   --->   "%specmemcore_ln0 = specmemcore void @_ssdm_op_SpecMemCore, i256 %msgHashStrm, i64 666, i64 9, i64 18446744073709551615"   --->   Operation 17 'specmemcore' 'specmemcore_ln0' <Predicate = true> <Delay = 0.00>
ST_1 : Operation 18 [1/1] (0.00ns)   --->   "%specmemcore_ln0 = specmemcore void @_ssdm_op_SpecMemCore, i1 %eMsgHashStrm, i64 666, i64 9, i64 18446744073709551615"   --->   Operation 18 'specmemcore' 'specmemcore_ln0' <Predicate = true> <Delay = 0.00>
ST_1 : Operation 19 [1/1] (0.00ns)   --->   "%specinterface_ln0 = specinterface void @_ssdm_op_SpecInterface, i32 %w_strm, void @empty_3, i32 0, i32 0, void @empty_1, i32 0, i32 0, void @empty_1, void @empty_1, void @empty_1, i32 0, i32 0, i32 0, i32 0, void @empty_1, void @empty_1, i32 4294967295, i32 0, i32 0"   --->   Operation 19 'specinterface' 'specinterface_ln0' <Predicate = true> <Delay = 0.00>
ST_1 : Operation 20 [1/1] (0.00ns)   --->   "%specinterface_ln0 = specinterface void @_ssdm_op_SpecInterface, i1 %end_nblk_strm2, void @empty_3, i32 0, i32 0, void @empty_1, i32 0, i32 0, void @empty_1, void @empty_1, void @empty_1, i32 0, i32 0, i32 0, i32 0, void @empty_1, void @empty_1, i32 4294967295, i32 0, i32 0"   --->   Operation 20 'specinterface' 'specinterface_ln0' <Predicate = true> <Delay = 0.00>
ST_1 : Operation 21 [1/1] (0.00ns)   --->   "%specinterface_ln0 = specinterface void @_ssdm_op_SpecInterface, i64 %nblk_strm2, void @empty_3, i32 0, i32 0, void @empty_1, i32 0, i32 0, void @empty_1, void @empty_1, void @empty_1, i32 0, i32 0, i32 0, i32 0, void @empty_1, void @empty_1, i32 4294967295, i32 0, i32 0"   --->   Operation 21 'specinterface' 'specinterface_ln0' <Predicate = true> <Delay = 0.00>
ST_1 : Operation 22 [1/1] (0.00ns)   --->   "%specinterface_ln0 = specinterface void @_ssdm_op_SpecInterface, i1 %eMsgHashStrm, void @empty_3, i32 0, i32 0, void @empty_1, i32 0, i32 0, void @empty_1, void @empty_1, void @empty_1, i32 0, i32 0, i32 0, i32 0, void @empty_1, void @empty_1, i32 4294967295, i32 0, i32 0"   --->   Operation 22 'specinterface' 'specinterface_ln0' <Predicate = true> <Delay = 0.00>
ST_1 : Operation 23 [1/1] (0.00ns)   --->   "%specinterface_ln0 = specinterface void @_ssdm_op_SpecInterface, i256 %msgHashStrm, void @empty_3, i32 0, i32 0, void @empty_1, i32 0, i32 0, void @empty_1, void @empty_1, void @empty_1, i32 0, i32 0, i32 0, i32 0, void @empty_1, void @empty_1, i32 4294967295, i32 0, i32 0"   --->   Operation 23 'specinterface' 'specinterface_ln0' <Predicate = true> <Delay = 0.00>
ST_1 : Operation 24 [1/1] ( I:3.72ns O:3.72ns )   --->   "%end_flag = read i1 @_ssdm_op_Read.ap_fifo.volatile.i1P0A, i1 %end_nblk_strm2" [D:/hlstrack/hlstrack2025-master/security/L1/tests/hmac/sha256/../../../../L1/include\xf_security/sha224_256.hpp:632]   --->   Operation 24 'read' 'end_flag' <Predicate = true> <Delay = 3.72> <CoreInst = "FIFO_LUTRAM">   --->   Core 79 'FIFO_LUTRAM' <Latency = 0> <II = 1> <Delay = 3.72> <Storage> <Opcode : 'read' 'write' 'nbread' 'nbwrite'> <Ports = 0> <Width = 1> <Depth = 32> <FIFO>
ST_1 : Operation 25 [1/1] (1.58ns)   --->   "%br_ln632 = br void %for.cond" [D:/hlstrack/hlstrack2025-master/security/L1/tests/hmac/sha256/../../../../L1/include\xf_security/sha224_256.hpp:632]   --->   Operation 25 'br' 'br_ln632' <Predicate = true> <Delay = 1.58>

State 2 <SV = 1> <Delay = 3.72>
ST_2 : Operation 26 [1/1] (0.00ns)   --->   "%end_flag_1 = phi i1 %end_flag, void %entry, i1 %end_flag_2, void %for.inc123.loopexit"   --->   Operation 26 'phi' 'end_flag_1' <Predicate = true> <Delay = 0.00>
ST_2 : Operation 27 [1/1] (0.00ns)   --->   "%br_ln632 = br i1 %end_flag_1, void %LOOP_SHA256_DIGEST_NBLK, void %for.end129" [D:/hlstrack/hlstrack2025-master/security/L1/tests/hmac/sha256/../../../../L1/include\xf_security/sha224_256.hpp:632]   --->   Operation 27 'br' 'br_ln632' <Predicate = true> <Delay = 0.00>
ST_2 : Operation 28 [1/1] (0.00ns)   --->   "%specloopname_ln632 = specloopname void @_ssdm_op_SpecLoopName, void @empty_4" [D:/hlstrack/hlstrack2025-master/security/L1/tests/hmac/sha256/../../../../L1/include\xf_security/sha224_256.hpp:632]   --->   Operation 28 'specloopname' 'specloopname_ln632' <Predicate = (!end_flag_1)> <Delay = 0.00>
ST_2 : Operation 29 [1/1] ( I:3.72ns O:3.72ns )   --->   "%blk_num = read i64 @_ssdm_op_Read.ap_fifo.volatile.i64P0A, i64 %nblk_strm2" [D:/hlstrack/hlstrack2025-master/security/L1/tests/hmac/sha256/../../../../L1/include\xf_security/sha224_256.hpp:634]   --->   Operation 29 'read' 'blk_num' <Predicate = (!end_flag_1)> <Delay = 3.72> <CoreInst = "FIFO_LUTRAM">   --->   Core 79 'FIFO_LUTRAM' <Latency = 0> <II = 1> <Delay = 3.72> <Storage> <Opcode : 'read' 'write' 'nbread' 'nbwrite'> <Ports = 0> <Width = 64> <Depth = 32> <FIFO>
ST_2 : Operation 30 [1/1] (1.58ns)   --->   "%br_ln663 = br void %LOOP_SHA256_UPDATE_64_ROUNDS" [D:/hlstrack/hlstrack2025-master/security/L1/tests/hmac/sha256/../../../../L1/include\xf_security/sha224_256.hpp:663]   --->   Operation 30 'br' 'br_ln663' <Predicate = (!end_flag_1)> <Delay = 1.58>
ST_2 : Operation 31 [1/1] ( I:3.63ns O:3.63ns )   --->   "%write_ln734 = write void @_ssdm_op_Write.ap_fifo.volatile.i1P0A, i1 %eMsgHashStrm, i1 1" [D:/hlstrack/hlstrack2025-master/security/L1/tests/hmac/sha256/../../../../L1/include\xf_security/sha224_256.hpp:734]   --->   Operation 31 'write' 'write_ln734' <Predicate = (end_flag_1)> <Delay = 3.63> <CoreInst = "FIFO_LUTRAM">   --->   Core 79 'FIFO_LUTRAM' <Latency = 0> <II = 1> <Delay = 3.63> <Storage> <Opcode : 'read' 'write' 'nbread' 'nbwrite'> <Ports = 0> <Width = 1> <Depth = 4> <FIFO>
ST_2 : Operation 32 [1/1] (0.00ns)   --->   "%ret_ln736 = ret" [D:/hlstrack/hlstrack2025-master/security/L1/tests/hmac/sha256/../../../../L1/include\xf_security/sha224_256.hpp:736]   --->   Operation 32 'ret' 'ret_ln736' <Predicate = (end_flag_1)> <Delay = 0.00>

State 3 <SV = 2> <Delay = 7.24>
ST_3 : Operation 33 [1/1] (0.00ns)   --->   "%h = phi i32 1541459225, void %LOOP_SHA256_DIGEST_NBLK, i32 %add_ln6951_loc_load, void %xcl_latency.LOOP_SHA256_UPDATE_64_ROUNDS.1"   --->   Operation 33 'phi' 'h' <Predicate = true> <Delay = 0.00>
ST_3 : Operation 34 [1/1] (0.00ns)   --->   "%g = phi i32 528734635, void %LOOP_SHA256_DIGEST_NBLK, i32 %add_ln6942_loc_load, void %xcl_latency.LOOP_SHA256_UPDATE_64_ROUNDS.1"   --->   Operation 34 'phi' 'g' <Predicate = true> <Delay = 0.00>
ST_3 : Operation 35 [1/1] (0.00ns)   --->   "%f = phi i32 2600822924, void %LOOP_SHA256_DIGEST_NBLK, i32 %add_ln6933_loc_load, void %xcl_latency.LOOP_SHA256_UPDATE_64_ROUNDS.1"   --->   Operation 35 'phi' 'f' <Predicate = true> <Delay = 0.00>
ST_3 : Operation 36 [1/1] (0.00ns)   --->   "%e = phi i32 1359893119, void %LOOP_SHA256_DIGEST_NBLK, i32 %add_ln6924_loc_load, void %xcl_latency.LOOP_SHA256_UPDATE_64_ROUNDS.1"   --->   Operation 36 'phi' 'e' <Predicate = true> <Delay = 0.00>
ST_3 : Operation 37 [1/1] (0.00ns)   --->   "%d = phi i32 2773480762, void %LOOP_SHA256_DIGEST_NBLK, i32 %add_ln6915_loc_load, void %xcl_latency.LOOP_SHA256_UPDATE_64_ROUNDS.1"   --->   Operation 37 'phi' 'd' <Predicate = true> <Delay = 0.00>
ST_3 : Operation 38 [1/1] (0.00ns)   --->   "%c = phi i32 1013904242, void %LOOP_SHA256_DIGEST_NBLK, i32 %add_ln6906_loc_load, void %xcl_latency.LOOP_SHA256_UPDATE_64_ROUNDS.1"   --->   Operation 38 'phi' 'c' <Predicate = true> <Delay = 0.00>
ST_3 : Operation 39 [1/1] (0.00ns)   --->   "%b = phi i32 3144134277, void %LOOP_SHA256_DIGEST_NBLK, i32 %add_ln6897_loc_load, void %xcl_latency.LOOP_SHA256_UPDATE_64_ROUNDS.1"   --->   Operation 39 'phi' 'b' <Predicate = true> <Delay = 0.00>
ST_3 : Operation 40 [1/1] (0.00ns)   --->   "%a = phi i32 1779033703, void %LOOP_SHA256_DIGEST_NBLK, i32 %add_ln6888_loc_load, void %xcl_latency.LOOP_SHA256_UPDATE_64_ROUNDS.1"   --->   Operation 40 'phi' 'a' <Predicate = true> <Delay = 0.00>
ST_3 : Operation 41 [1/1] (0.00ns)   --->   "%n = phi i64 0, void %LOOP_SHA256_DIGEST_NBLK, i64 %n_1, void %xcl_latency.LOOP_SHA256_UPDATE_64_ROUNDS.1"   --->   Operation 41 'phi' 'n' <Predicate = true> <Delay = 0.00>
ST_3 : Operation 42 [1/1] (3.52ns)   --->   "%icmp_ln663 = icmp_eq  i64 %n, i64 %blk_num" [D:/hlstrack/hlstrack2025-master/security/L1/tests/hmac/sha256/../../../../L1/include\xf_security/sha224_256.hpp:663]   --->   Operation 42 'icmp' 'icmp_ln663' <Predicate = true> <Delay = 3.52> <CoreInst = "Cmp">   --->   Core 9 'Cmp' <Latency = 0> <II = 1> <Delay = 3.52> <FuncUnit> <Opcode : 'seteq' 'setne' 'setle' 'setge' 'setlt' 'setgt'> <InPorts = 2> <OutPorts = 1>
ST_3 : Operation 43 [1/1] (3.52ns)   --->   "%n_1 = add i64 %n, i64 1" [D:/hlstrack/hlstrack2025-master/security/L1/tests/hmac/sha256/../../../../L1/include\xf_security/sha224_256.hpp:663]   --->   Operation 43 'add' 'n_1' <Predicate = true> <Delay = 3.52> <CoreInst = "Adder">   --->   Core 1 'Adder' <Latency = 0> <II = 1> <Delay = 3.52> <FuncUnit> <Opcode : 'add' 'sub'> <InPorts = 2> <OutPorts = 1>
ST_3 : Operation 44 [1/1] (0.00ns)   --->   "%br_ln663 = br i1 %icmp_ln663, void %xcl_latency.LOOP_SHA256_UPDATE_64_ROUNDS.1, void %for.inc123.loopexit" [D:/hlstrack/hlstrack2025-master/security/L1/tests/hmac/sha256/../../../../L1/include\xf_security/sha224_256.hpp:663]   --->   Operation 44 'br' 'br_ln663' <Predicate = true> <Delay = 0.00>
ST_3 : Operation 45 [2/2] (1.58ns)   --->   "%call_ln0 = call void @sha256Digest<256>_Pipeline_LOOP_SHA256_UPDATE_64_ROUNDS, i32 %h, i32 %g, i32 %f, i32 %e, i32 %d, i32 %c, i32 %b, i32 %a, i32 %w_strm, i32 %add_ln6888_loc, i32 %add_ln6897_loc, i32 %add_ln6906_loc, i32 %add_ln6915_loc, i32 %add_ln6924_loc, i32 %add_ln6933_loc, i32 %add_ln6942_loc, i32 %add_ln6951_loc"   --->   Operation 45 'call' 'call_ln0' <Predicate = (!icmp_ln663)> <Delay = 1.58> <CoreType = "Generic">   --->   Generic Core
ST_3 : Operation 46 [1/1] (0.00ns)   --->   "%t0 = partselect i8 @_ssdm_op_PartSelect.i8.i32.i32.i32, i32 %a, i32 24, i32 31" [D:/hlstrack/hlstrack2025-master/security/L1/tests/hmac/sha256/../../../../L1/include\xf_security/sha224_256.hpp:722]   --->   Operation 46 'partselect' 't0' <Predicate = (icmp_ln663)> <Delay = 0.00>
ST_3 : Operation 47 [1/1] (0.00ns)   --->   "%t3 = trunc i32 %a" [D:/hlstrack/hlstrack2025-master/security/L1/tests/hmac/sha256/../../../../L1/include\xf_security/sha224_256.hpp:725]   --->   Operation 47 'trunc' 't3' <Predicate = (icmp_ln663)> <Delay = 0.00>
ST_3 : Operation 48 [1/1] (0.00ns)   --->   "%tmp = partselect i8 @_ssdm_op_PartSelect.i8.i32.i32.i32, i32 %a, i32 16, i32 23" [D:/hlstrack/hlstrack2025-master/security/L1/tests/hmac/sha256/../../../../L1/include\xf_security/sha224_256.hpp:727]   --->   Operation 48 'partselect' 'tmp' <Predicate = (icmp_ln663)> <Delay = 0.00>
ST_3 : Operation 49 [1/1] (0.00ns)   --->   "%trunc_ln727_8 = partselect i8 @_ssdm_op_PartSelect.i8.i32.i32.i32, i32 %a, i32 8, i32 15" [D:/hlstrack/hlstrack2025-master/security/L1/tests/hmac/sha256/../../../../L1/include\xf_security/sha224_256.hpp:727]   --->   Operation 49 'partselect' 'trunc_ln727_8' <Predicate = (icmp_ln663)> <Delay = 0.00>
ST_3 : Operation 50 [1/1] (0.00ns)   --->   "%t0_1 = partselect i8 @_ssdm_op_PartSelect.i8.i32.i32.i32, i32 %b, i32 24, i32 31" [D:/hlstrack/hlstrack2025-master/security/L1/tests/hmac/sha256/../../../../L1/include\xf_security/sha224_256.hpp:722]   --->   Operation 50 'partselect' 't0_1' <Predicate = (icmp_ln663)> <Delay = 0.00>
ST_3 : Operation 51 [1/1] (0.00ns)   --->   "%t3_1 = trunc i32 %b" [D:/hlstrack/hlstrack2025-master/security/L1/tests/hmac/sha256/../../../../L1/include\xf_security/sha224_256.hpp:725]   --->   Operation 51 'trunc' 't3_1' <Predicate = (icmp_ln663)> <Delay = 0.00>
ST_3 : Operation 52 [1/1] (0.00ns)   --->   "%tmp_1 = partselect i8 @_ssdm_op_PartSelect.i8.i32.i32.i32, i32 %b, i32 16, i32 23" [D:/hlstrack/hlstrack2025-master/security/L1/tests/hmac/sha256/../../../../L1/include\xf_security/sha224_256.hpp:727]   --->   Operation 52 'partselect' 'tmp_1' <Predicate = (icmp_ln663)> <Delay = 0.00>
ST_3 : Operation 53 [1/1] (0.00ns)   --->   "%trunc_ln727_9 = partselect i8 @_ssdm_op_PartSelect.i8.i32.i32.i32, i32 %b, i32 8, i32 15" [D:/hlstrack/hlstrack2025-master/security/L1/tests/hmac/sha256/../../../../L1/include\xf_security/sha224_256.hpp:727]   --->   Operation 53 'partselect' 'trunc_ln727_9' <Predicate = (icmp_ln663)> <Delay = 0.00>
ST_3 : Operation 54 [1/1] (0.00ns)   --->   "%t0_2 = partselect i8 @_ssdm_op_PartSelect.i8.i32.i32.i32, i32 %c, i32 24, i32 31" [D:/hlstrack/hlstrack2025-master/security/L1/tests/hmac/sha256/../../../../L1/include\xf_security/sha224_256.hpp:722]   --->   Operation 54 'partselect' 't0_2' <Predicate = (icmp_ln663)> <Delay = 0.00>
ST_3 : Operation 55 [1/1] (0.00ns)   --->   "%t3_2 = trunc i32 %c" [D:/hlstrack/hlstrack2025-master/security/L1/tests/hmac/sha256/../../../../L1/include\xf_security/sha224_256.hpp:725]   --->   Operation 55 'trunc' 't3_2' <Predicate = (icmp_ln663)> <Delay = 0.00>
ST_3 : Operation 56 [1/1] (0.00ns)   --->   "%tmp_2 = partselect i8 @_ssdm_op_PartSelect.i8.i32.i32.i32, i32 %c, i32 16, i32 23" [D:/hlstrack/hlstrack2025-master/security/L1/tests/hmac/sha256/../../../../L1/include\xf_security/sha224_256.hpp:727]   --->   Operation 56 'partselect' 'tmp_2' <Predicate = (icmp_ln663)> <Delay = 0.00>
ST_3 : Operation 57 [1/1] (0.00ns)   --->   "%trunc_ln727_s = partselect i8 @_ssdm_op_PartSelect.i8.i32.i32.i32, i32 %c, i32 8, i32 15" [D:/hlstrack/hlstrack2025-master/security/L1/tests/hmac/sha256/../../../../L1/include\xf_security/sha224_256.hpp:727]   --->   Operation 57 'partselect' 'trunc_ln727_s' <Predicate = (icmp_ln663)> <Delay = 0.00>
ST_3 : Operation 58 [1/1] (0.00ns)   --->   "%t0_3 = partselect i8 @_ssdm_op_PartSelect.i8.i32.i32.i32, i32 %d, i32 24, i32 31" [D:/hlstrack/hlstrack2025-master/security/L1/tests/hmac/sha256/../../../../L1/include\xf_security/sha224_256.hpp:722]   --->   Operation 58 'partselect' 't0_3' <Predicate = (icmp_ln663)> <Delay = 0.00>
ST_3 : Operation 59 [1/1] (0.00ns)   --->   "%t3_3 = trunc i32 %d" [D:/hlstrack/hlstrack2025-master/security/L1/tests/hmac/sha256/../../../../L1/include\xf_security/sha224_256.hpp:725]   --->   Operation 59 'trunc' 't3_3' <Predicate = (icmp_ln663)> <Delay = 0.00>
ST_3 : Operation 60 [1/1] (0.00ns)   --->   "%tmp_3 = partselect i8 @_ssdm_op_PartSelect.i8.i32.i32.i32, i32 %d, i32 16, i32 23" [D:/hlstrack/hlstrack2025-master/security/L1/tests/hmac/sha256/../../../../L1/include\xf_security/sha224_256.hpp:727]   --->   Operation 60 'partselect' 'tmp_3' <Predicate = (icmp_ln663)> <Delay = 0.00>
ST_3 : Operation 61 [1/1] (0.00ns)   --->   "%trunc_ln727_1 = partselect i8 @_ssdm_op_PartSelect.i8.i32.i32.i32, i32 %d, i32 8, i32 15" [D:/hlstrack/hlstrack2025-master/security/L1/tests/hmac/sha256/../../../../L1/include\xf_security/sha224_256.hpp:727]   --->   Operation 61 'partselect' 'trunc_ln727_1' <Predicate = (icmp_ln663)> <Delay = 0.00>
ST_3 : Operation 62 [1/1] (0.00ns)   --->   "%t0_4 = partselect i8 @_ssdm_op_PartSelect.i8.i32.i32.i32, i32 %e, i32 24, i32 31" [D:/hlstrack/hlstrack2025-master/security/L1/tests/hmac/sha256/../../../../L1/include\xf_security/sha224_256.hpp:722]   --->   Operation 62 'partselect' 't0_4' <Predicate = (icmp_ln663)> <Delay = 0.00>
ST_3 : Operation 63 [1/1] (0.00ns)   --->   "%t3_4 = trunc i32 %e" [D:/hlstrack/hlstrack2025-master/security/L1/tests/hmac/sha256/../../../../L1/include\xf_security/sha224_256.hpp:725]   --->   Operation 63 'trunc' 't3_4' <Predicate = (icmp_ln663)> <Delay = 0.00>
ST_3 : Operation 64 [1/1] (0.00ns)   --->   "%tmp_4 = partselect i8 @_ssdm_op_PartSelect.i8.i32.i32.i32, i32 %e, i32 16, i32 23" [D:/hlstrack/hlstrack2025-master/security/L1/tests/hmac/sha256/../../../../L1/include\xf_security/sha224_256.hpp:727]   --->   Operation 64 'partselect' 'tmp_4' <Predicate = (icmp_ln663)> <Delay = 0.00>
ST_3 : Operation 65 [1/1] (0.00ns)   --->   "%trunc_ln727_2 = partselect i8 @_ssdm_op_PartSelect.i8.i32.i32.i32, i32 %e, i32 8, i32 15" [D:/hlstrack/hlstrack2025-master/security/L1/tests/hmac/sha256/../../../../L1/include\xf_security/sha224_256.hpp:727]   --->   Operation 65 'partselect' 'trunc_ln727_2' <Predicate = (icmp_ln663)> <Delay = 0.00>
ST_3 : Operation 66 [1/1] (0.00ns)   --->   "%t0_5 = partselect i8 @_ssdm_op_PartSelect.i8.i32.i32.i32, i32 %f, i32 24, i32 31" [D:/hlstrack/hlstrack2025-master/security/L1/tests/hmac/sha256/../../../../L1/include\xf_security/sha224_256.hpp:722]   --->   Operation 66 'partselect' 't0_5' <Predicate = (icmp_ln663)> <Delay = 0.00>
ST_3 : Operation 67 [1/1] (0.00ns)   --->   "%t3_5 = trunc i32 %f" [D:/hlstrack/hlstrack2025-master/security/L1/tests/hmac/sha256/../../../../L1/include\xf_security/sha224_256.hpp:725]   --->   Operation 67 'trunc' 't3_5' <Predicate = (icmp_ln663)> <Delay = 0.00>
ST_3 : Operation 68 [1/1] (0.00ns)   --->   "%tmp_5 = partselect i8 @_ssdm_op_PartSelect.i8.i32.i32.i32, i32 %f, i32 16, i32 23" [D:/hlstrack/hlstrack2025-master/security/L1/tests/hmac/sha256/../../../../L1/include\xf_security/sha224_256.hpp:727]   --->   Operation 68 'partselect' 'tmp_5' <Predicate = (icmp_ln663)> <Delay = 0.00>
ST_3 : Operation 69 [1/1] (0.00ns)   --->   "%trunc_ln727_3 = partselect i8 @_ssdm_op_PartSelect.i8.i32.i32.i32, i32 %f, i32 8, i32 15" [D:/hlstrack/hlstrack2025-master/security/L1/tests/hmac/sha256/../../../../L1/include\xf_security/sha224_256.hpp:727]   --->   Operation 69 'partselect' 'trunc_ln727_3' <Predicate = (icmp_ln663)> <Delay = 0.00>
ST_3 : Operation 70 [1/1] (0.00ns)   --->   "%t0_6 = partselect i8 @_ssdm_op_PartSelect.i8.i32.i32.i32, i32 %g, i32 24, i32 31" [D:/hlstrack/hlstrack2025-master/security/L1/tests/hmac/sha256/../../../../L1/include\xf_security/sha224_256.hpp:722]   --->   Operation 70 'partselect' 't0_6' <Predicate = (icmp_ln663)> <Delay = 0.00>
ST_3 : Operation 71 [1/1] (0.00ns)   --->   "%t3_6 = trunc i32 %g" [D:/hlstrack/hlstrack2025-master/security/L1/tests/hmac/sha256/../../../../L1/include\xf_security/sha224_256.hpp:725]   --->   Operation 71 'trunc' 't3_6' <Predicate = (icmp_ln663)> <Delay = 0.00>
ST_3 : Operation 72 [1/1] (0.00ns)   --->   "%tmp_6 = partselect i8 @_ssdm_op_PartSelect.i8.i32.i32.i32, i32 %g, i32 16, i32 23" [D:/hlstrack/hlstrack2025-master/security/L1/tests/hmac/sha256/../../../../L1/include\xf_security/sha224_256.hpp:727]   --->   Operation 72 'partselect' 'tmp_6' <Predicate = (icmp_ln663)> <Delay = 0.00>
ST_3 : Operation 73 [1/1] (0.00ns)   --->   "%trunc_ln727_4 = partselect i8 @_ssdm_op_PartSelect.i8.i32.i32.i32, i32 %g, i32 8, i32 15" [D:/hlstrack/hlstrack2025-master/security/L1/tests/hmac/sha256/../../../../L1/include\xf_security/sha224_256.hpp:727]   --->   Operation 73 'partselect' 'trunc_ln727_4' <Predicate = (icmp_ln663)> <Delay = 0.00>
ST_3 : Operation 74 [1/1] (0.00ns)   --->   "%t0_7 = partselect i8 @_ssdm_op_PartSelect.i8.i32.i32.i32, i32 %h, i32 24, i32 31" [D:/hlstrack/hlstrack2025-master/security/L1/tests/hmac/sha256/../../../../L1/include\xf_security/sha224_256.hpp:722]   --->   Operation 74 'partselect' 't0_7' <Predicate = (icmp_ln663)> <Delay = 0.00>
ST_3 : Operation 75 [1/1] (0.00ns)   --->   "%t3_7 = trunc i32 %h" [D:/hlstrack/hlstrack2025-master/security/L1/tests/hmac/sha256/../../../../L1/include\xf_security/sha224_256.hpp:725]   --->   Operation 75 'trunc' 't3_7' <Predicate = (icmp_ln663)> <Delay = 0.00>
ST_3 : Operation 76 [1/1] (0.00ns)   --->   "%tmp_7 = partselect i8 @_ssdm_op_PartSelect.i8.i32.i32.i32, i32 %h, i32 16, i32 23" [D:/hlstrack/hlstrack2025-master/security/L1/tests/hmac/sha256/../../../../L1/include\xf_security/sha224_256.hpp:727]   --->   Operation 76 'partselect' 'tmp_7' <Predicate = (icmp_ln663)> <Delay = 0.00>
ST_3 : Operation 77 [1/1] (0.00ns)   --->   "%trunc_ln727_5 = partselect i8 @_ssdm_op_PartSelect.i8.i32.i32.i32, i32 %h, i32 8, i32 15" [D:/hlstrack/hlstrack2025-master/security/L1/tests/hmac/sha256/../../../../L1/include\xf_security/sha224_256.hpp:727]   --->   Operation 77 'partselect' 'trunc_ln727_5' <Predicate = (icmp_ln663)> <Delay = 0.00>
ST_3 : Operation 78 [1/1] (0.00ns)   --->   "%w256 = bitconcatenate i256 @_ssdm_op_BitConcatenate.i256.i8.i8.i8.i8.i8.i8.i8.i8.i8.i8.i8.i8.i8.i8.i8.i8.i8.i8.i8.i8.i8.i8.i8.i8.i8.i8.i8.i8.i8.i8.i8.i8, i8 %t3_7, i8 %trunc_ln727_5, i8 %tmp_7, i8 %t0_7, i8 %t3_6, i8 %trunc_ln727_4, i8 %tmp_6, i8 %t0_6, i8 %t3_5, i8 %trunc_ln727_3, i8 %tmp_5, i8 %t0_5, i8 %t3_4, i8 %trunc_ln727_2, i8 %tmp_4, i8 %t0_4, i8 %t3_3, i8 %trunc_ln727_1, i8 %tmp_3, i8 %t0_3, i8 %t3_2, i8 %trunc_ln727_s, i8 %tmp_2, i8 %t0_2, i8 %t3_1, i8 %trunc_ln727_9, i8 %tmp_1, i8 %t0_1, i8 %t3, i8 %trunc_ln727_8, i8 %tmp, i8 %t0" [D:/hlstrack/hlstrack2025-master/security/L1/tests/hmac/sha256/../../../../L1/include\xf_security/sha224_256.hpp:728]   --->   Operation 78 'bitconcatenate' 'w256' <Predicate = (icmp_ln663)> <Delay = 0.00>
ST_3 : Operation 79 [1/1] ( I:3.63ns O:3.63ns )   --->   "%write_ln730 = write void @_ssdm_op_Write.ap_fifo.volatile.i256P0A, i256 %msgHashStrm, i256 %w256" [D:/hlstrack/hlstrack2025-master/security/L1/tests/hmac/sha256/../../../../L1/include\xf_security/sha224_256.hpp:730]   --->   Operation 79 'write' 'write_ln730' <Predicate = (icmp_ln663)> <Delay = 3.63> <CoreInst = "FIFO_LUTRAM">   --->   Core 79 'FIFO_LUTRAM' <Latency = 0> <II = 1> <Delay = 3.63> <Storage> <Opcode : 'read' 'write' 'nbread' 'nbwrite'> <Ports = 0> <Width = 256> <Depth = 4> <FIFO>
ST_3 : Operation 80 [1/1] ( I:3.63ns O:3.63ns )   --->   "%write_ln732 = write void @_ssdm_op_Write.ap_fifo.volatile.i1P0A, i1 %eMsgHashStrm, i1 0" [D:/hlstrack/hlstrack2025-master/security/L1/tests/hmac/sha256/../../../../L1/include\xf_security/sha224_256.hpp:732]   --->   Operation 80 'write' 'write_ln732' <Predicate = (icmp_ln663)> <Delay = 3.63> <CoreInst = "FIFO_LUTRAM">   --->   Core 79 'FIFO_LUTRAM' <Latency = 0> <II = 1> <Delay = 3.63> <Storage> <Opcode : 'read' 'write' 'nbread' 'nbwrite'> <Ports = 0> <Width = 1> <Depth = 4> <FIFO>
ST_3 : Operation 81 [1/1] ( I:3.72ns O:3.72ns )   --->   "%end_flag_2 = read i1 @_ssdm_op_Read.ap_fifo.volatile.i1P0A, i1 %end_nblk_strm2" [D:/hlstrack/hlstrack2025-master/security/L1/tests/hmac/sha256/../../../../L1/include\xf_security/sha224_256.hpp:632]   --->   Operation 81 'read' 'end_flag_2' <Predicate = (icmp_ln663)> <Delay = 3.72> <CoreInst = "FIFO_LUTRAM">   --->   Core 79 'FIFO_LUTRAM' <Latency = 0> <II = 1> <Delay = 3.72> <Storage> <Opcode : 'read' 'write' 'nbread' 'nbwrite'> <Ports = 0> <Width = 1> <Depth = 32> <FIFO>
ST_3 : Operation 82 [1/1] (0.00ns)   --->   "%br_ln632 = br void %for.cond" [D:/hlstrack/hlstrack2025-master/security/L1/tests/hmac/sha256/../../../../L1/include\xf_security/sha224_256.hpp:632]   --->   Operation 82 'br' 'br_ln632' <Predicate = (icmp_ln663)> <Delay = 0.00>

State 4 <SV = 3> <Delay = 0.00>
ST_4 : Operation 83 [1/2] (0.00ns)   --->   "%call_ln0 = call void @sha256Digest<256>_Pipeline_LOOP_SHA256_UPDATE_64_ROUNDS, i32 %h, i32 %g, i32 %f, i32 %e, i32 %d, i32 %c, i32 %b, i32 %a, i32 %w_strm, i32 %add_ln6888_loc, i32 %add_ln6897_loc, i32 %add_ln6906_loc, i32 %add_ln6915_loc, i32 %add_ln6924_loc, i32 %add_ln6933_loc, i32 %add_ln6942_loc, i32 %add_ln6951_loc"   --->   Operation 83 'call' 'call_ln0' <Predicate = true> <Delay = 0.00> <CoreType = "Generic">   --->   Generic Core

State 5 <SV = 4> <Delay = 0.00>
ST_5 : Operation 84 [1/1] (0.00ns)   --->   "%speclooptripcount_ln664 = speclooptripcount void @_ssdm_op_SpecLoopTripCount, i64 1, i64 1, i64 1" [D:/hlstrack/hlstrack2025-master/security/L1/tests/hmac/sha256/../../../../L1/include\xf_security/sha224_256.hpp:664]   --->   Operation 84 'speclooptripcount' 'speclooptripcount_ln664' <Predicate = true> <Delay = 0.00>
ST_5 : Operation 85 [1/1] (0.00ns)   --->   "%specloopname_ln663 = specloopname void @_ssdm_op_SpecLoopName, void @empty_22" [D:/hlstrack/hlstrack2025-master/security/L1/tests/hmac/sha256/../../../../L1/include\xf_security/sha224_256.hpp:663]   --->   Operation 85 'specloopname' 'specloopname_ln663' <Predicate = true> <Delay = 0.00>
ST_5 : Operation 86 [1/1] (0.00ns)   --->   "%rbegin = specregionbegin i32 @_ssdm_op_SpecRegionBegin, void @empty_2" [D:/hlstrack/hlstrack2025-master/security/L1/tests/hmac/sha256/../../../../L1/include\xf_security/sha224_256.hpp:663]   --->   Operation 86 'specregionbegin' 'rbegin' <Predicate = true> <Delay = 0.00>
ST_5 : Operation 87 [1/1] (0.00ns)   --->   "%add_ln6888_loc_load = load i32 %add_ln6888_loc"   --->   Operation 87 'load' 'add_ln6888_loc_load' <Predicate = true> <Delay = 0.00>
ST_5 : Operation 88 [1/1] (0.00ns)   --->   "%add_ln6897_loc_load = load i32 %add_ln6897_loc"   --->   Operation 88 'load' 'add_ln6897_loc_load' <Predicate = true> <Delay = 0.00>
ST_5 : Operation 89 [1/1] (0.00ns)   --->   "%add_ln6906_loc_load = load i32 %add_ln6906_loc"   --->   Operation 89 'load' 'add_ln6906_loc_load' <Predicate = true> <Delay = 0.00>
ST_5 : Operation 90 [1/1] (0.00ns)   --->   "%add_ln6915_loc_load = load i32 %add_ln6915_loc"   --->   Operation 90 'load' 'add_ln6915_loc_load' <Predicate = true> <Delay = 0.00>
ST_5 : Operation 91 [1/1] (0.00ns)   --->   "%add_ln6924_loc_load = load i32 %add_ln6924_loc"   --->   Operation 91 'load' 'add_ln6924_loc_load' <Predicate = true> <Delay = 0.00>
ST_5 : Operation 92 [1/1] (0.00ns)   --->   "%add_ln6933_loc_load = load i32 %add_ln6933_loc"   --->   Operation 92 'load' 'add_ln6933_loc_load' <Predicate = true> <Delay = 0.00>
ST_5 : Operation 93 [1/1] (0.00ns)   --->   "%add_ln6942_loc_load = load i32 %add_ln6942_loc"   --->   Operation 93 'load' 'add_ln6942_loc_load' <Predicate = true> <Delay = 0.00>
ST_5 : Operation 94 [1/1] (0.00ns)   --->   "%add_ln6951_loc_load = load i32 %add_ln6951_loc"   --->   Operation 94 'load' 'add_ln6951_loc_load' <Predicate = true> <Delay = 0.00>
ST_5 : Operation 95 [1/1] (0.00ns)   --->   "%speclatency_ln665 = speclatency void @_ssdm_op_SpecLatency, i64 0, i64 65, void @empty_1" [D:/hlstrack/hlstrack2025-master/security/L1/tests/hmac/sha256/../../../../L1/include\xf_security/sha224_256.hpp:665]   --->   Operation 95 'speclatency' 'speclatency_ln665' <Predicate = true> <Delay = 0.00>
ST_5 : Operation 96 [1/1] (0.00ns)   --->   "%rend = specregionend i32 @_ssdm_op_SpecRegionEnd, void @empty_2, i32 %rbegin" [D:/hlstrack/hlstrack2025-master/security/L1/tests/hmac/sha256/../../../../L1/include\xf_security/sha224_256.hpp:696]   --->   Operation 96 'specregionend' 'rend' <Predicate = true> <Delay = 0.00>
ST_5 : Operation 97 [1/1] (0.00ns)   --->   "%br_ln663 = br void %LOOP_SHA256_UPDATE_64_ROUNDS" [D:/hlstrack/hlstrack2025-master/security/L1/tests/hmac/sha256/../../../../L1/include\xf_security/sha224_256.hpp:663]   --->   Operation 97 'br' 'br_ln663' <Predicate = true> <Delay = 0.00>


============================================================
+ Verbose Summary: Binding
============================================================
STG Binding: 
---------------- STG Properties BEGIN ----------------
- Is combinational: 0
- Is one-state seq: 0
- Is datapath-only: 0
- Is pipelined: 0
- Is top level: 0
Port [ Return ] is wired: 1; IO mode=ap_ctrl_hs:ce=0
Port [ nblk_strm2]:  wired=1; compound=1; hidden=0; nouse=0; global=0; static=0; extern=0; dir=0; type=3; pingpong=0; private_global=0; IO mode=ap_fifo:ce=0
Port [ end_nblk_strm2]:  wired=1; compound=1; hidden=0; nouse=0; global=0; static=0; extern=0; dir=0; type=3; pingpong=0; private_global=0; IO mode=ap_fifo:ce=0
Port [ w_strm]:  wired=1; compound=1; hidden=0; nouse=0; global=0; static=0; extern=0; dir=0; type=3; pingpong=0; private_global=0; IO mode=ap_fifo:ce=0
Port [ msgHashStrm]:  wired=1; compound=1; hidden=0; nouse=0; global=0; static=0; extern=0; dir=1; type=3; pingpong=0; private_global=0; IO mode=ap_fifo:ce=0
Port [ eMsgHashStrm]:  wired=1; compound=1; hidden=0; nouse=0; global=0; static=0; extern=0; dir=1; type=3; pingpong=0; private_global=0; IO mode=ap_fifo:ce=0
---------------- STG Properties END ------------------

---------------- Datapath Model BEGIN ----------------

<LifeTime>
<method=bitvector/>
add_ln6951_loc          (alloca           ) [ 001111]
add_ln6942_loc          (alloca           ) [ 001111]
add_ln6933_loc          (alloca           ) [ 001111]
add_ln6924_loc          (alloca           ) [ 001111]
add_ln6915_loc          (alloca           ) [ 001111]
add_ln6906_loc          (alloca           ) [ 001111]
add_ln6897_loc          (alloca           ) [ 001111]
add_ln6888_loc          (alloca           ) [ 001111]
specmemcore_ln0         (specmemcore      ) [ 000000]
specmemcore_ln0         (specmemcore      ) [ 000000]
specmemcore_ln0         (specmemcore      ) [ 000000]
specmemcore_ln0         (specmemcore      ) [ 000000]
specmemcore_ln0         (specmemcore      ) [ 000000]
specinterface_ln0       (specinterface    ) [ 000000]
specinterface_ln0       (specinterface    ) [ 000000]
specinterface_ln0       (specinterface    ) [ 000000]
specinterface_ln0       (specinterface    ) [ 000000]
specinterface_ln0       (specinterface    ) [ 000000]
end_flag                (read             ) [ 011111]
br_ln632                (br               ) [ 011111]
end_flag_1              (phi              ) [ 001111]
br_ln632                (br               ) [ 000000]
specloopname_ln632      (specloopname     ) [ 000000]
blk_num                 (read             ) [ 000111]
br_ln663                (br               ) [ 001111]
write_ln734             (write            ) [ 000000]
ret_ln736               (ret              ) [ 000000]
h                       (phi              ) [ 000110]
g                       (phi              ) [ 000110]
f                       (phi              ) [ 000110]
e                       (phi              ) [ 000110]
d                       (phi              ) [ 000110]
c                       (phi              ) [ 000110]
b                       (phi              ) [ 000110]
a                       (phi              ) [ 000110]
n                       (phi              ) [ 000100]
icmp_ln663              (icmp             ) [ 001111]
n_1                     (add              ) [ 001111]
br_ln663                (br               ) [ 000000]
t0                      (partselect       ) [ 000000]
t3                      (trunc            ) [ 000000]
tmp                     (partselect       ) [ 000000]
trunc_ln727_8           (partselect       ) [ 000000]
t0_1                    (partselect       ) [ 000000]
t3_1                    (trunc            ) [ 000000]
tmp_1                   (partselect       ) [ 000000]
trunc_ln727_9           (partselect       ) [ 000000]
t0_2                    (partselect       ) [ 000000]
t3_2                    (trunc            ) [ 000000]
tmp_2                   (partselect       ) [ 000000]
trunc_ln727_s           (partselect       ) [ 000000]
t0_3                    (partselect       ) [ 000000]
t3_3                    (trunc            ) [ 000000]
tmp_3                   (partselect       ) [ 000000]
trunc_ln727_1           (partselect       ) [ 000000]
t0_4                    (partselect       ) [ 000000]
t3_4                    (trunc            ) [ 000000]
tmp_4                   (partselect       ) [ 000000]
trunc_ln727_2           (partselect       ) [ 000000]
t0_5                    (partselect       ) [ 000000]
t3_5                    (trunc            ) [ 000000]
tmp_5                   (partselect       ) [ 000000]
trunc_ln727_3           (partselect       ) [ 000000]
t0_6                    (partselect       ) [ 000000]
t3_6                    (trunc            ) [ 000000]
tmp_6                   (partselect       ) [ 000000]
trunc_ln727_4           (partselect       ) [ 000000]
t0_7                    (partselect       ) [ 000000]
t3_7                    (trunc            ) [ 000000]
tmp_7                   (partselect       ) [ 000000]
trunc_ln727_5           (partselect       ) [ 000000]
w256                    (bitconcatenate   ) [ 000000]
write_ln730             (write            ) [ 000000]
write_ln732             (write            ) [ 000000]
end_flag_2              (read             ) [ 011111]
br_ln632                (br               ) [ 011111]
call_ln0                (call             ) [ 000000]
speclooptripcount_ln664 (speclooptripcount) [ 000000]
specloopname_ln663      (specloopname     ) [ 000000]
rbegin                  (specregionbegin  ) [ 000000]
add_ln6888_loc_load     (load             ) [ 001111]
add_ln6897_loc_load     (load             ) [ 001111]
add_ln6906_loc_load     (load             ) [ 001111]
add_ln6915_loc_load     (load             ) [ 001111]
add_ln6924_loc_load     (load             ) [ 001111]
add_ln6933_loc_load     (load             ) [ 001111]
add_ln6942_loc_load     (load             ) [ 001111]
add_ln6951_loc_load     (load             ) [ 001111]
speclatency_ln665       (speclatency      ) [ 000000]
rend                    (specregionend    ) [ 000000]
br_ln663                (br               ) [ 001111]
</LifeTime>

<model>

<comp_list>
<comp id="0" class="1000" name="nblk_strm2">
<pin_list>
<pin id="1" dir="1" index="0" bw="1" slack="0"/>
</pin_list>
<bind>
<StgValue><ssdm name="nblk_strm2"/></StgValue>
</bind>
</comp>

<comp id="2" class="1000" name="end_nblk_strm2">
<pin_list>
<pin id="3" dir="1" index="0" bw="1" slack="0"/>
</pin_list>
<bind>
<StgValue><ssdm name="end_nblk_strm2"/></StgValue>
</bind>
</comp>

<comp id="4" class="1000" name="w_strm">
<pin_list>
<pin id="5" dir="1" index="0" bw="1" slack="0"/>
</pin_list>
<bind>
<StgValue><ssdm name="w_strm"/></StgValue>
</bind>
</comp>

<comp id="6" class="1000" name="msgHashStrm">
<pin_list>
<pin id="7" dir="1" index="0" bw="1" slack="0"/>
</pin_list>
<bind>
<StgValue><ssdm name="msgHashStrm"/></StgValue>
</bind>
</comp>

<comp id="8" class="1000" name="eMsgHashStrm">
<pin_list>
<pin id="9" dir="1" index="0" bw="1" slack="0"/>
</pin_list>
<bind>
<StgValue><ssdm name="eMsgHashStrm"/></StgValue>
</bind>
</comp>

<comp id="10" class="1001" name="const_10">
<pin_list>
<pin id="11" dir="1" index="0" bw="1" slack="0"/>
</pin_list>
<bind>
<StgValue><ssdm name=""/></StgValue>
</bind>
</comp>

<comp id="12" class="1001" name="const_12">
<pin_list>
<pin id="13" dir="1" index="0" bw="1" slack="2147483647"/>
</pin_list>
<bind>
<StgValue><ssdm name="_ssdm_op_SpecMemCore"/></StgValue>
</bind>
</comp>

<comp id="14" class="1001" name="const_14">
<pin_list>
<pin id="15" dir="1" index="0" bw="1" slack="2147483647"/>
</pin_list>
<bind>
<StgValue><ssdm name=""/></StgValue>
</bind>
</comp>

<comp id="16" class="1001" name="const_16">
<pin_list>
<pin id="17" dir="1" index="0" bw="1" slack="2147483647"/>
</pin_list>
<bind>
<StgValue><ssdm name=""/></StgValue>
</bind>
</comp>

<comp id="18" class="1001" name="const_18">
<pin_list>
<pin id="19" dir="1" index="0" bw="1" slack="2147483647"/>
</pin_list>
<bind>
<StgValue><ssdm name=""/></StgValue>
</bind>
</comp>

<comp id="20" class="1001" name="const_20">
<pin_list>
<pin id="21" dir="1" index="0" bw="1" slack="2147483647"/>
</pin_list>
<bind>
<StgValue><ssdm name="_ssdm_op_SpecInterface"/></StgValue>
</bind>
</comp>

<comp id="22" class="1001" name="const_22">
<pin_list>
<pin id="23" dir="1" index="0" bw="1" slack="2147483647"/>
</pin_list>
<bind>
<StgValue><ssdm name="empty_3"/></StgValue>
</bind>
</comp>

<comp id="24" class="1001" name="const_24">
<pin_list>
<pin id="25" dir="1" index="0" bw="1" slack="2147483647"/>
</pin_list>
<bind>
<StgValue><ssdm name=""/></StgValue>
</bind>
</comp>

<comp id="26" class="1001" name="const_26">
<pin_list>
<pin id="27" dir="1" index="0" bw="1" slack="2147483647"/>
</pin_list>
<bind>
<StgValue><ssdm name="empty_1"/></StgValue>
</bind>
</comp>

<comp id="28" class="1001" name="const_28">
<pin_list>
<pin id="29" dir="1" index="0" bw="1" slack="2147483647"/>
</pin_list>
<bind>
<StgValue><ssdm name=""/></StgValue>
</bind>
</comp>

<comp id="30" class="1001" name="const_30">
<pin_list>
<pin id="31" dir="1" index="0" bw="1" slack="0"/>
</pin_list>
<bind>
<StgValue><ssdm name="_ssdm_op_Read.ap_fifo.volatile.i1P0A"/></StgValue>
</bind>
</comp>

<comp id="32" class="1001" name="const_32">
<pin_list>
<pin id="33" dir="1" index="0" bw="1" slack="2147483647"/>
</pin_list>
<bind>
<StgValue><ssdm name="_ssdm_op_SpecLoopName"/></StgValue>
</bind>
</comp>

<comp id="34" class="1001" name="const_34">
<pin_list>
<pin id="35" dir="1" index="0" bw="1" slack="2147483647"/>
</pin_list>
<bind>
<StgValue><ssdm name="empty_4"/></StgValue>
</bind>
</comp>

<comp id="36" class="1001" name="const_36">
<pin_list>
<pin id="37" dir="1" index="0" bw="1" slack="0"/>
</pin_list>
<bind>
<StgValue><ssdm name="_ssdm_op_Read.ap_fifo.volatile.i64P0A"/></StgValue>
</bind>
</comp>

<comp id="38" class="1001" name="const_38">
<pin_list>
<pin id="39" dir="1" index="0" bw="1" slack="0"/>
</pin_list>
<bind>
<StgValue><ssdm name="_ssdm_op_Write.ap_fifo.volatile.i1P0A"/></StgValue>
</bind>
</comp>

<comp id="40" class="1001" name="const_40">
<pin_list>
<pin id="41" dir="1" index="0" bw="1" slack="0"/>
</pin_list>
<bind>
<StgValue><ssdm name=""/></StgValue>
</bind>
</comp>

<comp id="42" class="1001" name="const_42">
<pin_list>
<pin id="43" dir="1" index="0" bw="1" slack="1"/>
</pin_list>
<bind>
<StgValue><ssdm name=""/></StgValue>
</bind>
</comp>

<comp id="44" class="1001" name="const_44">
<pin_list>
<pin id="45" dir="1" index="0" bw="1" slack="1"/>
</pin_list>
<bind>
<StgValue><ssdm name=""/></StgValue>
</bind>
</comp>

<comp id="46" class="1001" name="const_46">
<pin_list>
<pin id="47" dir="1" index="0" bw="1" slack="1"/>
</pin_list>
<bind>
<StgValue><ssdm name=""/></StgValue>
</bind>
</comp>

<comp id="48" class="1001" name="const_48">
<pin_list>
<pin id="49" dir="1" index="0" bw="1" slack="1"/>
</pin_list>
<bind>
<StgValue><ssdm name=""/></StgValue>
</bind>
</comp>

<comp id="50" class="1001" name="const_50">
<pin_list>
<pin id="51" dir="1" index="0" bw="1" slack="1"/>
</pin_list>
<bind>
<StgValue><ssdm name=""/></StgValue>
</bind>
</comp>

<comp id="52" class="1001" name="const_52">
<pin_list>
<pin id="53" dir="1" index="0" bw="1" slack="1"/>
</pin_list>
<bind>
<StgValue><ssdm name=""/></StgValue>
</bind>
</comp>

<comp id="54" class="1001" name="const_54">
<pin_list>
<pin id="55" dir="1" index="0" bw="1" slack="1"/>
</pin_list>
<bind>
<StgValue><ssdm name=""/></StgValue>
</bind>
</comp>

<comp id="56" class="1001" name="const_56">
<pin_list>
<pin id="57" dir="1" index="0" bw="1" slack="1"/>
</pin_list>
<bind>
<StgValue><ssdm name=""/></StgValue>
</bind>
</comp>

<comp id="58" class="1001" name="const_58">
<pin_list>
<pin id="59" dir="1" index="0" bw="1" slack="1"/>
</pin_list>
<bind>
<StgValue><ssdm name=""/></StgValue>
</bind>
</comp>

<comp id="60" class="1001" name="const_60">
<pin_list>
<pin id="61" dir="1" index="0" bw="1" slack="0"/>
</pin_list>
<bind>
<StgValue><ssdm name="sha256Digest<256>_Pipeline_LOOP_SHA256_UPDATE_64_ROUNDS"/></StgValue>
</bind>
</comp>

<comp id="62" class="1001" name="const_62">
<pin_list>
<pin id="63" dir="1" index="0" bw="1" slack="0"/>
</pin_list>
<bind>
<StgValue><ssdm name="_ssdm_op_PartSelect.i8.i32.i32.i32"/></StgValue>
</bind>
</comp>

<comp id="64" class="1001" name="const_64">
<pin_list>
<pin id="65" dir="1" index="0" bw="1" slack="0"/>
</pin_list>
<bind>
<StgValue><ssdm name=""/></StgValue>
</bind>
</comp>

<comp id="66" class="1001" name="const_66">
<pin_list>
<pin id="67" dir="1" index="0" bw="1" slack="0"/>
</pin_list>
<bind>
<StgValue><ssdm name=""/></StgValue>
</bind>
</comp>

<comp id="68" class="1001" name="const_68">
<pin_list>
<pin id="69" dir="1" index="0" bw="1" slack="0"/>
</pin_list>
<bind>
<StgValue><ssdm name=""/></StgValue>
</bind>
</comp>

<comp id="70" class="1001" name="const_70">
<pin_list>
<pin id="71" dir="1" index="0" bw="1" slack="0"/>
</pin_list>
<bind>
<StgValue><ssdm name=""/></StgValue>
</bind>
</comp>

<comp id="72" class="1001" name="const_72">
<pin_list>
<pin id="73" dir="1" index="0" bw="1" slack="0"/>
</pin_list>
<bind>
<StgValue><ssdm name=""/></StgValue>
</bind>
</comp>

<comp id="74" class="1001" name="const_74">
<pin_list>
<pin id="75" dir="1" index="0" bw="1" slack="0"/>
</pin_list>
<bind>
<StgValue><ssdm name=""/></StgValue>
</bind>
</comp>

<comp id="76" class="1001" name="const_76">
<pin_list>
<pin id="77" dir="1" index="0" bw="1" slack="0"/>
</pin_list>
<bind>
<StgValue><ssdm name="_ssdm_op_BitConcatenate.i256.i8.i8.i8.i8.i8.i8.i8.i8.i8.i8.i8.i8.i8.i8.i8.i8.i8.i8.i8.i8.i8.i8.i8.i8.i8.i8.i8.i8.i8.i8.i8.i8"/></StgValue>
</bind>
</comp>

<comp id="78" class="1001" name="const_78">
<pin_list>
<pin id="79" dir="1" index="0" bw="1" slack="0"/>
</pin_list>
<bind>
<StgValue><ssdm name="_ssdm_op_Write.ap_fifo.volatile.i256P0A"/></StgValue>
</bind>
</comp>

<comp id="80" class="1001" name="const_80">
<pin_list>
<pin id="81" dir="1" index="0" bw="1" slack="0"/>
</pin_list>
<bind>
<StgValue><ssdm name=""/></StgValue>
</bind>
</comp>

<comp id="82" class="1001" name="const_82">
<pin_list>
<pin id="83" dir="1" index="0" bw="1" slack="2147483647"/>
</pin_list>
<bind>
<StgValue><ssdm name="_ssdm_op_SpecLoopTripCount"/></StgValue>
</bind>
</comp>

<comp id="84" class="1001" name="const_84">
<pin_list>
<pin id="85" dir="1" index="0" bw="1" slack="2147483647"/>
</pin_list>
<bind>
<StgValue><ssdm name="empty_22"/></StgValue>
</bind>
</comp>

<comp id="86" class="1001" name="const_86">
<pin_list>
<pin id="87" dir="1" index="0" bw="1" slack="2147483647"/>
</pin_list>
<bind>
<StgValue><ssdm name="_ssdm_op_SpecRegionBegin"/></StgValue>
</bind>
</comp>

<comp id="88" class="1001" name="const_88">
<pin_list>
<pin id="89" dir="1" index="0" bw="1" slack="2147483647"/>
</pin_list>
<bind>
<StgValue><ssdm name="empty_2"/></StgValue>
</bind>
</comp>

<comp id="90" class="1001" name="const_90">
<pin_list>
<pin id="91" dir="1" index="0" bw="1" slack="2147483647"/>
</pin_list>
<bind>
<StgValue><ssdm name="_ssdm_op_SpecLatency"/></StgValue>
</bind>
</comp>

<comp id="92" class="1001" name="const_92">
<pin_list>
<pin id="93" dir="1" index="0" bw="1" slack="2147483647"/>
</pin_list>
<bind>
<StgValue><ssdm name=""/></StgValue>
</bind>
</comp>

<comp id="94" class="1001" name="const_94">
<pin_list>
<pin id="95" dir="1" index="0" bw="1" slack="2147483647"/>
</pin_list>
<bind>
<StgValue><ssdm name="_ssdm_op_SpecRegionEnd"/></StgValue>
</bind>
</comp>

<comp id="96" class="1004" name="add_ln6951_loc_fu_96">
<pin_list>
<pin id="97" dir="0" index="0" bw="1" slack="0"/>
<pin id="98" dir="1" index="1" bw="32" slack="2"/>
</pin_list>
<bind>
<opcode="alloca(26) " fcode="alloca"/>
<opset="add_ln6951_loc/1 "/>
</bind>
</comp>

<comp id="100" class="1004" name="add_ln6942_loc_fu_100">
<pin_list>
<pin id="101" dir="0" index="0" bw="1" slack="0"/>
<pin id="102" dir="1" index="1" bw="32" slack="2"/>
</pin_list>
<bind>
<opcode="alloca(26) " fcode="alloca"/>
<opset="add_ln6942_loc/1 "/>
</bind>
</comp>

<comp id="104" class="1004" name="add_ln6933_loc_fu_104">
<pin_list>
<pin id="105" dir="0" index="0" bw="1" slack="0"/>
<pin id="106" dir="1" index="1" bw="32" slack="2"/>
</pin_list>
<bind>
<opcode="alloca(26) " fcode="alloca"/>
<opset="add_ln6933_loc/1 "/>
</bind>
</comp>

<comp id="108" class="1004" name="add_ln6924_loc_fu_108">
<pin_list>
<pin id="109" dir="0" index="0" bw="1" slack="0"/>
<pin id="110" dir="1" index="1" bw="32" slack="2"/>
</pin_list>
<bind>
<opcode="alloca(26) " fcode="alloca"/>
<opset="add_ln6924_loc/1 "/>
</bind>
</comp>

<comp id="112" class="1004" name="add_ln6915_loc_fu_112">
<pin_list>
<pin id="113" dir="0" index="0" bw="1" slack="0"/>
<pin id="114" dir="1" index="1" bw="32" slack="2"/>
</pin_list>
<bind>
<opcode="alloca(26) " fcode="alloca"/>
<opset="add_ln6915_loc/1 "/>
</bind>
</comp>

<comp id="116" class="1004" name="add_ln6906_loc_fu_116">
<pin_list>
<pin id="117" dir="0" index="0" bw="1" slack="0"/>
<pin id="118" dir="1" index="1" bw="32" slack="2"/>
</pin_list>
<bind>
<opcode="alloca(26) " fcode="alloca"/>
<opset="add_ln6906_loc/1 "/>
</bind>
</comp>

<comp id="120" class="1004" name="add_ln6897_loc_fu_120">
<pin_list>
<pin id="121" dir="0" index="0" bw="1" slack="0"/>
<pin id="122" dir="1" index="1" bw="32" slack="2"/>
</pin_list>
<bind>
<opcode="alloca(26) " fcode="alloca"/>
<opset="add_ln6897_loc/1 "/>
</bind>
</comp>

<comp id="124" class="1004" name="add_ln6888_loc_fu_124">
<pin_list>
<pin id="125" dir="0" index="0" bw="1" slack="0"/>
<pin id="126" dir="1" index="1" bw="32" slack="2"/>
</pin_list>
<bind>
<opcode="alloca(26) " fcode="alloca"/>
<opset="add_ln6888_loc/1 "/>
</bind>
</comp>

<comp id="128" class="1004" name="grp_read_fu_128">
<pin_list>
<pin id="129" dir="0" index="0" bw="1" slack="0"/>
<pin id="130" dir="0" index="1" bw="1" slack="0"/>
<pin id="131" dir="1" index="2" bw="1" slack="1"/>
</pin_list>
<bind>
<opcode="read(1150) " fcode="read"/>
<opset="end_flag/1 end_flag_2/3 "/>
</bind>
</comp>

<comp id="134" class="1004" name="blk_num_read_fu_134">
<pin_list>
<pin id="135" dir="0" index="0" bw="64" slack="0"/>
<pin id="136" dir="0" index="1" bw="64" slack="0"/>
<pin id="137" dir="1" index="2" bw="64" slack="1"/>
</pin_list>
<bind>
<opcode="read(1150) " fcode="read"/>
<opset="blk_num/2 "/>
</bind>
</comp>

<comp id="140" class="1004" name="grp_write_fu_140">
<pin_list>
<pin id="141" dir="0" index="0" bw="0" slack="0"/>
<pin id="142" dir="0" index="1" bw="1" slack="0"/>
<pin id="143" dir="0" index="2" bw="1" slack="0"/>
<pin id="144" dir="1" index="3" bw="0" slack="2147483647"/>
</pin_list>
<bind>
<opcode="write(1151) " fcode="write"/>
<opset="write_ln734/2 write_ln732/3 "/>
</bind>
</comp>

<comp id="148" class="1004" name="write_ln730_write_fu_148">
<pin_list>
<pin id="149" dir="0" index="0" bw="0" slack="0"/>
<pin id="150" dir="0" index="1" bw="256" slack="0"/>
<pin id="151" dir="0" index="2" bw="256" slack="0"/>
<pin id="152" dir="1" index="3" bw="0" slack="2147483647"/>
</pin_list>
<bind>
<opcode="write(1151) " fcode="write"/>
<opset="write_ln730/3 "/>
</bind>
</comp>

<comp id="156" class="1005" name="end_flag_1_reg_156">
<pin_list>
<pin id="157" dir="0" index="0" bw="1" slack="2147483647"/>
<pin id="158" dir="1" index="1" bw="1" slack="2147483647"/>
</pin_list>
<bind>
<opset="end_flag_1 (phireg) "/>
</bind>
</comp>

<comp id="159" class="1004" name="end_flag_1_phi_fu_159">
<pin_list>
<pin id="160" dir="0" index="0" bw="1" slack="1"/>
<pin id="161" dir="0" index="1" bw="0" slack="2147483647"/>
<pin id="162" dir="0" index="2" bw="1" slack="1"/>
<pin id="163" dir="0" index="3" bw="0" slack="2147483647"/>
<pin id="164" dir="1" index="4" bw="1" slack="2147483647"/>
</pin_list>
<bind>
<opcode="phi(47) " fcode="phi"/>
<opset="end_flag_1/2 "/>
</bind>
</comp>

<comp id="165" class="1005" name="h_reg_165">
<pin_list>
<pin id="166" dir="0" index="0" bw="32" slack="1"/>
<pin id="167" dir="1" index="1" bw="32" slack="1"/>
</pin_list>
<bind>
<opset="h (phireg) "/>
</bind>
</comp>

<comp id="169" class="1004" name="h_phi_fu_169">
<pin_list>
<pin id="170" dir="0" index="0" bw="32" slack="1"/>
<pin id="171" dir="0" index="1" bw="0" slack="2147483647"/>
<pin id="172" dir="0" index="2" bw="32" slack="2147483647"/>
<pin id="173" dir="0" index="3" bw="0" slack="2147483647"/>
<pin id="174" dir="1" index="4" bw="32" slack="0"/>
</pin_list>
<bind>
<opcode="phi(47) " fcode="phi"/>
<opset="h/3 "/>
</bind>
</comp>

<comp id="177" class="1005" name="g_reg_177">
<pin_list>
<pin id="178" dir="0" index="0" bw="32" slack="1"/>
<pin id="179" dir="1" index="1" bw="32" slack="1"/>
</pin_list>
<bind>
<opset="g (phireg) "/>
</bind>
</comp>

<comp id="181" class="1004" name="g_phi_fu_181">
<pin_list>
<pin id="182" dir="0" index="0" bw="30" slack="1"/>
<pin id="183" dir="0" index="1" bw="0" slack="2147483647"/>
<pin id="184" dir="0" index="2" bw="32" slack="2147483647"/>
<pin id="185" dir="0" index="3" bw="0" slack="2147483647"/>
<pin id="186" dir="1" index="4" bw="32" slack="0"/>
</pin_list>
<bind>
<opcode="phi(47) " fcode="phi"/>
<opset="g/3 "/>
</bind>
</comp>

<comp id="189" class="1005" name="f_reg_189">
<pin_list>
<pin id="190" dir="0" index="0" bw="32" slack="1"/>
<pin id="191" dir="1" index="1" bw="32" slack="1"/>
</pin_list>
<bind>
<opset="f (phireg) "/>
</bind>
</comp>

<comp id="193" class="1004" name="f_phi_fu_193">
<pin_list>
<pin id="194" dir="0" index="0" bw="32" slack="1"/>
<pin id="195" dir="0" index="1" bw="0" slack="2147483647"/>
<pin id="196" dir="0" index="2" bw="32" slack="2147483647"/>
<pin id="197" dir="0" index="3" bw="0" slack="2147483647"/>
<pin id="198" dir="1" index="4" bw="32" slack="0"/>
</pin_list>
<bind>
<opcode="phi(47) " fcode="phi"/>
<opset="f/3 "/>
</bind>
</comp>

<comp id="201" class="1005" name="e_reg_201">
<pin_list>
<pin id="202" dir="0" index="0" bw="32" slack="1"/>
<pin id="203" dir="1" index="1" bw="32" slack="1"/>
</pin_list>
<bind>
<opset="e (phireg) "/>
</bind>
</comp>

<comp id="205" class="1004" name="e_phi_fu_205">
<pin_list>
<pin id="206" dir="0" index="0" bw="32" slack="1"/>
<pin id="207" dir="0" index="1" bw="0" slack="2147483647"/>
<pin id="208" dir="0" index="2" bw="32" slack="2147483647"/>
<pin id="209" dir="0" index="3" bw="0" slack="2147483647"/>
<pin id="210" dir="1" index="4" bw="32" slack="0"/>
</pin_list>
<bind>
<opcode="phi(47) " fcode="phi"/>
<opset="e/3 "/>
</bind>
</comp>

<comp id="213" class="1005" name="d_reg_213">
<pin_list>
<pin id="214" dir="0" index="0" bw="32" slack="1"/>
<pin id="215" dir="1" index="1" bw="32" slack="1"/>
</pin_list>
<bind>
<opset="d (phireg) "/>
</bind>
</comp>

<comp id="217" class="1004" name="d_phi_fu_217">
<pin_list>
<pin id="218" dir="0" index="0" bw="32" slack="1"/>
<pin id="219" dir="0" index="1" bw="0" slack="2147483647"/>
<pin id="220" dir="0" index="2" bw="32" slack="2147483647"/>
<pin id="221" dir="0" index="3" bw="0" slack="2147483647"/>
<pin id="222" dir="1" index="4" bw="32" slack="0"/>
</pin_list>
<bind>
<opcode="phi(47) " fcode="phi"/>
<opset="d/3 "/>
</bind>
</comp>

<comp id="225" class="1005" name="c_reg_225">
<pin_list>
<pin id="226" dir="0" index="0" bw="32" slack="1"/>
<pin id="227" dir="1" index="1" bw="32" slack="1"/>
</pin_list>
<bind>
<opset="c (phireg) "/>
</bind>
</comp>

<comp id="229" class="1004" name="c_phi_fu_229">
<pin_list>
<pin id="230" dir="0" index="0" bw="31" slack="1"/>
<pin id="231" dir="0" index="1" bw="0" slack="2147483647"/>
<pin id="232" dir="0" index="2" bw="32" slack="2147483647"/>
<pin id="233" dir="0" index="3" bw="0" slack="2147483647"/>
<pin id="234" dir="1" index="4" bw="32" slack="0"/>
</pin_list>
<bind>
<opcode="phi(47) " fcode="phi"/>
<opset="c/3 "/>
</bind>
</comp>

<comp id="237" class="1005" name="b_reg_237">
<pin_list>
<pin id="238" dir="0" index="0" bw="32" slack="1"/>
<pin id="239" dir="1" index="1" bw="32" slack="1"/>
</pin_list>
<bind>
<opset="b (phireg) "/>
</bind>
</comp>

<comp id="241" class="1004" name="b_phi_fu_241">
<pin_list>
<pin id="242" dir="0" index="0" bw="32" slack="1"/>
<pin id="243" dir="0" index="1" bw="0" slack="2147483647"/>
<pin id="244" dir="0" index="2" bw="32" slack="2147483647"/>
<pin id="245" dir="0" index="3" bw="0" slack="2147483647"/>
<pin id="246" dir="1" index="4" bw="32" slack="0"/>
</pin_list>
<bind>
<opcode="phi(47) " fcode="phi"/>
<opset="b/3 "/>
</bind>
</comp>

<comp id="249" class="1005" name="a_reg_249">
<pin_list>
<pin id="250" dir="0" index="0" bw="32" slack="1"/>
<pin id="251" dir="1" index="1" bw="32" slack="1"/>
</pin_list>
<bind>
<opset="a (phireg) "/>
</bind>
</comp>

<comp id="253" class="1004" name="a_phi_fu_253">
<pin_list>
<pin id="254" dir="0" index="0" bw="32" slack="1"/>
<pin id="255" dir="0" index="1" bw="0" slack="2147483647"/>
<pin id="256" dir="0" index="2" bw="32" slack="2147483647"/>
<pin id="257" dir="0" index="3" bw="0" slack="2147483647"/>
<pin id="258" dir="1" index="4" bw="32" slack="0"/>
</pin_list>
<bind>
<opcode="phi(47) " fcode="phi"/>
<opset="a/3 "/>
</bind>
</comp>

<comp id="261" class="1005" name="n_reg_261">
<pin_list>
<pin id="262" dir="0" index="0" bw="64" slack="1"/>
<pin id="263" dir="1" index="1" bw="64" slack="1"/>
</pin_list>
<bind>
<opset="n (phireg) "/>
</bind>
</comp>

<comp id="265" class="1004" name="n_phi_fu_265">
<pin_list>
<pin id="266" dir="0" index="0" bw="1" slack="1"/>
<pin id="267" dir="0" index="1" bw="0" slack="2147483647"/>
<pin id="268" dir="0" index="2" bw="64" slack="0"/>
<pin id="269" dir="0" index="3" bw="0" slack="2147483647"/>
<pin id="270" dir="1" index="4" bw="64" slack="0"/>
</pin_list>
<bind>
<opcode="phi(47) " fcode="phi"/>
<opset="n/3 "/>
</bind>
</comp>

<comp id="272" class="1004" name="grp_sha256Digest_256_Pipeline_LOOP_SHA256_UPDATE_64_ROUNDS_fu_272">
<pin_list>
<pin id="273" dir="0" index="0" bw="0" slack="0"/>
<pin id="274" dir="0" index="1" bw="32" slack="0"/>
<pin id="275" dir="0" index="2" bw="32" slack="0"/>
<pin id="276" dir="0" index="3" bw="32" slack="0"/>
<pin id="277" dir="0" index="4" bw="32" slack="0"/>
<pin id="278" dir="0" index="5" bw="32" slack="0"/>
<pin id="279" dir="0" index="6" bw="32" slack="0"/>
<pin id="280" dir="0" index="7" bw="32" slack="0"/>
<pin id="281" dir="0" index="8" bw="32" slack="0"/>
<pin id="282" dir="0" index="9" bw="32" slack="0"/>
<pin id="283" dir="0" index="10" bw="32" slack="2"/>
<pin id="284" dir="0" index="11" bw="32" slack="2"/>
<pin id="285" dir="0" index="12" bw="32" slack="2"/>
<pin id="286" dir="0" index="13" bw="32" slack="2"/>
<pin id="287" dir="0" index="14" bw="32" slack="2"/>
<pin id="288" dir="0" index="15" bw="32" slack="2"/>
<pin id="289" dir="0" index="16" bw="32" slack="2"/>
<pin id="290" dir="0" index="17" bw="32" slack="2"/>
<pin id="291" dir="1" index="18" bw="0" slack="2147483647"/>
</pin_list>
<bind>
<opcode="call(48) " fcode="call"/>
<opset="call_ln0/3 "/>
</bind>
</comp>

<comp id="302" class="1004" name="icmp_ln663_fu_302">
<pin_list>
<pin id="303" dir="0" index="0" bw="64" slack="0"/>
<pin id="304" dir="0" index="1" bw="64" slack="1"/>
<pin id="305" dir="1" index="2" bw="1" slack="2147483647"/>
</pin_list>
<bind>
<opcode="icmp(45) " fcode="icmp"/>
<opset="icmp_ln663/3 "/>
</bind>
</comp>

<comp id="307" class="1004" name="n_1_fu_307">
<pin_list>
<pin id="308" dir="0" index="0" bw="64" slack="0"/>
<pin id="309" dir="0" index="1" bw="1" slack="0"/>
<pin id="310" dir="1" index="2" bw="64" slack="0"/>
</pin_list>
<bind>
<opcode="add(8) " fcode="add"/>
<opset="n_1/3 "/>
</bind>
</comp>

<comp id="313" class="1004" name="t0_fu_313">
<pin_list>
<pin id="314" dir="0" index="0" bw="8" slack="0"/>
<pin id="315" dir="0" index="1" bw="32" slack="0"/>
<pin id="316" dir="0" index="2" bw="6" slack="0"/>
<pin id="317" dir="0" index="3" bw="6" slack="0"/>
<pin id="318" dir="1" index="4" bw="8" slack="0"/>
</pin_list>
<bind>
<opcode="partselect(1002) " fcode="partselect"/>
<opset="t0/3 "/>
</bind>
</comp>

<comp id="323" class="1004" name="t3_fu_323">
<pin_list>
<pin id="324" dir="0" index="0" bw="32" slack="0"/>
<pin id="325" dir="1" index="1" bw="8" slack="0"/>
</pin_list>
<bind>
<opcode="trunc(33) " fcode="trunc"/>
<opset="t3/3 "/>
</bind>
</comp>

<comp id="327" class="1004" name="tmp_fu_327">
<pin_list>
<pin id="328" dir="0" index="0" bw="8" slack="0"/>
<pin id="329" dir="0" index="1" bw="32" slack="0"/>
<pin id="330" dir="0" index="2" bw="6" slack="0"/>
<pin id="331" dir="0" index="3" bw="6" slack="0"/>
<pin id="332" dir="1" index="4" bw="8" slack="0"/>
</pin_list>
<bind>
<opcode="partselect(1002) " fcode="partselect"/>
<opset="tmp/3 "/>
</bind>
</comp>

<comp id="337" class="1004" name="trunc_ln727_8_fu_337">
<pin_list>
<pin id="338" dir="0" index="0" bw="8" slack="0"/>
<pin id="339" dir="0" index="1" bw="32" slack="0"/>
<pin id="340" dir="0" index="2" bw="5" slack="0"/>
<pin id="341" dir="0" index="3" bw="5" slack="0"/>
<pin id="342" dir="1" index="4" bw="8" slack="0"/>
</pin_list>
<bind>
<opcode="partselect(1002) " fcode="partselect"/>
<opset="trunc_ln727_8/3 "/>
</bind>
</comp>

<comp id="347" class="1004" name="t0_1_fu_347">
<pin_list>
<pin id="348" dir="0" index="0" bw="8" slack="0"/>
<pin id="349" dir="0" index="1" bw="32" slack="0"/>
<pin id="350" dir="0" index="2" bw="6" slack="0"/>
<pin id="351" dir="0" index="3" bw="6" slack="0"/>
<pin id="352" dir="1" index="4" bw="8" slack="0"/>
</pin_list>
<bind>
<opcode="partselect(1002) " fcode="partselect"/>
<opset="t0_1/3 "/>
</bind>
</comp>

<comp id="357" class="1004" name="t3_1_fu_357">
<pin_list>
<pin id="358" dir="0" index="0" bw="32" slack="0"/>
<pin id="359" dir="1" index="1" bw="8" slack="0"/>
</pin_list>
<bind>
<opcode="trunc(33) " fcode="trunc"/>
<opset="t3_1/3 "/>
</bind>
</comp>

<comp id="361" class="1004" name="tmp_1_fu_361">
<pin_list>
<pin id="362" dir="0" index="0" bw="8" slack="0"/>
<pin id="363" dir="0" index="1" bw="32" slack="0"/>
<pin id="364" dir="0" index="2" bw="6" slack="0"/>
<pin id="365" dir="0" index="3" bw="6" slack="0"/>
<pin id="366" dir="1" index="4" bw="8" slack="0"/>
</pin_list>
<bind>
<opcode="partselect(1002) " fcode="partselect"/>
<opset="tmp_1/3 "/>
</bind>
</comp>

<comp id="371" class="1004" name="trunc_ln727_9_fu_371">
<pin_list>
<pin id="372" dir="0" index="0" bw="8" slack="0"/>
<pin id="373" dir="0" index="1" bw="32" slack="0"/>
<pin id="374" dir="0" index="2" bw="5" slack="0"/>
<pin id="375" dir="0" index="3" bw="5" slack="0"/>
<pin id="376" dir="1" index="4" bw="8" slack="0"/>
</pin_list>
<bind>
<opcode="partselect(1002) " fcode="partselect"/>
<opset="trunc_ln727_9/3 "/>
</bind>
</comp>

<comp id="381" class="1004" name="t0_2_fu_381">
<pin_list>
<pin id="382" dir="0" index="0" bw="8" slack="0"/>
<pin id="383" dir="0" index="1" bw="32" slack="0"/>
<pin id="384" dir="0" index="2" bw="6" slack="0"/>
<pin id="385" dir="0" index="3" bw="6" slack="0"/>
<pin id="386" dir="1" index="4" bw="8" slack="0"/>
</pin_list>
<bind>
<opcode="partselect(1002) " fcode="partselect"/>
<opset="t0_2/3 "/>
</bind>
</comp>

<comp id="391" class="1004" name="t3_2_fu_391">
<pin_list>
<pin id="392" dir="0" index="0" bw="32" slack="0"/>
<pin id="393" dir="1" index="1" bw="8" slack="0"/>
</pin_list>
<bind>
<opcode="trunc(33) " fcode="trunc"/>
<opset="t3_2/3 "/>
</bind>
</comp>

<comp id="395" class="1004" name="tmp_2_fu_395">
<pin_list>
<pin id="396" dir="0" index="0" bw="8" slack="0"/>
<pin id="397" dir="0" index="1" bw="32" slack="0"/>
<pin id="398" dir="0" index="2" bw="6" slack="0"/>
<pin id="399" dir="0" index="3" bw="6" slack="0"/>
<pin id="400" dir="1" index="4" bw="8" slack="0"/>
</pin_list>
<bind>
<opcode="partselect(1002) " fcode="partselect"/>
<opset="tmp_2/3 "/>
</bind>
</comp>

<comp id="405" class="1004" name="trunc_ln727_s_fu_405">
<pin_list>
<pin id="406" dir="0" index="0" bw="8" slack="0"/>
<pin id="407" dir="0" index="1" bw="32" slack="0"/>
<pin id="408" dir="0" index="2" bw="5" slack="0"/>
<pin id="409" dir="0" index="3" bw="5" slack="0"/>
<pin id="410" dir="1" index="4" bw="8" slack="0"/>
</pin_list>
<bind>
<opcode="partselect(1002) " fcode="partselect"/>
<opset="trunc_ln727_s/3 "/>
</bind>
</comp>

<comp id="415" class="1004" name="t0_3_fu_415">
<pin_list>
<pin id="416" dir="0" index="0" bw="8" slack="0"/>
<pin id="417" dir="0" index="1" bw="32" slack="0"/>
<pin id="418" dir="0" index="2" bw="6" slack="0"/>
<pin id="419" dir="0" index="3" bw="6" slack="0"/>
<pin id="420" dir="1" index="4" bw="8" slack="0"/>
</pin_list>
<bind>
<opcode="partselect(1002) " fcode="partselect"/>
<opset="t0_3/3 "/>
</bind>
</comp>

<comp id="425" class="1004" name="t3_3_fu_425">
<pin_list>
<pin id="426" dir="0" index="0" bw="32" slack="0"/>
<pin id="427" dir="1" index="1" bw="8" slack="0"/>
</pin_list>
<bind>
<opcode="trunc(33) " fcode="trunc"/>
<opset="t3_3/3 "/>
</bind>
</comp>

<comp id="429" class="1004" name="tmp_3_fu_429">
<pin_list>
<pin id="430" dir="0" index="0" bw="8" slack="0"/>
<pin id="431" dir="0" index="1" bw="32" slack="0"/>
<pin id="432" dir="0" index="2" bw="6" slack="0"/>
<pin id="433" dir="0" index="3" bw="6" slack="0"/>
<pin id="434" dir="1" index="4" bw="8" slack="0"/>
</pin_list>
<bind>
<opcode="partselect(1002) " fcode="partselect"/>
<opset="tmp_3/3 "/>
</bind>
</comp>

<comp id="439" class="1004" name="trunc_ln727_1_fu_439">
<pin_list>
<pin id="440" dir="0" index="0" bw="8" slack="0"/>
<pin id="441" dir="0" index="1" bw="32" slack="0"/>
<pin id="442" dir="0" index="2" bw="5" slack="0"/>
<pin id="443" dir="0" index="3" bw="5" slack="0"/>
<pin id="444" dir="1" index="4" bw="8" slack="0"/>
</pin_list>
<bind>
<opcode="partselect(1002) " fcode="partselect"/>
<opset="trunc_ln727_1/3 "/>
</bind>
</comp>

<comp id="449" class="1004" name="t0_4_fu_449">
<pin_list>
<pin id="450" dir="0" index="0" bw="8" slack="0"/>
<pin id="451" dir="0" index="1" bw="32" slack="0"/>
<pin id="452" dir="0" index="2" bw="6" slack="0"/>
<pin id="453" dir="0" index="3" bw="6" slack="0"/>
<pin id="454" dir="1" index="4" bw="8" slack="0"/>
</pin_list>
<bind>
<opcode="partselect(1002) " fcode="partselect"/>
<opset="t0_4/3 "/>
</bind>
</comp>

<comp id="459" class="1004" name="t3_4_fu_459">
<pin_list>
<pin id="460" dir="0" index="0" bw="32" slack="0"/>
<pin id="461" dir="1" index="1" bw="8" slack="0"/>
</pin_list>
<bind>
<opcode="trunc(33) " fcode="trunc"/>
<opset="t3_4/3 "/>
</bind>
</comp>

<comp id="463" class="1004" name="tmp_4_fu_463">
<pin_list>
<pin id="464" dir="0" index="0" bw="8" slack="0"/>
<pin id="465" dir="0" index="1" bw="32" slack="0"/>
<pin id="466" dir="0" index="2" bw="6" slack="0"/>
<pin id="467" dir="0" index="3" bw="6" slack="0"/>
<pin id="468" dir="1" index="4" bw="8" slack="0"/>
</pin_list>
<bind>
<opcode="partselect(1002) " fcode="partselect"/>
<opset="tmp_4/3 "/>
</bind>
</comp>

<comp id="473" class="1004" name="trunc_ln727_2_fu_473">
<pin_list>
<pin id="474" dir="0" index="0" bw="8" slack="0"/>
<pin id="475" dir="0" index="1" bw="32" slack="0"/>
<pin id="476" dir="0" index="2" bw="5" slack="0"/>
<pin id="477" dir="0" index="3" bw="5" slack="0"/>
<pin id="478" dir="1" index="4" bw="8" slack="0"/>
</pin_list>
<bind>
<opcode="partselect(1002) " fcode="partselect"/>
<opset="trunc_ln727_2/3 "/>
</bind>
</comp>

<comp id="483" class="1004" name="t0_5_fu_483">
<pin_list>
<pin id="484" dir="0" index="0" bw="8" slack="0"/>
<pin id="485" dir="0" index="1" bw="32" slack="0"/>
<pin id="486" dir="0" index="2" bw="6" slack="0"/>
<pin id="487" dir="0" index="3" bw="6" slack="0"/>
<pin id="488" dir="1" index="4" bw="8" slack="0"/>
</pin_list>
<bind>
<opcode="partselect(1002) " fcode="partselect"/>
<opset="t0_5/3 "/>
</bind>
</comp>

<comp id="493" class="1004" name="t3_5_fu_493">
<pin_list>
<pin id="494" dir="0" index="0" bw="32" slack="0"/>
<pin id="495" dir="1" index="1" bw="8" slack="0"/>
</pin_list>
<bind>
<opcode="trunc(33) " fcode="trunc"/>
<opset="t3_5/3 "/>
</bind>
</comp>

<comp id="497" class="1004" name="tmp_5_fu_497">
<pin_list>
<pin id="498" dir="0" index="0" bw="8" slack="0"/>
<pin id="499" dir="0" index="1" bw="32" slack="0"/>
<pin id="500" dir="0" index="2" bw="6" slack="0"/>
<pin id="501" dir="0" index="3" bw="6" slack="0"/>
<pin id="502" dir="1" index="4" bw="8" slack="0"/>
</pin_list>
<bind>
<opcode="partselect(1002) " fcode="partselect"/>
<opset="tmp_5/3 "/>
</bind>
</comp>

<comp id="507" class="1004" name="trunc_ln727_3_fu_507">
<pin_list>
<pin id="508" dir="0" index="0" bw="8" slack="0"/>
<pin id="509" dir="0" index="1" bw="32" slack="0"/>
<pin id="510" dir="0" index="2" bw="5" slack="0"/>
<pin id="511" dir="0" index="3" bw="5" slack="0"/>
<pin id="512" dir="1" index="4" bw="8" slack="0"/>
</pin_list>
<bind>
<opcode="partselect(1002) " fcode="partselect"/>
<opset="trunc_ln727_3/3 "/>
</bind>
</comp>

<comp id="517" class="1004" name="t0_6_fu_517">
<pin_list>
<pin id="518" dir="0" index="0" bw="8" slack="0"/>
<pin id="519" dir="0" index="1" bw="32" slack="0"/>
<pin id="520" dir="0" index="2" bw="6" slack="0"/>
<pin id="521" dir="0" index="3" bw="6" slack="0"/>
<pin id="522" dir="1" index="4" bw="8" slack="0"/>
</pin_list>
<bind>
<opcode="partselect(1002) " fcode="partselect"/>
<opset="t0_6/3 "/>
</bind>
</comp>

<comp id="527" class="1004" name="t3_6_fu_527">
<pin_list>
<pin id="528" dir="0" index="0" bw="32" slack="0"/>
<pin id="529" dir="1" index="1" bw="8" slack="0"/>
</pin_list>
<bind>
<opcode="trunc(33) " fcode="trunc"/>
<opset="t3_6/3 "/>
</bind>
</comp>

<comp id="531" class="1004" name="tmp_6_fu_531">
<pin_list>
<pin id="532" dir="0" index="0" bw="8" slack="0"/>
<pin id="533" dir="0" index="1" bw="32" slack="0"/>
<pin id="534" dir="0" index="2" bw="6" slack="0"/>
<pin id="535" dir="0" index="3" bw="6" slack="0"/>
<pin id="536" dir="1" index="4" bw="8" slack="0"/>
</pin_list>
<bind>
<opcode="partselect(1002) " fcode="partselect"/>
<opset="tmp_6/3 "/>
</bind>
</comp>

<comp id="541" class="1004" name="trunc_ln727_4_fu_541">
<pin_list>
<pin id="542" dir="0" index="0" bw="8" slack="0"/>
<pin id="543" dir="0" index="1" bw="32" slack="0"/>
<pin id="544" dir="0" index="2" bw="5" slack="0"/>
<pin id="545" dir="0" index="3" bw="5" slack="0"/>
<pin id="546" dir="1" index="4" bw="8" slack="0"/>
</pin_list>
<bind>
<opcode="partselect(1002) " fcode="partselect"/>
<opset="trunc_ln727_4/3 "/>
</bind>
</comp>

<comp id="551" class="1004" name="t0_7_fu_551">
<pin_list>
<pin id="552" dir="0" index="0" bw="8" slack="0"/>
<pin id="553" dir="0" index="1" bw="32" slack="0"/>
<pin id="554" dir="0" index="2" bw="6" slack="0"/>
<pin id="555" dir="0" index="3" bw="6" slack="0"/>
<pin id="556" dir="1" index="4" bw="8" slack="0"/>
</pin_list>
<bind>
<opcode="partselect(1002) " fcode="partselect"/>
<opset="t0_7/3 "/>
</bind>
</comp>

<comp id="561" class="1004" name="t3_7_fu_561">
<pin_list>
<pin id="562" dir="0" index="0" bw="32" slack="0"/>
<pin id="563" dir="1" index="1" bw="8" slack="0"/>
</pin_list>
<bind>
<opcode="trunc(33) " fcode="trunc"/>
<opset="t3_7/3 "/>
</bind>
</comp>

<comp id="565" class="1004" name="tmp_7_fu_565">
<pin_list>
<pin id="566" dir="0" index="0" bw="8" slack="0"/>
<pin id="567" dir="0" index="1" bw="32" slack="0"/>
<pin id="568" dir="0" index="2" bw="6" slack="0"/>
<pin id="569" dir="0" index="3" bw="6" slack="0"/>
<pin id="570" dir="1" index="4" bw="8" slack="0"/>
</pin_list>
<bind>
<opcode="partselect(1002) " fcode="partselect"/>
<opset="tmp_7/3 "/>
</bind>
</comp>

<comp id="575" class="1004" name="trunc_ln727_5_fu_575">
<pin_list>
<pin id="576" dir="0" index="0" bw="8" slack="0"/>
<pin id="577" dir="0" index="1" bw="32" slack="0"/>
<pin id="578" dir="0" index="2" bw="5" slack="0"/>
<pin id="579" dir="0" index="3" bw="5" slack="0"/>
<pin id="580" dir="1" index="4" bw="8" slack="0"/>
</pin_list>
<bind>
<opcode="partselect(1002) " fcode="partselect"/>
<opset="trunc_ln727_5/3 "/>
</bind>
</comp>

<comp id="585" class="1004" name="w256_fu_585">
<pin_list>
<pin id="586" dir="0" index="0" bw="256" slack="0"/>
<pin id="587" dir="0" index="1" bw="8" slack="0"/>
<pin id="588" dir="0" index="2" bw="8" slack="0"/>
<pin id="589" dir="0" index="3" bw="8" slack="0"/>
<pin id="590" dir="0" index="4" bw="8" slack="0"/>
<pin id="591" dir="0" index="5" bw="8" slack="0"/>
<pin id="592" dir="0" index="6" bw="8" slack="0"/>
<pin id="593" dir="0" index="7" bw="8" slack="0"/>
<pin id="594" dir="0" index="8" bw="8" slack="0"/>
<pin id="595" dir="0" index="9" bw="8" slack="0"/>
<pin id="596" dir="0" index="10" bw="8" slack="0"/>
<pin id="597" dir="0" index="11" bw="8" slack="0"/>
<pin id="598" dir="0" index="12" bw="8" slack="0"/>
<pin id="599" dir="0" index="13" bw="8" slack="0"/>
<pin id="600" dir="0" index="14" bw="8" slack="0"/>
<pin id="601" dir="0" index="15" bw="8" slack="0"/>
<pin id="602" dir="0" index="16" bw="8" slack="0"/>
<pin id="603" dir="0" index="17" bw="8" slack="0"/>
<pin id="604" dir="0" index="18" bw="8" slack="0"/>
<pin id="605" dir="0" index="19" bw="8" slack="0"/>
<pin id="606" dir="0" index="20" bw="8" slack="0"/>
<pin id="607" dir="0" index="21" bw="8" slack="0"/>
<pin id="608" dir="0" index="22" bw="8" slack="0"/>
<pin id="609" dir="0" index="23" bw="8" slack="0"/>
<pin id="610" dir="0" index="24" bw="8" slack="0"/>
<pin id="611" dir="0" index="25" bw="8" slack="0"/>
<pin id="612" dir="0" index="26" bw="8" slack="0"/>
<pin id="613" dir="0" index="27" bw="8" slack="0"/>
<pin id="614" dir="0" index="28" bw="8" slack="0"/>
<pin id="615" dir="0" index="29" bw="8" slack="0"/>
<pin id="616" dir="0" index="30" bw="8" slack="0"/>
<pin id="617" dir="0" index="31" bw="8" slack="0"/>
<pin id="618" dir="0" index="32" bw="8" slack="0"/>
<pin id="619" dir="1" index="33" bw="256" slack="0"/>
</pin_list>
<bind>
<opcode="bitconcatenate(1004) " fcode="bitconcatenate"/>
<opset="w256/3 "/>
</bind>
</comp>

<comp id="654" class="1004" name="add_ln6888_loc_load_load_fu_654">
<pin_list>
<pin id="655" dir="0" index="0" bw="32" slack="4"/>
<pin id="656" dir="1" index="1" bw="32" slack="2147483647"/>
</pin_list>
<bind>
<opcode="load(27) " fcode="load"/>
<opset="add_ln6888_loc_load/5 "/>
</bind>
</comp>

<comp id="657" class="1004" name="add_ln6897_loc_load_load_fu_657">
<pin_list>
<pin id="658" dir="0" index="0" bw="32" slack="4"/>
<pin id="659" dir="1" index="1" bw="32" slack="2147483647"/>
</pin_list>
<bind>
<opcode="load(27) " fcode="load"/>
<opset="add_ln6897_loc_load/5 "/>
</bind>
</comp>

<comp id="660" class="1004" name="add_ln6906_loc_load_load_fu_660">
<pin_list>
<pin id="661" dir="0" index="0" bw="32" slack="4"/>
<pin id="662" dir="1" index="1" bw="32" slack="2147483647"/>
</pin_list>
<bind>
<opcode="load(27) " fcode="load"/>
<opset="add_ln6906_loc_load/5 "/>
</bind>
</comp>

<comp id="663" class="1004" name="add_ln6915_loc_load_load_fu_663">
<pin_list>
<pin id="664" dir="0" index="0" bw="32" slack="4"/>
<pin id="665" dir="1" index="1" bw="32" slack="2147483647"/>
</pin_list>
<bind>
<opcode="load(27) " fcode="load"/>
<opset="add_ln6915_loc_load/5 "/>
</bind>
</comp>

<comp id="666" class="1004" name="add_ln6924_loc_load_load_fu_666">
<pin_list>
<pin id="667" dir="0" index="0" bw="32" slack="4"/>
<pin id="668" dir="1" index="1" bw="32" slack="2147483647"/>
</pin_list>
<bind>
<opcode="load(27) " fcode="load"/>
<opset="add_ln6924_loc_load/5 "/>
</bind>
</comp>

<comp id="669" class="1004" name="add_ln6933_loc_load_load_fu_669">
<pin_list>
<pin id="670" dir="0" index="0" bw="32" slack="4"/>
<pin id="671" dir="1" index="1" bw="32" slack="2147483647"/>
</pin_list>
<bind>
<opcode="load(27) " fcode="load"/>
<opset="add_ln6933_loc_load/5 "/>
</bind>
</comp>

<comp id="672" class="1004" name="add_ln6942_loc_load_load_fu_672">
<pin_list>
<pin id="673" dir="0" index="0" bw="32" slack="4"/>
<pin id="674" dir="1" index="1" bw="32" slack="2147483647"/>
</pin_list>
<bind>
<opcode="load(27) " fcode="load"/>
<opset="add_ln6942_loc_load/5 "/>
</bind>
</comp>

<comp id="675" class="1004" name="add_ln6951_loc_load_load_fu_675">
<pin_list>
<pin id="676" dir="0" index="0" bw="32" slack="4"/>
<pin id="677" dir="1" index="1" bw="32" slack="2147483647"/>
</pin_list>
<bind>
<opcode="load(27) " fcode="load"/>
<opset="add_ln6951_loc_load/5 "/>
</bind>
</comp>

<comp id="678" class="1005" name="add_ln6951_loc_reg_678">
<pin_list>
<pin id="679" dir="0" index="0" bw="32" slack="2"/>
<pin id="680" dir="1" index="1" bw="32" slack="2"/>
</pin_list>
<bind>
<opset="add_ln6951_loc "/>
</bind>
</comp>

<comp id="684" class="1005" name="add_ln6942_loc_reg_684">
<pin_list>
<pin id="685" dir="0" index="0" bw="32" slack="2"/>
<pin id="686" dir="1" index="1" bw="32" slack="2"/>
</pin_list>
<bind>
<opset="add_ln6942_loc "/>
</bind>
</comp>

<comp id="690" class="1005" name="add_ln6933_loc_reg_690">
<pin_list>
<pin id="691" dir="0" index="0" bw="32" slack="2"/>
<pin id="692" dir="1" index="1" bw="32" slack="2"/>
</pin_list>
<bind>
<opset="add_ln6933_loc "/>
</bind>
</comp>

<comp id="696" class="1005" name="add_ln6924_loc_reg_696">
<pin_list>
<pin id="697" dir="0" index="0" bw="32" slack="2"/>
<pin id="698" dir="1" index="1" bw="32" slack="2"/>
</pin_list>
<bind>
<opset="add_ln6924_loc "/>
</bind>
</comp>

<comp id="702" class="1005" name="add_ln6915_loc_reg_702">
<pin_list>
<pin id="703" dir="0" index="0" bw="32" slack="2"/>
<pin id="704" dir="1" index="1" bw="32" slack="2"/>
</pin_list>
<bind>
<opset="add_ln6915_loc "/>
</bind>
</comp>

<comp id="708" class="1005" name="add_ln6906_loc_reg_708">
<pin_list>
<pin id="709" dir="0" index="0" bw="32" slack="2"/>
<pin id="710" dir="1" index="1" bw="32" slack="2"/>
</pin_list>
<bind>
<opset="add_ln6906_loc "/>
</bind>
</comp>

<comp id="714" class="1005" name="add_ln6897_loc_reg_714">
<pin_list>
<pin id="715" dir="0" index="0" bw="32" slack="2"/>
<pin id="716" dir="1" index="1" bw="32" slack="2"/>
</pin_list>
<bind>
<opset="add_ln6897_loc "/>
</bind>
</comp>

<comp id="720" class="1005" name="add_ln6888_loc_reg_720">
<pin_list>
<pin id="721" dir="0" index="0" bw="32" slack="2"/>
<pin id="722" dir="1" index="1" bw="32" slack="2"/>
</pin_list>
<bind>
<opset="add_ln6888_loc "/>
</bind>
</comp>

<comp id="726" class="1005" name="end_flag_reg_726">
<pin_list>
<pin id="727" dir="0" index="0" bw="1" slack="1"/>
<pin id="728" dir="1" index="1" bw="1" slack="1"/>
</pin_list>
<bind>
<opset="end_flag "/>
</bind>
</comp>

<comp id="731" class="1005" name="blk_num_reg_731">
<pin_list>
<pin id="732" dir="0" index="0" bw="64" slack="1"/>
<pin id="733" dir="1" index="1" bw="64" slack="1"/>
</pin_list>
<bind>
<opset="blk_num "/>
</bind>
</comp>

<comp id="739" class="1005" name="n_1_reg_739">
<pin_list>
<pin id="740" dir="0" index="0" bw="64" slack="0"/>
<pin id="741" dir="1" index="1" bw="64" slack="0"/>
</pin_list>
<bind>
<opset="n_1 "/>
</bind>
</comp>

<comp id="744" class="1005" name="end_flag_2_reg_744">
<pin_list>
<pin id="745" dir="0" index="0" bw="1" slack="1"/>
<pin id="746" dir="1" index="1" bw="1" slack="1"/>
</pin_list>
<bind>
<opset="end_flag_2 "/>
</bind>
</comp>

</comp_list>

<net_list>
<net id="99"><net_src comp="10" pin="0"/><net_sink comp="96" pin=0"/></net>

<net id="103"><net_src comp="10" pin="0"/><net_sink comp="100" pin=0"/></net>

<net id="107"><net_src comp="10" pin="0"/><net_sink comp="104" pin=0"/></net>

<net id="111"><net_src comp="10" pin="0"/><net_sink comp="108" pin=0"/></net>

<net id="115"><net_src comp="10" pin="0"/><net_sink comp="112" pin=0"/></net>

<net id="119"><net_src comp="10" pin="0"/><net_sink comp="116" pin=0"/></net>

<net id="123"><net_src comp="10" pin="0"/><net_sink comp="120" pin=0"/></net>

<net id="127"><net_src comp="10" pin="0"/><net_sink comp="124" pin=0"/></net>

<net id="132"><net_src comp="30" pin="0"/><net_sink comp="128" pin=0"/></net>

<net id="133"><net_src comp="2" pin="0"/><net_sink comp="128" pin=1"/></net>

<net id="138"><net_src comp="36" pin="0"/><net_sink comp="134" pin=0"/></net>

<net id="139"><net_src comp="0" pin="0"/><net_sink comp="134" pin=1"/></net>

<net id="145"><net_src comp="38" pin="0"/><net_sink comp="140" pin=0"/></net>

<net id="146"><net_src comp="8" pin="0"/><net_sink comp="140" pin=1"/></net>

<net id="147"><net_src comp="40" pin="0"/><net_sink comp="140" pin=2"/></net>

<net id="153"><net_src comp="78" pin="0"/><net_sink comp="148" pin=0"/></net>

<net id="154"><net_src comp="6" pin="0"/><net_sink comp="148" pin=1"/></net>

<net id="155"><net_src comp="80" pin="0"/><net_sink comp="140" pin=2"/></net>

<net id="168"><net_src comp="42" pin="0"/><net_sink comp="165" pin=0"/></net>

<net id="175"><net_src comp="165" pin="1"/><net_sink comp="169" pin=0"/></net>

<net id="176"><net_src comp="169" pin="4"/><net_sink comp="165" pin=0"/></net>

<net id="180"><net_src comp="44" pin="0"/><net_sink comp="177" pin=0"/></net>

<net id="187"><net_src comp="177" pin="1"/><net_sink comp="181" pin=0"/></net>

<net id="188"><net_src comp="181" pin="4"/><net_sink comp="177" pin=0"/></net>

<net id="192"><net_src comp="46" pin="0"/><net_sink comp="189" pin=0"/></net>

<net id="199"><net_src comp="189" pin="1"/><net_sink comp="193" pin=0"/></net>

<net id="200"><net_src comp="193" pin="4"/><net_sink comp="189" pin=0"/></net>

<net id="204"><net_src comp="48" pin="0"/><net_sink comp="201" pin=0"/></net>

<net id="211"><net_src comp="201" pin="1"/><net_sink comp="205" pin=0"/></net>

<net id="212"><net_src comp="205" pin="4"/><net_sink comp="201" pin=0"/></net>

<net id="216"><net_src comp="50" pin="0"/><net_sink comp="213" pin=0"/></net>

<net id="223"><net_src comp="213" pin="1"/><net_sink comp="217" pin=0"/></net>

<net id="224"><net_src comp="217" pin="4"/><net_sink comp="213" pin=0"/></net>

<net id="228"><net_src comp="52" pin="0"/><net_sink comp="225" pin=0"/></net>

<net id="235"><net_src comp="225" pin="1"/><net_sink comp="229" pin=0"/></net>

<net id="236"><net_src comp="229" pin="4"/><net_sink comp="225" pin=0"/></net>

<net id="240"><net_src comp="54" pin="0"/><net_sink comp="237" pin=0"/></net>

<net id="247"><net_src comp="237" pin="1"/><net_sink comp="241" pin=0"/></net>

<net id="248"><net_src comp="241" pin="4"/><net_sink comp="237" pin=0"/></net>

<net id="252"><net_src comp="56" pin="0"/><net_sink comp="249" pin=0"/></net>

<net id="259"><net_src comp="249" pin="1"/><net_sink comp="253" pin=0"/></net>

<net id="260"><net_src comp="253" pin="4"/><net_sink comp="249" pin=0"/></net>

<net id="264"><net_src comp="58" pin="0"/><net_sink comp="261" pin=0"/></net>

<net id="271"><net_src comp="261" pin="1"/><net_sink comp="265" pin=0"/></net>

<net id="292"><net_src comp="60" pin="0"/><net_sink comp="272" pin=0"/></net>

<net id="293"><net_src comp="169" pin="4"/><net_sink comp="272" pin=1"/></net>

<net id="294"><net_src comp="181" pin="4"/><net_sink comp="272" pin=2"/></net>

<net id="295"><net_src comp="193" pin="4"/><net_sink comp="272" pin=3"/></net>

<net id="296"><net_src comp="205" pin="4"/><net_sink comp="272" pin=4"/></net>

<net id="297"><net_src comp="217" pin="4"/><net_sink comp="272" pin=5"/></net>

<net id="298"><net_src comp="229" pin="4"/><net_sink comp="272" pin=6"/></net>

<net id="299"><net_src comp="241" pin="4"/><net_sink comp="272" pin=7"/></net>

<net id="300"><net_src comp="253" pin="4"/><net_sink comp="272" pin=8"/></net>

<net id="301"><net_src comp="4" pin="0"/><net_sink comp="272" pin=9"/></net>

<net id="306"><net_src comp="265" pin="4"/><net_sink comp="302" pin=0"/></net>

<net id="311"><net_src comp="265" pin="4"/><net_sink comp="307" pin=0"/></net>

<net id="312"><net_src comp="10" pin="0"/><net_sink comp="307" pin=1"/></net>

<net id="319"><net_src comp="62" pin="0"/><net_sink comp="313" pin=0"/></net>

<net id="320"><net_src comp="253" pin="4"/><net_sink comp="313" pin=1"/></net>

<net id="321"><net_src comp="64" pin="0"/><net_sink comp="313" pin=2"/></net>

<net id="322"><net_src comp="66" pin="0"/><net_sink comp="313" pin=3"/></net>

<net id="326"><net_src comp="253" pin="4"/><net_sink comp="323" pin=0"/></net>

<net id="333"><net_src comp="62" pin="0"/><net_sink comp="327" pin=0"/></net>

<net id="334"><net_src comp="253" pin="4"/><net_sink comp="327" pin=1"/></net>

<net id="335"><net_src comp="68" pin="0"/><net_sink comp="327" pin=2"/></net>

<net id="336"><net_src comp="70" pin="0"/><net_sink comp="327" pin=3"/></net>

<net id="343"><net_src comp="62" pin="0"/><net_sink comp="337" pin=0"/></net>

<net id="344"><net_src comp="253" pin="4"/><net_sink comp="337" pin=1"/></net>

<net id="345"><net_src comp="72" pin="0"/><net_sink comp="337" pin=2"/></net>

<net id="346"><net_src comp="74" pin="0"/><net_sink comp="337" pin=3"/></net>

<net id="353"><net_src comp="62" pin="0"/><net_sink comp="347" pin=0"/></net>

<net id="354"><net_src comp="241" pin="4"/><net_sink comp="347" pin=1"/></net>

<net id="355"><net_src comp="64" pin="0"/><net_sink comp="347" pin=2"/></net>

<net id="356"><net_src comp="66" pin="0"/><net_sink comp="347" pin=3"/></net>

<net id="360"><net_src comp="241" pin="4"/><net_sink comp="357" pin=0"/></net>

<net id="367"><net_src comp="62" pin="0"/><net_sink comp="361" pin=0"/></net>

<net id="368"><net_src comp="241" pin="4"/><net_sink comp="361" pin=1"/></net>

<net id="369"><net_src comp="68" pin="0"/><net_sink comp="361" pin=2"/></net>

<net id="370"><net_src comp="70" pin="0"/><net_sink comp="361" pin=3"/></net>

<net id="377"><net_src comp="62" pin="0"/><net_sink comp="371" pin=0"/></net>

<net id="378"><net_src comp="241" pin="4"/><net_sink comp="371" pin=1"/></net>

<net id="379"><net_src comp="72" pin="0"/><net_sink comp="371" pin=2"/></net>

<net id="380"><net_src comp="74" pin="0"/><net_sink comp="371" pin=3"/></net>

<net id="387"><net_src comp="62" pin="0"/><net_sink comp="381" pin=0"/></net>

<net id="388"><net_src comp="229" pin="4"/><net_sink comp="381" pin=1"/></net>

<net id="389"><net_src comp="64" pin="0"/><net_sink comp="381" pin=2"/></net>

<net id="390"><net_src comp="66" pin="0"/><net_sink comp="381" pin=3"/></net>

<net id="394"><net_src comp="229" pin="4"/><net_sink comp="391" pin=0"/></net>

<net id="401"><net_src comp="62" pin="0"/><net_sink comp="395" pin=0"/></net>

<net id="402"><net_src comp="229" pin="4"/><net_sink comp="395" pin=1"/></net>

<net id="403"><net_src comp="68" pin="0"/><net_sink comp="395" pin=2"/></net>

<net id="404"><net_src comp="70" pin="0"/><net_sink comp="395" pin=3"/></net>

<net id="411"><net_src comp="62" pin="0"/><net_sink comp="405" pin=0"/></net>

<net id="412"><net_src comp="229" pin="4"/><net_sink comp="405" pin=1"/></net>

<net id="413"><net_src comp="72" pin="0"/><net_sink comp="405" pin=2"/></net>

<net id="414"><net_src comp="74" pin="0"/><net_sink comp="405" pin=3"/></net>

<net id="421"><net_src comp="62" pin="0"/><net_sink comp="415" pin=0"/></net>

<net id="422"><net_src comp="217" pin="4"/><net_sink comp="415" pin=1"/></net>

<net id="423"><net_src comp="64" pin="0"/><net_sink comp="415" pin=2"/></net>

<net id="424"><net_src comp="66" pin="0"/><net_sink comp="415" pin=3"/></net>

<net id="428"><net_src comp="217" pin="4"/><net_sink comp="425" pin=0"/></net>

<net id="435"><net_src comp="62" pin="0"/><net_sink comp="429" pin=0"/></net>

<net id="436"><net_src comp="217" pin="4"/><net_sink comp="429" pin=1"/></net>

<net id="437"><net_src comp="68" pin="0"/><net_sink comp="429" pin=2"/></net>

<net id="438"><net_src comp="70" pin="0"/><net_sink comp="429" pin=3"/></net>

<net id="445"><net_src comp="62" pin="0"/><net_sink comp="439" pin=0"/></net>

<net id="446"><net_src comp="217" pin="4"/><net_sink comp="439" pin=1"/></net>

<net id="447"><net_src comp="72" pin="0"/><net_sink comp="439" pin=2"/></net>

<net id="448"><net_src comp="74" pin="0"/><net_sink comp="439" pin=3"/></net>

<net id="455"><net_src comp="62" pin="0"/><net_sink comp="449" pin=0"/></net>

<net id="456"><net_src comp="205" pin="4"/><net_sink comp="449" pin=1"/></net>

<net id="457"><net_src comp="64" pin="0"/><net_sink comp="449" pin=2"/></net>

<net id="458"><net_src comp="66" pin="0"/><net_sink comp="449" pin=3"/></net>

<net id="462"><net_src comp="205" pin="4"/><net_sink comp="459" pin=0"/></net>

<net id="469"><net_src comp="62" pin="0"/><net_sink comp="463" pin=0"/></net>

<net id="470"><net_src comp="205" pin="4"/><net_sink comp="463" pin=1"/></net>

<net id="471"><net_src comp="68" pin="0"/><net_sink comp="463" pin=2"/></net>

<net id="472"><net_src comp="70" pin="0"/><net_sink comp="463" pin=3"/></net>

<net id="479"><net_src comp="62" pin="0"/><net_sink comp="473" pin=0"/></net>

<net id="480"><net_src comp="205" pin="4"/><net_sink comp="473" pin=1"/></net>

<net id="481"><net_src comp="72" pin="0"/><net_sink comp="473" pin=2"/></net>

<net id="482"><net_src comp="74" pin="0"/><net_sink comp="473" pin=3"/></net>

<net id="489"><net_src comp="62" pin="0"/><net_sink comp="483" pin=0"/></net>

<net id="490"><net_src comp="193" pin="4"/><net_sink comp="483" pin=1"/></net>

<net id="491"><net_src comp="64" pin="0"/><net_sink comp="483" pin=2"/></net>

<net id="492"><net_src comp="66" pin="0"/><net_sink comp="483" pin=3"/></net>

<net id="496"><net_src comp="193" pin="4"/><net_sink comp="493" pin=0"/></net>

<net id="503"><net_src comp="62" pin="0"/><net_sink comp="497" pin=0"/></net>

<net id="504"><net_src comp="193" pin="4"/><net_sink comp="497" pin=1"/></net>

<net id="505"><net_src comp="68" pin="0"/><net_sink comp="497" pin=2"/></net>

<net id="506"><net_src comp="70" pin="0"/><net_sink comp="497" pin=3"/></net>

<net id="513"><net_src comp="62" pin="0"/><net_sink comp="507" pin=0"/></net>

<net id="514"><net_src comp="193" pin="4"/><net_sink comp="507" pin=1"/></net>

<net id="515"><net_src comp="72" pin="0"/><net_sink comp="507" pin=2"/></net>

<net id="516"><net_src comp="74" pin="0"/><net_sink comp="507" pin=3"/></net>

<net id="523"><net_src comp="62" pin="0"/><net_sink comp="517" pin=0"/></net>

<net id="524"><net_src comp="181" pin="4"/><net_sink comp="517" pin=1"/></net>

<net id="525"><net_src comp="64" pin="0"/><net_sink comp="517" pin=2"/></net>

<net id="526"><net_src comp="66" pin="0"/><net_sink comp="517" pin=3"/></net>

<net id="530"><net_src comp="181" pin="4"/><net_sink comp="527" pin=0"/></net>

<net id="537"><net_src comp="62" pin="0"/><net_sink comp="531" pin=0"/></net>

<net id="538"><net_src comp="181" pin="4"/><net_sink comp="531" pin=1"/></net>

<net id="539"><net_src comp="68" pin="0"/><net_sink comp="531" pin=2"/></net>

<net id="540"><net_src comp="70" pin="0"/><net_sink comp="531" pin=3"/></net>

<net id="547"><net_src comp="62" pin="0"/><net_sink comp="541" pin=0"/></net>

<net id="548"><net_src comp="181" pin="4"/><net_sink comp="541" pin=1"/></net>

<net id="549"><net_src comp="72" pin="0"/><net_sink comp="541" pin=2"/></net>

<net id="550"><net_src comp="74" pin="0"/><net_sink comp="541" pin=3"/></net>

<net id="557"><net_src comp="62" pin="0"/><net_sink comp="551" pin=0"/></net>

<net id="558"><net_src comp="169" pin="4"/><net_sink comp="551" pin=1"/></net>

<net id="559"><net_src comp="64" pin="0"/><net_sink comp="551" pin=2"/></net>

<net id="560"><net_src comp="66" pin="0"/><net_sink comp="551" pin=3"/></net>

<net id="564"><net_src comp="169" pin="4"/><net_sink comp="561" pin=0"/></net>

<net id="571"><net_src comp="62" pin="0"/><net_sink comp="565" pin=0"/></net>

<net id="572"><net_src comp="169" pin="4"/><net_sink comp="565" pin=1"/></net>

<net id="573"><net_src comp="68" pin="0"/><net_sink comp="565" pin=2"/></net>

<net id="574"><net_src comp="70" pin="0"/><net_sink comp="565" pin=3"/></net>

<net id="581"><net_src comp="62" pin="0"/><net_sink comp="575" pin=0"/></net>

<net id="582"><net_src comp="169" pin="4"/><net_sink comp="575" pin=1"/></net>

<net id="583"><net_src comp="72" pin="0"/><net_sink comp="575" pin=2"/></net>

<net id="584"><net_src comp="74" pin="0"/><net_sink comp="575" pin=3"/></net>

<net id="620"><net_src comp="76" pin="0"/><net_sink comp="585" pin=0"/></net>

<net id="621"><net_src comp="561" pin="1"/><net_sink comp="585" pin=1"/></net>

<net id="622"><net_src comp="575" pin="4"/><net_sink comp="585" pin=2"/></net>

<net id="623"><net_src comp="565" pin="4"/><net_sink comp="585" pin=3"/></net>

<net id="624"><net_src comp="551" pin="4"/><net_sink comp="585" pin=4"/></net>

<net id="625"><net_src comp="527" pin="1"/><net_sink comp="585" pin=5"/></net>

<net id="626"><net_src comp="541" pin="4"/><net_sink comp="585" pin=6"/></net>

<net id="627"><net_src comp="531" pin="4"/><net_sink comp="585" pin=7"/></net>

<net id="628"><net_src comp="517" pin="4"/><net_sink comp="585" pin=8"/></net>

<net id="629"><net_src comp="493" pin="1"/><net_sink comp="585" pin=9"/></net>

<net id="630"><net_src comp="507" pin="4"/><net_sink comp="585" pin=10"/></net>

<net id="631"><net_src comp="497" pin="4"/><net_sink comp="585" pin=11"/></net>

<net id="632"><net_src comp="483" pin="4"/><net_sink comp="585" pin=12"/></net>

<net id="633"><net_src comp="459" pin="1"/><net_sink comp="585" pin=13"/></net>

<net id="634"><net_src comp="473" pin="4"/><net_sink comp="585" pin=14"/></net>

<net id="635"><net_src comp="463" pin="4"/><net_sink comp="585" pin=15"/></net>

<net id="636"><net_src comp="449" pin="4"/><net_sink comp="585" pin=16"/></net>

<net id="637"><net_src comp="425" pin="1"/><net_sink comp="585" pin=17"/></net>

<net id="638"><net_src comp="439" pin="4"/><net_sink comp="585" pin=18"/></net>

<net id="639"><net_src comp="429" pin="4"/><net_sink comp="585" pin=19"/></net>

<net id="640"><net_src comp="415" pin="4"/><net_sink comp="585" pin=20"/></net>

<net id="641"><net_src comp="391" pin="1"/><net_sink comp="585" pin=21"/></net>

<net id="642"><net_src comp="405" pin="4"/><net_sink comp="585" pin=22"/></net>

<net id="643"><net_src comp="395" pin="4"/><net_sink comp="585" pin=23"/></net>

<net id="644"><net_src comp="381" pin="4"/><net_sink comp="585" pin=24"/></net>

<net id="645"><net_src comp="357" pin="1"/><net_sink comp="585" pin=25"/></net>

<net id="646"><net_src comp="371" pin="4"/><net_sink comp="585" pin=26"/></net>

<net id="647"><net_src comp="361" pin="4"/><net_sink comp="585" pin=27"/></net>

<net id="648"><net_src comp="347" pin="4"/><net_sink comp="585" pin=28"/></net>

<net id="649"><net_src comp="323" pin="1"/><net_sink comp="585" pin=29"/></net>

<net id="650"><net_src comp="337" pin="4"/><net_sink comp="585" pin=30"/></net>

<net id="651"><net_src comp="327" pin="4"/><net_sink comp="585" pin=31"/></net>

<net id="652"><net_src comp="313" pin="4"/><net_sink comp="585" pin=32"/></net>

<net id="653"><net_src comp="585" pin="33"/><net_sink comp="148" pin=2"/></net>

<net id="681"><net_src comp="96" pin="1"/><net_sink comp="678" pin=0"/></net>

<net id="682"><net_src comp="678" pin="1"/><net_sink comp="272" pin=17"/></net>

<net id="683"><net_src comp="678" pin="1"/><net_sink comp="675" pin=0"/></net>

<net id="687"><net_src comp="100" pin="1"/><net_sink comp="684" pin=0"/></net>

<net id="688"><net_src comp="684" pin="1"/><net_sink comp="272" pin=16"/></net>

<net id="689"><net_src comp="684" pin="1"/><net_sink comp="672" pin=0"/></net>

<net id="693"><net_src comp="104" pin="1"/><net_sink comp="690" pin=0"/></net>

<net id="694"><net_src comp="690" pin="1"/><net_sink comp="272" pin=15"/></net>

<net id="695"><net_src comp="690" pin="1"/><net_sink comp="669" pin=0"/></net>

<net id="699"><net_src comp="108" pin="1"/><net_sink comp="696" pin=0"/></net>

<net id="700"><net_src comp="696" pin="1"/><net_sink comp="272" pin=14"/></net>

<net id="701"><net_src comp="696" pin="1"/><net_sink comp="666" pin=0"/></net>

<net id="705"><net_src comp="112" pin="1"/><net_sink comp="702" pin=0"/></net>

<net id="706"><net_src comp="702" pin="1"/><net_sink comp="272" pin=13"/></net>

<net id="707"><net_src comp="702" pin="1"/><net_sink comp="663" pin=0"/></net>

<net id="711"><net_src comp="116" pin="1"/><net_sink comp="708" pin=0"/></net>

<net id="712"><net_src comp="708" pin="1"/><net_sink comp="272" pin=12"/></net>

<net id="713"><net_src comp="708" pin="1"/><net_sink comp="660" pin=0"/></net>

<net id="717"><net_src comp="120" pin="1"/><net_sink comp="714" pin=0"/></net>

<net id="718"><net_src comp="714" pin="1"/><net_sink comp="272" pin=11"/></net>

<net id="719"><net_src comp="714" pin="1"/><net_sink comp="657" pin=0"/></net>

<net id="723"><net_src comp="124" pin="1"/><net_sink comp="720" pin=0"/></net>

<net id="724"><net_src comp="720" pin="1"/><net_sink comp="272" pin=10"/></net>

<net id="725"><net_src comp="720" pin="1"/><net_sink comp="654" pin=0"/></net>

<net id="729"><net_src comp="128" pin="2"/><net_sink comp="726" pin=0"/></net>

<net id="730"><net_src comp="726" pin="1"/><net_sink comp="159" pin=0"/></net>

<net id="734"><net_src comp="134" pin="2"/><net_sink comp="731" pin=0"/></net>

<net id="735"><net_src comp="731" pin="1"/><net_sink comp="302" pin=1"/></net>

<net id="742"><net_src comp="307" pin="2"/><net_sink comp="739" pin=0"/></net>

<net id="743"><net_src comp="739" pin="1"/><net_sink comp="265" pin=2"/></net>

<net id="747"><net_src comp="128" pin="2"/><net_sink comp="744" pin=0"/></net>

<net id="748"><net_src comp="744" pin="1"/><net_sink comp="159" pin=2"/></net>

</net_list>

</model> 
---------------- Datapath Model END ------------------

* FSMD analyzer results:
  - Output states:
	Port: msgHashStrm | {3 }
	Port: eMsgHashStrm | {2 3 }
 - Input state : 
	Port: sha256Digest<256> : nblk_strm2 | {2 }
	Port: sha256Digest<256> : end_nblk_strm2 | {1 3 }
	Port: sha256Digest<256> : w_strm | {3 4 }
	Port: sha256Digest<256> : msgHashStrm | {}
	Port: sha256Digest<256> : eMsgHashStrm | {}
  - Chain level:
	State 1
	State 2
		br_ln632 : 1
	State 3
		icmp_ln663 : 1
		n_1 : 1
		br_ln663 : 2
		call_ln0 : 1
		t0 : 1
		t3 : 1
		tmp : 1
		trunc_ln727_8 : 1
		t0_1 : 1
		t3_1 : 1
		tmp_1 : 1
		trunc_ln727_9 : 1
		t0_2 : 1
		t3_2 : 1
		tmp_2 : 1
		trunc_ln727_s : 1
		t0_3 : 1
		t3_3 : 1
		tmp_3 : 1
		trunc_ln727_1 : 1
		t0_4 : 1
		t3_4 : 1
		tmp_4 : 1
		trunc_ln727_2 : 1
		t0_5 : 1
		t3_5 : 1
		tmp_5 : 1
		trunc_ln727_3 : 1
		t0_6 : 1
		t3_6 : 1
		tmp_6 : 1
		trunc_ln727_4 : 1
		t0_7 : 1
		t3_7 : 1
		tmp_7 : 1
		trunc_ln727_5 : 1
		w256 : 2
		write_ln730 : 3
	State 4
	State 5
		rend : 1


============================================================
+ Verbose Summary: Datapath Resource usage 
============================================================

* Functional unit list:
|----------|-------------------------------------------------------------------|---------|---------|
| Operation|                          Functional Unit                          |    FF   |   LUT   |
|----------|-------------------------------------------------------------------|---------|---------|
|   call   | grp_sha256Digest_256_Pipeline_LOOP_SHA256_UPDATE_64_ROUNDS_fu_272 |   878   |   1242  |
|----------|-------------------------------------------------------------------|---------|---------|
|   icmp   |                         icmp_ln663_fu_302                         |    0    |    71   |
|----------|-------------------------------------------------------------------|---------|---------|
|    add   |                             n_1_fu_307                            |    0    |    71   |
|----------|-------------------------------------------------------------------|---------|---------|
|   read   |                          grp_read_fu_128                          |    0    |    0    |
|          |                        blk_num_read_fu_134                        |    0    |    0    |
|----------|-------------------------------------------------------------------|---------|---------|
|   write  |                          grp_write_fu_140                         |    0    |    0    |
|          |                      write_ln730_write_fu_148                     |    0    |    0    |
|----------|-------------------------------------------------------------------|---------|---------|
|          |                             t0_fu_313                             |    0    |    0    |
|          |                             tmp_fu_327                            |    0    |    0    |
|          |                        trunc_ln727_8_fu_337                       |    0    |    0    |
|          |                            t0_1_fu_347                            |    0    |    0    |
|          |                            tmp_1_fu_361                           |    0    |    0    |
|          |                        trunc_ln727_9_fu_371                       |    0    |    0    |
|          |                            t0_2_fu_381                            |    0    |    0    |
|          |                            tmp_2_fu_395                           |    0    |    0    |
|          |                        trunc_ln727_s_fu_405                       |    0    |    0    |
|          |                            t0_3_fu_415                            |    0    |    0    |
|          |                            tmp_3_fu_429                           |    0    |    0    |
|partselect|                        trunc_ln727_1_fu_439                       |    0    |    0    |
|          |                            t0_4_fu_449                            |    0    |    0    |
|          |                            tmp_4_fu_463                           |    0    |    0    |
|          |                        trunc_ln727_2_fu_473                       |    0    |    0    |
|          |                            t0_5_fu_483                            |    0    |    0    |
|          |                            tmp_5_fu_497                           |    0    |    0    |
|          |                        trunc_ln727_3_fu_507                       |    0    |    0    |
|          |                            t0_6_fu_517                            |    0    |    0    |
|          |                            tmp_6_fu_531                           |    0    |    0    |
|          |                        trunc_ln727_4_fu_541                       |    0    |    0    |
|          |                            t0_7_fu_551                            |    0    |    0    |
|          |                            tmp_7_fu_565                           |    0    |    0    |
|          |                        trunc_ln727_5_fu_575                       |    0    |    0    |
|----------|-------------------------------------------------------------------|---------|---------|
|          |                             t3_fu_323                             |    0    |    0    |
|          |                            t3_1_fu_357                            |    0    |    0    |
|          |                            t3_2_fu_391                            |    0    |    0    |
|   trunc  |                            t3_3_fu_425                            |    0    |    0    |
|          |                            t3_4_fu_459                            |    0    |    0    |
|          |                            t3_5_fu_493                            |    0    |    0    |
|          |                            t3_6_fu_527                            |    0    |    0    |
|          |                            t3_7_fu_561                            |    0    |    0    |
|----------|-------------------------------------------------------------------|---------|---------|
|bitconcatenate|                            w256_fu_585                            |    0    |    0    |
|----------|-------------------------------------------------------------------|---------|---------|
|   Total  |                                                                   |   878   |   1384  |
|----------|-------------------------------------------------------------------|---------|---------|

Memories:
N/A

* Register list:
+----------------------+--------+
|                      |   FF   |
+----------------------+--------+
|       a_reg_249      |   32   |
|add_ln6888_loc_reg_720|   32   |
|add_ln6897_loc_reg_714|   32   |
|add_ln6906_loc_reg_708|   32   |
|add_ln6915_loc_reg_702|   32   |
|add_ln6924_loc_reg_696|   32   |
|add_ln6933_loc_reg_690|   32   |
|add_ln6942_loc_reg_684|   32   |
|add_ln6951_loc_reg_678|   32   |
|       b_reg_237      |   32   |
|    blk_num_reg_731   |   64   |
|       c_reg_225      |   32   |
|       d_reg_213      |   32   |
|       e_reg_201      |   32   |
|  end_flag_1_reg_156  |    1   |
|  end_flag_2_reg_744  |    1   |
|   end_flag_reg_726   |    1   |
|       f_reg_189      |   32   |
|       g_reg_177      |   32   |
|       h_reg_165      |   32   |
|      n_1_reg_739     |   64   |
|       n_reg_261      |   64   |
+----------------------+--------+
|         Total        |   707  |
+----------------------+--------+

* Multiplexer (MUX) list: 
|------------------|------|------|------|--------||---------||---------||---------|
|       Comp       |  Pin | Size |  BW  | S x BW ||  Delay  ||    FF   ||   LUT   |
|------------------|------|------|------|--------||---------||---------||---------|
| grp_write_fu_140 |  p2  |   2  |   1  |    2   |
|     h_reg_165    |  p0  |   2  |  32  |   64   ||    0    ||    9    |
|     g_reg_177    |  p0  |   2  |  32  |   64   ||    0    ||    9    |
|     f_reg_189    |  p0  |   2  |  32  |   64   ||    0    ||    9    |
|     e_reg_201    |  p0  |   2  |  32  |   64   ||    0    ||    9    |
|     d_reg_213    |  p0  |   2  |  32  |   64   ||    0    ||    9    |
|     c_reg_225    |  p0  |   2  |  32  |   64   ||    0    ||    9    |
|     b_reg_237    |  p0  |   2  |  32  |   64   ||    0    ||    9    |
|     a_reg_249    |  p0  |   2  |  32  |   64   ||    0    ||    9    |
|------------------|------|------|------|--------||---------||---------||---------|
|       Total      |      |      |      |   514  ||  14.292 ||    0    ||    72   |
|------------------|------|------|------|--------||---------||---------||---------|



* Summary:
+-----------+--------+--------+--------+
|           |  Delay |   FF   |   LUT  |
+-----------+--------+--------+--------+
|  Function |    -   |   878  |  1384  |
|   Memory  |    -   |    -   |    -   |
|Multiplexer|   14   |    0   |   72   |
|  Register |    -   |   707  |    -   |
+-----------+--------+--------+--------+
|   Total   |   14   |  1585  |  1456  |
+-----------+--------+--------+--------+
